
===========================================================================
report_checks -path_delay min (Hold)
============================================================================
======================= Typical Corner ===================================

Startpoint: _3135_ (rising edge-triggered flip-flop clocked by clk)
Endpoint: _3135_ (rising edge-triggered flip-flop clocked by clk)
Path Group: clk
Path Type: min

Fanout     Cap    Slew   Delay    Time   Description
-----------------------------------------------------------------------------
                  0.00    0.00    0.00   clock clk (rise edge)
                          0.00    0.00   clock network delay (ideal)
                  0.00    0.00    0.00 ^ _3135_/CLK (sky130_fd_sc_hd__dfxtp_2)
     4    0.02    0.06    0.32    0.32 v _3135_/Q (sky130_fd_sc_hd__dfxtp_2)
                                         display.counter[0] (net)
                  0.06    0.00    0.32 v _2761_/A (sky130_fd_sc_hd__inv_2)
     1    0.00    0.02    0.04    0.36 ^ _2761_/Y (sky130_fd_sc_hd__inv_2)
                                         _0007_ (net)
                  0.02    0.00    0.36 ^ _3135_/D (sky130_fd_sc_hd__dfxtp_2)
                                  0.36   data arrival time

                  0.00    0.00    0.00   clock clk (rise edge)
                          0.00    0.00   clock network delay (ideal)
                          0.00    0.00   clock reconvergence pessimism
                                  0.00 ^ _3135_/CLK (sky130_fd_sc_hd__dfxtp_2)
                         -0.03   -0.03   library hold time
                                 -0.03   data required time
-----------------------------------------------------------------------------
                                 -0.03   data required time
                                 -0.36   data arrival time
-----------------------------------------------------------------------------
                                  0.40   slack (MET)


Startpoint: _3140_ (rising edge-triggered flip-flop clocked by clk)
Endpoint: _3140_ (rising edge-triggered flip-flop clocked by clk)
Path Group: clk
Path Type: min

Fanout     Cap    Slew   Delay    Time   Description
-----------------------------------------------------------------------------
                  0.00    0.00    0.00   clock clk (rise edge)
                          0.00    0.00   clock network delay (ideal)
                  0.00    0.00    0.00 ^ _3140_/CLK (sky130_fd_sc_hd__dfxtp_2)
     2    0.01    0.05    0.30    0.30 ^ _3140_/Q (sky130_fd_sc_hd__dfxtp_2)
                                         display.counter[5] (net)
                  0.05    0.00    0.30 ^ _2724_/B1 (sky130_fd_sc_hd__a21oi_2)
     1    0.00    0.02    0.03    0.33 v _2724_/Y (sky130_fd_sc_hd__a21oi_2)
                                         _1427_ (net)
                  0.02    0.00    0.33 v _2725_/B (sky130_fd_sc_hd__nor2_2)
     1    0.00    0.05    0.05    0.39 ^ _2725_/Y (sky130_fd_sc_hd__nor2_2)
                                         _0022_ (net)
                  0.05    0.00    0.39 ^ _3140_/D (sky130_fd_sc_hd__dfxtp_2)
                                  0.39   data arrival time

                  0.00    0.00    0.00   clock clk (rise edge)
                          0.00    0.00   clock network delay (ideal)
                          0.00    0.00   clock reconvergence pessimism
                                  0.00 ^ _3140_/CLK (sky130_fd_sc_hd__dfxtp_2)
                         -0.04   -0.04   library hold time
                                 -0.04   data required time
-----------------------------------------------------------------------------
                                 -0.04   data required time
                                 -0.39   data arrival time
-----------------------------------------------------------------------------
                                  0.42   slack (MET)


Startpoint: _3143_ (rising edge-triggered flip-flop clocked by clk)
Endpoint: _3143_ (rising edge-triggered flip-flop clocked by clk)
Path Group: clk
Path Type: min

Fanout     Cap    Slew   Delay    Time   Description
-----------------------------------------------------------------------------
                  0.00    0.00    0.00   clock clk (rise edge)
                          0.00    0.00   clock network delay (ideal)
                  0.00    0.00    0.00 ^ _3143_/CLK (sky130_fd_sc_hd__dfxtp_2)
     2    0.01    0.05    0.30    0.30 ^ _3143_/Q (sky130_fd_sc_hd__dfxtp_2)
                                         display.counter[8] (net)
                  0.05    0.00    0.30 ^ _2731_/B1 (sky130_fd_sc_hd__a21oi_2)
     1    0.00    0.02    0.03    0.33 v _2731_/Y (sky130_fd_sc_hd__a21oi_2)
                                         _1431_ (net)
                  0.02    0.00    0.33 v _2732_/B (sky130_fd_sc_hd__nor2_2)
     1    0.00    0.05    0.05    0.39 ^ _2732_/Y (sky130_fd_sc_hd__nor2_2)
                                         _0025_ (net)
                  0.05    0.00    0.39 ^ _3143_/D (sky130_fd_sc_hd__dfxtp_2)
                                  0.39   data arrival time

                  0.00    0.00    0.00   clock clk (rise edge)
                          0.00    0.00   clock network delay (ideal)
                          0.00    0.00   clock reconvergence pessimism
                                  0.00 ^ _3143_/CLK (sky130_fd_sc_hd__dfxtp_2)
                         -0.04   -0.04   library hold time
                                 -0.04   data required time
-----------------------------------------------------------------------------
                                 -0.04   data required time
                                 -0.39   data arrival time
-----------------------------------------------------------------------------
                                  0.42   slack (MET)


Startpoint: _3146_ (rising edge-triggered flip-flop clocked by clk)
Endpoint: _3146_ (rising edge-triggered flip-flop clocked by clk)
Path Group: clk
Path Type: min

Fanout     Cap    Slew   Delay    Time   Description
-----------------------------------------------------------------------------
                  0.00    0.00    0.00   clock clk (rise edge)
                          0.00    0.00   clock network delay (ideal)
                  0.00    0.00    0.00 ^ _3146_/CLK (sky130_fd_sc_hd__dfxtp_2)
     2    0.01    0.05    0.30    0.30 ^ _3146_/Q (sky130_fd_sc_hd__dfxtp_2)
                                         display.counter[11] (net)
                  0.05    0.00    0.30 ^ _2738_/B1 (sky130_fd_sc_hd__a21oi_2)
     1    0.00    0.02    0.03    0.33 v _2738_/Y (sky130_fd_sc_hd__a21oi_2)
                                         _1435_ (net)
                  0.02    0.00    0.33 v _2739_/B (sky130_fd_sc_hd__nor2_2)
     1    0.00    0.05    0.05    0.39 ^ _2739_/Y (sky130_fd_sc_hd__nor2_2)
                                         _0009_ (net)
                  0.05    0.00    0.39 ^ _3146_/D (sky130_fd_sc_hd__dfxtp_2)
                                  0.39   data arrival time

                  0.00    0.00    0.00   clock clk (rise edge)
                          0.00    0.00   clock network delay (ideal)
                          0.00    0.00   clock reconvergence pessimism
                                  0.00 ^ _3146_/CLK (sky130_fd_sc_hd__dfxtp_2)
                         -0.04   -0.04   library hold time
                                 -0.04   data required time
-----------------------------------------------------------------------------
                                 -0.04   data required time
                                 -0.39   data arrival time
-----------------------------------------------------------------------------
                                  0.42   slack (MET)


Startpoint: _3149_ (rising edge-triggered flip-flop clocked by clk)
Endpoint: _3149_ (rising edge-triggered flip-flop clocked by clk)
Path Group: clk
Path Type: min

Fanout     Cap    Slew   Delay    Time   Description
-----------------------------------------------------------------------------
                  0.00    0.00    0.00   clock clk (rise edge)
                          0.00    0.00   clock network delay (ideal)
                  0.00    0.00    0.00 ^ _3149_/CLK (sky130_fd_sc_hd__dfxtp_2)
     2    0.01    0.05    0.30    0.30 ^ _3149_/Q (sky130_fd_sc_hd__dfxtp_2)
                                         display.counter[14] (net)
                  0.05    0.00    0.30 ^ _2745_/B1 (sky130_fd_sc_hd__a21oi_2)
     1    0.00    0.02    0.03    0.33 v _2745_/Y (sky130_fd_sc_hd__a21oi_2)
                                         _1439_ (net)
                  0.02    0.00    0.33 v _2746_/B (sky130_fd_sc_hd__nor2_2)
     1    0.00    0.05    0.05    0.39 ^ _2746_/Y (sky130_fd_sc_hd__nor2_2)
                                         _0012_ (net)
                  0.05    0.00    0.39 ^ _3149_/D (sky130_fd_sc_hd__dfxtp_2)
                                  0.39   data arrival time

                  0.00    0.00    0.00   clock clk (rise edge)
                          0.00    0.00   clock network delay (ideal)
                          0.00    0.00   clock reconvergence pessimism
                                  0.00 ^ _3149_/CLK (sky130_fd_sc_hd__dfxtp_2)
                         -0.04   -0.04   library hold time
                                 -0.04   data required time
-----------------------------------------------------------------------------
                                 -0.04   data required time
                                 -0.39   data arrival time
-----------------------------------------------------------------------------
                                  0.42   slack (MET)


Startpoint: _3152_ (rising edge-triggered flip-flop clocked by clk)
Endpoint: _3152_ (rising edge-triggered flip-flop clocked by clk)
Path Group: clk
Path Type: min

Fanout     Cap    Slew   Delay    Time   Description
-----------------------------------------------------------------------------
                  0.00    0.00    0.00   clock clk (rise edge)
                          0.00    0.00   clock network delay (ideal)
                  0.00    0.00    0.00 ^ _3152_/CLK (sky130_fd_sc_hd__dfxtp_2)
     2    0.01    0.05    0.30    0.30 ^ _3152_/Q (sky130_fd_sc_hd__dfxtp_2)
                                         display.counter[17] (net)
                  0.05    0.00    0.30 ^ _2752_/B1 (sky130_fd_sc_hd__a21oi_2)
     1    0.00    0.02    0.03    0.33 v _2752_/Y (sky130_fd_sc_hd__a21oi_2)
                                         _1443_ (net)
                  0.02    0.00    0.33 v _2753_/B (sky130_fd_sc_hd__nor2_2)
     1    0.00    0.05    0.05    0.39 ^ _2753_/Y (sky130_fd_sc_hd__nor2_2)
                                         _0015_ (net)
                  0.05    0.00    0.39 ^ _3152_/D (sky130_fd_sc_hd__dfxtp_2)
                                  0.39   data arrival time

                  0.00    0.00    0.00   clock clk (rise edge)
                          0.00    0.00   clock network delay (ideal)
                          0.00    0.00   clock reconvergence pessimism
                                  0.00 ^ _3152_/CLK (sky130_fd_sc_hd__dfxtp_2)
                         -0.04   -0.04   library hold time
                                 -0.04   data required time
-----------------------------------------------------------------------------
                                 -0.04   data required time
                                 -0.39   data arrival time
-----------------------------------------------------------------------------
                                  0.42   slack (MET)


Startpoint: _3137_ (rising edge-triggered flip-flop clocked by clk)
Endpoint: _3137_ (rising edge-triggered flip-flop clocked by clk)
Path Group: clk
Path Type: min

Fanout     Cap    Slew   Delay    Time   Description
-----------------------------------------------------------------------------
                  0.00    0.00    0.00   clock clk (rise edge)
                          0.00    0.00   clock network delay (ideal)
                  0.00    0.00    0.00 ^ _3137_/CLK (sky130_fd_sc_hd__dfxtp_2)
     2    0.01    0.05    0.30    0.30 ^ _3137_/Q (sky130_fd_sc_hd__dfxtp_2)
                                         display.counter[2] (net)
                  0.05    0.00    0.30 ^ _2717_/B1 (sky130_fd_sc_hd__a21oi_2)
     1    0.00    0.02    0.03    0.33 v _2717_/Y (sky130_fd_sc_hd__a21oi_2)
                                         _1423_ (net)
                  0.02    0.00    0.33 v _2718_/B (sky130_fd_sc_hd__nor2_2)
     1    0.00    0.05    0.05    0.39 ^ _2718_/Y (sky130_fd_sc_hd__nor2_2)
                                         _0019_ (net)
                  0.05    0.00    0.39 ^ _3137_/D (sky130_fd_sc_hd__dfxtp_2)
                                  0.39   data arrival time

                  0.00    0.00    0.00   clock clk (rise edge)
                          0.00    0.00   clock network delay (ideal)
                          0.00    0.00   clock reconvergence pessimism
                                  0.00 ^ _3137_/CLK (sky130_fd_sc_hd__dfxtp_2)
                         -0.04   -0.04   library hold time
                                 -0.04   data required time
-----------------------------------------------------------------------------
                                 -0.04   data required time
                                 -0.39   data arrival time
-----------------------------------------------------------------------------
                                  0.42   slack (MET)


Startpoint: _3138_ (rising edge-triggered flip-flop clocked by clk)
Endpoint: _3138_ (rising edge-triggered flip-flop clocked by clk)
Path Group: clk
Path Type: min

Fanout     Cap    Slew   Delay    Time   Description
-----------------------------------------------------------------------------
                  0.00    0.00    0.00   clock clk (rise edge)
                          0.00    0.00   clock network delay (ideal)
                  0.00    0.00    0.00 ^ _3138_/CLK (sky130_fd_sc_hd__dfxtp_2)
     2    0.01    0.05    0.30    0.30 ^ _3138_/Q (sky130_fd_sc_hd__dfxtp_2)
                                         display.counter[3] (net)
                  0.05    0.00    0.30 ^ _2720_/A (sky130_fd_sc_hd__nor2_2)
     1    0.00    0.02    0.04    0.34 v _2720_/Y (sky130_fd_sc_hd__nor2_2)
                                         _1425_ (net)
                  0.02    0.00    0.34 v _2721_/B (sky130_fd_sc_hd__nor2_2)
     1    0.00    0.05    0.05    0.39 ^ _2721_/Y (sky130_fd_sc_hd__nor2_2)
                                         _0020_ (net)
                  0.05    0.00    0.39 ^ _3138_/D (sky130_fd_sc_hd__dfxtp_2)
                                  0.39   data arrival time

                  0.00    0.00    0.00   clock clk (rise edge)
                          0.00    0.00   clock network delay (ideal)
                          0.00    0.00   clock reconvergence pessimism
                                  0.00 ^ _3138_/CLK (sky130_fd_sc_hd__dfxtp_2)
                         -0.04   -0.04   library hold time
                                 -0.04   data required time
-----------------------------------------------------------------------------
                                 -0.04   data required time
                                 -0.39   data arrival time
-----------------------------------------------------------------------------
                                  0.43   slack (MET)


Startpoint: _3141_ (rising edge-triggered flip-flop clocked by clk)
Endpoint: _3141_ (rising edge-triggered flip-flop clocked by clk)
Path Group: clk
Path Type: min

Fanout     Cap    Slew   Delay    Time   Description
-----------------------------------------------------------------------------
                  0.00    0.00    0.00   clock clk (rise edge)
                          0.00    0.00   clock network delay (ideal)
                  0.00    0.00    0.00 ^ _3141_/CLK (sky130_fd_sc_hd__dfxtp_2)
     2    0.01    0.05    0.30    0.30 ^ _3141_/Q (sky130_fd_sc_hd__dfxtp_2)
                                         display.counter[6] (net)
                  0.05    0.00    0.30 ^ _2727_/A (sky130_fd_sc_hd__nor2_2)
     1    0.00    0.02    0.04    0.34 v _2727_/Y (sky130_fd_sc_hd__nor2_2)
                                         _1429_ (net)
                  0.02    0.00    0.34 v _2728_/B (sky130_fd_sc_hd__nor2_2)
     1    0.00    0.05    0.05    0.39 ^ _2728_/Y (sky130_fd_sc_hd__nor2_2)
                                         _0023_ (net)
                  0.05    0.00    0.39 ^ _3141_/D (sky130_fd_sc_hd__dfxtp_2)
                                  0.39   data arrival time

                  0.00    0.00    0.00   clock clk (rise edge)
                          0.00    0.00   clock network delay (ideal)
                          0.00    0.00   clock reconvergence pessimism
                                  0.00 ^ _3141_/CLK (sky130_fd_sc_hd__dfxtp_2)
                         -0.04   -0.04   library hold time
                                 -0.04   data required time
-----------------------------------------------------------------------------
                                 -0.04   data required time
                                 -0.39   data arrival time
-----------------------------------------------------------------------------
                                  0.43   slack (MET)


Startpoint: _3144_ (rising edge-triggered flip-flop clocked by clk)
Endpoint: _3144_ (rising edge-triggered flip-flop clocked by clk)
Path Group: clk
Path Type: min

Fanout     Cap    Slew   Delay    Time   Description
-----------------------------------------------------------------------------
                  0.00    0.00    0.00   clock clk (rise edge)
                          0.00    0.00   clock network delay (ideal)
                  0.00    0.00    0.00 ^ _3144_/CLK (sky130_fd_sc_hd__dfxtp_2)
     2    0.01    0.05    0.30    0.30 ^ _3144_/Q (sky130_fd_sc_hd__dfxtp_2)
                                         display.counter[9] (net)
                  0.05    0.00    0.30 ^ _2734_/A (sky130_fd_sc_hd__nor2_2)
     1    0.00    0.02    0.04    0.34 v _2734_/Y (sky130_fd_sc_hd__nor2_2)
                                         _1433_ (net)
                  0.02    0.00    0.34 v _2735_/B (sky130_fd_sc_hd__nor2_2)
     1    0.00    0.05    0.05    0.39 ^ _2735_/Y (sky130_fd_sc_hd__nor2_2)
                                         _0026_ (net)
                  0.05    0.00    0.39 ^ _3144_/D (sky130_fd_sc_hd__dfxtp_2)
                                  0.39   data arrival time

                  0.00    0.00    0.00   clock clk (rise edge)
                          0.00    0.00   clock network delay (ideal)
                          0.00    0.00   clock reconvergence pessimism
                                  0.00 ^ _3144_/CLK (sky130_fd_sc_hd__dfxtp_2)
                         -0.04   -0.04   library hold time
                                 -0.04   data required time
-----------------------------------------------------------------------------
                                 -0.04   data required time
                                 -0.39   data arrival time
-----------------------------------------------------------------------------
                                  0.43   slack (MET)


Startpoint: _3147_ (rising edge-triggered flip-flop clocked by clk)
Endpoint: _3147_ (rising edge-triggered flip-flop clocked by clk)
Path Group: clk
Path Type: min

Fanout     Cap    Slew   Delay    Time   Description
-----------------------------------------------------------------------------
                  0.00    0.00    0.00   clock clk (rise edge)
                          0.00    0.00   clock network delay (ideal)
                  0.00    0.00    0.00 ^ _3147_/CLK (sky130_fd_sc_hd__dfxtp_2)
     2    0.01    0.05    0.30    0.30 ^ _3147_/Q (sky130_fd_sc_hd__dfxtp_2)
                                         display.counter[12] (net)
                  0.05    0.00    0.30 ^ _2741_/A (sky130_fd_sc_hd__nor2_2)
     1    0.00    0.02    0.04    0.34 v _2741_/Y (sky130_fd_sc_hd__nor2_2)
                                         _1437_ (net)
                  0.02    0.00    0.34 v _2742_/B (sky130_fd_sc_hd__nor2_2)
     1    0.00    0.05    0.05    0.39 ^ _2742_/Y (sky130_fd_sc_hd__nor2_2)
                                         _0010_ (net)
                  0.05    0.00    0.39 ^ _3147_/D (sky130_fd_sc_hd__dfxtp_2)
                                  0.39   data arrival time

                  0.00    0.00    0.00   clock clk (rise edge)
                          0.00    0.00   clock network delay (ideal)
                          0.00    0.00   clock reconvergence pessimism
                                  0.00 ^ _3147_/CLK (sky130_fd_sc_hd__dfxtp_2)
                         -0.04   -0.04   library hold time
                                 -0.04   data required time
-----------------------------------------------------------------------------
                                 -0.04   data required time
                                 -0.39   data arrival time
-----------------------------------------------------------------------------
                                  0.43   slack (MET)


Startpoint: _3150_ (rising edge-triggered flip-flop clocked by clk)
Endpoint: _3150_ (rising edge-triggered flip-flop clocked by clk)
Path Group: clk
Path Type: min

Fanout     Cap    Slew   Delay    Time   Description
-----------------------------------------------------------------------------
                  0.00    0.00    0.00   clock clk (rise edge)
                          0.00    0.00   clock network delay (ideal)
                  0.00    0.00    0.00 ^ _3150_/CLK (sky130_fd_sc_hd__dfxtp_2)
     2    0.01    0.05    0.30    0.30 ^ _3150_/Q (sky130_fd_sc_hd__dfxtp_2)
                                         display.counter[15] (net)
                  0.05    0.00    0.30 ^ _2748_/A (sky130_fd_sc_hd__nor2_2)
     1    0.00    0.02    0.04    0.34 v _2748_/Y (sky130_fd_sc_hd__nor2_2)
                                         _1441_ (net)
                  0.02    0.00    0.34 v _2749_/B (sky130_fd_sc_hd__nor2_2)
     1    0.00    0.05    0.05    0.39 ^ _2749_/Y (sky130_fd_sc_hd__nor2_2)
                                         _0013_ (net)
                  0.05    0.00    0.39 ^ _3150_/D (sky130_fd_sc_hd__dfxtp_2)
                                  0.39   data arrival time

                  0.00    0.00    0.00   clock clk (rise edge)
                          0.00    0.00   clock network delay (ideal)
                          0.00    0.00   clock reconvergence pessimism
                                  0.00 ^ _3150_/CLK (sky130_fd_sc_hd__dfxtp_2)
                         -0.04   -0.04   library hold time
                                 -0.04   data required time
-----------------------------------------------------------------------------
                                 -0.04   data required time
                                 -0.39   data arrival time
-----------------------------------------------------------------------------
                                  0.43   slack (MET)


Startpoint: _3153_ (rising edge-triggered flip-flop clocked by clk)
Endpoint: _3153_ (rising edge-triggered flip-flop clocked by clk)
Path Group: clk
Path Type: min

Fanout     Cap    Slew   Delay    Time   Description
-----------------------------------------------------------------------------
                  0.00    0.00    0.00   clock clk (rise edge)
                          0.00    0.00   clock network delay (ideal)
                  0.00    0.00    0.00 ^ _3153_/CLK (sky130_fd_sc_hd__dfxtp_2)
     2    0.01    0.05    0.30    0.30 ^ _3153_/Q (sky130_fd_sc_hd__dfxtp_2)
                                         display.counter[18] (net)
                  0.05    0.00    0.30 ^ _2755_/A (sky130_fd_sc_hd__nor2_2)
     1    0.00    0.02    0.04    0.34 v _2755_/Y (sky130_fd_sc_hd__nor2_2)
                                         _1445_ (net)
                  0.02    0.00    0.34 v _2756_/B (sky130_fd_sc_hd__nor2_2)
     1    0.00    0.05    0.05    0.39 ^ _2756_/Y (sky130_fd_sc_hd__nor2_2)
                                         _0016_ (net)
                  0.05    0.00    0.39 ^ _3153_/D (sky130_fd_sc_hd__dfxtp_2)
                                  0.39   data arrival time

                  0.00    0.00    0.00   clock clk (rise edge)
                          0.00    0.00   clock network delay (ideal)
                          0.00    0.00   clock reconvergence pessimism
                                  0.00 ^ _3153_/CLK (sky130_fd_sc_hd__dfxtp_2)
                         -0.04   -0.04   library hold time
                                 -0.04   data required time
-----------------------------------------------------------------------------
                                 -0.04   data required time
                                 -0.39   data arrival time
-----------------------------------------------------------------------------
                                  0.43   slack (MET)


Startpoint: _3134_ (rising edge-triggered flip-flop clocked by clk)
Endpoint: _3159_ (rising edge-triggered flip-flop clocked by clk)
Path Group: clk
Path Type: min

Fanout     Cap    Slew   Delay    Time   Description
-----------------------------------------------------------------------------
                  0.00    0.00    0.00   clock clk (rise edge)
                          0.00    0.00   clock network delay (ideal)
                  0.00    0.00    0.00 ^ _3134_/CLK (sky130_fd_sc_hd__dfxtp_2)
     9    0.02    0.07    0.33    0.33 v _3134_/Q (sky130_fd_sc_hd__dfxtp_2)
                                         display.digit_sel[2] (net)
                  0.07    0.00    0.33 v _2641_/A (sky130_fd_sc_hd__nand2_2)
     2    0.01    0.05    0.07    0.40 ^ _2641_/Y (sky130_fd_sc_hd__nand2_2)
                                         _0362_ (net)
                  0.05    0.00    0.40 ^ _3159_/D (sky130_fd_sc_hd__dfxtp_2)
                                  0.40   data arrival time

                  0.00    0.00    0.00   clock clk (rise edge)
                          0.00    0.00   clock network delay (ideal)
                          0.00    0.00   clock reconvergence pessimism
                                  0.00 ^ _3159_/CLK (sky130_fd_sc_hd__dfxtp_2)
                         -0.04   -0.04   library hold time
                                 -0.04   data required time
-----------------------------------------------------------------------------
                                 -0.04   data required time
                                 -0.40   data arrival time
-----------------------------------------------------------------------------
                                  0.44   slack (MET)


Startpoint: _3136_ (rising edge-triggered flip-flop clocked by clk)
Endpoint: _3136_ (rising edge-triggered flip-flop clocked by clk)
Path Group: clk
Path Type: min

Fanout     Cap    Slew   Delay    Time   Description
-----------------------------------------------------------------------------
                  0.00    0.00    0.00   clock clk (rise edge)
                          0.00    0.00   clock network delay (ideal)
                  0.00    0.00    0.00 ^ _3136_/CLK (sky130_fd_sc_hd__dfxtp_2)
     3    0.02    0.09    0.34    0.34 ^ _3136_/Q (sky130_fd_sc_hd__dfxtp_2)
                                         display.counter[1] (net)
                  0.09    0.00    0.34 ^ _2715_/A (sky130_fd_sc_hd__xor2_2)
     1    0.00    0.03    0.06    0.40 v _2715_/X (sky130_fd_sc_hd__xor2_2)
                                         _0018_ (net)
                  0.03    0.00    0.40 v _3136_/D (sky130_fd_sc_hd__dfxtp_2)
                                  0.40   data arrival time

                  0.00    0.00    0.00   clock clk (rise edge)
                          0.00    0.00   clock network delay (ideal)
                          0.00    0.00   clock reconvergence pessimism
                                  0.00 ^ _3136_/CLK (sky130_fd_sc_hd__dfxtp_2)
                         -0.05   -0.05   library hold time
                                 -0.05   data required time
-----------------------------------------------------------------------------
                                 -0.05   data required time
                                 -0.40   data arrival time
-----------------------------------------------------------------------------
                                  0.45   slack (MET)


Startpoint: _3139_ (rising edge-triggered flip-flop clocked by clk)
Endpoint: _3139_ (rising edge-triggered flip-flop clocked by clk)
Path Group: clk
Path Type: min

Fanout     Cap    Slew   Delay    Time   Description
-----------------------------------------------------------------------------
                  0.00    0.00    0.00   clock clk (rise edge)
                          0.00    0.00   clock network delay (ideal)
                  0.00    0.00    0.00 ^ _3139_/CLK (sky130_fd_sc_hd__dfxtp_2)
     3    0.02    0.09    0.34    0.34 ^ _3139_/Q (sky130_fd_sc_hd__dfxtp_2)
                                         display.counter[4] (net)
                  0.09    0.00    0.34 ^ _2722_/A (sky130_fd_sc_hd__xor2_2)
     1    0.00    0.03    0.06    0.40 v _2722_/X (sky130_fd_sc_hd__xor2_2)
                                         _0021_ (net)
                  0.03    0.00    0.40 v _3139_/D (sky130_fd_sc_hd__dfxtp_2)
                                  0.40   data arrival time

                  0.00    0.00    0.00   clock clk (rise edge)
                          0.00    0.00   clock network delay (ideal)
                          0.00    0.00   clock reconvergence pessimism
                                  0.00 ^ _3139_/CLK (sky130_fd_sc_hd__dfxtp_2)
                         -0.05   -0.05   library hold time
                                 -0.05   data required time
-----------------------------------------------------------------------------
                                 -0.05   data required time
                                 -0.40   data arrival time
-----------------------------------------------------------------------------
                                  0.45   slack (MET)


Startpoint: _3142_ (rising edge-triggered flip-flop clocked by clk)
Endpoint: _3142_ (rising edge-triggered flip-flop clocked by clk)
Path Group: clk
Path Type: min

Fanout     Cap    Slew   Delay    Time   Description
-----------------------------------------------------------------------------
                  0.00    0.00    0.00   clock clk (rise edge)
                          0.00    0.00   clock network delay (ideal)
                  0.00    0.00    0.00 ^ _3142_/CLK (sky130_fd_sc_hd__dfxtp_2)
     3    0.02    0.09    0.34    0.34 ^ _3142_/Q (sky130_fd_sc_hd__dfxtp_2)
                                         display.counter[7] (net)
                  0.09    0.00    0.34 ^ _2729_/A (sky130_fd_sc_hd__xor2_2)
     1    0.00    0.03    0.06    0.40 v _2729_/X (sky130_fd_sc_hd__xor2_2)
                                         _0024_ (net)
                  0.03    0.00    0.40 v _3142_/D (sky130_fd_sc_hd__dfxtp_2)
                                  0.40   data arrival time

                  0.00    0.00    0.00   clock clk (rise edge)
                          0.00    0.00   clock network delay (ideal)
                          0.00    0.00   clock reconvergence pessimism
                                  0.00 ^ _3142_/CLK (sky130_fd_sc_hd__dfxtp_2)
                         -0.05   -0.05   library hold time
                                 -0.05   data required time
-----------------------------------------------------------------------------
                                 -0.05   data required time
                                 -0.40   data arrival time
-----------------------------------------------------------------------------
                                  0.45   slack (MET)


Startpoint: _3145_ (rising edge-triggered flip-flop clocked by clk)
Endpoint: _3145_ (rising edge-triggered flip-flop clocked by clk)
Path Group: clk
Path Type: min

Fanout     Cap    Slew   Delay    Time   Description
-----------------------------------------------------------------------------
                  0.00    0.00    0.00   clock clk (rise edge)
                          0.00    0.00   clock network delay (ideal)
                  0.00    0.00    0.00 ^ _3145_/CLK (sky130_fd_sc_hd__dfxtp_2)
     3    0.02    0.09    0.34    0.34 ^ _3145_/Q (sky130_fd_sc_hd__dfxtp_2)
                                         display.counter[10] (net)
                  0.09    0.00    0.34 ^ _2736_/A (sky130_fd_sc_hd__xor2_2)
     1    0.00    0.03    0.06    0.40 v _2736_/X (sky130_fd_sc_hd__xor2_2)
                                         _0008_ (net)
                  0.03    0.00    0.40 v _3145_/D (sky130_fd_sc_hd__dfxtp_2)
                                  0.40   data arrival time

                  0.00    0.00    0.00   clock clk (rise edge)
                          0.00    0.00   clock network delay (ideal)
                          0.00    0.00   clock reconvergence pessimism
                                  0.00 ^ _3145_/CLK (sky130_fd_sc_hd__dfxtp_2)
                         -0.05   -0.05   library hold time
                                 -0.05   data required time
-----------------------------------------------------------------------------
                                 -0.05   data required time
                                 -0.40   data arrival time
-----------------------------------------------------------------------------
                                  0.45   slack (MET)


Startpoint: _3148_ (rising edge-triggered flip-flop clocked by clk)
Endpoint: _3148_ (rising edge-triggered flip-flop clocked by clk)
Path Group: clk
Path Type: min

Fanout     Cap    Slew   Delay    Time   Description
-----------------------------------------------------------------------------
                  0.00    0.00    0.00   clock clk (rise edge)
                          0.00    0.00   clock network delay (ideal)
                  0.00    0.00    0.00 ^ _3148_/CLK (sky130_fd_sc_hd__dfxtp_2)
     3    0.02    0.09    0.34    0.34 ^ _3148_/Q (sky130_fd_sc_hd__dfxtp_2)
                                         display.counter[13] (net)
                  0.09    0.00    0.34 ^ _2743_/A (sky130_fd_sc_hd__xor2_2)
     1    0.00    0.03    0.06    0.40 v _2743_/X (sky130_fd_sc_hd__xor2_2)
                                         _0011_ (net)
                  0.03    0.00    0.40 v _3148_/D (sky130_fd_sc_hd__dfxtp_2)
                                  0.40   data arrival time

                  0.00    0.00    0.00   clock clk (rise edge)
                          0.00    0.00   clock network delay (ideal)
                          0.00    0.00   clock reconvergence pessimism
                                  0.00 ^ _3148_/CLK (sky130_fd_sc_hd__dfxtp_2)
                         -0.05   -0.05   library hold time
                                 -0.05   data required time
-----------------------------------------------------------------------------
                                 -0.05   data required time
                                 -0.40   data arrival time
-----------------------------------------------------------------------------
                                  0.45   slack (MET)


Startpoint: _3151_ (rising edge-triggered flip-flop clocked by clk)
Endpoint: _3151_ (rising edge-triggered flip-flop clocked by clk)
Path Group: clk
Path Type: min

Fanout     Cap    Slew   Delay    Time   Description
-----------------------------------------------------------------------------
                  0.00    0.00    0.00   clock clk (rise edge)
                          0.00    0.00   clock network delay (ideal)
                  0.00    0.00    0.00 ^ _3151_/CLK (sky130_fd_sc_hd__dfxtp_2)
     3    0.02    0.09    0.34    0.34 ^ _3151_/Q (sky130_fd_sc_hd__dfxtp_2)
                                         display.counter[16] (net)
                  0.09    0.00    0.34 ^ _2750_/A (sky130_fd_sc_hd__xor2_2)
     1    0.00    0.03    0.06    0.40 v _2750_/X (sky130_fd_sc_hd__xor2_2)
                                         _0014_ (net)
                  0.03    0.00    0.40 v _3151_/D (sky130_fd_sc_hd__dfxtp_2)
                                  0.40   data arrival time

                  0.00    0.00    0.00   clock clk (rise edge)
                          0.00    0.00   clock network delay (ideal)
                          0.00    0.00   clock reconvergence pessimism
                                  0.00 ^ _3151_/CLK (sky130_fd_sc_hd__dfxtp_2)
                         -0.05   -0.05   library hold time
                                 -0.05   data required time
-----------------------------------------------------------------------------
                                 -0.05   data required time
                                 -0.40   data arrival time
-----------------------------------------------------------------------------
                                  0.45   slack (MET)


Startpoint: _2973_ (rising edge-triggered flip-flop clocked by clk)
Endpoint: _2973_ (rising edge-triggered flip-flop clocked by clk)
Path Group: clk
Path Type: min

Fanout     Cap    Slew   Delay    Time   Description
-----------------------------------------------------------------------------
                  0.00    0.00    0.00   clock clk (rise edge)
                          0.00    0.00   clock network delay (ideal)
                  0.00    0.00    0.00 ^ _2973_/CLK (sky130_fd_sc_hd__dfrtp_2)
     3    0.01    0.06    0.34    0.34 ^ _2973_/Q (sky130_fd_sc_hd__dfrtp_2)
                                         imem.address[14] (net)
                  0.06    0.00    0.34 ^ _2616_/B1 (sky130_fd_sc_hd__a21oi_2)
     1    0.00    0.03    0.04    0.37 v _2616_/Y (sky130_fd_sc_hd__a21oi_2)
                                         _1351_ (net)
                  0.03    0.00    0.37 v _2617_/B (sky130_fd_sc_hd__nor2_2)
     1    0.00    0.05    0.06    0.43 ^ _2617_/Y (sky130_fd_sc_hd__nor2_2)
                                         _0203_ (net)
                  0.05    0.00    0.43 ^ _2973_/D (sky130_fd_sc_hd__dfrtp_2)
                                  0.43   data arrival time

                  0.00    0.00    0.00   clock clk (rise edge)
                          0.00    0.00   clock network delay (ideal)
                          0.00    0.00   clock reconvergence pessimism
                                  0.00 ^ _2973_/CLK (sky130_fd_sc_hd__dfrtp_2)
                         -0.04   -0.04   library hold time
                                 -0.04   data required time
-----------------------------------------------------------------------------
                                 -0.04   data required time
                                 -0.43   data arrival time
-----------------------------------------------------------------------------
                                  0.47   slack (MET)


Startpoint: _2985_ (rising edge-triggered flip-flop clocked by clk)
Endpoint: _2985_ (rising edge-triggered flip-flop clocked by clk)
Path Group: clk
Path Type: min

Fanout     Cap    Slew   Delay    Time   Description
-----------------------------------------------------------------------------
                  0.00    0.00    0.00   clock clk (rise edge)
                          0.00    0.00   clock network delay (ideal)
                  0.00    0.00    0.00 ^ _2985_/CLK (sky130_fd_sc_hd__dfrtp_2)
     3    0.01    0.06    0.34    0.34 ^ _2985_/Q (sky130_fd_sc_hd__dfrtp_2)
                                         imem.address[26] (net)
                  0.06    0.00    0.34 ^ _2596_/B1 (sky130_fd_sc_hd__a21oi_2)
     1    0.00    0.03    0.04    0.37 v _2596_/Y (sky130_fd_sc_hd__a21oi_2)
                                         _1343_ (net)
                  0.03    0.00    0.37 v _2597_/B (sky130_fd_sc_hd__nor2_2)
     1    0.00    0.05    0.06    0.43 ^ _2597_/Y (sky130_fd_sc_hd__nor2_2)
                                         _0215_ (net)
                  0.05    0.00    0.43 ^ _2985_/D (sky130_fd_sc_hd__dfrtp_2)
                                  0.43   data arrival time

                  0.00    0.00    0.00   clock clk (rise edge)
                          0.00    0.00   clock network delay (ideal)
                          0.00    0.00   clock reconvergence pessimism
                                  0.00 ^ _2985_/CLK (sky130_fd_sc_hd__dfrtp_2)
                         -0.04   -0.04   library hold time
                                 -0.04   data required time
-----------------------------------------------------------------------------
                                 -0.04   data required time
                                 -0.43   data arrival time
-----------------------------------------------------------------------------
                                  0.47   slack (MET)


Startpoint: _2976_ (rising edge-triggered flip-flop clocked by clk)
Endpoint: _2976_ (rising edge-triggered flip-flop clocked by clk)
Path Group: clk
Path Type: min

Fanout     Cap    Slew   Delay    Time   Description
-----------------------------------------------------------------------------
                  0.00    0.00    0.00   clock clk (rise edge)
                          0.00    0.00   clock network delay (ideal)
                  0.00    0.00    0.00 ^ _2976_/CLK (sky130_fd_sc_hd__dfrtp_2)
     3    0.01    0.06    0.34    0.34 ^ _2976_/Q (sky130_fd_sc_hd__dfrtp_2)
                                         imem.address[17] (net)
                  0.06    0.00    0.34 ^ _2611_/B1 (sky130_fd_sc_hd__a21oi_2)
     1    0.00    0.03    0.04    0.37 v _2611_/Y (sky130_fd_sc_hd__a21oi_2)
                                         _1349_ (net)
                  0.03    0.00    0.37 v _2612_/B (sky130_fd_sc_hd__nor2_2)
     1    0.00    0.05    0.06    0.43 ^ _2612_/Y (sky130_fd_sc_hd__nor2_2)
                                         _0206_ (net)
                  0.05    0.00    0.43 ^ _2976_/D (sky130_fd_sc_hd__dfrtp_2)
                                  0.43   data arrival time

                  0.00    0.00    0.00   clock clk (rise edge)
                          0.00    0.00   clock network delay (ideal)
                          0.00    0.00   clock reconvergence pessimism
                                  0.00 ^ _2976_/CLK (sky130_fd_sc_hd__dfrtp_2)
                         -0.04   -0.04   library hold time
                                 -0.04   data required time
-----------------------------------------------------------------------------
                                 -0.04   data required time
                                 -0.43   data arrival time
-----------------------------------------------------------------------------
                                  0.47   slack (MET)


Startpoint: _2988_ (rising edge-triggered flip-flop clocked by clk)
Endpoint: _2988_ (rising edge-triggered flip-flop clocked by clk)
Path Group: clk
Path Type: min

Fanout     Cap    Slew   Delay    Time   Description
-----------------------------------------------------------------------------
                  0.00    0.00    0.00   clock clk (rise edge)
                          0.00    0.00   clock network delay (ideal)
                  0.00    0.00    0.00 ^ _2988_/CLK (sky130_fd_sc_hd__dfrtp_2)
     3    0.01    0.06    0.34    0.34 ^ _2988_/Q (sky130_fd_sc_hd__dfrtp_2)
                                         imem.address[29] (net)
                  0.06    0.00    0.34 ^ _2591_/B1 (sky130_fd_sc_hd__a21oi_2)
     1    0.00    0.03    0.04    0.37 v _2591_/Y (sky130_fd_sc_hd__a21oi_2)
                                         _1341_ (net)
                  0.03    0.00    0.37 v _2592_/B (sky130_fd_sc_hd__nor2_2)
     1    0.00    0.05    0.06    0.43 ^ _2592_/Y (sky130_fd_sc_hd__nor2_2)
                                         _0218_ (net)
                  0.05    0.00    0.43 ^ _2988_/D (sky130_fd_sc_hd__dfrtp_2)
                                  0.43   data arrival time

                  0.00    0.00    0.00   clock clk (rise edge)
                          0.00    0.00   clock network delay (ideal)
                          0.00    0.00   clock reconvergence pessimism
                                  0.00 ^ _2988_/CLK (sky130_fd_sc_hd__dfrtp_2)
                         -0.04   -0.04   library hold time
                                 -0.04   data required time
-----------------------------------------------------------------------------
                                 -0.04   data required time
                                 -0.43   data arrival time
-----------------------------------------------------------------------------
                                  0.47   slack (MET)


Startpoint: _2970_ (rising edge-triggered flip-flop clocked by clk)
Endpoint: _2970_ (rising edge-triggered flip-flop clocked by clk)
Path Group: clk
Path Type: min

Fanout     Cap    Slew   Delay    Time   Description
-----------------------------------------------------------------------------
                  0.00    0.00    0.00   clock clk (rise edge)
                          0.00    0.00   clock network delay (ideal)
                  0.00    0.00    0.00 ^ _2970_/CLK (sky130_fd_sc_hd__dfrtp_2)
     3    0.01    0.06    0.34    0.34 ^ _2970_/Q (sky130_fd_sc_hd__dfrtp_2)
                                         imem.address[11] (net)
                  0.06    0.00    0.34 ^ _2621_/B1 (sky130_fd_sc_hd__a21oi_2)
     1    0.00    0.03    0.04    0.37 v _2621_/Y (sky130_fd_sc_hd__a21oi_2)
                                         _1353_ (net)
                  0.03    0.00    0.37 v _2622_/B (sky130_fd_sc_hd__nor2_2)
     1    0.00    0.05    0.06    0.43 ^ _2622_/Y (sky130_fd_sc_hd__nor2_2)
                                         _0200_ (net)
                  0.05    0.00    0.43 ^ _2970_/D (sky130_fd_sc_hd__dfrtp_2)
                                  0.43   data arrival time

                  0.00    0.00    0.00   clock clk (rise edge)
                          0.00    0.00   clock network delay (ideal)
                          0.00    0.00   clock reconvergence pessimism
                                  0.00 ^ _2970_/CLK (sky130_fd_sc_hd__dfrtp_2)
                         -0.04   -0.04   library hold time
                                 -0.04   data required time
-----------------------------------------------------------------------------
                                 -0.04   data required time
                                 -0.43   data arrival time
-----------------------------------------------------------------------------
                                  0.47   slack (MET)


Startpoint: _2967_ (rising edge-triggered flip-flop clocked by clk)
Endpoint: _2967_ (rising edge-triggered flip-flop clocked by clk)
Path Group: clk
Path Type: min

Fanout     Cap    Slew   Delay    Time   Description
-----------------------------------------------------------------------------
                  0.00    0.00    0.00   clock clk (rise edge)
                          0.00    0.00   clock network delay (ideal)
                  0.00    0.00    0.00 ^ _2967_/CLK (sky130_fd_sc_hd__dfrtp_2)
     3    0.01    0.06    0.34    0.34 ^ _2967_/Q (sky130_fd_sc_hd__dfrtp_2)
                                         imem.address[8] (net)
                  0.06    0.00    0.34 ^ _2626_/B1 (sky130_fd_sc_hd__a21oi_2)
     1    0.00    0.03    0.04    0.37 v _2626_/Y (sky130_fd_sc_hd__a21oi_2)
                                         _1355_ (net)
                  0.03    0.00    0.37 v _2627_/B (sky130_fd_sc_hd__nor2_2)
     1    0.00    0.05    0.06    0.43 ^ _2627_/Y (sky130_fd_sc_hd__nor2_2)
                                         _0197_ (net)
                  0.05    0.00    0.43 ^ _2967_/D (sky130_fd_sc_hd__dfrtp_2)
                                  0.43   data arrival time

                  0.00    0.00    0.00   clock clk (rise edge)
                          0.00    0.00   clock network delay (ideal)
                          0.00    0.00   clock reconvergence pessimism
                                  0.00 ^ _2967_/CLK (sky130_fd_sc_hd__dfrtp_2)
                         -0.04   -0.04   library hold time
                                 -0.04   data required time
-----------------------------------------------------------------------------
                                 -0.04   data required time
                                 -0.43   data arrival time
-----------------------------------------------------------------------------
                                  0.47   slack (MET)


Startpoint: _2965_ (rising edge-triggered flip-flop clocked by clk)
Endpoint: _2965_ (rising edge-triggered flip-flop clocked by clk)
Path Group: clk
Path Type: min

Fanout     Cap    Slew   Delay    Time   Description
-----------------------------------------------------------------------------
                  0.00    0.00    0.00   clock clk (rise edge)
                          0.00    0.00   clock network delay (ideal)
                  0.00    0.00    0.00 ^ _2965_/CLK (sky130_fd_sc_hd__dfrtp_2)
     3    0.01    0.06    0.34    0.34 ^ _2965_/Q (sky130_fd_sc_hd__dfrtp_2)
                                         imem.address[6] (net)
                  0.06    0.00    0.34 ^ _2629_/A (sky130_fd_sc_hd__nor2_2)
     1    0.00    0.03    0.04    0.38 v _2629_/Y (sky130_fd_sc_hd__nor2_2)
                                         _1356_ (net)
                  0.03    0.00    0.38 v _2630_/B (sky130_fd_sc_hd__nor2_2)
     1    0.00    0.05    0.06    0.43 ^ _2630_/Y (sky130_fd_sc_hd__nor2_2)
                                         _0195_ (net)
                  0.05    0.00    0.43 ^ _2965_/D (sky130_fd_sc_hd__dfrtp_2)
                                  0.43   data arrival time

                  0.00    0.00    0.00   clock clk (rise edge)
                          0.00    0.00   clock network delay (ideal)
                          0.00    0.00   clock reconvergence pessimism
                                  0.00 ^ _2965_/CLK (sky130_fd_sc_hd__dfrtp_2)
                         -0.04   -0.04   library hold time
                                 -0.04   data required time
-----------------------------------------------------------------------------
                                 -0.04   data required time
                                 -0.43   data arrival time
-----------------------------------------------------------------------------
                                  0.48   slack (MET)


Startpoint: _2968_ (rising edge-triggered flip-flop clocked by clk)
Endpoint: _2968_ (rising edge-triggered flip-flop clocked by clk)
Path Group: clk
Path Type: min

Fanout     Cap    Slew   Delay    Time   Description
-----------------------------------------------------------------------------
                  0.00    0.00    0.00   clock clk (rise edge)
                          0.00    0.00   clock network delay (ideal)
                  0.00    0.00    0.00 ^ _2968_/CLK (sky130_fd_sc_hd__dfrtp_2)
     3    0.01    0.06    0.34    0.34 ^ _2968_/Q (sky130_fd_sc_hd__dfrtp_2)
                                         imem.address[9] (net)
                  0.06    0.00    0.34 ^ _2624_/A (sky130_fd_sc_hd__nor2_2)
     1    0.00    0.03    0.04    0.38 v _2624_/Y (sky130_fd_sc_hd__nor2_2)
                                         _1354_ (net)
                  0.03    0.00    0.38 v _2625_/B (sky130_fd_sc_hd__nor2_2)
     1    0.00    0.05    0.06    0.43 ^ _2625_/Y (sky130_fd_sc_hd__nor2_2)
                                         _0198_ (net)
                  0.05    0.00    0.43 ^ _2968_/D (sky130_fd_sc_hd__dfrtp_2)
                                  0.43   data arrival time

                  0.00    0.00    0.00   clock clk (rise edge)
                          0.00    0.00   clock network delay (ideal)
                          0.00    0.00   clock reconvergence pessimism
                                  0.00 ^ _2968_/CLK (sky130_fd_sc_hd__dfrtp_2)
                         -0.04   -0.04   library hold time
                                 -0.04   data required time
-----------------------------------------------------------------------------
                                 -0.04   data required time
                                 -0.43   data arrival time
-----------------------------------------------------------------------------
                                  0.48   slack (MET)


Startpoint: _2974_ (rising edge-triggered flip-flop clocked by clk)
Endpoint: _2974_ (rising edge-triggered flip-flop clocked by clk)
Path Group: clk
Path Type: min

Fanout     Cap    Slew   Delay    Time   Description
-----------------------------------------------------------------------------
                  0.00    0.00    0.00   clock clk (rise edge)
                          0.00    0.00   clock network delay (ideal)
                  0.00    0.00    0.00 ^ _2974_/CLK (sky130_fd_sc_hd__dfrtp_2)
     3    0.01    0.06    0.34    0.34 ^ _2974_/Q (sky130_fd_sc_hd__dfrtp_2)
                                         imem.address[15] (net)
                  0.06    0.00    0.34 ^ _2614_/A (sky130_fd_sc_hd__nor2_2)
     1    0.00    0.03    0.04    0.38 v _2614_/Y (sky130_fd_sc_hd__nor2_2)
                                         _1350_ (net)
                  0.03    0.00    0.38 v _2615_/B (sky130_fd_sc_hd__nor2_2)
     1    0.00    0.05    0.06    0.44 ^ _2615_/Y (sky130_fd_sc_hd__nor2_2)
                                         _0204_ (net)
                  0.05    0.00    0.44 ^ _2974_/D (sky130_fd_sc_hd__dfrtp_2)
                                  0.44   data arrival time

                  0.00    0.00    0.00   clock clk (rise edge)
                          0.00    0.00   clock network delay (ideal)
                          0.00    0.00   clock reconvergence pessimism
                                  0.00 ^ _2974_/CLK (sky130_fd_sc_hd__dfrtp_2)
                         -0.04   -0.04   library hold time
                                 -0.04   data required time
-----------------------------------------------------------------------------
                                 -0.04   data required time
                                 -0.44   data arrival time
-----------------------------------------------------------------------------
                                  0.48   slack (MET)


Startpoint: _2986_ (rising edge-triggered flip-flop clocked by clk)
Endpoint: _2986_ (rising edge-triggered flip-flop clocked by clk)
Path Group: clk
Path Type: min

Fanout     Cap    Slew   Delay    Time   Description
-----------------------------------------------------------------------------
                  0.00    0.00    0.00   clock clk (rise edge)
                          0.00    0.00   clock network delay (ideal)
                  0.00    0.00    0.00 ^ _2986_/CLK (sky130_fd_sc_hd__dfrtp_2)
     3    0.01    0.06    0.34    0.34 ^ _2986_/Q (sky130_fd_sc_hd__dfrtp_2)
                                         imem.address[27] (net)
                  0.06    0.00    0.34 ^ _2594_/A (sky130_fd_sc_hd__nor2_2)
     1    0.00    0.03    0.04    0.38 v _2594_/Y (sky130_fd_sc_hd__nor2_2)
                                         _1342_ (net)
                  0.03    0.00    0.38 v _2595_/B (sky130_fd_sc_hd__nor2_2)
     1    0.00    0.05    0.06    0.44 ^ _2595_/Y (sky130_fd_sc_hd__nor2_2)
                                         _0216_ (net)
                  0.05    0.00    0.44 ^ _2986_/D (sky130_fd_sc_hd__dfrtp_2)
                                  0.44   data arrival time

                  0.00    0.00    0.00   clock clk (rise edge)
                          0.00    0.00   clock network delay (ideal)
                          0.00    0.00   clock reconvergence pessimism
                                  0.00 ^ _2986_/CLK (sky130_fd_sc_hd__dfrtp_2)
                         -0.04   -0.04   library hold time
                                 -0.04   data required time
-----------------------------------------------------------------------------
                                 -0.04   data required time
                                 -0.44   data arrival time
-----------------------------------------------------------------------------
                                  0.48   slack (MET)


Startpoint: _2971_ (rising edge-triggered flip-flop clocked by clk)
Endpoint: _2971_ (rising edge-triggered flip-flop clocked by clk)
Path Group: clk
Path Type: min

Fanout     Cap    Slew   Delay    Time   Description
-----------------------------------------------------------------------------
                  0.00    0.00    0.00   clock clk (rise edge)
                          0.00    0.00   clock network delay (ideal)
                  0.00    0.00    0.00 ^ _2971_/CLK (sky130_fd_sc_hd__dfrtp_2)
     3    0.01    0.06    0.34    0.34 ^ _2971_/Q (sky130_fd_sc_hd__dfrtp_2)
                                         imem.address[12] (net)
                  0.06    0.00    0.34 ^ _2619_/A (sky130_fd_sc_hd__nor2_2)
     1    0.00    0.03    0.04    0.38 v _2619_/Y (sky130_fd_sc_hd__nor2_2)
                                         _1352_ (net)
                  0.03    0.00    0.38 v _2620_/B (sky130_fd_sc_hd__nor2_2)
     1    0.00    0.05    0.06    0.44 ^ _2620_/Y (sky130_fd_sc_hd__nor2_2)
                                         _0201_ (net)
                  0.05    0.00    0.44 ^ _2971_/D (sky130_fd_sc_hd__dfrtp_2)
                                  0.44   data arrival time

                  0.00    0.00    0.00   clock clk (rise edge)
                          0.00    0.00   clock network delay (ideal)
                          0.00    0.00   clock reconvergence pessimism
                                  0.00 ^ _2971_/CLK (sky130_fd_sc_hd__dfrtp_2)
                         -0.04   -0.04   library hold time
                                 -0.04   data required time
-----------------------------------------------------------------------------
                                 -0.04   data required time
                                 -0.44   data arrival time
-----------------------------------------------------------------------------
                                  0.48   slack (MET)


Startpoint: _2964_ (rising edge-triggered flip-flop clocked by clk)
Endpoint: _2964_ (rising edge-triggered flip-flop clocked by clk)
Path Group: clk
Path Type: min

Fanout     Cap    Slew   Delay    Time   Description
-----------------------------------------------------------------------------
                  0.00    0.00    0.00   clock clk (rise edge)
                          0.00    0.00   clock network delay (ideal)
                  0.00    0.00    0.00 ^ _2964_/CLK (sky130_fd_sc_hd__dfrtp_2)
     4    0.01    0.07    0.34    0.34 ^ _2964_/Q (sky130_fd_sc_hd__dfrtp_2)
                                         imem.address[5] (net)
                  0.07    0.00    0.34 ^ _2631_/B1 (sky130_fd_sc_hd__a21oi_2)
     1    0.00    0.03    0.04    0.38 v _2631_/Y (sky130_fd_sc_hd__a21oi_2)
                                         _1357_ (net)
                  0.03    0.00    0.38 v _2632_/B (sky130_fd_sc_hd__nor2_2)
     1    0.00    0.05    0.06    0.44 ^ _2632_/Y (sky130_fd_sc_hd__nor2_2)
                                         _0194_ (net)
                  0.05    0.00    0.44 ^ _2964_/D (sky130_fd_sc_hd__dfrtp_2)
                                  0.44   data arrival time

                  0.00    0.00    0.00   clock clk (rise edge)
                          0.00    0.00   clock network delay (ideal)
                          0.00    0.00   clock reconvergence pessimism
                                  0.00 ^ _2964_/CLK (sky130_fd_sc_hd__dfrtp_2)
                         -0.04   -0.04   library hold time
                                 -0.04   data required time
-----------------------------------------------------------------------------
                                 -0.04   data required time
                                 -0.44   data arrival time
-----------------------------------------------------------------------------
                                  0.48   slack (MET)


Startpoint: _3134_ (rising edge-triggered flip-flop clocked by clk)
Endpoint: _3161_ (rising edge-triggered flip-flop clocked by clk)
Path Group: clk
Path Type: min

Fanout     Cap    Slew   Delay    Time   Description
-----------------------------------------------------------------------------
                  0.00    0.00    0.00   clock clk (rise edge)
                          0.00    0.00   clock network delay (ideal)
                  0.00    0.00    0.00 ^ _3134_/CLK (sky130_fd_sc_hd__dfxtp_2)
     9    0.02    0.07    0.33    0.33 v _3134_/Q (sky130_fd_sc_hd__dfxtp_2)
                                         display.digit_sel[2] (net)
                  0.07    0.00    0.33 v _2643_/B (sky130_fd_sc_hd__nand3b_2)
     3    0.01    0.08    0.11    0.44 ^ _2643_/Y (sky130_fd_sc_hd__nand3b_2)
                                         _0364_ (net)
                  0.08    0.00    0.44 ^ _3161_/D (sky130_fd_sc_hd__dfxtp_2)
                                  0.44   data arrival time

                  0.00    0.00    0.00   clock clk (rise edge)
                          0.00    0.00   clock network delay (ideal)
                          0.00    0.00   clock reconvergence pessimism
                                  0.00 ^ _3161_/CLK (sky130_fd_sc_hd__dfxtp_2)
                         -0.04   -0.04   library hold time
                                 -0.04   data required time
-----------------------------------------------------------------------------
                                 -0.04   data required time
                                 -0.44   data arrival time
-----------------------------------------------------------------------------
                                  0.48   slack (MET)


Startpoint: _2969_ (rising edge-triggered flip-flop clocked by clk)
Endpoint: _2969_ (rising edge-triggered flip-flop clocked by clk)
Path Group: clk
Path Type: min

Fanout     Cap    Slew   Delay    Time   Description
-----------------------------------------------------------------------------
                  0.00    0.00    0.00   clock clk (rise edge)
                          0.00    0.00   clock network delay (ideal)
                  0.00    0.00    0.00 ^ _2969_/CLK (sky130_fd_sc_hd__dfrtp_2)
     4    0.02    0.10    0.37    0.37 ^ _2969_/Q (sky130_fd_sc_hd__dfrtp_2)
                                         imem.address[10] (net)
                  0.10    0.00    0.37 ^ _2623_/A (sky130_fd_sc_hd__xor2_2)
     1    0.00    0.03    0.07    0.44 v _2623_/X (sky130_fd_sc_hd__xor2_2)
                                         _0199_ (net)
                  0.03    0.00    0.44 v _2969_/D (sky130_fd_sc_hd__dfrtp_2)
                                  0.44   data arrival time

                  0.00    0.00    0.00   clock clk (rise edge)
                          0.00    0.00   clock network delay (ideal)
                          0.00    0.00   clock reconvergence pessimism
                                  0.00 ^ _2969_/CLK (sky130_fd_sc_hd__dfrtp_2)
                         -0.05   -0.05   library hold time
                                 -0.05   data required time
-----------------------------------------------------------------------------
                                 -0.05   data required time
                                 -0.44   data arrival time
-----------------------------------------------------------------------------
                                  0.49   slack (MET)


Startpoint: _2972_ (rising edge-triggered flip-flop clocked by clk)
Endpoint: _2972_ (rising edge-triggered flip-flop clocked by clk)
Path Group: clk
Path Type: min

Fanout     Cap    Slew   Delay    Time   Description
-----------------------------------------------------------------------------
                  0.00    0.00    0.00   clock clk (rise edge)
                          0.00    0.00   clock network delay (ideal)
                  0.00    0.00    0.00 ^ _2972_/CLK (sky130_fd_sc_hd__dfrtp_2)
     4    0.02    0.10    0.37    0.37 ^ _2972_/Q (sky130_fd_sc_hd__dfrtp_2)
                                         imem.address[13] (net)
                  0.10    0.00    0.37 ^ _2618_/A (sky130_fd_sc_hd__xor2_2)
     1    0.00    0.03    0.07    0.44 v _2618_/X (sky130_fd_sc_hd__xor2_2)
                                         _0202_ (net)
                  0.03    0.00    0.44 v _2972_/D (sky130_fd_sc_hd__dfrtp_2)
                                  0.44   data arrival time

                  0.00    0.00    0.00   clock clk (rise edge)
                          0.00    0.00   clock network delay (ideal)
                          0.00    0.00   clock reconvergence pessimism
                                  0.00 ^ _2972_/CLK (sky130_fd_sc_hd__dfrtp_2)
                         -0.05   -0.05   library hold time
                                 -0.05   data required time
-----------------------------------------------------------------------------
                                 -0.05   data required time
                                 -0.44   data arrival time
-----------------------------------------------------------------------------
                                  0.49   slack (MET)


Startpoint: _2979_ (rising edge-triggered flip-flop clocked by clk)
Endpoint: _2979_ (rising edge-triggered flip-flop clocked by clk)
Path Group: clk
Path Type: min

Fanout     Cap    Slew   Delay    Time   Description
-----------------------------------------------------------------------------
                  0.00    0.00    0.00   clock clk (rise edge)
                          0.00    0.00   clock network delay (ideal)
                  0.00    0.00    0.00 ^ _2979_/CLK (sky130_fd_sc_hd__dfrtp_2)
     3    0.01    0.07    0.35    0.35 ^ _2979_/Q (sky130_fd_sc_hd__dfrtp_2)
                                         imem.address[20] (net)
                  0.07    0.00    0.35 ^ _2606_/B1 (sky130_fd_sc_hd__a21oi_2)
     1    0.00    0.03    0.04    0.39 v _2606_/Y (sky130_fd_sc_hd__a21oi_2)
                                         _1347_ (net)
                  0.03    0.00    0.39 v _2607_/B (sky130_fd_sc_hd__nor2_2)
     1    0.00    0.05    0.06    0.45 ^ _2607_/Y (sky130_fd_sc_hd__nor2_2)
                                         _0209_ (net)
                  0.05    0.00    0.45 ^ _2979_/D (sky130_fd_sc_hd__dfrtp_2)
                                  0.45   data arrival time

                  0.00    0.00    0.00   clock clk (rise edge)
                          0.00    0.00   clock network delay (ideal)
                          0.00    0.00   clock reconvergence pessimism
                                  0.00 ^ _2979_/CLK (sky130_fd_sc_hd__dfrtp_2)
                         -0.04   -0.04   library hold time
                                 -0.04   data required time
-----------------------------------------------------------------------------
                                 -0.04   data required time
                                 -0.45   data arrival time
-----------------------------------------------------------------------------
                                  0.49   slack (MET)


Startpoint: _2966_ (rising edge-triggered flip-flop clocked by clk)
Endpoint: _2966_ (rising edge-triggered flip-flop clocked by clk)
Path Group: clk
Path Type: min

Fanout     Cap    Slew   Delay    Time   Description
-----------------------------------------------------------------------------
                  0.00    0.00    0.00   clock clk (rise edge)
                          0.00    0.00   clock network delay (ideal)
                  0.00    0.00    0.00 ^ _2966_/CLK (sky130_fd_sc_hd__dfrtp_2)
     4    0.02    0.10    0.37    0.37 ^ _2966_/Q (sky130_fd_sc_hd__dfrtp_2)
                                         imem.address[7] (net)
                  0.10    0.00    0.37 ^ _2628_/A (sky130_fd_sc_hd__xor2_2)
     1    0.00    0.03    0.07    0.44 v _2628_/X (sky130_fd_sc_hd__xor2_2)
                                         _0196_ (net)
                  0.03    0.00    0.44 v _2966_/D (sky130_fd_sc_hd__dfrtp_2)
                                  0.44   data arrival time

                  0.00    0.00    0.00   clock clk (rise edge)
                          0.00    0.00   clock network delay (ideal)
                          0.00    0.00   clock reconvergence pessimism
                                  0.00 ^ _2966_/CLK (sky130_fd_sc_hd__dfrtp_2)
                         -0.05   -0.05   library hold time
                                 -0.05   data required time
-----------------------------------------------------------------------------
                                 -0.05   data required time
                                 -0.44   data arrival time
-----------------------------------------------------------------------------
                                  0.49   slack (MET)


Startpoint: _2982_ (rising edge-triggered flip-flop clocked by clk)
Endpoint: _2982_ (rising edge-triggered flip-flop clocked by clk)
Path Group: clk
Path Type: min

Fanout     Cap    Slew   Delay    Time   Description
-----------------------------------------------------------------------------
                  0.00    0.00    0.00   clock clk (rise edge)
                          0.00    0.00   clock network delay (ideal)
                  0.00    0.00    0.00 ^ _2982_/CLK (sky130_fd_sc_hd__dfrtp_2)
     3    0.01    0.07    0.35    0.35 ^ _2982_/Q (sky130_fd_sc_hd__dfrtp_2)
                                         imem.address[23] (net)
                  0.07    0.00    0.35 ^ _2601_/B1 (sky130_fd_sc_hd__a21oi_2)
     1    0.00    0.03    0.04    0.39 v _2601_/Y (sky130_fd_sc_hd__a21oi_2)
                                         _1345_ (net)
                  0.03    0.00    0.39 v _2602_/B (sky130_fd_sc_hd__nor2_2)
     1    0.00    0.05    0.06    0.45 ^ _2602_/Y (sky130_fd_sc_hd__nor2_2)
                                         _0212_ (net)
                  0.05    0.00    0.45 ^ _2982_/D (sky130_fd_sc_hd__dfrtp_2)
                                  0.45   data arrival time

                  0.00    0.00    0.00   clock clk (rise edge)
                          0.00    0.00   clock network delay (ideal)
                          0.00    0.00   clock reconvergence pessimism
                                  0.00 ^ _2982_/CLK (sky130_fd_sc_hd__dfrtp_2)
                         -0.04   -0.04   library hold time
                                 -0.04   data required time
-----------------------------------------------------------------------------
                                 -0.04   data required time
                                 -0.45   data arrival time
-----------------------------------------------------------------------------
                                  0.49   slack (MET)


Startpoint: _2975_ (rising edge-triggered flip-flop clocked by clk)
Endpoint: _2975_ (rising edge-triggered flip-flop clocked by clk)
Path Group: clk
Path Type: min

Fanout     Cap    Slew   Delay    Time   Description
-----------------------------------------------------------------------------
                  0.00    0.00    0.00   clock clk (rise edge)
                          0.00    0.00   clock network delay (ideal)
                  0.00    0.00    0.00 ^ _2975_/CLK (sky130_fd_sc_hd__dfrtp_2)
     4    0.02    0.10    0.38    0.38 ^ _2975_/Q (sky130_fd_sc_hd__dfrtp_2)
                                         imem.address[16] (net)
                  0.10    0.00    0.38 ^ _2613_/A (sky130_fd_sc_hd__xor2_2)
     1    0.00    0.03    0.07    0.44 v _2613_/X (sky130_fd_sc_hd__xor2_2)
                                         _0205_ (net)
                  0.03    0.00    0.44 v _2975_/D (sky130_fd_sc_hd__dfrtp_2)
                                  0.44   data arrival time

                  0.00    0.00    0.00   clock clk (rise edge)
                          0.00    0.00   clock network delay (ideal)
                          0.00    0.00   clock reconvergence pessimism
                                  0.00 ^ _2975_/CLK (sky130_fd_sc_hd__dfrtp_2)
                         -0.05   -0.05   library hold time
                                 -0.05   data required time
-----------------------------------------------------------------------------
                                 -0.05   data required time
                                 -0.44   data arrival time
-----------------------------------------------------------------------------
                                  0.49   slack (MET)


Startpoint: _2987_ (rising edge-triggered flip-flop clocked by clk)
Endpoint: _2987_ (rising edge-triggered flip-flop clocked by clk)
Path Group: clk
Path Type: min

Fanout     Cap    Slew   Delay    Time   Description
-----------------------------------------------------------------------------
                  0.00    0.00    0.00   clock clk (rise edge)
                          0.00    0.00   clock network delay (ideal)
                  0.00    0.00    0.00 ^ _2987_/CLK (sky130_fd_sc_hd__dfrtp_2)
     4    0.02    0.10    0.38    0.38 ^ _2987_/Q (sky130_fd_sc_hd__dfrtp_2)
                                         imem.address[28] (net)
                  0.10    0.00    0.38 ^ _2593_/A (sky130_fd_sc_hd__xor2_2)
     1    0.00    0.03    0.07    0.44 v _2593_/X (sky130_fd_sc_hd__xor2_2)
                                         _0217_ (net)
                  0.03    0.00    0.44 v _2987_/D (sky130_fd_sc_hd__dfrtp_2)
                                  0.44   data arrival time

                  0.00    0.00    0.00   clock clk (rise edge)
                          0.00    0.00   clock network delay (ideal)
                          0.00    0.00   clock reconvergence pessimism
                                  0.00 ^ _2987_/CLK (sky130_fd_sc_hd__dfrtp_2)
                         -0.05   -0.05   library hold time
                                 -0.05   data required time
-----------------------------------------------------------------------------
                                 -0.05   data required time
                                 -0.44   data arrival time
-----------------------------------------------------------------------------
                                  0.49   slack (MET)


Startpoint: _2990_ (rising edge-triggered flip-flop clocked by clk)
Endpoint: _2990_ (rising edge-triggered flip-flop clocked by clk)
Path Group: clk
Path Type: min

Fanout     Cap    Slew   Delay    Time   Description
-----------------------------------------------------------------------------
                  0.00    0.00    0.00   clock clk (rise edge)
                          0.00    0.00   clock network delay (ideal)
                  0.00    0.00    0.00 ^ _2990_/CLK (sky130_fd_sc_hd__dfrtp_2)
     3    0.02    0.11    0.38    0.38 ^ _2990_/Q (sky130_fd_sc_hd__dfrtp_2)
                                         imem.address[31] (net)
                  0.11    0.00    0.38 ^ _2587_/A (sky130_fd_sc_hd__xnor2_2)
     1    0.00    0.03    0.07    0.45 v _2587_/Y (sky130_fd_sc_hd__xnor2_2)
                                         _0220_ (net)
                  0.03    0.00    0.45 v _2990_/D (sky130_fd_sc_hd__dfrtp_2)
                                  0.45   data arrival time

                  0.00    0.00    0.00   clock clk (rise edge)
                          0.00    0.00   clock network delay (ideal)
                          0.00    0.00   clock reconvergence pessimism
                                  0.00 ^ _2990_/CLK (sky130_fd_sc_hd__dfrtp_2)
                         -0.04   -0.04   library hold time
                                 -0.04   data required time
-----------------------------------------------------------------------------
                                 -0.04   data required time
                                 -0.45   data arrival time
-----------------------------------------------------------------------------
                                  0.49   slack (MET)


Startpoint: _2980_ (rising edge-triggered flip-flop clocked by clk)
Endpoint: _2980_ (rising edge-triggered flip-flop clocked by clk)
Path Group: clk
Path Type: min

Fanout     Cap    Slew   Delay    Time   Description
-----------------------------------------------------------------------------
                  0.00    0.00    0.00   clock clk (rise edge)
                          0.00    0.00   clock network delay (ideal)
                  0.00    0.00    0.00 ^ _2980_/CLK (sky130_fd_sc_hd__dfrtp_2)
     3    0.01    0.07    0.35    0.35 ^ _2980_/Q (sky130_fd_sc_hd__dfrtp_2)
                                         imem.address[21] (net)
                  0.07    0.00    0.35 ^ _2604_/A (sky130_fd_sc_hd__nor2_2)
     1    0.00    0.03    0.04    0.40 v _2604_/Y (sky130_fd_sc_hd__nor2_2)
                                         _1346_ (net)
                  0.03    0.00    0.40 v _2605_/B (sky130_fd_sc_hd__nor2_2)
     1    0.00    0.05    0.06    0.45 ^ _2605_/Y (sky130_fd_sc_hd__nor2_2)
                                         _0210_ (net)
                  0.05    0.00    0.45 ^ _2980_/D (sky130_fd_sc_hd__dfrtp_2)
                                  0.45   data arrival time

                  0.00    0.00    0.00   clock clk (rise edge)
                          0.00    0.00   clock network delay (ideal)
                          0.00    0.00   clock reconvergence pessimism
                                  0.00 ^ _2980_/CLK (sky130_fd_sc_hd__dfrtp_2)
                         -0.04   -0.04   library hold time
                                 -0.04   data required time
-----------------------------------------------------------------------------
                                 -0.04   data required time
                                 -0.45   data arrival time
-----------------------------------------------------------------------------
                                  0.49   slack (MET)


Startpoint: _2983_ (rising edge-triggered flip-flop clocked by clk)
Endpoint: _2983_ (rising edge-triggered flip-flop clocked by clk)
Path Group: clk
Path Type: min

Fanout     Cap    Slew   Delay    Time   Description
-----------------------------------------------------------------------------
                  0.00    0.00    0.00   clock clk (rise edge)
                          0.00    0.00   clock network delay (ideal)
                  0.00    0.00    0.00 ^ _2983_/CLK (sky130_fd_sc_hd__dfrtp_2)
     3    0.01    0.07    0.35    0.35 ^ _2983_/Q (sky130_fd_sc_hd__dfrtp_2)
                                         imem.address[24] (net)
                  0.07    0.00    0.35 ^ _2599_/A (sky130_fd_sc_hd__nor2_2)
     1    0.00    0.03    0.04    0.40 v _2599_/Y (sky130_fd_sc_hd__nor2_2)
                                         _1344_ (net)
                  0.03    0.00    0.40 v _2600_/B (sky130_fd_sc_hd__nor2_2)
     1    0.00    0.05    0.06    0.45 ^ _2600_/Y (sky130_fd_sc_hd__nor2_2)
                                         _0213_ (net)
                  0.05    0.00    0.45 ^ _2983_/D (sky130_fd_sc_hd__dfrtp_2)
                                  0.45   data arrival time

                  0.00    0.00    0.00   clock clk (rise edge)
                          0.00    0.00   clock network delay (ideal)
                          0.00    0.00   clock reconvergence pessimism
                                  0.00 ^ _2983_/CLK (sky130_fd_sc_hd__dfrtp_2)
                         -0.04   -0.04   library hold time
                                 -0.04   data required time
-----------------------------------------------------------------------------
                                 -0.04   data required time
                                 -0.45   data arrival time
-----------------------------------------------------------------------------
                                  0.49   slack (MET)


Startpoint: _2977_ (rising edge-triggered flip-flop clocked by clk)
Endpoint: _2977_ (rising edge-triggered flip-flop clocked by clk)
Path Group: clk
Path Type: min

Fanout     Cap    Slew   Delay    Time   Description
-----------------------------------------------------------------------------
                  0.00    0.00    0.00   clock clk (rise edge)
                          0.00    0.00   clock network delay (ideal)
                  0.00    0.00    0.00 ^ _2977_/CLK (sky130_fd_sc_hd__dfrtp_2)
     3    0.01    0.07    0.35    0.35 ^ _2977_/Q (sky130_fd_sc_hd__dfrtp_2)
                                         imem.address[18] (net)
                  0.07    0.00    0.35 ^ _2609_/A (sky130_fd_sc_hd__nor2_2)
     1    0.00    0.03    0.04    0.40 v _2609_/Y (sky130_fd_sc_hd__nor2_2)
                                         _1348_ (net)
                  0.03    0.00    0.40 v _2610_/B (sky130_fd_sc_hd__nor2_2)
     1    0.00    0.05    0.06    0.45 ^ _2610_/Y (sky130_fd_sc_hd__nor2_2)
                                         _0207_ (net)
                  0.05    0.00    0.45 ^ _2977_/D (sky130_fd_sc_hd__dfrtp_2)
                                  0.45   data arrival time

                  0.00    0.00    0.00   clock clk (rise edge)
                          0.00    0.00   clock network delay (ideal)
                          0.00    0.00   clock reconvergence pessimism
                                  0.00 ^ _2977_/CLK (sky130_fd_sc_hd__dfrtp_2)
                         -0.04   -0.04   library hold time
                                 -0.04   data required time
-----------------------------------------------------------------------------
                                 -0.04   data required time
                                 -0.45   data arrival time
-----------------------------------------------------------------------------
                                  0.49   slack (MET)


Startpoint: _2963_ (rising edge-triggered flip-flop clocked by clk)
Endpoint: _2963_ (rising edge-triggered flip-flop clocked by clk)
Path Group: clk
Path Type: min

Fanout     Cap    Slew   Delay    Time   Description
-----------------------------------------------------------------------------
                  0.00    0.00    0.00   clock clk (rise edge)
                          0.00    0.00   clock network delay (ideal)
                  0.00    0.00    0.00 ^ _2963_/CLK (sky130_fd_sc_hd__dfrtp_2)
     5    0.02    0.11    0.38    0.38 ^ _2963_/Q (sky130_fd_sc_hd__dfrtp_2)
                                         imem.address[4] (net)
                  0.11    0.00    0.38 ^ _2633_/A (sky130_fd_sc_hd__xor2_2)
     1    0.00    0.03    0.07    0.45 v _2633_/X (sky130_fd_sc_hd__xor2_2)
                                         _0193_ (net)
                  0.03    0.00    0.45 v _2963_/D (sky130_fd_sc_hd__dfrtp_2)
                                  0.45   data arrival time

                  0.00    0.00    0.00   clock clk (rise edge)
                          0.00    0.00   clock network delay (ideal)
                          0.00    0.00   clock reconvergence pessimism
                                  0.00 ^ _2963_/CLK (sky130_fd_sc_hd__dfrtp_2)
                         -0.05   -0.05   library hold time
                                 -0.05   data required time
-----------------------------------------------------------------------------
                                 -0.05   data required time
                                 -0.45   data arrival time
-----------------------------------------------------------------------------
                                  0.49   slack (MET)


Startpoint: _2960_ (rising edge-triggered flip-flop clocked by clk)
Endpoint: _2961_ (rising edge-triggered flip-flop clocked by clk)
Path Group: clk
Path Type: min

Fanout     Cap    Slew   Delay    Time   Description
-----------------------------------------------------------------------------
                  0.00    0.00    0.00   clock clk (rise edge)
                          0.00    0.00   clock network delay (ideal)
                  0.00    0.00    0.00 ^ _2960_/CLK (sky130_fd_sc_hd__dfxtp_2)
     2    0.01    0.03    0.29    0.29 v _2960_/Q (sky130_fd_sc_hd__dfxtp_2)
                                         prev_control (net)
                  0.03    0.00    0.29 v _2498_/A (sky130_fd_sc_hd__inv_2)
     3    0.01    0.04    0.05    0.35 ^ _2498_/Y (sky130_fd_sc_hd__inv_2)
                                         _1282_ (net)
                  0.04    0.00    0.35 ^ _2636_/A2 (sky130_fd_sc_hd__a21oi_2)
     1    0.00    0.03    0.05    0.40 v _2636_/Y (sky130_fd_sc_hd__a21oi_2)
                                         _1359_ (net)
                  0.03    0.00    0.40 v _2637_/B (sky130_fd_sc_hd__nor2_2)
     1    0.00    0.05    0.06    0.45 ^ _2637_/Y (sky130_fd_sc_hd__nor2_2)
                                         _0191_ (net)
                  0.05    0.00    0.45 ^ _2961_/D (sky130_fd_sc_hd__dfrtp_2)
                                  0.45   data arrival time

                  0.00    0.00    0.00   clock clk (rise edge)
                          0.00    0.00   clock network delay (ideal)
                          0.00    0.00   clock reconvergence pessimism
                                  0.00 ^ _2961_/CLK (sky130_fd_sc_hd__dfrtp_2)
                         -0.04   -0.04   library hold time
                                 -0.04   data required time
-----------------------------------------------------------------------------
                                 -0.04   data required time
                                 -0.45   data arrival time
-----------------------------------------------------------------------------
                                  0.50   slack (MET)


Startpoint: _2984_ (rising edge-triggered flip-flop clocked by clk)
Endpoint: _2984_ (rising edge-triggered flip-flop clocked by clk)
Path Group: clk
Path Type: min

Fanout     Cap    Slew   Delay    Time   Description
-----------------------------------------------------------------------------
                  0.00    0.00    0.00   clock clk (rise edge)
                          0.00    0.00   clock network delay (ideal)
                  0.00    0.00    0.00 ^ _2984_/CLK (sky130_fd_sc_hd__dfrtp_2)
     4    0.02    0.11    0.38    0.38 ^ _2984_/Q (sky130_fd_sc_hd__dfrtp_2)
                                         imem.address[25] (net)
                  0.11    0.00    0.38 ^ _2598_/A (sky130_fd_sc_hd__xor2_2)
     1    0.00    0.03    0.07    0.46 v _2598_/X (sky130_fd_sc_hd__xor2_2)
                                         _0214_ (net)
                  0.03    0.00    0.46 v _2984_/D (sky130_fd_sc_hd__dfrtp_2)
                                  0.46   data arrival time

                  0.00    0.00    0.00   clock clk (rise edge)
                          0.00    0.00   clock network delay (ideal)
                          0.00    0.00   clock reconvergence pessimism
                                  0.00 ^ _2984_/CLK (sky130_fd_sc_hd__dfrtp_2)
                         -0.05   -0.05   library hold time
                                 -0.05   data required time
-----------------------------------------------------------------------------
                                 -0.05   data required time
                                 -0.46   data arrival time
-----------------------------------------------------------------------------
                                  0.50   slack (MET)


Startpoint: _2978_ (rising edge-triggered flip-flop clocked by clk)
Endpoint: _2978_ (rising edge-triggered flip-flop clocked by clk)
Path Group: clk
Path Type: min

Fanout     Cap    Slew   Delay    Time   Description
-----------------------------------------------------------------------------
                  0.00    0.00    0.00   clock clk (rise edge)
                          0.00    0.00   clock network delay (ideal)
                  0.00    0.00    0.00 ^ _2978_/CLK (sky130_fd_sc_hd__dfrtp_2)
     4    0.02    0.11    0.38    0.38 ^ _2978_/Q (sky130_fd_sc_hd__dfrtp_2)
                                         imem.address[19] (net)
                  0.11    0.00    0.38 ^ _2608_/A (sky130_fd_sc_hd__xor2_2)
     1    0.00    0.03    0.07    0.46 v _2608_/X (sky130_fd_sc_hd__xor2_2)
                                         _0208_ (net)
                  0.03    0.00    0.46 v _2978_/D (sky130_fd_sc_hd__dfrtp_2)
                                  0.46   data arrival time

                  0.00    0.00    0.00   clock clk (rise edge)
                          0.00    0.00   clock network delay (ideal)
                          0.00    0.00   clock reconvergence pessimism
                                  0.00 ^ _2978_/CLK (sky130_fd_sc_hd__dfrtp_2)
                         -0.05   -0.05   library hold time
                                 -0.05   data required time
-----------------------------------------------------------------------------
                                 -0.05   data required time
                                 -0.46   data arrival time
-----------------------------------------------------------------------------
                                  0.50   slack (MET)


Startpoint: _2981_ (rising edge-triggered flip-flop clocked by clk)
Endpoint: _2981_ (rising edge-triggered flip-flop clocked by clk)
Path Group: clk
Path Type: min

Fanout     Cap    Slew   Delay    Time   Description
-----------------------------------------------------------------------------
                  0.00    0.00    0.00   clock clk (rise edge)
                          0.00    0.00   clock network delay (ideal)
                  0.00    0.00    0.00 ^ _2981_/CLK (sky130_fd_sc_hd__dfrtp_2)
     4    0.02    0.11    0.39    0.39 ^ _2981_/Q (sky130_fd_sc_hd__dfrtp_2)
                                         imem.address[22] (net)
                  0.11    0.00    0.39 ^ _2603_/A (sky130_fd_sc_hd__xor2_2)
     1    0.00    0.03    0.07    0.46 v _2603_/X (sky130_fd_sc_hd__xor2_2)
                                         _0211_ (net)
                  0.03    0.00    0.46 v _2981_/D (sky130_fd_sc_hd__dfrtp_2)
                                  0.46   data arrival time

                  0.00    0.00    0.00   clock clk (rise edge)
                          0.00    0.00   clock network delay (ideal)
                          0.00    0.00   clock reconvergence pessimism
                                  0.00 ^ _2981_/CLK (sky130_fd_sc_hd__dfrtp_2)
                         -0.05   -0.05   library hold time
                                 -0.05   data required time
-----------------------------------------------------------------------------
                                 -0.05   data required time
                                 -0.46   data arrival time
-----------------------------------------------------------------------------
                                  0.50   slack (MET)


Startpoint: _3132_ (rising edge-triggered flip-flop clocked by clk)
Endpoint: _3132_ (rising edge-triggered flip-flop clocked by clk)
Path Group: clk
Path Type: min

Fanout     Cap    Slew   Delay    Time   Description
-----------------------------------------------------------------------------
                  0.00    0.00    0.00   clock clk (rise edge)
                          0.00    0.00   clock network delay (ideal)
                  0.00    0.00    0.00 ^ _3132_/CLK (sky130_fd_sc_hd__dfxtp_2)
     9    0.03    0.07    0.34    0.34 v _3132_/Q (sky130_fd_sc_hd__dfxtp_2)
                                         display.digit_sel[0] (net)
                  0.07    0.00    0.34 v _2954_/A (sky130_fd_sc_hd__xnor2_2)
     1    0.00    0.03    0.13    0.47 ^ _2954_/Y (sky130_fd_sc_hd__xnor2_2)
                                         _0355_ (net)
                  0.03    0.00    0.47 ^ _3132_/D (sky130_fd_sc_hd__dfxtp_2)
                                  0.47   data arrival time

                  0.00    0.00    0.00   clock clk (rise edge)
                          0.00    0.00   clock network delay (ideal)
                          0.00    0.00   clock reconvergence pessimism
                                  0.00 ^ _3132_/CLK (sky130_fd_sc_hd__dfxtp_2)
                         -0.03   -0.03   library hold time
                                 -0.03   data required time
-----------------------------------------------------------------------------
                                 -0.03   data required time
                                 -0.47   data arrival time
-----------------------------------------------------------------------------
                                  0.51   slack (MET)


Startpoint: _3128_ (rising edge-triggered flip-flop clocked by clk)
Endpoint: _3128_ (rising edge-triggered flip-flop clocked by clk)
Path Group: clk
Path Type: min

Fanout     Cap    Slew   Delay    Time   Description
-----------------------------------------------------------------------------
                  0.00    0.00    0.00   clock clk (rise edge)
                          0.00    0.00   clock network delay (ideal)
                  0.00    0.00    0.00 ^ _3128_/CLK (sky130_fd_sc_hd__dfrtp_2)
     2    0.00    0.05    0.32    0.32 ^ _3128_/Q (sky130_fd_sc_hd__dfrtp_2)
                                         reg_file.registers[2][3] (net)
                  0.05    0.00    0.32 ^ _1486_/A (sky130_fd_sc_hd__buf_1)
     1    0.00    0.04    0.08    0.40 ^ _1486_/X (sky130_fd_sc_hd__buf_1)
                                         _0369_ (net)
                  0.04    0.00    0.40 ^ _1487_/A (sky130_fd_sc_hd__buf_1)
     1    0.00    0.04    0.07    0.47 ^ _1487_/X (sky130_fd_sc_hd__buf_1)
                                         _0351_ (net)
                  0.04    0.00    0.47 ^ _3128_/D (sky130_fd_sc_hd__dfrtp_2)
                                  0.47   data arrival time

                  0.00    0.00    0.00   clock clk (rise edge)
                          0.00    0.00   clock network delay (ideal)
                          0.00    0.00   clock reconvergence pessimism
                                  0.00 ^ _3128_/CLK (sky130_fd_sc_hd__dfrtp_2)
                         -0.04   -0.04   library hold time
                                 -0.04   data required time
-----------------------------------------------------------------------------
                                 -0.04   data required time
                                 -0.47   data arrival time
-----------------------------------------------------------------------------
                                  0.51   slack (MET)


Startpoint: _3130_ (rising edge-triggered flip-flop clocked by clk)
Endpoint: _3130_ (rising edge-triggered flip-flop clocked by clk)
Path Group: clk
Path Type: min

Fanout     Cap    Slew   Delay    Time   Description
-----------------------------------------------------------------------------
                  0.00    0.00    0.00   clock clk (rise edge)
                          0.00    0.00   clock network delay (ideal)
                  0.00    0.00    0.00 ^ _3130_/CLK (sky130_fd_sc_hd__dfrtp_2)
     2    0.00    0.05    0.32    0.32 ^ _3130_/Q (sky130_fd_sc_hd__dfrtp_2)
                                         reg_file.registers[2][30] (net)
                  0.05    0.00    0.32 ^ _1482_/A (sky130_fd_sc_hd__buf_1)
     1    0.00    0.04    0.08    0.40 ^ _1482_/X (sky130_fd_sc_hd__buf_1)
                                         _0367_ (net)
                  0.04    0.00    0.40 ^ _1483_/A (sky130_fd_sc_hd__buf_1)
     1    0.00    0.04    0.07    0.47 ^ _1483_/X (sky130_fd_sc_hd__buf_1)
                                         _0353_ (net)
                  0.04    0.00    0.47 ^ _3130_/D (sky130_fd_sc_hd__dfrtp_2)
                                  0.47   data arrival time

                  0.00    0.00    0.00   clock clk (rise edge)
                          0.00    0.00   clock network delay (ideal)
                          0.00    0.00   clock reconvergence pessimism
                                  0.00 ^ _3130_/CLK (sky130_fd_sc_hd__dfrtp_2)
                         -0.04   -0.04   library hold time
                                 -0.04   data required time
-----------------------------------------------------------------------------
                                 -0.04   data required time
                                 -0.47   data arrival time
-----------------------------------------------------------------------------
                                  0.51   slack (MET)


Startpoint: _3131_ (rising edge-triggered flip-flop clocked by clk)
Endpoint: _3131_ (rising edge-triggered flip-flop clocked by clk)
Path Group: clk
Path Type: min

Fanout     Cap    Slew   Delay    Time   Description
-----------------------------------------------------------------------------
                  0.00    0.00    0.00   clock clk (rise edge)
                          0.00    0.00   clock network delay (ideal)
                  0.00    0.00    0.00 ^ _3131_/CLK (sky130_fd_sc_hd__dfrtp_2)
     2    0.00    0.05    0.32    0.32 ^ _3131_/Q (sky130_fd_sc_hd__dfrtp_2)
                                         reg_file.registers[2][31] (net)
                  0.05    0.00    0.32 ^ _1480_/A (sky130_fd_sc_hd__buf_1)
     1    0.00    0.04    0.08    0.40 ^ _1480_/X (sky130_fd_sc_hd__buf_1)
                                         _0366_ (net)
                  0.04    0.00    0.40 ^ _1481_/A (sky130_fd_sc_hd__buf_1)
     1    0.00    0.04    0.07    0.47 ^ _1481_/X (sky130_fd_sc_hd__buf_1)
                                         _0354_ (net)
                  0.04    0.00    0.47 ^ _3131_/D (sky130_fd_sc_hd__dfrtp_2)
                                  0.47   data arrival time

                  0.00    0.00    0.00   clock clk (rise edge)
                          0.00    0.00   clock network delay (ideal)
                          0.00    0.00   clock reconvergence pessimism
                                  0.00 ^ _3131_/CLK (sky130_fd_sc_hd__dfrtp_2)
                         -0.04   -0.04   library hold time
                                 -0.04   data required time
-----------------------------------------------------------------------------
                                 -0.04   data required time
                                 -0.47   data arrival time
-----------------------------------------------------------------------------
                                  0.51   slack (MET)


Startpoint: _3127_ (rising edge-triggered flip-flop clocked by clk)
Endpoint: _3127_ (rising edge-triggered flip-flop clocked by clk)
Path Group: clk
Path Type: min

Fanout     Cap    Slew   Delay    Time   Description
-----------------------------------------------------------------------------
                  0.00    0.00    0.00   clock clk (rise edge)
                          0.00    0.00   clock network delay (ideal)
                  0.00    0.00    0.00 ^ _3127_/CLK (sky130_fd_sc_hd__dfrtp_2)
     2    0.00    0.05    0.32    0.32 ^ _3127_/Q (sky130_fd_sc_hd__dfrtp_2)
                                         reg_file.registers[2][2] (net)
                  0.05    0.00    0.32 ^ _1488_/A (sky130_fd_sc_hd__buf_1)
     1    0.00    0.04    0.08    0.40 ^ _1488_/X (sky130_fd_sc_hd__buf_1)
                                         _0370_ (net)
                  0.04    0.00    0.40 ^ _1489_/A (sky130_fd_sc_hd__buf_1)
     1    0.00    0.04    0.07    0.47 ^ _1489_/X (sky130_fd_sc_hd__buf_1)
                                         _0350_ (net)
                  0.04    0.00    0.47 ^ _3127_/D (sky130_fd_sc_hd__dfrtp_2)
                                  0.47   data arrival time

                  0.00    0.00    0.00   clock clk (rise edge)
                          0.00    0.00   clock network delay (ideal)
                          0.00    0.00   clock reconvergence pessimism
                                  0.00 ^ _3127_/CLK (sky130_fd_sc_hd__dfrtp_2)
                         -0.04   -0.04   library hold time
                                 -0.04   data required time
-----------------------------------------------------------------------------
                                 -0.04   data required time
                                 -0.47   data arrival time
-----------------------------------------------------------------------------
                                  0.51   slack (MET)


Startpoint: _3134_ (rising edge-triggered flip-flop clocked by clk)
Endpoint: _3158_ (rising edge-triggered flip-flop clocked by clk)
Path Group: clk
Path Type: min

Fanout     Cap    Slew   Delay    Time   Description
-----------------------------------------------------------------------------
                  0.00    0.00    0.00   clock clk (rise edge)
                          0.00    0.00   clock network delay (ideal)
                  0.00    0.00    0.00 ^ _3134_/CLK (sky130_fd_sc_hd__dfxtp_2)
     9    0.03    0.14    0.37    0.37 ^ _3134_/Q (sky130_fd_sc_hd__dfxtp_2)
                                         display.digit_sel[2] (net)
                  0.14    0.00    0.37 ^ _2646_/A (sky130_fd_sc_hd__nor2_2)
     5    0.01    0.04    0.08    0.45 v _2646_/Y (sky130_fd_sc_hd__nor2_2)
                                         _1366_ (net)
                  0.04    0.00    0.45 v _2712_/A (sky130_fd_sc_hd__inv_2)
     1    0.00    0.02    0.03    0.49 ^ _2712_/Y (sky130_fd_sc_hd__inv_2)
                                         _0361_ (net)
                  0.02    0.00    0.49 ^ _3158_/D (sky130_fd_sc_hd__dfxtp_2)
                                  0.49   data arrival time

                  0.00    0.00    0.00   clock clk (rise edge)
                          0.00    0.00   clock network delay (ideal)
                          0.00    0.00   clock reconvergence pessimism
                                  0.00 ^ _3158_/CLK (sky130_fd_sc_hd__dfxtp_2)
                         -0.03   -0.03   library hold time
                                 -0.03   data required time
-----------------------------------------------------------------------------
                                 -0.03   data required time
                                 -0.49   data arrival time
-----------------------------------------------------------------------------
                                  0.52   slack (MET)


Startpoint: _3000_ (rising edge-triggered flip-flop clocked by clk)
Endpoint: _3000_ (rising edge-triggered flip-flop clocked by clk)
Path Group: clk
Path Type: min

Fanout     Cap    Slew   Delay    Time   Description
-----------------------------------------------------------------------------
                  0.00    0.00    0.00   clock clk (rise edge)
                          0.00    0.00   clock network delay (ideal)
                  0.00    0.00    0.00 ^ _3000_/CLK (sky130_fd_sc_hd__dfrtp_2)
     2    0.00    0.05    0.32    0.32 ^ _3000_/Q (sky130_fd_sc_hd__dfrtp_2)
                                         reg_file.registers[15][2] (net)
                  0.05    0.00    0.32 ^ _2563_/A (sky130_fd_sc_hd__or2b_2)
     1    0.00    0.03    0.09    0.41 ^ _2563_/X (sky130_fd_sc_hd__or2b_2)
                                         _1318_ (net)
                  0.03    0.00    0.41 ^ _2564_/A (sky130_fd_sc_hd__buf_1)
     1    0.00    0.04    0.07    0.48 ^ _2564_/X (sky130_fd_sc_hd__buf_1)
                                         _0223_ (net)
                  0.04    0.00    0.48 ^ _3000_/D (sky130_fd_sc_hd__dfrtp_2)
                                  0.48   data arrival time

                  0.00    0.00    0.00   clock clk (rise edge)
                          0.00    0.00   clock network delay (ideal)
                          0.00    0.00   clock reconvergence pessimism
                                  0.00 ^ _3000_/CLK (sky130_fd_sc_hd__dfrtp_2)
                         -0.04   -0.04   library hold time
                                 -0.04   data required time
-----------------------------------------------------------------------------
                                 -0.04   data required time
                                 -0.48   data arrival time
-----------------------------------------------------------------------------
                                  0.52   slack (MET)


Startpoint: _2999_ (rising edge-triggered flip-flop clocked by clk)
Endpoint: _2999_ (rising edge-triggered flip-flop clocked by clk)
Path Group: clk
Path Type: min

Fanout     Cap    Slew   Delay    Time   Description
-----------------------------------------------------------------------------
                  0.00    0.00    0.00   clock clk (rise edge)
                          0.00    0.00   clock network delay (ideal)
                  0.00    0.00    0.00 ^ _2999_/CLK (sky130_fd_sc_hd__dfrtp_2)
     2    0.00    0.05    0.32    0.32 ^ _2999_/Q (sky130_fd_sc_hd__dfrtp_2)
                                         reg_file.registers[15][1] (net)
                  0.05    0.00    0.32 ^ _2565_/A (sky130_fd_sc_hd__or2b_2)
     1    0.00    0.03    0.09    0.41 ^ _2565_/X (sky130_fd_sc_hd__or2b_2)
                                         _1319_ (net)
                  0.03    0.00    0.41 ^ _2566_/A (sky130_fd_sc_hd__buf_1)
     1    0.00    0.04    0.07    0.48 ^ _2566_/X (sky130_fd_sc_hd__buf_1)
                                         _0222_ (net)
                  0.04    0.00    0.48 ^ _2999_/D (sky130_fd_sc_hd__dfrtp_2)
                                  0.48   data arrival time

                  0.00    0.00    0.00   clock clk (rise edge)
                          0.00    0.00   clock network delay (ideal)
                          0.00    0.00   clock reconvergence pessimism
                                  0.00 ^ _2999_/CLK (sky130_fd_sc_hd__dfrtp_2)
                         -0.04   -0.04   library hold time
                                 -0.04   data required time
-----------------------------------------------------------------------------
                                 -0.04   data required time
                                 -0.48   data arrival time
-----------------------------------------------------------------------------
                                  0.52   slack (MET)


Startpoint: _3001_ (rising edge-triggered flip-flop clocked by clk)
Endpoint: _3001_ (rising edge-triggered flip-flop clocked by clk)
Path Group: clk
Path Type: min

Fanout     Cap    Slew   Delay    Time   Description
-----------------------------------------------------------------------------
                  0.00    0.00    0.00   clock clk (rise edge)
                          0.00    0.00   clock network delay (ideal)
                  0.00    0.00    0.00 ^ _3001_/CLK (sky130_fd_sc_hd__dfrtp_2)
     2    0.00    0.05    0.32    0.32 ^ _3001_/Q (sky130_fd_sc_hd__dfrtp_2)
                                         reg_file.registers[15][3] (net)
                  0.05    0.00    0.32 ^ _2561_/A (sky130_fd_sc_hd__or2b_2)
     1    0.00    0.03    0.09    0.41 ^ _2561_/X (sky130_fd_sc_hd__or2b_2)
                                         _1317_ (net)
                  0.03    0.00    0.41 ^ _2562_/A (sky130_fd_sc_hd__buf_1)
     1    0.00    0.04    0.07    0.48 ^ _2562_/X (sky130_fd_sc_hd__buf_1)
                                         _0224_ (net)
                  0.04    0.00    0.48 ^ _3001_/D (sky130_fd_sc_hd__dfrtp_2)
                                  0.48   data arrival time

                  0.00    0.00    0.00   clock clk (rise edge)
                          0.00    0.00   clock network delay (ideal)
                          0.00    0.00   clock reconvergence pessimism
                                  0.00 ^ _3001_/CLK (sky130_fd_sc_hd__dfrtp_2)
                         -0.04   -0.04   library hold time
                                 -0.04   data required time
-----------------------------------------------------------------------------
                                 -0.04   data required time
                                 -0.48   data arrival time
-----------------------------------------------------------------------------
                                  0.52   slack (MET)


Startpoint: _3095_ (rising edge-triggered flip-flop clocked by clk)
Endpoint: _3095_ (rising edge-triggered flip-flop clocked by clk)
Path Group: clk
Path Type: min

Fanout     Cap    Slew   Delay    Time   Description
-----------------------------------------------------------------------------
                  0.00    0.00    0.00   clock clk (rise edge)
                          0.00    0.00   clock network delay (ideal)
                  0.00    0.00    0.00 ^ _3095_/CLK (sky130_fd_sc_hd__dfrtp_2)
     2    0.00    0.05    0.32    0.32 ^ _3095_/Q (sky130_fd_sc_hd__dfrtp_2)
                                         reg_file.registers[5][1] (net)
                  0.05    0.00    0.32 ^ _1576_/A (sky130_fd_sc_hd__or2b_2)
     1    0.00    0.03    0.09    0.41 ^ _1576_/X (sky130_fd_sc_hd__or2b_2)
                                         _0426_ (net)
                  0.03    0.00    0.41 ^ _1577_/A (sky130_fd_sc_hd__buf_1)
     1    0.00    0.04    0.07    0.48 ^ _1577_/X (sky130_fd_sc_hd__buf_1)
                                         _0318_ (net)
                  0.04    0.00    0.48 ^ _3095_/D (sky130_fd_sc_hd__dfrtp_2)
                                  0.48   data arrival time

                  0.00    0.00    0.00   clock clk (rise edge)
                          0.00    0.00   clock network delay (ideal)
                          0.00    0.00   clock reconvergence pessimism
                                  0.00 ^ _3095_/CLK (sky130_fd_sc_hd__dfrtp_2)
                         -0.04   -0.04   library hold time
                                 -0.04   data required time
-----------------------------------------------------------------------------
                                 -0.04   data required time
                                 -0.48   data arrival time
-----------------------------------------------------------------------------
                                  0.52   slack (MET)


Startpoint: _3126_ (rising edge-triggered flip-flop clocked by clk)
Endpoint: _3126_ (rising edge-triggered flip-flop clocked by clk)
Path Group: clk
Path Type: min

Fanout     Cap    Slew   Delay    Time   Description
-----------------------------------------------------------------------------
                  0.00    0.00    0.00   clock clk (rise edge)
                          0.00    0.00   clock network delay (ideal)
                  0.00    0.00    0.00 ^ _3126_/CLK (sky130_fd_sc_hd__dfrtp_2)
     2    0.01    0.06    0.34    0.34 ^ _3126_/Q (sky130_fd_sc_hd__dfrtp_2)
                                         reg_file.registers[2][0] (net)
                  0.06    0.00    0.34 ^ _1490_/A (sky130_fd_sc_hd__buf_1)
     1    0.00    0.04    0.08    0.42 ^ _1490_/X (sky130_fd_sc_hd__buf_1)
                                         _0371_ (net)
                  0.04    0.00    0.42 ^ _1491_/A (sky130_fd_sc_hd__buf_1)
     1    0.00    0.04    0.07    0.49 ^ _1491_/X (sky130_fd_sc_hd__buf_1)
                                         _0349_ (net)
                  0.04    0.00    0.49 ^ _3126_/D (sky130_fd_sc_hd__dfrtp_2)
                                  0.49   data arrival time

                  0.00    0.00    0.00   clock clk (rise edge)
                          0.00    0.00   clock network delay (ideal)
                          0.00    0.00   clock reconvergence pessimism
                                  0.00 ^ _3126_/CLK (sky130_fd_sc_hd__dfrtp_2)
                         -0.04   -0.04   library hold time
                                 -0.04   data required time
-----------------------------------------------------------------------------
                                 -0.04   data required time
                                 -0.49   data arrival time
-----------------------------------------------------------------------------
                                  0.53   slack (MET)


Startpoint: _3133_ (rising edge-triggered flip-flop clocked by clk)
Endpoint: _3156_ (rising edge-triggered flip-flop clocked by clk)
Path Group: clk
Path Type: min

Fanout     Cap    Slew   Delay    Time   Description
-----------------------------------------------------------------------------
                  0.00    0.00    0.00   clock clk (rise edge)
                          0.00    0.00   clock network delay (ideal)
                  0.00    0.00    0.00 ^ _3133_/CLK (sky130_fd_sc_hd__dfxtp_2)
     8    0.03    0.14    0.37    0.37 ^ _3133_/Q (sky130_fd_sc_hd__dfxtp_2)
                                         display.digit_sel[1] (net)
                  0.14    0.00    0.37 ^ _2650_/A (sky130_fd_sc_hd__nor3b_2)
     5    0.01    0.06    0.09    0.46 v _2650_/Y (sky130_fd_sc_hd__nor3b_2)
                                         _1369_ (net)
                  0.06    0.00    0.46 v _2711_/A (sky130_fd_sc_hd__inv_2)
     1    0.00    0.02    0.04    0.50 ^ _2711_/Y (sky130_fd_sc_hd__inv_2)
                                         _0359_ (net)
                  0.02    0.00    0.50 ^ _3156_/D (sky130_fd_sc_hd__dfxtp_2)
                                  0.50   data arrival time

                  0.00    0.00    0.00   clock clk (rise edge)
                          0.00    0.00   clock network delay (ideal)
                          0.00    0.00   clock reconvergence pessimism
                                  0.00 ^ _3156_/CLK (sky130_fd_sc_hd__dfxtp_2)
                         -0.03   -0.03   library hold time
                                 -0.03   data required time
-----------------------------------------------------------------------------
                                 -0.03   data required time
                                 -0.50   data arrival time
-----------------------------------------------------------------------------
                                  0.53   slack (MET)


Startpoint: _2998_ (rising edge-triggered flip-flop clocked by clk)
Endpoint: _2998_ (rising edge-triggered flip-flop clocked by clk)
Path Group: clk
Path Type: min

Fanout     Cap    Slew   Delay    Time   Description
-----------------------------------------------------------------------------
                  0.00    0.00    0.00   clock clk (rise edge)
                          0.00    0.00   clock network delay (ideal)
                  0.00    0.00    0.00 ^ _2998_/CLK (sky130_fd_sc_hd__dfrtp_2)
     2    0.01    0.05    0.33    0.33 ^ _2998_/Q (sky130_fd_sc_hd__dfrtp_2)
                                         reg_file.registers[15][0] (net)
                  0.05    0.00    0.33 ^ _2567_/A (sky130_fd_sc_hd__or2b_2)
     1    0.00    0.03    0.09    0.43 ^ _2567_/X (sky130_fd_sc_hd__or2b_2)
                                         _1320_ (net)
                  0.03    0.00    0.43 ^ _2568_/A (sky130_fd_sc_hd__buf_1)
     1    0.00    0.04    0.07    0.49 ^ _2568_/X (sky130_fd_sc_hd__buf_1)
                                         _0221_ (net)
                  0.04    0.00    0.49 ^ _2998_/D (sky130_fd_sc_hd__dfrtp_2)
                                  0.49   data arrival time

                  0.00    0.00    0.00   clock clk (rise edge)
                          0.00    0.00   clock network delay (ideal)
                          0.00    0.00   clock reconvergence pessimism
                                  0.00 ^ _2998_/CLK (sky130_fd_sc_hd__dfrtp_2)
                         -0.04   -0.04   library hold time
                                 -0.04   data required time
-----------------------------------------------------------------------------
                                 -0.04   data required time
                                 -0.49   data arrival time
-----------------------------------------------------------------------------
                                  0.53   slack (MET)


Startpoint: _2962_ (rising edge-triggered flip-flop clocked by clk)
Endpoint: _2962_ (rising edge-triggered flip-flop clocked by clk)
Path Group: clk
Path Type: min

Fanout     Cap    Slew   Delay    Time   Description
-----------------------------------------------------------------------------
                  0.00    0.00    0.00   clock clk (rise edge)
                          0.00    0.00   clock network delay (ideal)
                  0.00    0.00    0.00 ^ _2962_/CLK (sky130_fd_sc_hd__dfrtp_2)
     8    0.02    0.12    0.39    0.39 ^ _2962_/Q (sky130_fd_sc_hd__dfrtp_2)
                                         imem.address[3] (net)
                  0.12    0.00    0.39 ^ _2634_/A (sky130_fd_sc_hd__nor2_2)
     1    0.00    0.02    0.06    0.44 v _2634_/Y (sky130_fd_sc_hd__nor2_2)
                                         _1358_ (net)
                  0.02    0.00    0.44 v _2635_/B (sky130_fd_sc_hd__nor2_2)
     1    0.00    0.05    0.06    0.50 ^ _2635_/Y (sky130_fd_sc_hd__nor2_2)
                                         _0192_ (net)
                  0.05    0.00    0.50 ^ _2962_/D (sky130_fd_sc_hd__dfrtp_2)
                                  0.50   data arrival time

                  0.00    0.00    0.00   clock clk (rise edge)
                          0.00    0.00   clock network delay (ideal)
                          0.00    0.00   clock reconvergence pessimism
                                  0.00 ^ _2962_/CLK (sky130_fd_sc_hd__dfrtp_2)
                         -0.04   -0.04   library hold time
                                 -0.04   data required time
-----------------------------------------------------------------------------
                                 -0.04   data required time
                                 -0.50   data arrival time
-----------------------------------------------------------------------------
                                  0.54   slack (MET)


Startpoint: _3002_ (rising edge-triggered flip-flop clocked by clk)
Endpoint: _3002_ (rising edge-triggered flip-flop clocked by clk)
Path Group: clk
Path Type: min

Fanout     Cap    Slew   Delay    Time   Description
-----------------------------------------------------------------------------
                  0.00    0.00    0.00   clock clk (rise edge)
                          0.00    0.00   clock network delay (ideal)
                  0.00    0.00    0.00 ^ _3002_/CLK (sky130_fd_sc_hd__dfrtp_2)
     2    0.00    0.04    0.32    0.32 ^ _3002_/Q (sky130_fd_sc_hd__dfrtp_2)
                                         reg_file.registers[15][4] (net)
                  0.04    0.00    0.32 ^ _2559_/A (sky130_fd_sc_hd__and2_2)
     1    0.00    0.03    0.12    0.43 ^ _2559_/X (sky130_fd_sc_hd__and2_2)
                                         _1316_ (net)
                  0.03    0.00    0.43 ^ _2560_/A (sky130_fd_sc_hd__buf_1)
     1    0.00    0.04    0.07    0.50 ^ _2560_/X (sky130_fd_sc_hd__buf_1)
                                         _0225_ (net)
                  0.04    0.00    0.50 ^ _3002_/D (sky130_fd_sc_hd__dfrtp_2)
                                  0.50   data arrival time

                  0.00    0.00    0.00   clock clk (rise edge)
                          0.00    0.00   clock network delay (ideal)
                          0.00    0.00   clock reconvergence pessimism
                                  0.00 ^ _3002_/CLK (sky130_fd_sc_hd__dfrtp_2)
                         -0.04   -0.04   library hold time
                                 -0.04   data required time
-----------------------------------------------------------------------------
                                 -0.04   data required time
                                 -0.50   data arrival time
-----------------------------------------------------------------------------
                                  0.54   slack (MET)


Startpoint: _3063_ (rising edge-triggered flip-flop clocked by clk)
Endpoint: _3063_ (rising edge-triggered flip-flop clocked by clk)
Path Group: clk
Path Type: min

Fanout     Cap    Slew   Delay    Time   Description
-----------------------------------------------------------------------------
                  0.00    0.00    0.00   clock clk (rise edge)
                          0.00    0.00   clock network delay (ideal)
                  0.00    0.00    0.00 ^ _3063_/CLK (sky130_fd_sc_hd__dfrtp_2)
     3    0.01    0.06    0.34    0.34 ^ _3063_/Q (sky130_fd_sc_hd__dfrtp_2)
                                         reg_file.registers[10][1] (net)
                  0.06    0.00    0.34 ^ _1644_/A (sky130_fd_sc_hd__or2b_2)
     1    0.00    0.03    0.10    0.44 ^ _1644_/X (sky130_fd_sc_hd__or2b_2)
                                         _0462_ (net)
                  0.03    0.00    0.44 ^ _1645_/A (sky130_fd_sc_hd__buf_1)
     1    0.00    0.04    0.07    0.51 ^ _1645_/X (sky130_fd_sc_hd__buf_1)
                                         _0286_ (net)
                  0.04    0.00    0.51 ^ _3063_/D (sky130_fd_sc_hd__dfrtp_2)
                                  0.51   data arrival time

                  0.00    0.00    0.00   clock clk (rise edge)
                          0.00    0.00   clock network delay (ideal)
                          0.00    0.00   clock reconvergence pessimism
                                  0.00 ^ _3063_/CLK (sky130_fd_sc_hd__dfrtp_2)
                         -0.04   -0.04   library hold time
                                 -0.04   data required time
-----------------------------------------------------------------------------
                                 -0.04   data required time
                                 -0.51   data arrival time
-----------------------------------------------------------------------------
                                  0.55   slack (MET)


Startpoint: _3003_ (rising edge-triggered flip-flop clocked by clk)
Endpoint: _3003_ (rising edge-triggered flip-flop clocked by clk)
Path Group: clk
Path Type: min

Fanout     Cap    Slew   Delay    Time   Description
-----------------------------------------------------------------------------
                  0.00    0.00    0.00   clock clk (rise edge)
                          0.00    0.00   clock network delay (ideal)
                  0.00    0.00    0.00 ^ _3003_/CLK (sky130_fd_sc_hd__dfrtp_2)
     2    0.00    0.04    0.32    0.32 ^ _3003_/Q (sky130_fd_sc_hd__dfrtp_2)
                                         reg_file.registers[15][5] (net)
                  0.04    0.00    0.32 ^ _2557_/A (sky130_fd_sc_hd__and2_2)
     1    0.00    0.03    0.12    0.44 ^ _2557_/X (sky130_fd_sc_hd__and2_2)
                                         _1315_ (net)
                  0.03    0.00    0.44 ^ _2558_/A (sky130_fd_sc_hd__buf_1)
     1    0.00    0.04    0.07    0.51 ^ _2558_/X (sky130_fd_sc_hd__buf_1)
                                         _0226_ (net)
                  0.04    0.00    0.51 ^ _3003_/D (sky130_fd_sc_hd__dfrtp_2)
                                  0.51   data arrival time

                  0.00    0.00    0.00   clock clk (rise edge)
                          0.00    0.00   clock network delay (ideal)
                          0.00    0.00   clock reconvergence pessimism
                                  0.00 ^ _3003_/CLK (sky130_fd_sc_hd__dfrtp_2)
                         -0.04   -0.04   library hold time
                                 -0.04   data required time
-----------------------------------------------------------------------------
                                 -0.04   data required time
                                 -0.51   data arrival time
-----------------------------------------------------------------------------
                                  0.55   slack (MET)


Startpoint: _3004_ (rising edge-triggered flip-flop clocked by clk)
Endpoint: _3004_ (rising edge-triggered flip-flop clocked by clk)
Path Group: clk
Path Type: min

Fanout     Cap    Slew   Delay    Time   Description
-----------------------------------------------------------------------------
                  0.00    0.00    0.00   clock clk (rise edge)
                          0.00    0.00   clock network delay (ideal)
                  0.00    0.00    0.00 ^ _3004_/CLK (sky130_fd_sc_hd__dfrtp_2)
     2    0.00    0.04    0.32    0.32 ^ _3004_/Q (sky130_fd_sc_hd__dfrtp_2)
                                         reg_file.registers[15][6] (net)
                  0.04    0.00    0.32 ^ _2555_/A (sky130_fd_sc_hd__and2_2)
     1    0.00    0.03    0.12    0.44 ^ _2555_/X (sky130_fd_sc_hd__and2_2)
                                         _1314_ (net)
                  0.03    0.00    0.44 ^ _2556_/A (sky130_fd_sc_hd__buf_1)
     1    0.00    0.04    0.07    0.51 ^ _2556_/X (sky130_fd_sc_hd__buf_1)
                                         _0227_ (net)
                  0.04    0.00    0.51 ^ _3004_/D (sky130_fd_sc_hd__dfrtp_2)
                                  0.51   data arrival time

                  0.00    0.00    0.00   clock clk (rise edge)
                          0.00    0.00   clock network delay (ideal)
                          0.00    0.00   clock reconvergence pessimism
                                  0.00 ^ _3004_/CLK (sky130_fd_sc_hd__dfrtp_2)
                         -0.04   -0.04   library hold time
                                 -0.04   data required time
-----------------------------------------------------------------------------
                                 -0.04   data required time
                                 -0.51   data arrival time
-----------------------------------------------------------------------------
                                  0.55   slack (MET)


Startpoint: _3008_ (rising edge-triggered flip-flop clocked by clk)
Endpoint: _3008_ (rising edge-triggered flip-flop clocked by clk)
Path Group: clk
Path Type: min

Fanout     Cap    Slew   Delay    Time   Description
-----------------------------------------------------------------------------
                  0.00    0.00    0.00   clock clk (rise edge)
                          0.00    0.00   clock network delay (ideal)
                  0.00    0.00    0.00 ^ _3008_/CLK (sky130_fd_sc_hd__dfrtp_2)
     2    0.00    0.04    0.32    0.32 ^ _3008_/Q (sky130_fd_sc_hd__dfrtp_2)
                                         reg_file.registers[15][10] (net)
                  0.04    0.00    0.32 ^ _2547_/A (sky130_fd_sc_hd__and2_2)
     1    0.00    0.03    0.12    0.44 ^ _2547_/X (sky130_fd_sc_hd__and2_2)
                                         _1310_ (net)
                  0.03    0.00    0.44 ^ _2548_/A (sky130_fd_sc_hd__buf_1)
     1    0.00    0.04    0.07    0.51 ^ _2548_/X (sky130_fd_sc_hd__buf_1)
                                         _0231_ (net)
                  0.04    0.00    0.51 ^ _3008_/D (sky130_fd_sc_hd__dfrtp_2)
                                  0.51   data arrival time

                  0.00    0.00    0.00   clock clk (rise edge)
                          0.00    0.00   clock network delay (ideal)
                          0.00    0.00   clock reconvergence pessimism
                                  0.00 ^ _3008_/CLK (sky130_fd_sc_hd__dfrtp_2)
                         -0.04   -0.04   library hold time
                                 -0.04   data required time
-----------------------------------------------------------------------------
                                 -0.04   data required time
                                 -0.51   data arrival time
-----------------------------------------------------------------------------
                                  0.55   slack (MET)


Startpoint: _3011_ (rising edge-triggered flip-flop clocked by clk)
Endpoint: _3011_ (rising edge-triggered flip-flop clocked by clk)
Path Group: clk
Path Type: min

Fanout     Cap    Slew   Delay    Time   Description
-----------------------------------------------------------------------------
                  0.00    0.00    0.00   clock clk (rise edge)
                          0.00    0.00   clock network delay (ideal)
                  0.00    0.00    0.00 ^ _3011_/CLK (sky130_fd_sc_hd__dfrtp_2)
     2    0.00    0.04    0.32    0.32 ^ _3011_/Q (sky130_fd_sc_hd__dfrtp_2)
                                         reg_file.registers[15][13] (net)
                  0.04    0.00    0.32 ^ _2541_/A (sky130_fd_sc_hd__and2_2)
     1    0.00    0.03    0.12    0.44 ^ _2541_/X (sky130_fd_sc_hd__and2_2)
                                         _1307_ (net)
                  0.03    0.00    0.44 ^ _2542_/A (sky130_fd_sc_hd__buf_1)
     1    0.00    0.04    0.07    0.51 ^ _2542_/X (sky130_fd_sc_hd__buf_1)
                                         _0234_ (net)
                  0.04    0.00    0.51 ^ _3011_/D (sky130_fd_sc_hd__dfrtp_2)
                                  0.51   data arrival time

                  0.00    0.00    0.00   clock clk (rise edge)
                          0.00    0.00   clock network delay (ideal)
                          0.00    0.00   clock reconvergence pessimism
                                  0.00 ^ _3011_/CLK (sky130_fd_sc_hd__dfrtp_2)
                         -0.04   -0.04   library hold time
                                 -0.04   data required time
-----------------------------------------------------------------------------
                                 -0.04   data required time
                                 -0.51   data arrival time
-----------------------------------------------------------------------------
                                  0.55   slack (MET)


Startpoint: _3016_ (rising edge-triggered flip-flop clocked by clk)
Endpoint: _3016_ (rising edge-triggered flip-flop clocked by clk)
Path Group: clk
Path Type: min

Fanout     Cap    Slew   Delay    Time   Description
-----------------------------------------------------------------------------
                  0.00    0.00    0.00   clock clk (rise edge)
                          0.00    0.00   clock network delay (ideal)
                  0.00    0.00    0.00 ^ _3016_/CLK (sky130_fd_sc_hd__dfrtp_2)
     2    0.00    0.04    0.32    0.32 ^ _3016_/Q (sky130_fd_sc_hd__dfrtp_2)
                                         reg_file.registers[15][18] (net)
                  0.04    0.00    0.32 ^ _2530_/A (sky130_fd_sc_hd__and2_2)
     1    0.00    0.03    0.12    0.44 ^ _2530_/X (sky130_fd_sc_hd__and2_2)
                                         _1301_ (net)
                  0.03    0.00    0.44 ^ _2531_/A (sky130_fd_sc_hd__buf_1)
     1    0.00    0.04    0.07    0.51 ^ _2531_/X (sky130_fd_sc_hd__buf_1)
                                         _0239_ (net)
                  0.04    0.00    0.51 ^ _3016_/D (sky130_fd_sc_hd__dfrtp_2)
                                  0.51   data arrival time

                  0.00    0.00    0.00   clock clk (rise edge)
                          0.00    0.00   clock network delay (ideal)
                          0.00    0.00   clock reconvergence pessimism
                                  0.00 ^ _3016_/CLK (sky130_fd_sc_hd__dfrtp_2)
                         -0.04   -0.04   library hold time
                                 -0.04   data required time
-----------------------------------------------------------------------------
                                 -0.04   data required time
                                 -0.51   data arrival time
-----------------------------------------------------------------------------
                                  0.55   slack (MET)


Startpoint: _3023_ (rising edge-triggered flip-flop clocked by clk)
Endpoint: _3023_ (rising edge-triggered flip-flop clocked by clk)
Path Group: clk
Path Type: min

Fanout     Cap    Slew   Delay    Time   Description
-----------------------------------------------------------------------------
                  0.00    0.00    0.00   clock clk (rise edge)
                          0.00    0.00   clock network delay (ideal)
                  0.00    0.00    0.00 ^ _3023_/CLK (sky130_fd_sc_hd__dfrtp_2)
     2    0.00    0.04    0.32    0.32 ^ _3023_/Q (sky130_fd_sc_hd__dfrtp_2)
                                         reg_file.registers[15][25] (net)
                  0.04    0.00    0.32 ^ _2516_/A (sky130_fd_sc_hd__and2_2)
     1    0.00    0.03    0.12    0.44 ^ _2516_/X (sky130_fd_sc_hd__and2_2)
                                         _1294_ (net)
                  0.03    0.00    0.44 ^ _2517_/A (sky130_fd_sc_hd__buf_1)
     1    0.00    0.04    0.07    0.51 ^ _2517_/X (sky130_fd_sc_hd__buf_1)
                                         _0246_ (net)
                  0.04    0.00    0.51 ^ _3023_/D (sky130_fd_sc_hd__dfrtp_2)
                                  0.51   data arrival time

                  0.00    0.00    0.00   clock clk (rise edge)
                          0.00    0.00   clock network delay (ideal)
                          0.00    0.00   clock reconvergence pessimism
                                  0.00 ^ _3023_/CLK (sky130_fd_sc_hd__dfrtp_2)
                         -0.04   -0.04   library hold time
                                 -0.04   data required time
-----------------------------------------------------------------------------
                                 -0.04   data required time
                                 -0.51   data arrival time
-----------------------------------------------------------------------------
                                  0.55   slack (MET)


Startpoint: _3005_ (rising edge-triggered flip-flop clocked by clk)
Endpoint: _3005_ (rising edge-triggered flip-flop clocked by clk)
Path Group: clk
Path Type: min

Fanout     Cap    Slew   Delay    Time   Description
-----------------------------------------------------------------------------
                  0.00    0.00    0.00   clock clk (rise edge)
                          0.00    0.00   clock network delay (ideal)
                  0.00    0.00    0.00 ^ _3005_/CLK (sky130_fd_sc_hd__dfrtp_2)
     2    0.00    0.04    0.32    0.32 ^ _3005_/Q (sky130_fd_sc_hd__dfrtp_2)
                                         reg_file.registers[15][7] (net)
                  0.04    0.00    0.32 ^ _2553_/A (sky130_fd_sc_hd__and2_2)
     1    0.00    0.03    0.12    0.44 ^ _2553_/X (sky130_fd_sc_hd__and2_2)
                                         _1313_ (net)
                  0.03    0.00    0.44 ^ _2554_/A (sky130_fd_sc_hd__buf_1)
     1    0.00    0.04    0.07    0.51 ^ _2554_/X (sky130_fd_sc_hd__buf_1)
                                         _0228_ (net)
                  0.04    0.00    0.51 ^ _3005_/D (sky130_fd_sc_hd__dfrtp_2)
                                  0.51   data arrival time

                  0.00    0.00    0.00   clock clk (rise edge)
                          0.00    0.00   clock network delay (ideal)
                          0.00    0.00   clock reconvergence pessimism
                                  0.00 ^ _3005_/CLK (sky130_fd_sc_hd__dfrtp_2)
                         -0.04   -0.04   library hold time
                                 -0.04   data required time
-----------------------------------------------------------------------------
                                 -0.04   data required time
                                 -0.51   data arrival time
-----------------------------------------------------------------------------
                                  0.55   slack (MET)


Startpoint: _3006_ (rising edge-triggered flip-flop clocked by clk)
Endpoint: _3006_ (rising edge-triggered flip-flop clocked by clk)
Path Group: clk
Path Type: min

Fanout     Cap    Slew   Delay    Time   Description
-----------------------------------------------------------------------------
                  0.00    0.00    0.00   clock clk (rise edge)
                          0.00    0.00   clock network delay (ideal)
                  0.00    0.00    0.00 ^ _3006_/CLK (sky130_fd_sc_hd__dfrtp_2)
     2    0.00    0.04    0.32    0.32 ^ _3006_/Q (sky130_fd_sc_hd__dfrtp_2)
                                         reg_file.registers[15][8] (net)
                  0.04    0.00    0.32 ^ _2551_/A (sky130_fd_sc_hd__and2_2)
     1    0.00    0.03    0.12    0.44 ^ _2551_/X (sky130_fd_sc_hd__and2_2)
                                         _1312_ (net)
                  0.03    0.00    0.44 ^ _2552_/A (sky130_fd_sc_hd__buf_1)
     1    0.00    0.04    0.07    0.51 ^ _2552_/X (sky130_fd_sc_hd__buf_1)
                                         _0229_ (net)
                  0.04    0.00    0.51 ^ _3006_/D (sky130_fd_sc_hd__dfrtp_2)
                                  0.51   data arrival time

                  0.00    0.00    0.00   clock clk (rise edge)
                          0.00    0.00   clock network delay (ideal)
                          0.00    0.00   clock reconvergence pessimism
                                  0.00 ^ _3006_/CLK (sky130_fd_sc_hd__dfrtp_2)
                         -0.04   -0.04   library hold time
                                 -0.04   data required time
-----------------------------------------------------------------------------
                                 -0.04   data required time
                                 -0.51   data arrival time
-----------------------------------------------------------------------------
                                  0.55   slack (MET)


Startpoint: _3007_ (rising edge-triggered flip-flop clocked by clk)
Endpoint: _3007_ (rising edge-triggered flip-flop clocked by clk)
Path Group: clk
Path Type: min

Fanout     Cap    Slew   Delay    Time   Description
-----------------------------------------------------------------------------
                  0.00    0.00    0.00   clock clk (rise edge)
                          0.00    0.00   clock network delay (ideal)
                  0.00    0.00    0.00 ^ _3007_/CLK (sky130_fd_sc_hd__dfrtp_2)
     2    0.00    0.04    0.32    0.32 ^ _3007_/Q (sky130_fd_sc_hd__dfrtp_2)
                                         reg_file.registers[15][9] (net)
                  0.04    0.00    0.32 ^ _2549_/A (sky130_fd_sc_hd__and2_2)
     1    0.00    0.03    0.12    0.44 ^ _2549_/X (sky130_fd_sc_hd__and2_2)
                                         _1311_ (net)
                  0.03    0.00    0.44 ^ _2550_/A (sky130_fd_sc_hd__buf_1)
     1    0.00    0.04    0.07    0.51 ^ _2550_/X (sky130_fd_sc_hd__buf_1)
                                         _0230_ (net)
                  0.04    0.00    0.51 ^ _3007_/D (sky130_fd_sc_hd__dfrtp_2)
                                  0.51   data arrival time

                  0.00    0.00    0.00   clock clk (rise edge)
                          0.00    0.00   clock network delay (ideal)
                          0.00    0.00   clock reconvergence pessimism
                                  0.00 ^ _3007_/CLK (sky130_fd_sc_hd__dfrtp_2)
                         -0.04   -0.04   library hold time
                                 -0.04   data required time
-----------------------------------------------------------------------------
                                 -0.04   data required time
                                 -0.51   data arrival time
-----------------------------------------------------------------------------
                                  0.55   slack (MET)


Startpoint: _3009_ (rising edge-triggered flip-flop clocked by clk)
Endpoint: _3009_ (rising edge-triggered flip-flop clocked by clk)
Path Group: clk
Path Type: min

Fanout     Cap    Slew   Delay    Time   Description
-----------------------------------------------------------------------------
                  0.00    0.00    0.00   clock clk (rise edge)
                          0.00    0.00   clock network delay (ideal)
                  0.00    0.00    0.00 ^ _3009_/CLK (sky130_fd_sc_hd__dfrtp_2)
     2    0.00    0.04    0.32    0.32 ^ _3009_/Q (sky130_fd_sc_hd__dfrtp_2)
                                         reg_file.registers[15][11] (net)
                  0.04    0.00    0.32 ^ _2545_/A (sky130_fd_sc_hd__and2_2)
     1    0.00    0.03    0.12    0.44 ^ _2545_/X (sky130_fd_sc_hd__and2_2)
                                         _1309_ (net)
                  0.03    0.00    0.44 ^ _2546_/A (sky130_fd_sc_hd__buf_1)
     1    0.00    0.04    0.07    0.51 ^ _2546_/X (sky130_fd_sc_hd__buf_1)
                                         _0232_ (net)
                  0.04    0.00    0.51 ^ _3009_/D (sky130_fd_sc_hd__dfrtp_2)
                                  0.51   data arrival time

                  0.00    0.00    0.00   clock clk (rise edge)
                          0.00    0.00   clock network delay (ideal)
                          0.00    0.00   clock reconvergence pessimism
                                  0.00 ^ _3009_/CLK (sky130_fd_sc_hd__dfrtp_2)
                         -0.04   -0.04   library hold time
                                 -0.04   data required time
-----------------------------------------------------------------------------
                                 -0.04   data required time
                                 -0.51   data arrival time
-----------------------------------------------------------------------------
                                  0.55   slack (MET)


Startpoint: _3010_ (rising edge-triggered flip-flop clocked by clk)
Endpoint: _3010_ (rising edge-triggered flip-flop clocked by clk)
Path Group: clk
Path Type: min

Fanout     Cap    Slew   Delay    Time   Description
-----------------------------------------------------------------------------
                  0.00    0.00    0.00   clock clk (rise edge)
                          0.00    0.00   clock network delay (ideal)
                  0.00    0.00    0.00 ^ _3010_/CLK (sky130_fd_sc_hd__dfrtp_2)
     2    0.00    0.04    0.32    0.32 ^ _3010_/Q (sky130_fd_sc_hd__dfrtp_2)
                                         reg_file.registers[15][12] (net)
                  0.04    0.00    0.32 ^ _2543_/A (sky130_fd_sc_hd__and2_2)
     1    0.00    0.03    0.12    0.44 ^ _2543_/X (sky130_fd_sc_hd__and2_2)
                                         _1308_ (net)
                  0.03    0.00    0.44 ^ _2544_/A (sky130_fd_sc_hd__buf_1)
     1    0.00    0.04    0.07    0.51 ^ _2544_/X (sky130_fd_sc_hd__buf_1)
                                         _0233_ (net)
                  0.04    0.00    0.51 ^ _3010_/D (sky130_fd_sc_hd__dfrtp_2)
                                  0.51   data arrival time

                  0.00    0.00    0.00   clock clk (rise edge)
                          0.00    0.00   clock network delay (ideal)
                          0.00    0.00   clock reconvergence pessimism
                                  0.00 ^ _3010_/CLK (sky130_fd_sc_hd__dfrtp_2)
                         -0.04   -0.04   library hold time
                                 -0.04   data required time
-----------------------------------------------------------------------------
                                 -0.04   data required time
                                 -0.51   data arrival time
-----------------------------------------------------------------------------
                                  0.55   slack (MET)


Startpoint: _3013_ (rising edge-triggered flip-flop clocked by clk)
Endpoint: _3013_ (rising edge-triggered flip-flop clocked by clk)
Path Group: clk
Path Type: min

Fanout     Cap    Slew   Delay    Time   Description
-----------------------------------------------------------------------------
                  0.00    0.00    0.00   clock clk (rise edge)
                          0.00    0.00   clock network delay (ideal)
                  0.00    0.00    0.00 ^ _3013_/CLK (sky130_fd_sc_hd__dfrtp_2)
     2    0.00    0.04    0.32    0.32 ^ _3013_/Q (sky130_fd_sc_hd__dfrtp_2)
                                         reg_file.registers[15][15] (net)
                  0.04    0.00    0.32 ^ _2537_/A (sky130_fd_sc_hd__and2_2)
     1    0.00    0.03    0.12    0.44 ^ _2537_/X (sky130_fd_sc_hd__and2_2)
                                         _1305_ (net)
                  0.03    0.00    0.44 ^ _2538_/A (sky130_fd_sc_hd__buf_1)
     1    0.00    0.04    0.07    0.51 ^ _2538_/X (sky130_fd_sc_hd__buf_1)
                                         _0236_ (net)
                  0.04    0.00    0.51 ^ _3013_/D (sky130_fd_sc_hd__dfrtp_2)
                                  0.51   data arrival time

                  0.00    0.00    0.00   clock clk (rise edge)
                          0.00    0.00   clock network delay (ideal)
                          0.00    0.00   clock reconvergence pessimism
                                  0.00 ^ _3013_/CLK (sky130_fd_sc_hd__dfrtp_2)
                         -0.04   -0.04   library hold time
                                 -0.04   data required time
-----------------------------------------------------------------------------
                                 -0.04   data required time
                                 -0.51   data arrival time
-----------------------------------------------------------------------------
                                  0.55   slack (MET)


Startpoint: _3014_ (rising edge-triggered flip-flop clocked by clk)
Endpoint: _3014_ (rising edge-triggered flip-flop clocked by clk)
Path Group: clk
Path Type: min

Fanout     Cap    Slew   Delay    Time   Description
-----------------------------------------------------------------------------
                  0.00    0.00    0.00   clock clk (rise edge)
                          0.00    0.00   clock network delay (ideal)
                  0.00    0.00    0.00 ^ _3014_/CLK (sky130_fd_sc_hd__dfrtp_2)
     2    0.00    0.04    0.32    0.32 ^ _3014_/Q (sky130_fd_sc_hd__dfrtp_2)
                                         reg_file.registers[15][16] (net)
                  0.04    0.00    0.32 ^ _2534_/A (sky130_fd_sc_hd__and2_2)
     1    0.00    0.03    0.12    0.44 ^ _2534_/X (sky130_fd_sc_hd__and2_2)
                                         _1303_ (net)
                  0.03    0.00    0.44 ^ _2535_/A (sky130_fd_sc_hd__buf_1)
     1    0.00    0.04    0.07    0.51 ^ _2535_/X (sky130_fd_sc_hd__buf_1)
                                         _0237_ (net)
                  0.04    0.00    0.51 ^ _3014_/D (sky130_fd_sc_hd__dfrtp_2)
                                  0.51   data arrival time

                  0.00    0.00    0.00   clock clk (rise edge)
                          0.00    0.00   clock network delay (ideal)
                          0.00    0.00   clock reconvergence pessimism
                                  0.00 ^ _3014_/CLK (sky130_fd_sc_hd__dfrtp_2)
                         -0.04   -0.04   library hold time
                                 -0.04   data required time
-----------------------------------------------------------------------------
                                 -0.04   data required time
                                 -0.51   data arrival time
-----------------------------------------------------------------------------
                                  0.55   slack (MET)


Startpoint: _3015_ (rising edge-triggered flip-flop clocked by clk)
Endpoint: _3015_ (rising edge-triggered flip-flop clocked by clk)
Path Group: clk
Path Type: min

Fanout     Cap    Slew   Delay    Time   Description
-----------------------------------------------------------------------------
                  0.00    0.00    0.00   clock clk (rise edge)
                          0.00    0.00   clock network delay (ideal)
                  0.00    0.00    0.00 ^ _3015_/CLK (sky130_fd_sc_hd__dfrtp_2)
     2    0.00    0.04    0.32    0.32 ^ _3015_/Q (sky130_fd_sc_hd__dfrtp_2)
                                         reg_file.registers[15][17] (net)
                  0.04    0.00    0.32 ^ _2532_/A (sky130_fd_sc_hd__and2_2)
     1    0.00    0.03    0.12    0.44 ^ _2532_/X (sky130_fd_sc_hd__and2_2)
                                         _1302_ (net)
                  0.03    0.00    0.44 ^ _2533_/A (sky130_fd_sc_hd__buf_1)
     1    0.00    0.04    0.07    0.51 ^ _2533_/X (sky130_fd_sc_hd__buf_1)
                                         _0238_ (net)
                  0.04    0.00    0.51 ^ _3015_/D (sky130_fd_sc_hd__dfrtp_2)
                                  0.51   data arrival time

                  0.00    0.00    0.00   clock clk (rise edge)
                          0.00    0.00   clock network delay (ideal)
                          0.00    0.00   clock reconvergence pessimism
                                  0.00 ^ _3015_/CLK (sky130_fd_sc_hd__dfrtp_2)
                         -0.04   -0.04   library hold time
                                 -0.04   data required time
-----------------------------------------------------------------------------
                                 -0.04   data required time
                                 -0.51   data arrival time
-----------------------------------------------------------------------------
                                  0.55   slack (MET)


Startpoint: _3017_ (rising edge-triggered flip-flop clocked by clk)
Endpoint: _3017_ (rising edge-triggered flip-flop clocked by clk)
Path Group: clk
Path Type: min

Fanout     Cap    Slew   Delay    Time   Description
-----------------------------------------------------------------------------
                  0.00    0.00    0.00   clock clk (rise edge)
                          0.00    0.00   clock network delay (ideal)
                  0.00    0.00    0.00 ^ _3017_/CLK (sky130_fd_sc_hd__dfrtp_2)
     2    0.00    0.04    0.32    0.32 ^ _3017_/Q (sky130_fd_sc_hd__dfrtp_2)
                                         reg_file.registers[15][19] (net)
                  0.04    0.00    0.32 ^ _2528_/A (sky130_fd_sc_hd__and2_2)
     1    0.00    0.03    0.12    0.44 ^ _2528_/X (sky130_fd_sc_hd__and2_2)
                                         _1300_ (net)
                  0.03    0.00    0.44 ^ _2529_/A (sky130_fd_sc_hd__buf_1)
     1    0.00    0.04    0.07    0.51 ^ _2529_/X (sky130_fd_sc_hd__buf_1)
                                         _0240_ (net)
                  0.04    0.00    0.51 ^ _3017_/D (sky130_fd_sc_hd__dfrtp_2)
                                  0.51   data arrival time

                  0.00    0.00    0.00   clock clk (rise edge)
                          0.00    0.00   clock network delay (ideal)
                          0.00    0.00   clock reconvergence pessimism
                                  0.00 ^ _3017_/CLK (sky130_fd_sc_hd__dfrtp_2)
                         -0.04   -0.04   library hold time
                                 -0.04   data required time
-----------------------------------------------------------------------------
                                 -0.04   data required time
                                 -0.51   data arrival time
-----------------------------------------------------------------------------
                                  0.55   slack (MET)


Startpoint: _3018_ (rising edge-triggered flip-flop clocked by clk)
Endpoint: _3018_ (rising edge-triggered flip-flop clocked by clk)
Path Group: clk
Path Type: min

Fanout     Cap    Slew   Delay    Time   Description
-----------------------------------------------------------------------------
                  0.00    0.00    0.00   clock clk (rise edge)
                          0.00    0.00   clock network delay (ideal)
                  0.00    0.00    0.00 ^ _3018_/CLK (sky130_fd_sc_hd__dfrtp_2)
     2    0.00    0.04    0.32    0.32 ^ _3018_/Q (sky130_fd_sc_hd__dfrtp_2)
                                         reg_file.registers[15][20] (net)
                  0.04    0.00    0.32 ^ _2526_/A (sky130_fd_sc_hd__and2_2)
     1    0.00    0.03    0.12    0.44 ^ _2526_/X (sky130_fd_sc_hd__and2_2)
                                         _1299_ (net)
                  0.03    0.00    0.44 ^ _2527_/A (sky130_fd_sc_hd__buf_1)
     1    0.00    0.04    0.07    0.51 ^ _2527_/X (sky130_fd_sc_hd__buf_1)
                                         _0241_ (net)
                  0.04    0.00    0.51 ^ _3018_/D (sky130_fd_sc_hd__dfrtp_2)
                                  0.51   data arrival time

                  0.00    0.00    0.00   clock clk (rise edge)
                          0.00    0.00   clock network delay (ideal)
                          0.00    0.00   clock reconvergence pessimism
                                  0.00 ^ _3018_/CLK (sky130_fd_sc_hd__dfrtp_2)
                         -0.04   -0.04   library hold time
                                 -0.04   data required time
-----------------------------------------------------------------------------
                                 -0.04   data required time
                                 -0.51   data arrival time
-----------------------------------------------------------------------------
                                  0.55   slack (MET)


Startpoint: _3019_ (rising edge-triggered flip-flop clocked by clk)
Endpoint: _3019_ (rising edge-triggered flip-flop clocked by clk)
Path Group: clk
Path Type: min

Fanout     Cap    Slew   Delay    Time   Description
-----------------------------------------------------------------------------
                  0.00    0.00    0.00   clock clk (rise edge)
                          0.00    0.00   clock network delay (ideal)
                  0.00    0.00    0.00 ^ _3019_/CLK (sky130_fd_sc_hd__dfrtp_2)
     2    0.00    0.04    0.32    0.32 ^ _3019_/Q (sky130_fd_sc_hd__dfrtp_2)
                                         reg_file.registers[15][21] (net)
                  0.04    0.00    0.32 ^ _2524_/A (sky130_fd_sc_hd__and2_2)
     1    0.00    0.03    0.12    0.44 ^ _2524_/X (sky130_fd_sc_hd__and2_2)
                                         _1298_ (net)
                  0.03    0.00    0.44 ^ _2525_/A (sky130_fd_sc_hd__buf_1)
     1    0.00    0.04    0.07    0.51 ^ _2525_/X (sky130_fd_sc_hd__buf_1)
                                         _0242_ (net)
                  0.04    0.00    0.51 ^ _3019_/D (sky130_fd_sc_hd__dfrtp_2)
                                  0.51   data arrival time

                  0.00    0.00    0.00   clock clk (rise edge)
                          0.00    0.00   clock network delay (ideal)
                          0.00    0.00   clock reconvergence pessimism
                                  0.00 ^ _3019_/CLK (sky130_fd_sc_hd__dfrtp_2)
                         -0.04   -0.04   library hold time
                                 -0.04   data required time
-----------------------------------------------------------------------------
                                 -0.04   data required time
                                 -0.51   data arrival time
-----------------------------------------------------------------------------
                                  0.55   slack (MET)


Startpoint: _3020_ (rising edge-triggered flip-flop clocked by clk)
Endpoint: _3020_ (rising edge-triggered flip-flop clocked by clk)
Path Group: clk
Path Type: min

Fanout     Cap    Slew   Delay    Time   Description
-----------------------------------------------------------------------------
                  0.00    0.00    0.00   clock clk (rise edge)
                          0.00    0.00   clock network delay (ideal)
                  0.00    0.00    0.00 ^ _3020_/CLK (sky130_fd_sc_hd__dfrtp_2)
     2    0.00    0.04    0.32    0.32 ^ _3020_/Q (sky130_fd_sc_hd__dfrtp_2)
                                         reg_file.registers[15][22] (net)
                  0.04    0.00    0.32 ^ _2522_/A (sky130_fd_sc_hd__and2_2)
     1    0.00    0.03    0.12    0.44 ^ _2522_/X (sky130_fd_sc_hd__and2_2)
                                         _1297_ (net)
                  0.03    0.00    0.44 ^ _2523_/A (sky130_fd_sc_hd__buf_1)
     1    0.00    0.04    0.07    0.51 ^ _2523_/X (sky130_fd_sc_hd__buf_1)
                                         _0243_ (net)
                  0.04    0.00    0.51 ^ _3020_/D (sky130_fd_sc_hd__dfrtp_2)
                                  0.51   data arrival time

                  0.00    0.00    0.00   clock clk (rise edge)
                          0.00    0.00   clock network delay (ideal)
                          0.00    0.00   clock reconvergence pessimism
                                  0.00 ^ _3020_/CLK (sky130_fd_sc_hd__dfrtp_2)
                         -0.04   -0.04   library hold time
                                 -0.04   data required time
-----------------------------------------------------------------------------
                                 -0.04   data required time
                                 -0.51   data arrival time
-----------------------------------------------------------------------------
                                  0.55   slack (MET)


Startpoint: _3021_ (rising edge-triggered flip-flop clocked by clk)
Endpoint: _3021_ (rising edge-triggered flip-flop clocked by clk)
Path Group: clk
Path Type: min

Fanout     Cap    Slew   Delay    Time   Description
-----------------------------------------------------------------------------
                  0.00    0.00    0.00   clock clk (rise edge)
                          0.00    0.00   clock network delay (ideal)
                  0.00    0.00    0.00 ^ _3021_/CLK (sky130_fd_sc_hd__dfrtp_2)
     2    0.00    0.04    0.32    0.32 ^ _3021_/Q (sky130_fd_sc_hd__dfrtp_2)
                                         reg_file.registers[15][23] (net)
                  0.04    0.00    0.32 ^ _2520_/A (sky130_fd_sc_hd__and2_2)
     1    0.00    0.03    0.12    0.44 ^ _2520_/X (sky130_fd_sc_hd__and2_2)
                                         _1296_ (net)
                  0.03    0.00    0.44 ^ _2521_/A (sky130_fd_sc_hd__buf_1)
     1    0.00    0.04    0.07    0.51 ^ _2521_/X (sky130_fd_sc_hd__buf_1)
                                         _0244_ (net)
                  0.04    0.00    0.51 ^ _3021_/D (sky130_fd_sc_hd__dfrtp_2)
                                  0.51   data arrival time

                  0.00    0.00    0.00   clock clk (rise edge)
                          0.00    0.00   clock network delay (ideal)
                          0.00    0.00   clock reconvergence pessimism
                                  0.00 ^ _3021_/CLK (sky130_fd_sc_hd__dfrtp_2)
                         -0.04   -0.04   library hold time
                                 -0.04   data required time
-----------------------------------------------------------------------------
                                 -0.04   data required time
                                 -0.51   data arrival time
-----------------------------------------------------------------------------
                                  0.55   slack (MET)


Startpoint: _3022_ (rising edge-triggered flip-flop clocked by clk)
Endpoint: _3022_ (rising edge-triggered flip-flop clocked by clk)
Path Group: clk
Path Type: min

Fanout     Cap    Slew   Delay    Time   Description
-----------------------------------------------------------------------------
                  0.00    0.00    0.00   clock clk (rise edge)
                          0.00    0.00   clock network delay (ideal)
                  0.00    0.00    0.00 ^ _3022_/CLK (sky130_fd_sc_hd__dfrtp_2)
     2    0.00    0.04    0.32    0.32 ^ _3022_/Q (sky130_fd_sc_hd__dfrtp_2)
                                         reg_file.registers[15][24] (net)
                  0.04    0.00    0.32 ^ _2518_/A (sky130_fd_sc_hd__and2_2)
     1    0.00    0.03    0.12    0.44 ^ _2518_/X (sky130_fd_sc_hd__and2_2)
                                         _1295_ (net)
                  0.03    0.00    0.44 ^ _2519_/A (sky130_fd_sc_hd__buf_1)
     1    0.00    0.04    0.07    0.51 ^ _2519_/X (sky130_fd_sc_hd__buf_1)
                                         _0245_ (net)
                  0.04    0.00    0.51 ^ _3022_/D (sky130_fd_sc_hd__dfrtp_2)
                                  0.51   data arrival time

                  0.00    0.00    0.00   clock clk (rise edge)
                          0.00    0.00   clock network delay (ideal)
                          0.00    0.00   clock reconvergence pessimism
                                  0.00 ^ _3022_/CLK (sky130_fd_sc_hd__dfrtp_2)
                         -0.04   -0.04   library hold time
                                 -0.04   data required time
-----------------------------------------------------------------------------
                                 -0.04   data required time
                                 -0.51   data arrival time
-----------------------------------------------------------------------------
                                  0.55   slack (MET)


Startpoint: _3024_ (rising edge-triggered flip-flop clocked by clk)
Endpoint: _3024_ (rising edge-triggered flip-flop clocked by clk)
Path Group: clk
Path Type: min

Fanout     Cap    Slew   Delay    Time   Description
-----------------------------------------------------------------------------
                  0.00    0.00    0.00   clock clk (rise edge)
                          0.00    0.00   clock network delay (ideal)
                  0.00    0.00    0.00 ^ _3024_/CLK (sky130_fd_sc_hd__dfrtp_2)
     2    0.00    0.04    0.32    0.32 ^ _3024_/Q (sky130_fd_sc_hd__dfrtp_2)
                                         reg_file.registers[15][26] (net)
                  0.04    0.00    0.32 ^ _2513_/A (sky130_fd_sc_hd__and2_2)
     1    0.00    0.03    0.12    0.44 ^ _2513_/X (sky130_fd_sc_hd__and2_2)
                                         _1292_ (net)
                  0.03    0.00    0.44 ^ _2514_/A (sky130_fd_sc_hd__buf_1)
     1    0.00    0.04    0.07    0.51 ^ _2514_/X (sky130_fd_sc_hd__buf_1)
                                         _0247_ (net)
                  0.04    0.00    0.51 ^ _3024_/D (sky130_fd_sc_hd__dfrtp_2)
                                  0.51   data arrival time

                  0.00    0.00    0.00   clock clk (rise edge)
                          0.00    0.00   clock network delay (ideal)
                          0.00    0.00   clock reconvergence pessimism
                                  0.00 ^ _3024_/CLK (sky130_fd_sc_hd__dfrtp_2)
                         -0.04   -0.04   library hold time
                                 -0.04   data required time
-----------------------------------------------------------------------------
                                 -0.04   data required time
                                 -0.51   data arrival time
-----------------------------------------------------------------------------
                                  0.55   slack (MET)


Startpoint: _3025_ (rising edge-triggered flip-flop clocked by clk)
Endpoint: _3025_ (rising edge-triggered flip-flop clocked by clk)
Path Group: clk
Path Type: min

Fanout     Cap    Slew   Delay    Time   Description
-----------------------------------------------------------------------------
                  0.00    0.00    0.00   clock clk (rise edge)
                          0.00    0.00   clock network delay (ideal)
                  0.00    0.00    0.00 ^ _3025_/CLK (sky130_fd_sc_hd__dfrtp_2)
     2    0.00    0.04    0.32    0.32 ^ _3025_/Q (sky130_fd_sc_hd__dfrtp_2)
                                         reg_file.registers[15][27] (net)
                  0.04    0.00    0.32 ^ _2511_/A (sky130_fd_sc_hd__and2_2)
     1    0.00    0.03    0.12    0.44 ^ _2511_/X (sky130_fd_sc_hd__and2_2)
                                         _1291_ (net)
                  0.03    0.00    0.44 ^ _2512_/A (sky130_fd_sc_hd__buf_1)
     1    0.00    0.04    0.07    0.51 ^ _2512_/X (sky130_fd_sc_hd__buf_1)
                                         _0248_ (net)
                  0.04    0.00    0.51 ^ _3025_/D (sky130_fd_sc_hd__dfrtp_2)
                                  0.51   data arrival time

                  0.00    0.00    0.00   clock clk (rise edge)
                          0.00    0.00   clock network delay (ideal)
                          0.00    0.00   clock reconvergence pessimism
                                  0.00 ^ _3025_/CLK (sky130_fd_sc_hd__dfrtp_2)
                         -0.04   -0.04   library hold time
                                 -0.04   data required time
-----------------------------------------------------------------------------
                                 -0.04   data required time
                                 -0.51   data arrival time
-----------------------------------------------------------------------------
                                  0.55   slack (MET)


Startpoint: _3026_ (rising edge-triggered flip-flop clocked by clk)
Endpoint: _3026_ (rising edge-triggered flip-flop clocked by clk)
Path Group: clk
Path Type: min

Fanout     Cap    Slew   Delay    Time   Description
-----------------------------------------------------------------------------
                  0.00    0.00    0.00   clock clk (rise edge)
                          0.00    0.00   clock network delay (ideal)
                  0.00    0.00    0.00 ^ _3026_/CLK (sky130_fd_sc_hd__dfrtp_2)
     2    0.00    0.04    0.32    0.32 ^ _3026_/Q (sky130_fd_sc_hd__dfrtp_2)
                                         reg_file.registers[15][28] (net)
                  0.04    0.00    0.32 ^ _2509_/A (sky130_fd_sc_hd__and2_2)
     1    0.00    0.03    0.12    0.44 ^ _2509_/X (sky130_fd_sc_hd__and2_2)
                                         _1290_ (net)
                  0.03    0.00    0.44 ^ _2510_/A (sky130_fd_sc_hd__buf_1)
     1    0.00    0.04    0.07    0.51 ^ _2510_/X (sky130_fd_sc_hd__buf_1)
                                         _0249_ (net)
                  0.04    0.00    0.51 ^ _3026_/D (sky130_fd_sc_hd__dfrtp_2)
                                  0.51   data arrival time

                  0.00    0.00    0.00   clock clk (rise edge)
                          0.00    0.00   clock network delay (ideal)
                          0.00    0.00   clock reconvergence pessimism
                                  0.00 ^ _3026_/CLK (sky130_fd_sc_hd__dfrtp_2)
                         -0.04   -0.04   library hold time
                                 -0.04   data required time
-----------------------------------------------------------------------------
                                 -0.04   data required time
                                 -0.51   data arrival time
-----------------------------------------------------------------------------
                                  0.55   slack (MET)


Startpoint: _3027_ (rising edge-triggered flip-flop clocked by clk)
Endpoint: _3027_ (rising edge-triggered flip-flop clocked by clk)
Path Group: clk
Path Type: min

Fanout     Cap    Slew   Delay    Time   Description
-----------------------------------------------------------------------------
                  0.00    0.00    0.00   clock clk (rise edge)
                          0.00    0.00   clock network delay (ideal)
                  0.00    0.00    0.00 ^ _3027_/CLK (sky130_fd_sc_hd__dfrtp_2)
     2    0.00    0.04    0.32    0.32 ^ _3027_/Q (sky130_fd_sc_hd__dfrtp_2)
                                         reg_file.registers[15][29] (net)
                  0.04    0.00    0.32 ^ _2507_/A (sky130_fd_sc_hd__and2_2)
     1    0.00    0.03    0.12    0.44 ^ _2507_/X (sky130_fd_sc_hd__and2_2)
                                         _1289_ (net)
                  0.03    0.00    0.44 ^ _2508_/A (sky130_fd_sc_hd__buf_1)
     1    0.00    0.04    0.07    0.51 ^ _2508_/X (sky130_fd_sc_hd__buf_1)
                                         _0250_ (net)
                  0.04    0.00    0.51 ^ _3027_/D (sky130_fd_sc_hd__dfrtp_2)
                                  0.51   data arrival time

                  0.00    0.00    0.00   clock clk (rise edge)
                          0.00    0.00   clock network delay (ideal)
                          0.00    0.00   clock reconvergence pessimism
                                  0.00 ^ _3027_/CLK (sky130_fd_sc_hd__dfrtp_2)
                         -0.04   -0.04   library hold time
                                 -0.04   data required time
-----------------------------------------------------------------------------
                                 -0.04   data required time
                                 -0.51   data arrival time
-----------------------------------------------------------------------------
                                  0.55   slack (MET)


Startpoint: _3028_ (rising edge-triggered flip-flop clocked by clk)
Endpoint: _3028_ (rising edge-triggered flip-flop clocked by clk)
Path Group: clk
Path Type: min

Fanout     Cap    Slew   Delay    Time   Description
-----------------------------------------------------------------------------
                  0.00    0.00    0.00   clock clk (rise edge)
                          0.00    0.00   clock network delay (ideal)
                  0.00    0.00    0.00 ^ _3028_/CLK (sky130_fd_sc_hd__dfrtp_2)
     2    0.00    0.04    0.32    0.32 ^ _3028_/Q (sky130_fd_sc_hd__dfrtp_2)
                                         reg_file.registers[15][30] (net)
                  0.04    0.00    0.32 ^ _2505_/A (sky130_fd_sc_hd__and2_2)
     1    0.00    0.03    0.12    0.44 ^ _2505_/X (sky130_fd_sc_hd__and2_2)
                                         _1288_ (net)
                  0.03    0.00    0.44 ^ _2506_/A (sky130_fd_sc_hd__buf_1)
     1    0.00    0.04    0.07    0.51 ^ _2506_/X (sky130_fd_sc_hd__buf_1)
                                         _0251_ (net)
                  0.04    0.00    0.51 ^ _3028_/D (sky130_fd_sc_hd__dfrtp_2)
                                  0.51   data arrival time

                  0.00    0.00    0.00   clock clk (rise edge)
                          0.00    0.00   clock network delay (ideal)
                          0.00    0.00   clock reconvergence pessimism
                                  0.00 ^ _3028_/CLK (sky130_fd_sc_hd__dfrtp_2)
                         -0.04   -0.04   library hold time
                                 -0.04   data required time
-----------------------------------------------------------------------------
                                 -0.04   data required time
                                 -0.51   data arrival time
-----------------------------------------------------------------------------
                                  0.55   slack (MET)


Startpoint: _3029_ (rising edge-triggered flip-flop clocked by clk)
Endpoint: _3029_ (rising edge-triggered flip-flop clocked by clk)
Path Group: clk
Path Type: min

Fanout     Cap    Slew   Delay    Time   Description
-----------------------------------------------------------------------------
                  0.00    0.00    0.00   clock clk (rise edge)
                          0.00    0.00   clock network delay (ideal)
                  0.00    0.00    0.00 ^ _3029_/CLK (sky130_fd_sc_hd__dfrtp_2)
     2    0.00    0.04    0.32    0.32 ^ _3029_/Q (sky130_fd_sc_hd__dfrtp_2)
                                         reg_file.registers[15][31] (net)
                  0.04    0.00    0.32 ^ _2503_/A (sky130_fd_sc_hd__and2_2)
     1    0.00    0.03    0.12    0.44 ^ _2503_/X (sky130_fd_sc_hd__and2_2)
                                         _1287_ (net)
                  0.03    0.00    0.44 ^ _2504_/A (sky130_fd_sc_hd__buf_1)
     1    0.00    0.04    0.07    0.51 ^ _2504_/X (sky130_fd_sc_hd__buf_1)
                                         _0252_ (net)
                  0.04    0.00    0.51 ^ _3029_/D (sky130_fd_sc_hd__dfrtp_2)
                                  0.51   data arrival time

                  0.00    0.00    0.00   clock clk (rise edge)
                          0.00    0.00   clock network delay (ideal)
                          0.00    0.00   clock reconvergence pessimism
                                  0.00 ^ _3029_/CLK (sky130_fd_sc_hd__dfrtp_2)
                         -0.04   -0.04   library hold time
                                 -0.04   data required time
-----------------------------------------------------------------------------
                                 -0.04   data required time
                                 -0.51   data arrival time
-----------------------------------------------------------------------------
                                  0.55   slack (MET)


Startpoint: _3090_ (rising edge-triggered flip-flop clocked by clk)
Endpoint: _3090_ (rising edge-triggered flip-flop clocked by clk)
Path Group: clk
Path Type: min

Fanout     Cap    Slew   Delay    Time   Description
-----------------------------------------------------------------------------
                  0.00    0.00    0.00   clock clk (rise edge)
                          0.00    0.00   clock network delay (ideal)
                  0.00    0.00    0.00 ^ _3090_/CLK (sky130_fd_sc_hd__dfrtp_2)
     2    0.00    0.04    0.32    0.32 ^ _3090_/Q (sky130_fd_sc_hd__dfrtp_2)
                                         reg_file.registers[10][28] (net)
                  0.04    0.00    0.32 ^ _1588_/A (sky130_fd_sc_hd__and2_2)
     1    0.00    0.03    0.12    0.44 ^ _1588_/X (sky130_fd_sc_hd__and2_2)
                                         _0433_ (net)
                  0.03    0.00    0.44 ^ _1589_/A (sky130_fd_sc_hd__buf_1)
     1    0.00    0.04    0.07    0.51 ^ _1589_/X (sky130_fd_sc_hd__buf_1)
                                         _0313_ (net)
                  0.04    0.00    0.51 ^ _3090_/D (sky130_fd_sc_hd__dfrtp_2)
                                  0.51   data arrival time

                  0.00    0.00    0.00   clock clk (rise edge)
                          0.00    0.00   clock network delay (ideal)
                          0.00    0.00   clock reconvergence pessimism
                                  0.00 ^ _3090_/CLK (sky130_fd_sc_hd__dfrtp_2)
                         -0.04   -0.04   library hold time
                                 -0.04   data required time
-----------------------------------------------------------------------------
                                 -0.04   data required time
                                 -0.51   data arrival time
-----------------------------------------------------------------------------
                                  0.55   slack (MET)


Startpoint: _3091_ (rising edge-triggered flip-flop clocked by clk)
Endpoint: _3091_ (rising edge-triggered flip-flop clocked by clk)
Path Group: clk
Path Type: min

Fanout     Cap    Slew   Delay    Time   Description
-----------------------------------------------------------------------------
                  0.00    0.00    0.00   clock clk (rise edge)
                          0.00    0.00   clock network delay (ideal)
                  0.00    0.00    0.00 ^ _3091_/CLK (sky130_fd_sc_hd__dfrtp_2)
     2    0.00    0.04    0.32    0.32 ^ _3091_/Q (sky130_fd_sc_hd__dfrtp_2)
                                         reg_file.registers[10][29] (net)
                  0.04    0.00    0.32 ^ _1586_/A (sky130_fd_sc_hd__and2_2)
     1    0.00    0.03    0.12    0.44 ^ _1586_/X (sky130_fd_sc_hd__and2_2)
                                         _0432_ (net)
                  0.03    0.00    0.44 ^ _1587_/A (sky130_fd_sc_hd__buf_1)
     1    0.00    0.04    0.07    0.51 ^ _1587_/X (sky130_fd_sc_hd__buf_1)
                                         _0314_ (net)
                  0.04    0.00    0.51 ^ _3091_/D (sky130_fd_sc_hd__dfrtp_2)
                                  0.51   data arrival time

                  0.00    0.00    0.00   clock clk (rise edge)
                          0.00    0.00   clock network delay (ideal)
                          0.00    0.00   clock reconvergence pessimism
                                  0.00 ^ _3091_/CLK (sky130_fd_sc_hd__dfrtp_2)
                         -0.04   -0.04   library hold time
                                 -0.04   data required time
-----------------------------------------------------------------------------
                                 -0.04   data required time
                                 -0.51   data arrival time
-----------------------------------------------------------------------------
                                  0.55   slack (MET)


Startpoint: _3097_ (rising edge-triggered flip-flop clocked by clk)
Endpoint: _3097_ (rising edge-triggered flip-flop clocked by clk)
Path Group: clk
Path Type: min

Fanout     Cap    Slew   Delay    Time   Description
-----------------------------------------------------------------------------
                  0.00    0.00    0.00   clock clk (rise edge)
                          0.00    0.00   clock network delay (ideal)
                  0.00    0.00    0.00 ^ _3097_/CLK (sky130_fd_sc_hd__dfrtp_2)
     2    0.00    0.04    0.32    0.32 ^ _3097_/Q (sky130_fd_sc_hd__dfrtp_2)
                                         reg_file.registers[5][3] (net)
                  0.04    0.00    0.32 ^ _1572_/A (sky130_fd_sc_hd__and2_2)
     1    0.00    0.03    0.12    0.44 ^ _1572_/X (sky130_fd_sc_hd__and2_2)
                                         _0424_ (net)
                  0.03    0.00    0.44 ^ _1573_/A (sky130_fd_sc_hd__buf_1)
     1    0.00    0.04    0.07    0.51 ^ _1573_/X (sky130_fd_sc_hd__buf_1)
                                         _0320_ (net)
                  0.04    0.00    0.51 ^ _3097_/D (sky130_fd_sc_hd__dfrtp_2)
                                  0.51   data arrival time

                  0.00    0.00    0.00   clock clk (rise edge)
                          0.00    0.00   clock network delay (ideal)
                          0.00    0.00   clock reconvergence pessimism
                                  0.00 ^ _3097_/CLK (sky130_fd_sc_hd__dfrtp_2)
                         -0.04   -0.04   library hold time
                                 -0.04   data required time
-----------------------------------------------------------------------------
                                 -0.04   data required time
                                 -0.51   data arrival time
-----------------------------------------------------------------------------
                                  0.55   slack (MET)


Startpoint: _3096_ (rising edge-triggered flip-flop clocked by clk)
Endpoint: _3096_ (rising edge-triggered flip-flop clocked by clk)
Path Group: clk
Path Type: min

Fanout     Cap    Slew   Delay    Time   Description
-----------------------------------------------------------------------------
                  0.00    0.00    0.00   clock clk (rise edge)
                          0.00    0.00   clock network delay (ideal)
                  0.00    0.00    0.00 ^ _3096_/CLK (sky130_fd_sc_hd__dfrtp_2)
     2    0.00    0.04    0.32    0.32 ^ _3096_/Q (sky130_fd_sc_hd__dfrtp_2)
                                         reg_file.registers[5][2] (net)
                  0.04    0.00    0.32 ^ _1574_/A (sky130_fd_sc_hd__and2_2)
     1    0.00    0.03    0.12    0.44 ^ _1574_/X (sky130_fd_sc_hd__and2_2)
                                         _0425_ (net)
                  0.03    0.00    0.44 ^ _1575_/A (sky130_fd_sc_hd__buf_1)
     1    0.00    0.04    0.07    0.51 ^ _1575_/X (sky130_fd_sc_hd__buf_1)
                                         _0319_ (net)
                  0.04    0.00    0.51 ^ _3096_/D (sky130_fd_sc_hd__dfrtp_2)
                                  0.51   data arrival time

                  0.00    0.00    0.00   clock clk (rise edge)
                          0.00    0.00   clock network delay (ideal)
                          0.00    0.00   clock reconvergence pessimism
                                  0.00 ^ _3096_/CLK (sky130_fd_sc_hd__dfrtp_2)
                         -0.04   -0.04   library hold time
                                 -0.04   data required time
-----------------------------------------------------------------------------
                                 -0.04   data required time
                                 -0.51   data arrival time
-----------------------------------------------------------------------------
                                  0.55   slack (MET)


Startpoint: _3101_ (rising edge-triggered flip-flop clocked by clk)
Endpoint: _3101_ (rising edge-triggered flip-flop clocked by clk)
Path Group: clk
Path Type: min

Fanout     Cap    Slew   Delay    Time   Description
-----------------------------------------------------------------------------
                  0.00    0.00    0.00   clock clk (rise edge)
                          0.00    0.00   clock network delay (ideal)
                  0.00    0.00    0.00 ^ _3101_/CLK (sky130_fd_sc_hd__dfrtp_2)
     2    0.00    0.04    0.32    0.32 ^ _3101_/Q (sky130_fd_sc_hd__dfrtp_2)
                                         reg_file.registers[5][7] (net)
                  0.04    0.00    0.32 ^ _1564_/A (sky130_fd_sc_hd__and2_2)
     1    0.00    0.03    0.12    0.44 ^ _1564_/X (sky130_fd_sc_hd__and2_2)
                                         _0420_ (net)
                  0.03    0.00    0.44 ^ _1565_/A (sky130_fd_sc_hd__buf_1)
     1    0.00    0.04    0.07    0.51 ^ _1565_/X (sky130_fd_sc_hd__buf_1)
                                         _0324_ (net)
                  0.04    0.00    0.51 ^ _3101_/D (sky130_fd_sc_hd__dfrtp_2)
                                  0.51   data arrival time

                  0.00    0.00    0.00   clock clk (rise edge)
                          0.00    0.00   clock network delay (ideal)
                          0.00    0.00   clock reconvergence pessimism
                                  0.00 ^ _3101_/CLK (sky130_fd_sc_hd__dfrtp_2)
                         -0.04   -0.04   library hold time
                                 -0.04   data required time
-----------------------------------------------------------------------------
                                 -0.04   data required time
                                 -0.51   data arrival time
-----------------------------------------------------------------------------
                                  0.55   slack (MET)


Startpoint: _3102_ (rising edge-triggered flip-flop clocked by clk)
Endpoint: _3102_ (rising edge-triggered flip-flop clocked by clk)
Path Group: clk
Path Type: min

Fanout     Cap    Slew   Delay    Time   Description
-----------------------------------------------------------------------------
                  0.00    0.00    0.00   clock clk (rise edge)
                          0.00    0.00   clock network delay (ideal)
                  0.00    0.00    0.00 ^ _3102_/CLK (sky130_fd_sc_hd__dfrtp_2)
     2    0.00    0.04    0.32    0.32 ^ _3102_/Q (sky130_fd_sc_hd__dfrtp_2)
                                         reg_file.registers[5][8] (net)
                  0.04    0.00    0.32 ^ _1562_/A (sky130_fd_sc_hd__and2_2)
     1    0.00    0.03    0.12    0.44 ^ _1562_/X (sky130_fd_sc_hd__and2_2)
                                         _0419_ (net)
                  0.03    0.00    0.44 ^ _1563_/A (sky130_fd_sc_hd__buf_1)
     1    0.00    0.04    0.07    0.51 ^ _1563_/X (sky130_fd_sc_hd__buf_1)
                                         _0325_ (net)
                  0.04    0.00    0.51 ^ _3102_/D (sky130_fd_sc_hd__dfrtp_2)
                                  0.51   data arrival time

                  0.00    0.00    0.00   clock clk (rise edge)
                          0.00    0.00   clock network delay (ideal)
                          0.00    0.00   clock reconvergence pessimism
                                  0.00 ^ _3102_/CLK (sky130_fd_sc_hd__dfrtp_2)
                         -0.04   -0.04   library hold time
                                 -0.04   data required time
-----------------------------------------------------------------------------
                                 -0.04   data required time
                                 -0.51   data arrival time
-----------------------------------------------------------------------------
                                  0.55   slack (MET)


Startpoint: _3103_ (rising edge-triggered flip-flop clocked by clk)
Endpoint: _3103_ (rising edge-triggered flip-flop clocked by clk)
Path Group: clk
Path Type: min

Fanout     Cap    Slew   Delay    Time   Description
-----------------------------------------------------------------------------
                  0.00    0.00    0.00   clock clk (rise edge)
                          0.00    0.00   clock network delay (ideal)
                  0.00    0.00    0.00 ^ _3103_/CLK (sky130_fd_sc_hd__dfrtp_2)
     2    0.00    0.04    0.32    0.32 ^ _3103_/Q (sky130_fd_sc_hd__dfrtp_2)
                                         reg_file.registers[5][9] (net)
                  0.04    0.00    0.32 ^ _1560_/A (sky130_fd_sc_hd__and2_2)
     1    0.00    0.03    0.12    0.44 ^ _1560_/X (sky130_fd_sc_hd__and2_2)
                                         _0418_ (net)
                  0.03    0.00    0.44 ^ _1561_/A (sky130_fd_sc_hd__buf_1)
     1    0.00    0.04    0.07    0.51 ^ _1561_/X (sky130_fd_sc_hd__buf_1)
                                         _0326_ (net)
                  0.04    0.00    0.51 ^ _3103_/D (sky130_fd_sc_hd__dfrtp_2)
                                  0.51   data arrival time

                  0.00    0.00    0.00   clock clk (rise edge)
                          0.00    0.00   clock network delay (ideal)
                          0.00    0.00   clock reconvergence pessimism
                                  0.00 ^ _3103_/CLK (sky130_fd_sc_hd__dfrtp_2)
                         -0.04   -0.04   library hold time
                                 -0.04   data required time
-----------------------------------------------------------------------------
                                 -0.04   data required time
                                 -0.51   data arrival time
-----------------------------------------------------------------------------
                                  0.55   slack (MET)


Startpoint: _3105_ (rising edge-triggered flip-flop clocked by clk)
Endpoint: _3105_ (rising edge-triggered flip-flop clocked by clk)
Path Group: clk
Path Type: min

Fanout     Cap    Slew   Delay    Time   Description
-----------------------------------------------------------------------------
                  0.00    0.00    0.00   clock clk (rise edge)
                          0.00    0.00   clock network delay (ideal)
                  0.00    0.00    0.00 ^ _3105_/CLK (sky130_fd_sc_hd__dfrtp_2)
     2    0.00    0.04    0.32    0.32 ^ _3105_/Q (sky130_fd_sc_hd__dfrtp_2)
                                         reg_file.registers[5][11] (net)
                  0.04    0.00    0.32 ^ _1556_/A (sky130_fd_sc_hd__and2_2)
     1    0.00    0.03    0.12    0.44 ^ _1556_/X (sky130_fd_sc_hd__and2_2)
                                         _0416_ (net)
                  0.03    0.00    0.44 ^ _1557_/A (sky130_fd_sc_hd__buf_1)
     1    0.00    0.04    0.07    0.51 ^ _1557_/X (sky130_fd_sc_hd__buf_1)
                                         _0328_ (net)
                  0.04    0.00    0.51 ^ _3105_/D (sky130_fd_sc_hd__dfrtp_2)
                                  0.51   data arrival time

                  0.00    0.00    0.00   clock clk (rise edge)
                          0.00    0.00   clock network delay (ideal)
                          0.00    0.00   clock reconvergence pessimism
                                  0.00 ^ _3105_/CLK (sky130_fd_sc_hd__dfrtp_2)
                         -0.04   -0.04   library hold time
                                 -0.04   data required time
-----------------------------------------------------------------------------
                                 -0.04   data required time
                                 -0.51   data arrival time
-----------------------------------------------------------------------------
                                  0.55   slack (MET)


Startpoint: _3106_ (rising edge-triggered flip-flop clocked by clk)
Endpoint: _3106_ (rising edge-triggered flip-flop clocked by clk)
Path Group: clk
Path Type: min

Fanout     Cap    Slew   Delay    Time   Description
-----------------------------------------------------------------------------
                  0.00    0.00    0.00   clock clk (rise edge)
                          0.00    0.00   clock network delay (ideal)
                  0.00    0.00    0.00 ^ _3106_/CLK (sky130_fd_sc_hd__dfrtp_2)
     2    0.00    0.04    0.32    0.32 ^ _3106_/Q (sky130_fd_sc_hd__dfrtp_2)
                                         reg_file.registers[5][12] (net)
                  0.04    0.00    0.32 ^ _1554_/A (sky130_fd_sc_hd__and2_2)
     1    0.00    0.03    0.12    0.44 ^ _1554_/X (sky130_fd_sc_hd__and2_2)
                                         _0415_ (net)
                  0.03    0.00    0.44 ^ _1555_/A (sky130_fd_sc_hd__buf_1)
     1    0.00    0.04    0.07    0.51 ^ _1555_/X (sky130_fd_sc_hd__buf_1)
                                         _0329_ (net)
                  0.04    0.00    0.51 ^ _3106_/D (sky130_fd_sc_hd__dfrtp_2)
                                  0.51   data arrival time

                  0.00    0.00    0.00   clock clk (rise edge)
                          0.00    0.00   clock network delay (ideal)
                          0.00    0.00   clock reconvergence pessimism
                                  0.00 ^ _3106_/CLK (sky130_fd_sc_hd__dfrtp_2)
                         -0.04   -0.04   library hold time
                                 -0.04   data required time
-----------------------------------------------------------------------------
                                 -0.04   data required time
                                 -0.51   data arrival time
-----------------------------------------------------------------------------
                                  0.55   slack (MET)


Startpoint: _3109_ (rising edge-triggered flip-flop clocked by clk)
Endpoint: _3109_ (rising edge-triggered flip-flop clocked by clk)
Path Group: clk
Path Type: min

Fanout     Cap    Slew   Delay    Time   Description
-----------------------------------------------------------------------------
                  0.00    0.00    0.00   clock clk (rise edge)
                          0.00    0.00   clock network delay (ideal)
                  0.00    0.00    0.00 ^ _3109_/CLK (sky130_fd_sc_hd__dfrtp_2)
     2    0.00    0.04    0.32    0.32 ^ _3109_/Q (sky130_fd_sc_hd__dfrtp_2)
                                         reg_file.registers[5][15] (net)
                  0.04    0.00    0.32 ^ _1547_/A (sky130_fd_sc_hd__and2_2)
     1    0.00    0.03    0.12    0.44 ^ _1547_/X (sky130_fd_sc_hd__and2_2)
                                         _0411_ (net)
                  0.03    0.00    0.44 ^ _1548_/A (sky130_fd_sc_hd__buf_1)
     1    0.00    0.04    0.07    0.51 ^ _1548_/X (sky130_fd_sc_hd__buf_1)
                                         _0332_ (net)
                  0.04    0.00    0.51 ^ _3109_/D (sky130_fd_sc_hd__dfrtp_2)
                                  0.51   data arrival time

                  0.00    0.00    0.00   clock clk (rise edge)
                          0.00    0.00   clock network delay (ideal)
                          0.00    0.00   clock reconvergence pessimism
                                  0.00 ^ _3109_/CLK (sky130_fd_sc_hd__dfrtp_2)
                         -0.04   -0.04   library hold time
                                 -0.04   data required time
-----------------------------------------------------------------------------
                                 -0.04   data required time
                                 -0.51   data arrival time
-----------------------------------------------------------------------------
                                  0.55   slack (MET)


Startpoint: _3110_ (rising edge-triggered flip-flop clocked by clk)
Endpoint: _3110_ (rising edge-triggered flip-flop clocked by clk)
Path Group: clk
Path Type: min

Fanout     Cap    Slew   Delay    Time   Description
-----------------------------------------------------------------------------
                  0.00    0.00    0.00   clock clk (rise edge)
                          0.00    0.00   clock network delay (ideal)
                  0.00    0.00    0.00 ^ _3110_/CLK (sky130_fd_sc_hd__dfrtp_2)
     2    0.00    0.04    0.32    0.32 ^ _3110_/Q (sky130_fd_sc_hd__dfrtp_2)
                                         reg_file.registers[5][16] (net)
                  0.04    0.00    0.32 ^ _1545_/A (sky130_fd_sc_hd__and2_2)
     1    0.00    0.03    0.12    0.44 ^ _1545_/X (sky130_fd_sc_hd__and2_2)
                                         _0410_ (net)
                  0.03    0.00    0.44 ^ _1546_/A (sky130_fd_sc_hd__buf_1)
     1    0.00    0.04    0.07    0.51 ^ _1546_/X (sky130_fd_sc_hd__buf_1)
                                         _0333_ (net)
                  0.04    0.00    0.51 ^ _3110_/D (sky130_fd_sc_hd__dfrtp_2)
                                  0.51   data arrival time

                  0.00    0.00    0.00   clock clk (rise edge)
                          0.00    0.00   clock network delay (ideal)
                          0.00    0.00   clock reconvergence pessimism
                                  0.00 ^ _3110_/CLK (sky130_fd_sc_hd__dfrtp_2)
                         -0.04   -0.04   library hold time
                                 -0.04   data required time
-----------------------------------------------------------------------------
                                 -0.04   data required time
                                 -0.51   data arrival time
-----------------------------------------------------------------------------
                                  0.55   slack (MET)


Startpoint: _3111_ (rising edge-triggered flip-flop clocked by clk)
Endpoint: _3111_ (rising edge-triggered flip-flop clocked by clk)
Path Group: clk
Path Type: min

Fanout     Cap    Slew   Delay    Time   Description
-----------------------------------------------------------------------------
                  0.00    0.00    0.00   clock clk (rise edge)
                          0.00    0.00   clock network delay (ideal)
                  0.00    0.00    0.00 ^ _3111_/CLK (sky130_fd_sc_hd__dfrtp_2)
     2    0.00    0.04    0.32    0.32 ^ _3111_/Q (sky130_fd_sc_hd__dfrtp_2)
                                         reg_file.registers[5][17] (net)
                  0.04    0.00    0.32 ^ _1543_/A (sky130_fd_sc_hd__and2_2)
     1    0.00    0.03    0.12    0.44 ^ _1543_/X (sky130_fd_sc_hd__and2_2)
                                         _0409_ (net)
                  0.03    0.00    0.44 ^ _1544_/A (sky130_fd_sc_hd__buf_1)
     1    0.00    0.04    0.07    0.51 ^ _1544_/X (sky130_fd_sc_hd__buf_1)
                                         _0334_ (net)
                  0.04    0.00    0.51 ^ _3111_/D (sky130_fd_sc_hd__dfrtp_2)
                                  0.51   data arrival time

                  0.00    0.00    0.00   clock clk (rise edge)
                          0.00    0.00   clock network delay (ideal)
                          0.00    0.00   clock reconvergence pessimism
                                  0.00 ^ _3111_/CLK (sky130_fd_sc_hd__dfrtp_2)
                         -0.04   -0.04   library hold time
                                 -0.04   data required time
-----------------------------------------------------------------------------
                                 -0.04   data required time
                                 -0.51   data arrival time
-----------------------------------------------------------------------------
                                  0.55   slack (MET)


Startpoint: _3113_ (rising edge-triggered flip-flop clocked by clk)
Endpoint: _3113_ (rising edge-triggered flip-flop clocked by clk)
Path Group: clk
Path Type: min

Fanout     Cap    Slew   Delay    Time   Description
-----------------------------------------------------------------------------
                  0.00    0.00    0.00   clock clk (rise edge)
                          0.00    0.00   clock network delay (ideal)
                  0.00    0.00    0.00 ^ _3113_/CLK (sky130_fd_sc_hd__dfrtp_2)
     2    0.00    0.04    0.32    0.32 ^ _3113_/Q (sky130_fd_sc_hd__dfrtp_2)
                                         reg_file.registers[5][19] (net)
                  0.04    0.00    0.32 ^ _1539_/A (sky130_fd_sc_hd__and2_2)
     1    0.00    0.03    0.12    0.44 ^ _1539_/X (sky130_fd_sc_hd__and2_2)
                                         _0407_ (net)
                  0.03    0.00    0.44 ^ _1540_/A (sky130_fd_sc_hd__buf_1)
     1    0.00    0.04    0.07    0.51 ^ _1540_/X (sky130_fd_sc_hd__buf_1)
                                         _0336_ (net)
                  0.04    0.00    0.51 ^ _3113_/D (sky130_fd_sc_hd__dfrtp_2)
                                  0.51   data arrival time

                  0.00    0.00    0.00   clock clk (rise edge)
                          0.00    0.00   clock network delay (ideal)
                          0.00    0.00   clock reconvergence pessimism
                                  0.00 ^ _3113_/CLK (sky130_fd_sc_hd__dfrtp_2)
                         -0.04   -0.04   library hold time
                                 -0.04   data required time
-----------------------------------------------------------------------------
                                 -0.04   data required time
                                 -0.51   data arrival time
-----------------------------------------------------------------------------
                                  0.55   slack (MET)


Startpoint: _3114_ (rising edge-triggered flip-flop clocked by clk)
Endpoint: _3114_ (rising edge-triggered flip-flop clocked by clk)
Path Group: clk
Path Type: min

Fanout     Cap    Slew   Delay    Time   Description
-----------------------------------------------------------------------------
                  0.00    0.00    0.00   clock clk (rise edge)
                          0.00    0.00   clock network delay (ideal)
                  0.00    0.00    0.00 ^ _3114_/CLK (sky130_fd_sc_hd__dfrtp_2)
     2    0.00    0.04    0.32    0.32 ^ _3114_/Q (sky130_fd_sc_hd__dfrtp_2)
                                         reg_file.registers[5][20] (net)
                  0.04    0.00    0.32 ^ _1537_/A (sky130_fd_sc_hd__and2_2)
     1    0.00    0.03    0.12    0.44 ^ _1537_/X (sky130_fd_sc_hd__and2_2)
                                         _0406_ (net)
                  0.03    0.00    0.44 ^ _1538_/A (sky130_fd_sc_hd__buf_1)
     1    0.00    0.04    0.07    0.51 ^ _1538_/X (sky130_fd_sc_hd__buf_1)
                                         _0337_ (net)
                  0.04    0.00    0.51 ^ _3114_/D (sky130_fd_sc_hd__dfrtp_2)
                                  0.51   data arrival time

                  0.00    0.00    0.00   clock clk (rise edge)
                          0.00    0.00   clock network delay (ideal)
                          0.00    0.00   clock reconvergence pessimism
                                  0.00 ^ _3114_/CLK (sky130_fd_sc_hd__dfrtp_2)
                         -0.04   -0.04   library hold time
                                 -0.04   data required time
-----------------------------------------------------------------------------
                                 -0.04   data required time
                                 -0.51   data arrival time
-----------------------------------------------------------------------------
                                  0.55   slack (MET)


Startpoint: _3115_ (rising edge-triggered flip-flop clocked by clk)
Endpoint: _3115_ (rising edge-triggered flip-flop clocked by clk)
Path Group: clk
Path Type: min

Fanout     Cap    Slew   Delay    Time   Description
-----------------------------------------------------------------------------
                  0.00    0.00    0.00   clock clk (rise edge)
                          0.00    0.00   clock network delay (ideal)
                  0.00    0.00    0.00 ^ _3115_/CLK (sky130_fd_sc_hd__dfrtp_2)
     2    0.00    0.04    0.32    0.32 ^ _3115_/Q (sky130_fd_sc_hd__dfrtp_2)
                                         reg_file.registers[5][21] (net)
                  0.04    0.00    0.32 ^ _1535_/A (sky130_fd_sc_hd__and2_2)
     1    0.00    0.03    0.12    0.44 ^ _1535_/X (sky130_fd_sc_hd__and2_2)
                                         _0405_ (net)
                  0.03    0.00    0.44 ^ _1536_/A (sky130_fd_sc_hd__buf_1)
     1    0.00    0.04    0.07    0.51 ^ _1536_/X (sky130_fd_sc_hd__buf_1)
                                         _0338_ (net)
                  0.04    0.00    0.51 ^ _3115_/D (sky130_fd_sc_hd__dfrtp_2)
                                  0.51   data arrival time

                  0.00    0.00    0.00   clock clk (rise edge)
                          0.00    0.00   clock network delay (ideal)
                          0.00    0.00   clock reconvergence pessimism
                                  0.00 ^ _3115_/CLK (sky130_fd_sc_hd__dfrtp_2)
                         -0.04   -0.04   library hold time
                                 -0.04   data required time
-----------------------------------------------------------------------------
                                 -0.04   data required time
                                 -0.51   data arrival time
-----------------------------------------------------------------------------
                                  0.55   slack (MET)


Startpoint: _3116_ (rising edge-triggered flip-flop clocked by clk)
Endpoint: _3116_ (rising edge-triggered flip-flop clocked by clk)
Path Group: clk
Path Type: min

Fanout     Cap    Slew   Delay    Time   Description
-----------------------------------------------------------------------------
                  0.00    0.00    0.00   clock clk (rise edge)
                          0.00    0.00   clock network delay (ideal)
                  0.00    0.00    0.00 ^ _3116_/CLK (sky130_fd_sc_hd__dfrtp_2)
     2    0.00    0.04    0.32    0.32 ^ _3116_/Q (sky130_fd_sc_hd__dfrtp_2)
                                         reg_file.registers[5][22] (net)
                  0.04    0.00    0.32 ^ _1533_/A (sky130_fd_sc_hd__and2_2)
     1    0.00    0.03    0.12    0.44 ^ _1533_/X (sky130_fd_sc_hd__and2_2)
                                         _0404_ (net)
                  0.03    0.00    0.44 ^ _1534_/A (sky130_fd_sc_hd__buf_1)
     1    0.00    0.04    0.07    0.51 ^ _1534_/X (sky130_fd_sc_hd__buf_1)
                                         _0339_ (net)
                  0.04    0.00    0.51 ^ _3116_/D (sky130_fd_sc_hd__dfrtp_2)
                                  0.51   data arrival time

                  0.00    0.00    0.00   clock clk (rise edge)
                          0.00    0.00   clock network delay (ideal)
                          0.00    0.00   clock reconvergence pessimism
                                  0.00 ^ _3116_/CLK (sky130_fd_sc_hd__dfrtp_2)
                         -0.04   -0.04   library hold time
                                 -0.04   data required time
-----------------------------------------------------------------------------
                                 -0.04   data required time
                                 -0.51   data arrival time
-----------------------------------------------------------------------------
                                  0.55   slack (MET)


Startpoint: _3117_ (rising edge-triggered flip-flop clocked by clk)
Endpoint: _3117_ (rising edge-triggered flip-flop clocked by clk)
Path Group: clk
Path Type: min

Fanout     Cap    Slew   Delay    Time   Description
-----------------------------------------------------------------------------
                  0.00    0.00    0.00   clock clk (rise edge)
                          0.00    0.00   clock network delay (ideal)
                  0.00    0.00    0.00 ^ _3117_/CLK (sky130_fd_sc_hd__dfrtp_2)
     2    0.00    0.04    0.32    0.32 ^ _3117_/Q (sky130_fd_sc_hd__dfrtp_2)
                                         reg_file.registers[5][23] (net)
                  0.04    0.00    0.32 ^ _1530_/A (sky130_fd_sc_hd__and2_2)
     1    0.00    0.03    0.12    0.44 ^ _1530_/X (sky130_fd_sc_hd__and2_2)
                                         _0402_ (net)
                  0.03    0.00    0.44 ^ _1531_/A (sky130_fd_sc_hd__buf_1)
     1    0.00    0.04    0.07    0.51 ^ _1531_/X (sky130_fd_sc_hd__buf_1)
                                         _0340_ (net)
                  0.04    0.00    0.51 ^ _3117_/D (sky130_fd_sc_hd__dfrtp_2)
                                  0.51   data arrival time

                  0.00    0.00    0.00   clock clk (rise edge)
                          0.00    0.00   clock network delay (ideal)
                          0.00    0.00   clock reconvergence pessimism
                                  0.00 ^ _3117_/CLK (sky130_fd_sc_hd__dfrtp_2)
                         -0.04   -0.04   library hold time
                                 -0.04   data required time
-----------------------------------------------------------------------------
                                 -0.04   data required time
                                 -0.51   data arrival time
-----------------------------------------------------------------------------
                                  0.55   slack (MET)


Startpoint: _3118_ (rising edge-triggered flip-flop clocked by clk)
Endpoint: _3118_ (rising edge-triggered flip-flop clocked by clk)
Path Group: clk
Path Type: min

Fanout     Cap    Slew   Delay    Time   Description
-----------------------------------------------------------------------------
                  0.00    0.00    0.00   clock clk (rise edge)
                          0.00    0.00   clock network delay (ideal)
                  0.00    0.00    0.00 ^ _3118_/CLK (sky130_fd_sc_hd__dfrtp_2)
     2    0.00    0.04    0.32    0.32 ^ _3118_/Q (sky130_fd_sc_hd__dfrtp_2)
                                         reg_file.registers[5][24] (net)
                  0.04    0.00    0.32 ^ _1528_/A (sky130_fd_sc_hd__and2_2)
     1    0.00    0.03    0.12    0.44 ^ _1528_/X (sky130_fd_sc_hd__and2_2)
                                         _0401_ (net)
                  0.03    0.00    0.44 ^ _1529_/A (sky130_fd_sc_hd__buf_1)
     1    0.00    0.04    0.07    0.51 ^ _1529_/X (sky130_fd_sc_hd__buf_1)
                                         _0341_ (net)
                  0.04    0.00    0.51 ^ _3118_/D (sky130_fd_sc_hd__dfrtp_2)
                                  0.51   data arrival time

                  0.00    0.00    0.00   clock clk (rise edge)
                          0.00    0.00   clock network delay (ideal)
                          0.00    0.00   clock reconvergence pessimism
                                  0.00 ^ _3118_/CLK (sky130_fd_sc_hd__dfrtp_2)
                         -0.04   -0.04   library hold time
                                 -0.04   data required time
-----------------------------------------------------------------------------
                                 -0.04   data required time
                                 -0.51   data arrival time
-----------------------------------------------------------------------------
                                  0.55   slack (MET)


Startpoint: _3120_ (rising edge-triggered flip-flop clocked by clk)
Endpoint: _3120_ (rising edge-triggered flip-flop clocked by clk)
Path Group: clk
Path Type: min

Fanout     Cap    Slew   Delay    Time   Description
-----------------------------------------------------------------------------
                  0.00    0.00    0.00   clock clk (rise edge)
                          0.00    0.00   clock network delay (ideal)
                  0.00    0.00    0.00 ^ _3120_/CLK (sky130_fd_sc_hd__dfrtp_2)
     2    0.00    0.04    0.32    0.32 ^ _3120_/Q (sky130_fd_sc_hd__dfrtp_2)
                                         reg_file.registers[5][26] (net)
                  0.04    0.00    0.32 ^ _1524_/A (sky130_fd_sc_hd__and2_2)
     1    0.00    0.03    0.12    0.44 ^ _1524_/X (sky130_fd_sc_hd__and2_2)
                                         _0399_ (net)
                  0.03    0.00    0.44 ^ _1525_/A (sky130_fd_sc_hd__buf_1)
     1    0.00    0.04    0.07    0.51 ^ _1525_/X (sky130_fd_sc_hd__buf_1)
                                         _0343_ (net)
                  0.04    0.00    0.51 ^ _3120_/D (sky130_fd_sc_hd__dfrtp_2)
                                  0.51   data arrival time

                  0.00    0.00    0.00   clock clk (rise edge)
                          0.00    0.00   clock network delay (ideal)
                          0.00    0.00   clock reconvergence pessimism
                                  0.00 ^ _3120_/CLK (sky130_fd_sc_hd__dfrtp_2)
                         -0.04   -0.04   library hold time
                                 -0.04   data required time
-----------------------------------------------------------------------------
                                 -0.04   data required time
                                 -0.51   data arrival time
-----------------------------------------------------------------------------
                                  0.55   slack (MET)


Startpoint: _3121_ (rising edge-triggered flip-flop clocked by clk)
Endpoint: _3121_ (rising edge-triggered flip-flop clocked by clk)
Path Group: clk
Path Type: min

Fanout     Cap    Slew   Delay    Time   Description
-----------------------------------------------------------------------------
                  0.00    0.00    0.00   clock clk (rise edge)
                          0.00    0.00   clock network delay (ideal)
                  0.00    0.00    0.00 ^ _3121_/CLK (sky130_fd_sc_hd__dfrtp_2)
     2    0.00    0.04    0.32    0.32 ^ _3121_/Q (sky130_fd_sc_hd__dfrtp_2)
                                         reg_file.registers[5][27] (net)
                  0.04    0.00    0.32 ^ _1522_/A (sky130_fd_sc_hd__and2_2)
     1    0.00    0.03    0.12    0.44 ^ _1522_/X (sky130_fd_sc_hd__and2_2)
                                         _0398_ (net)
                  0.03    0.00    0.44 ^ _1523_/A (sky130_fd_sc_hd__buf_1)
     1    0.00    0.04    0.07    0.51 ^ _1523_/X (sky130_fd_sc_hd__buf_1)
                                         _0344_ (net)
                  0.04    0.00    0.51 ^ _3121_/D (sky130_fd_sc_hd__dfrtp_2)
                                  0.51   data arrival time

                  0.00    0.00    0.00   clock clk (rise edge)
                          0.00    0.00   clock network delay (ideal)
                          0.00    0.00   clock reconvergence pessimism
                                  0.00 ^ _3121_/CLK (sky130_fd_sc_hd__dfrtp_2)
                         -0.04   -0.04   library hold time
                                 -0.04   data required time
-----------------------------------------------------------------------------
                                 -0.04   data required time
                                 -0.51   data arrival time
-----------------------------------------------------------------------------
                                  0.55   slack (MET)


Startpoint: _3122_ (rising edge-triggered flip-flop clocked by clk)
Endpoint: _3122_ (rising edge-triggered flip-flop clocked by clk)
Path Group: clk
Path Type: min

Fanout     Cap    Slew   Delay    Time   Description
-----------------------------------------------------------------------------
                  0.00    0.00    0.00   clock clk (rise edge)
                          0.00    0.00   clock network delay (ideal)
                  0.00    0.00    0.00 ^ _3122_/CLK (sky130_fd_sc_hd__dfrtp_2)
     2    0.00    0.04    0.32    0.32 ^ _3122_/Q (sky130_fd_sc_hd__dfrtp_2)
                                         reg_file.registers[5][28] (net)
                  0.04    0.00    0.32 ^ _1520_/A (sky130_fd_sc_hd__and2_2)
     1    0.00    0.03    0.12    0.44 ^ _1520_/X (sky130_fd_sc_hd__and2_2)
                                         _0397_ (net)
                  0.03    0.00    0.44 ^ _1521_/A (sky130_fd_sc_hd__buf_1)
     1    0.00    0.04    0.07    0.51 ^ _1521_/X (sky130_fd_sc_hd__buf_1)
                                         _0345_ (net)
                  0.04    0.00    0.51 ^ _3122_/D (sky130_fd_sc_hd__dfrtp_2)
                                  0.51   data arrival time

                  0.00    0.00    0.00   clock clk (rise edge)
                          0.00    0.00   clock network delay (ideal)
                          0.00    0.00   clock reconvergence pessimism
                                  0.00 ^ _3122_/CLK (sky130_fd_sc_hd__dfrtp_2)
                         -0.04   -0.04   library hold time
                                 -0.04   data required time
-----------------------------------------------------------------------------
                                 -0.04   data required time
                                 -0.51   data arrival time
-----------------------------------------------------------------------------
                                  0.55   slack (MET)


Startpoint: _3123_ (rising edge-triggered flip-flop clocked by clk)
Endpoint: _3123_ (rising edge-triggered flip-flop clocked by clk)
Path Group: clk
Path Type: min

Fanout     Cap    Slew   Delay    Time   Description
-----------------------------------------------------------------------------
                  0.00    0.00    0.00   clock clk (rise edge)
                          0.00    0.00   clock network delay (ideal)
                  0.00    0.00    0.00 ^ _3123_/CLK (sky130_fd_sc_hd__dfrtp_2)
     2    0.00    0.04    0.32    0.32 ^ _3123_/Q (sky130_fd_sc_hd__dfrtp_2)
                                         reg_file.registers[5][29] (net)
                  0.04    0.00    0.32 ^ _1518_/A (sky130_fd_sc_hd__and2_2)
     1    0.00    0.03    0.12    0.44 ^ _1518_/X (sky130_fd_sc_hd__and2_2)
                                         _0396_ (net)
                  0.03    0.00    0.44 ^ _1519_/A (sky130_fd_sc_hd__buf_1)
     1    0.00    0.04    0.07    0.51 ^ _1519_/X (sky130_fd_sc_hd__buf_1)
                                         _0346_ (net)
                  0.04    0.00    0.51 ^ _3123_/D (sky130_fd_sc_hd__dfrtp_2)
                                  0.51   data arrival time

                  0.00    0.00    0.00   clock clk (rise edge)
                          0.00    0.00   clock network delay (ideal)
                          0.00    0.00   clock reconvergence pessimism
                                  0.00 ^ _3123_/CLK (sky130_fd_sc_hd__dfrtp_2)
                         -0.04   -0.04   library hold time
                                 -0.04   data required time
-----------------------------------------------------------------------------
                                 -0.04   data required time
                                 -0.51   data arrival time
-----------------------------------------------------------------------------
                                  0.55   slack (MET)


Startpoint: _3125_ (rising edge-triggered flip-flop clocked by clk)
Endpoint: _3125_ (rising edge-triggered flip-flop clocked by clk)
Path Group: clk
Path Type: min

Fanout     Cap    Slew   Delay    Time   Description
-----------------------------------------------------------------------------
                  0.00    0.00    0.00   clock clk (rise edge)
                          0.00    0.00   clock network delay (ideal)
                  0.00    0.00    0.00 ^ _3125_/CLK (sky130_fd_sc_hd__dfrtp_2)
     2    0.00    0.04    0.32    0.32 ^ _3125_/Q (sky130_fd_sc_hd__dfrtp_2)
                                         reg_file.registers[5][31] (net)
                  0.04    0.00    0.32 ^ _1514_/A (sky130_fd_sc_hd__and2_2)
     1    0.00    0.03    0.12    0.44 ^ _1514_/X (sky130_fd_sc_hd__and2_2)
                                         _0394_ (net)
                  0.03    0.00    0.44 ^ _1515_/A (sky130_fd_sc_hd__buf_1)
     1    0.00    0.04    0.07    0.51 ^ _1515_/X (sky130_fd_sc_hd__buf_1)
                                         _0348_ (net)
                  0.04    0.00    0.51 ^ _3125_/D (sky130_fd_sc_hd__dfrtp_2)
                                  0.51   data arrival time

                  0.00    0.00    0.00   clock clk (rise edge)
                          0.00    0.00   clock network delay (ideal)
                          0.00    0.00   clock reconvergence pessimism
                                  0.00 ^ _3125_/CLK (sky130_fd_sc_hd__dfrtp_2)
                         -0.04   -0.04   library hold time
                                 -0.04   data required time
-----------------------------------------------------------------------------
                                 -0.04   data required time
                                 -0.51   data arrival time
-----------------------------------------------------------------------------
                                  0.55   slack (MET)


Startpoint: _3099_ (rising edge-triggered flip-flop clocked by clk)
Endpoint: _3099_ (rising edge-triggered flip-flop clocked by clk)
Path Group: clk
Path Type: min

Fanout     Cap    Slew   Delay    Time   Description
-----------------------------------------------------------------------------
                  0.00    0.00    0.00   clock clk (rise edge)
                          0.00    0.00   clock network delay (ideal)
                  0.00    0.00    0.00 ^ _3099_/CLK (sky130_fd_sc_hd__dfrtp_2)
     2    0.00    0.05    0.32    0.32 ^ _3099_/Q (sky130_fd_sc_hd__dfrtp_2)
                                         reg_file.registers[5][5] (net)
                  0.05    0.00    0.32 ^ _1568_/A (sky130_fd_sc_hd__and2_2)
     1    0.00    0.03    0.12    0.44 ^ _1568_/X (sky130_fd_sc_hd__and2_2)
                                         _0422_ (net)
                  0.03    0.00    0.44 ^ _1569_/A (sky130_fd_sc_hd__buf_1)
     1    0.00    0.04    0.07    0.51 ^ _1569_/X (sky130_fd_sc_hd__buf_1)
                                         _0322_ (net)
                  0.04    0.00    0.51 ^ _3099_/D (sky130_fd_sc_hd__dfrtp_2)
                                  0.51   data arrival time

                  0.00    0.00    0.00   clock clk (rise edge)
                          0.00    0.00   clock network delay (ideal)
                          0.00    0.00   clock reconvergence pessimism
                                  0.00 ^ _3099_/CLK (sky130_fd_sc_hd__dfrtp_2)
                         -0.04   -0.04   library hold time
                                 -0.04   data required time
-----------------------------------------------------------------------------
                                 -0.04   data required time
                                 -0.51   data arrival time
-----------------------------------------------------------------------------
                                  0.55   slack (MET)


Startpoint: _3100_ (rising edge-triggered flip-flop clocked by clk)
Endpoint: _3100_ (rising edge-triggered flip-flop clocked by clk)
Path Group: clk
Path Type: min

Fanout     Cap    Slew   Delay    Time   Description
-----------------------------------------------------------------------------
                  0.00    0.00    0.00   clock clk (rise edge)
                          0.00    0.00   clock network delay (ideal)
                  0.00    0.00    0.00 ^ _3100_/CLK (sky130_fd_sc_hd__dfrtp_2)
     2    0.00    0.05    0.32    0.32 ^ _3100_/Q (sky130_fd_sc_hd__dfrtp_2)
                                         reg_file.registers[5][6] (net)
                  0.05    0.00    0.32 ^ _1566_/A (sky130_fd_sc_hd__and2_2)
     1    0.00    0.03    0.12    0.44 ^ _1566_/X (sky130_fd_sc_hd__and2_2)
                                         _0421_ (net)
                  0.03    0.00    0.44 ^ _1567_/A (sky130_fd_sc_hd__buf_1)
     1    0.00    0.04    0.07    0.51 ^ _1567_/X (sky130_fd_sc_hd__buf_1)
                                         _0323_ (net)
                  0.04    0.00    0.51 ^ _3100_/D (sky130_fd_sc_hd__dfrtp_2)
                                  0.51   data arrival time

                  0.00    0.00    0.00   clock clk (rise edge)
                          0.00    0.00   clock network delay (ideal)
                          0.00    0.00   clock reconvergence pessimism
                                  0.00 ^ _3100_/CLK (sky130_fd_sc_hd__dfrtp_2)
                         -0.04   -0.04   library hold time
                                 -0.04   data required time
-----------------------------------------------------------------------------
                                 -0.04   data required time
                                 -0.51   data arrival time
-----------------------------------------------------------------------------
                                  0.55   slack (MET)


Startpoint: _3104_ (rising edge-triggered flip-flop clocked by clk)
Endpoint: _3104_ (rising edge-triggered flip-flop clocked by clk)
Path Group: clk
Path Type: min

Fanout     Cap    Slew   Delay    Time   Description
-----------------------------------------------------------------------------
                  0.00    0.00    0.00   clock clk (rise edge)
                          0.00    0.00   clock network delay (ideal)
                  0.00    0.00    0.00 ^ _3104_/CLK (sky130_fd_sc_hd__dfrtp_2)
     2    0.00    0.05    0.32    0.32 ^ _3104_/Q (sky130_fd_sc_hd__dfrtp_2)
                                         reg_file.registers[5][10] (net)
                  0.05    0.00    0.32 ^ _1558_/A (sky130_fd_sc_hd__and2_2)
     1    0.00    0.03    0.12    0.44 ^ _1558_/X (sky130_fd_sc_hd__and2_2)
                                         _0417_ (net)
                  0.03    0.00    0.44 ^ _1559_/A (sky130_fd_sc_hd__buf_1)
     1    0.00    0.04    0.07    0.51 ^ _1559_/X (sky130_fd_sc_hd__buf_1)
                                         _0327_ (net)
                  0.04    0.00    0.51 ^ _3104_/D (sky130_fd_sc_hd__dfrtp_2)
                                  0.51   data arrival time

                  0.00    0.00    0.00   clock clk (rise edge)
                          0.00    0.00   clock network delay (ideal)
                          0.00    0.00   clock reconvergence pessimism
                                  0.00 ^ _3104_/CLK (sky130_fd_sc_hd__dfrtp_2)
                         -0.04   -0.04   library hold time
                                 -0.04   data required time
-----------------------------------------------------------------------------
                                 -0.04   data required time
                                 -0.51   data arrival time
-----------------------------------------------------------------------------
                                  0.55   slack (MET)


Startpoint: _3107_ (rising edge-triggered flip-flop clocked by clk)
Endpoint: _3107_ (rising edge-triggered flip-flop clocked by clk)
Path Group: clk
Path Type: min

Fanout     Cap    Slew   Delay    Time   Description
-----------------------------------------------------------------------------
                  0.00    0.00    0.00   clock clk (rise edge)
                          0.00    0.00   clock network delay (ideal)
                  0.00    0.00    0.00 ^ _3107_/CLK (sky130_fd_sc_hd__dfrtp_2)
     2    0.00    0.05    0.32    0.32 ^ _3107_/Q (sky130_fd_sc_hd__dfrtp_2)
                                         reg_file.registers[5][13] (net)
                  0.05    0.00    0.32 ^ _1551_/A (sky130_fd_sc_hd__and2_2)
     1    0.00    0.03    0.12    0.44 ^ _1551_/X (sky130_fd_sc_hd__and2_2)
                                         _0413_ (net)
                  0.03    0.00    0.44 ^ _1552_/A (sky130_fd_sc_hd__buf_1)
     1    0.00    0.04    0.07    0.51 ^ _1552_/X (sky130_fd_sc_hd__buf_1)
                                         _0330_ (net)
                  0.04    0.00    0.51 ^ _3107_/D (sky130_fd_sc_hd__dfrtp_2)
                                  0.51   data arrival time

                  0.00    0.00    0.00   clock clk (rise edge)
                          0.00    0.00   clock network delay (ideal)
                          0.00    0.00   clock reconvergence pessimism
                                  0.00 ^ _3107_/CLK (sky130_fd_sc_hd__dfrtp_2)
                         -0.04   -0.04   library hold time
                                 -0.04   data required time
-----------------------------------------------------------------------------
                                 -0.04   data required time
                                 -0.51   data arrival time
-----------------------------------------------------------------------------
                                  0.55   slack (MET)


Startpoint: _3112_ (rising edge-triggered flip-flop clocked by clk)
Endpoint: _3112_ (rising edge-triggered flip-flop clocked by clk)
Path Group: clk
Path Type: min

Fanout     Cap    Slew   Delay    Time   Description
-----------------------------------------------------------------------------
                  0.00    0.00    0.00   clock clk (rise edge)
                          0.00    0.00   clock network delay (ideal)
                  0.00    0.00    0.00 ^ _3112_/CLK (sky130_fd_sc_hd__dfrtp_2)
     2    0.00    0.05    0.32    0.32 ^ _3112_/Q (sky130_fd_sc_hd__dfrtp_2)
                                         reg_file.registers[5][18] (net)
                  0.05    0.00    0.32 ^ _1541_/A (sky130_fd_sc_hd__and2_2)
     1    0.00    0.03    0.12    0.44 ^ _1541_/X (sky130_fd_sc_hd__and2_2)
                                         _0408_ (net)
                  0.03    0.00    0.44 ^ _1542_/A (sky130_fd_sc_hd__buf_1)
     1    0.00    0.04    0.07    0.51 ^ _1542_/X (sky130_fd_sc_hd__buf_1)
                                         _0335_ (net)
                  0.04    0.00    0.51 ^ _3112_/D (sky130_fd_sc_hd__dfrtp_2)
                                  0.51   data arrival time

                  0.00    0.00    0.00   clock clk (rise edge)
                          0.00    0.00   clock network delay (ideal)
                          0.00    0.00   clock reconvergence pessimism
                                  0.00 ^ _3112_/CLK (sky130_fd_sc_hd__dfrtp_2)
                         -0.04   -0.04   library hold time
                                 -0.04   data required time
-----------------------------------------------------------------------------
                                 -0.04   data required time
                                 -0.51   data arrival time
-----------------------------------------------------------------------------
                                  0.55   slack (MET)


Startpoint: _3119_ (rising edge-triggered flip-flop clocked by clk)
Endpoint: _3119_ (rising edge-triggered flip-flop clocked by clk)
Path Group: clk
Path Type: min

Fanout     Cap    Slew   Delay    Time   Description
-----------------------------------------------------------------------------
                  0.00    0.00    0.00   clock clk (rise edge)
                          0.00    0.00   clock network delay (ideal)
                  0.00    0.00    0.00 ^ _3119_/CLK (sky130_fd_sc_hd__dfrtp_2)
     2    0.00    0.05    0.32    0.32 ^ _3119_/Q (sky130_fd_sc_hd__dfrtp_2)
                                         reg_file.registers[5][25] (net)
                  0.05    0.00    0.32 ^ _1526_/A (sky130_fd_sc_hd__and2_2)
     1    0.00    0.03    0.12    0.44 ^ _1526_/X (sky130_fd_sc_hd__and2_2)
                                         _0400_ (net)
                  0.03    0.00    0.44 ^ _1527_/A (sky130_fd_sc_hd__buf_1)
     1    0.00    0.04    0.07    0.51 ^ _1527_/X (sky130_fd_sc_hd__buf_1)
                                         _0342_ (net)
                  0.04    0.00    0.51 ^ _3119_/D (sky130_fd_sc_hd__dfrtp_2)
                                  0.51   data arrival time

                  0.00    0.00    0.00   clock clk (rise edge)
                          0.00    0.00   clock network delay (ideal)
                          0.00    0.00   clock reconvergence pessimism
                                  0.00 ^ _3119_/CLK (sky130_fd_sc_hd__dfrtp_2)
                         -0.04   -0.04   library hold time
                                 -0.04   data required time
-----------------------------------------------------------------------------
                                 -0.04   data required time
                                 -0.51   data arrival time
-----------------------------------------------------------------------------
                                  0.55   slack (MET)


Startpoint: _3129_ (rising edge-triggered flip-flop clocked by clk)
Endpoint: _3129_ (rising edge-triggered flip-flop clocked by clk)
Path Group: clk
Path Type: min

Fanout     Cap    Slew   Delay    Time   Description
-----------------------------------------------------------------------------
                  0.00    0.00    0.00   clock clk (rise edge)
                          0.00    0.00   clock network delay (ideal)
                  0.00    0.00    0.00 ^ _3129_/CLK (sky130_fd_sc_hd__dfrtp_2)
     4    0.01    0.08    0.36    0.36 ^ _3129_/Q (sky130_fd_sc_hd__dfrtp_2)
                                         reg_file.registers[2][4] (net)
                  0.08    0.00    0.36 ^ _1484_/A (sky130_fd_sc_hd__buf_1)
     1    0.00    0.04    0.09    0.44 ^ _1484_/X (sky130_fd_sc_hd__buf_1)
                                         _0368_ (net)
                  0.04    0.00    0.44 ^ _1485_/A (sky130_fd_sc_hd__buf_1)
     1    0.00    0.04    0.07    0.51 ^ _1485_/X (sky130_fd_sc_hd__buf_1)
                                         _0352_ (net)
                  0.04    0.00    0.51 ^ _3129_/D (sky130_fd_sc_hd__dfrtp_2)
                                  0.51   data arrival time

                  0.00    0.00    0.00   clock clk (rise edge)
                          0.00    0.00   clock network delay (ideal)
                          0.00    0.00   clock reconvergence pessimism
                                  0.00 ^ _3129_/CLK (sky130_fd_sc_hd__dfrtp_2)
                         -0.04   -0.04   library hold time
                                 -0.04   data required time
-----------------------------------------------------------------------------
                                 -0.04   data required time
                                 -0.51   data arrival time
-----------------------------------------------------------------------------
                                  0.55   slack (MET)


Startpoint: _3154_ (rising edge-triggered flip-flop clocked by clk)
Endpoint: _3133_ (rising edge-triggered flip-flop clocked by clk)
Path Group: clk
Path Type: min

Fanout     Cap    Slew   Delay    Time   Description
-----------------------------------------------------------------------------
                  0.00    0.00    0.00   clock clk (rise edge)
                          0.00    0.00   clock network delay (ideal)
                  0.00    0.00    0.00 ^ _3154_/CLK (sky130_fd_sc_hd__dfxtp_2)
     3    0.01    0.04    0.30    0.30 v _3154_/Q (sky130_fd_sc_hd__dfxtp_2)
                                         display.counter[19] (net)
                  0.04    0.00    0.30 v _2757_/A (sky130_fd_sc_hd__nand2_2)
     5    0.02    0.11    0.10    0.40 ^ _2757_/Y (sky130_fd_sc_hd__nand2_2)
                                         _1446_ (net)
                  0.11    0.00    0.40 ^ _2956_/A2 (sky130_fd_sc_hd__o21a_2)
     1    0.00    0.03    0.12    0.52 ^ _2956_/X (sky130_fd_sc_hd__o21a_2)
                                         _0356_ (net)
                  0.03    0.00    0.52 ^ _3133_/D (sky130_fd_sc_hd__dfxtp_2)
                                  0.52   data arrival time

                  0.00    0.00    0.00   clock clk (rise edge)
                          0.00    0.00   clock network delay (ideal)
                          0.00    0.00   clock reconvergence pessimism
                                  0.00 ^ _3133_/CLK (sky130_fd_sc_hd__dfxtp_2)
                         -0.03   -0.03   library hold time
                                 -0.03   data required time
-----------------------------------------------------------------------------
                                 -0.03   data required time
                                 -0.52   data arrival time
-----------------------------------------------------------------------------
                                  0.55   slack (MET)


Startpoint: _3154_ (rising edge-triggered flip-flop clocked by clk)
Endpoint: _3134_ (rising edge-triggered flip-flop clocked by clk)
Path Group: clk
Path Type: min

Fanout     Cap    Slew   Delay    Time   Description
-----------------------------------------------------------------------------
                  0.00    0.00    0.00   clock clk (rise edge)
                          0.00    0.00   clock network delay (ideal)
                  0.00    0.00    0.00 ^ _3154_/CLK (sky130_fd_sc_hd__dfxtp_2)
     3    0.01    0.04    0.30    0.30 v _3154_/Q (sky130_fd_sc_hd__dfxtp_2)
                                         display.counter[19] (net)
                  0.04    0.00    0.30 v _2757_/A (sky130_fd_sc_hd__nand2_2)
     5    0.02    0.11    0.10    0.40 ^ _2757_/Y (sky130_fd_sc_hd__nand2_2)
                                         _1446_ (net)
                  0.11    0.00    0.40 ^ _2959_/A2 (sky130_fd_sc_hd__o21a_2)
     1    0.00    0.03    0.12    0.52 ^ _2959_/X (sky130_fd_sc_hd__o21a_2)
                                         _0357_ (net)
                  0.03    0.00    0.52 ^ _3134_/D (sky130_fd_sc_hd__dfxtp_2)
                                  0.52   data arrival time

                  0.00    0.00    0.00   clock clk (rise edge)
                          0.00    0.00   clock network delay (ideal)
                          0.00    0.00   clock reconvergence pessimism
                                  0.00 ^ _3134_/CLK (sky130_fd_sc_hd__dfxtp_2)
                         -0.03   -0.03   library hold time
                                 -0.03   data required time
-----------------------------------------------------------------------------
                                 -0.03   data required time
                                 -0.52   data arrival time
-----------------------------------------------------------------------------
                                  0.55   slack (MET)


Startpoint: _3065_ (rising edge-triggered flip-flop clocked by clk)
Endpoint: _3065_ (rising edge-triggered flip-flop clocked by clk)
Path Group: clk
Path Type: min

Fanout     Cap    Slew   Delay    Time   Description
-----------------------------------------------------------------------------
                  0.00    0.00    0.00   clock clk (rise edge)
                          0.00    0.00   clock network delay (ideal)
                  0.00    0.00    0.00 ^ _3065_/CLK (sky130_fd_sc_hd__dfrtp_2)
     5    0.01    0.07    0.35    0.35 ^ _3065_/Q (sky130_fd_sc_hd__dfrtp_2)
                                         reg_file.registers[10][3] (net)
                  0.07    0.00    0.35 ^ _1640_/A (sky130_fd_sc_hd__or2b_2)
     1    0.00    0.03    0.10    0.45 ^ _1640_/X (sky130_fd_sc_hd__or2b_2)
                                         _0460_ (net)
                  0.03    0.00    0.45 ^ _1641_/A (sky130_fd_sc_hd__buf_1)
     1    0.00    0.04    0.07    0.52 ^ _1641_/X (sky130_fd_sc_hd__buf_1)
                                         _0288_ (net)
                  0.04    0.00    0.52 ^ _3065_/D (sky130_fd_sc_hd__dfrtp_2)
                                  0.52   data arrival time

                  0.00    0.00    0.00   clock clk (rise edge)
                          0.00    0.00   clock network delay (ideal)
                          0.00    0.00   clock reconvergence pessimism
                                  0.00 ^ _3065_/CLK (sky130_fd_sc_hd__dfrtp_2)
                         -0.04   -0.04   library hold time
                                 -0.04   data required time
-----------------------------------------------------------------------------
                                 -0.04   data required time
                                 -0.52   data arrival time
-----------------------------------------------------------------------------
                                  0.56   slack (MET)


Startpoint: _3058_ (rising edge-triggered flip-flop clocked by clk)
Endpoint: _3058_ (rising edge-triggered flip-flop clocked by clk)
Path Group: clk
Path Type: min

Fanout     Cap    Slew   Delay    Time   Description
-----------------------------------------------------------------------------
                  0.00    0.00    0.00   clock clk (rise edge)
                          0.00    0.00   clock network delay (ideal)
                  0.00    0.00    0.00 ^ _3058_/CLK (sky130_fd_sc_hd__dfrtp_2)
     2    0.00    0.05    0.32    0.32 ^ _3058_/Q (sky130_fd_sc_hd__dfrtp_2)
                                         reg_file.registers[11][28] (net)
                  0.05    0.00    0.32 ^ _2235_/A0 (sky130_fd_sc_hd__mux2_2)
     1    0.00    0.03    0.13    0.45 ^ _2235_/X (sky130_fd_sc_hd__mux2_2)
                                         _1048_ (net)
                  0.03    0.00    0.45 ^ _2236_/A (sky130_fd_sc_hd__buf_1)
     1    0.00    0.04    0.07    0.52 ^ _2236_/X (sky130_fd_sc_hd__buf_1)
                                         _0281_ (net)
                  0.04    0.00    0.52 ^ _3058_/D (sky130_fd_sc_hd__dfrtp_2)
                                  0.52   data arrival time

                  0.00    0.00    0.00   clock clk (rise edge)
                          0.00    0.00   clock network delay (ideal)
                          0.00    0.00   clock reconvergence pessimism
                                  0.00 ^ _3058_/CLK (sky130_fd_sc_hd__dfrtp_2)
                         -0.04   -0.04   library hold time
                                 -0.04   data required time
-----------------------------------------------------------------------------
                                 -0.04   data required time
                                 -0.52   data arrival time
-----------------------------------------------------------------------------
                                  0.56   slack (MET)


Startpoint: _3059_ (rising edge-triggered flip-flop clocked by clk)
Endpoint: _3059_ (rising edge-triggered flip-flop clocked by clk)
Path Group: clk
Path Type: min

Fanout     Cap    Slew   Delay    Time   Description
-----------------------------------------------------------------------------
                  0.00    0.00    0.00   clock clk (rise edge)
                          0.00    0.00   clock network delay (ideal)
                  0.00    0.00    0.00 ^ _3059_/CLK (sky130_fd_sc_hd__dfrtp_2)
     2    0.00    0.05    0.32    0.32 ^ _3059_/Q (sky130_fd_sc_hd__dfrtp_2)
                                         reg_file.registers[11][29] (net)
                  0.05    0.00    0.32 ^ _2202_/A0 (sky130_fd_sc_hd__mux2_2)
     1    0.00    0.03    0.13    0.45 ^ _2202_/X (sky130_fd_sc_hd__mux2_2)
                                         _1016_ (net)
                  0.03    0.00    0.45 ^ _2203_/A (sky130_fd_sc_hd__buf_1)
     1    0.00    0.04    0.07    0.52 ^ _2203_/X (sky130_fd_sc_hd__buf_1)
                                         _0282_ (net)
                  0.04    0.00    0.52 ^ _3059_/D (sky130_fd_sc_hd__dfrtp_2)
                                  0.52   data arrival time

                  0.00    0.00    0.00   clock clk (rise edge)
                          0.00    0.00   clock network delay (ideal)
                          0.00    0.00   clock reconvergence pessimism
                                  0.00 ^ _3059_/CLK (sky130_fd_sc_hd__dfrtp_2)
                         -0.04   -0.04   library hold time
                                 -0.04   data required time
-----------------------------------------------------------------------------
                                 -0.04   data required time
                                 -0.52   data arrival time
-----------------------------------------------------------------------------
                                  0.56   slack (MET)


Startpoint: _3061_ (rising edge-triggered flip-flop clocked by clk)
Endpoint: _3061_ (rising edge-triggered flip-flop clocked by clk)
Path Group: clk
Path Type: min

Fanout     Cap    Slew   Delay    Time   Description
-----------------------------------------------------------------------------
                  0.00    0.00    0.00   clock clk (rise edge)
                          0.00    0.00   clock network delay (ideal)
                  0.00    0.00    0.00 ^ _3061_/CLK (sky130_fd_sc_hd__dfrtp_2)
     2    0.00    0.05    0.32    0.32 ^ _3061_/Q (sky130_fd_sc_hd__dfrtp_2)
                                         reg_file.registers[11][31] (net)
                  0.05    0.00    0.32 ^ _2118_/A0 (sky130_fd_sc_hd__mux2_2)
     1    0.00    0.03    0.13    0.45 ^ _2118_/X (sky130_fd_sc_hd__mux2_2)
                                         _0934_ (net)
                  0.03    0.00    0.45 ^ _2119_/A (sky130_fd_sc_hd__buf_1)
     1    0.00    0.04    0.07    0.52 ^ _2119_/X (sky130_fd_sc_hd__buf_1)
                                         _0284_ (net)
                  0.04    0.00    0.52 ^ _3061_/D (sky130_fd_sc_hd__dfrtp_2)
                                  0.52   data arrival time

                  0.00    0.00    0.00   clock clk (rise edge)
                          0.00    0.00   clock network delay (ideal)
                          0.00    0.00   clock reconvergence pessimism
                                  0.00 ^ _3061_/CLK (sky130_fd_sc_hd__dfrtp_2)
                         -0.04   -0.04   library hold time
                                 -0.04   data required time
-----------------------------------------------------------------------------
                                 -0.04   data required time
                                 -0.52   data arrival time
-----------------------------------------------------------------------------
                                  0.56   slack (MET)


Startpoint: _3094_ (rising edge-triggered flip-flop clocked by clk)
Endpoint: _3094_ (rising edge-triggered flip-flop clocked by clk)
Path Group: clk
Path Type: min

Fanout     Cap    Slew   Delay    Time   Description
-----------------------------------------------------------------------------
                  0.00    0.00    0.00   clock clk (rise edge)
                          0.00    0.00   clock network delay (ideal)
                  0.00    0.00    0.00 ^ _3094_/CLK (sky130_fd_sc_hd__dfrtp_2)
     2    0.01    0.05    0.33    0.33 ^ _3094_/Q (sky130_fd_sc_hd__dfrtp_2)
                                         reg_file.registers[5][0] (net)
                  0.05    0.00    0.33 ^ _1578_/A (sky130_fd_sc_hd__and2_2)
     1    0.00    0.03    0.12    0.45 ^ _1578_/X (sky130_fd_sc_hd__and2_2)
                                         _0427_ (net)
                  0.03    0.00    0.45 ^ _1579_/A (sky130_fd_sc_hd__buf_1)
     1    0.00    0.04    0.07    0.52 ^ _1579_/X (sky130_fd_sc_hd__buf_1)
                                         _0317_ (net)
                  0.04    0.00    0.52 ^ _3094_/D (sky130_fd_sc_hd__dfrtp_2)
                                  0.52   data arrival time

                  0.00    0.00    0.00   clock clk (rise edge)
                          0.00    0.00   clock network delay (ideal)
                          0.00    0.00   clock reconvergence pessimism
                                  0.00 ^ _3094_/CLK (sky130_fd_sc_hd__dfrtp_2)
                         -0.04   -0.04   library hold time
                                 -0.04   data required time
-----------------------------------------------------------------------------
                                 -0.04   data required time
                                 -0.52   data arrival time
-----------------------------------------------------------------------------
                                  0.56   slack (MET)


Startpoint: _3124_ (rising edge-triggered flip-flop clocked by clk)
Endpoint: _3124_ (rising edge-triggered flip-flop clocked by clk)
Path Group: clk
Path Type: min

Fanout     Cap    Slew   Delay    Time   Description
-----------------------------------------------------------------------------
                  0.00    0.00    0.00   clock clk (rise edge)
                          0.00    0.00   clock network delay (ideal)
                  0.00    0.00    0.00 ^ _3124_/CLK (sky130_fd_sc_hd__dfrtp_2)
     2    0.01    0.05    0.33    0.33 ^ _3124_/Q (sky130_fd_sc_hd__dfrtp_2)
                                         reg_file.registers[5][30] (net)
                  0.05    0.00    0.33 ^ _1516_/A (sky130_fd_sc_hd__and2_2)
     1    0.00    0.03    0.12    0.45 ^ _1516_/X (sky130_fd_sc_hd__and2_2)
                                         _0395_ (net)
                  0.03    0.00    0.45 ^ _1517_/A (sky130_fd_sc_hd__buf_1)
     1    0.00    0.04    0.07    0.52 ^ _1517_/X (sky130_fd_sc_hd__buf_1)
                                         _0347_ (net)
                  0.04    0.00    0.52 ^ _3124_/D (sky130_fd_sc_hd__dfrtp_2)
                                  0.52   data arrival time

                  0.00    0.00    0.00   clock clk (rise edge)
                          0.00    0.00   clock network delay (ideal)
                          0.00    0.00   clock reconvergence pessimism
                                  0.00 ^ _3124_/CLK (sky130_fd_sc_hd__dfrtp_2)
                         -0.04   -0.04   library hold time
                                 -0.04   data required time
-----------------------------------------------------------------------------
                                 -0.04   data required time
                                 -0.52   data arrival time
-----------------------------------------------------------------------------
                                  0.56   slack (MET)


Startpoint: _3086_ (rising edge-triggered flip-flop clocked by clk)
Endpoint: _3086_ (rising edge-triggered flip-flop clocked by clk)
Path Group: clk
Path Type: min

Fanout     Cap    Slew   Delay    Time   Description
-----------------------------------------------------------------------------
                  0.00    0.00    0.00   clock clk (rise edge)
                          0.00    0.00   clock network delay (ideal)
                  0.00    0.00    0.00 ^ _3086_/CLK (sky130_fd_sc_hd__dfrtp_2)
     3    0.01    0.06    0.33    0.33 ^ _3086_/Q (sky130_fd_sc_hd__dfrtp_2)
                                         reg_file.registers[10][24] (net)
                  0.06    0.00    0.33 ^ _1596_/A (sky130_fd_sc_hd__and2_2)
     1    0.00    0.03    0.12    0.46 ^ _1596_/X (sky130_fd_sc_hd__and2_2)
                                         _0437_ (net)
                  0.03    0.00    0.46 ^ _1597_/A (sky130_fd_sc_hd__buf_1)
     1    0.00    0.04    0.07    0.53 ^ _1597_/X (sky130_fd_sc_hd__buf_1)
                                         _0309_ (net)
                  0.04    0.00    0.53 ^ _3086_/D (sky130_fd_sc_hd__dfrtp_2)
                                  0.53   data arrival time

                  0.00    0.00    0.00   clock clk (rise edge)
                          0.00    0.00   clock network delay (ideal)
                          0.00    0.00   clock reconvergence pessimism
                                  0.00 ^ _3086_/CLK (sky130_fd_sc_hd__dfrtp_2)
                         -0.04   -0.04   library hold time
                                 -0.04   data required time
-----------------------------------------------------------------------------
                                 -0.04   data required time
                                 -0.53   data arrival time
-----------------------------------------------------------------------------
                                  0.57   slack (MET)


Startpoint: _3087_ (rising edge-triggered flip-flop clocked by clk)
Endpoint: _3087_ (rising edge-triggered flip-flop clocked by clk)
Path Group: clk
Path Type: min

Fanout     Cap    Slew   Delay    Time   Description
-----------------------------------------------------------------------------
                  0.00    0.00    0.00   clock clk (rise edge)
                          0.00    0.00   clock network delay (ideal)
                  0.00    0.00    0.00 ^ _3087_/CLK (sky130_fd_sc_hd__dfrtp_2)
     3    0.01    0.06    0.33    0.33 ^ _3087_/Q (sky130_fd_sc_hd__dfrtp_2)
                                         reg_file.registers[10][25] (net)
                  0.06    0.00    0.33 ^ _1594_/A (sky130_fd_sc_hd__and2_2)
     1    0.00    0.03    0.12    0.46 ^ _1594_/X (sky130_fd_sc_hd__and2_2)
                                         _0436_ (net)
                  0.03    0.00    0.46 ^ _1595_/A (sky130_fd_sc_hd__buf_1)
     1    0.00    0.04    0.07    0.53 ^ _1595_/X (sky130_fd_sc_hd__buf_1)
                                         _0310_ (net)
                  0.04    0.00    0.53 ^ _3087_/D (sky130_fd_sc_hd__dfrtp_2)
                                  0.53   data arrival time

                  0.00    0.00    0.00   clock clk (rise edge)
                          0.00    0.00   clock network delay (ideal)
                          0.00    0.00   clock reconvergence pessimism
                                  0.00 ^ _3087_/CLK (sky130_fd_sc_hd__dfrtp_2)
                         -0.04   -0.04   library hold time
                                 -0.04   data required time
-----------------------------------------------------------------------------
                                 -0.04   data required time
                                 -0.53   data arrival time
-----------------------------------------------------------------------------
                                  0.57   slack (MET)


Startpoint: _3088_ (rising edge-triggered flip-flop clocked by clk)
Endpoint: _3088_ (rising edge-triggered flip-flop clocked by clk)
Path Group: clk
Path Type: min

Fanout     Cap    Slew   Delay    Time   Description
-----------------------------------------------------------------------------
                  0.00    0.00    0.00   clock clk (rise edge)
                          0.00    0.00   clock network delay (ideal)
                  0.00    0.00    0.00 ^ _3088_/CLK (sky130_fd_sc_hd__dfrtp_2)
     3    0.01    0.06    0.33    0.33 ^ _3088_/Q (sky130_fd_sc_hd__dfrtp_2)
                                         reg_file.registers[10][26] (net)
                  0.06    0.00    0.33 ^ _1592_/A (sky130_fd_sc_hd__and2_2)
     1    0.00    0.03    0.12    0.46 ^ _1592_/X (sky130_fd_sc_hd__and2_2)
                                         _0435_ (net)
                  0.03    0.00    0.46 ^ _1593_/A (sky130_fd_sc_hd__buf_1)
     1    0.00    0.04    0.07    0.53 ^ _1593_/X (sky130_fd_sc_hd__buf_1)
                                         _0311_ (net)
                  0.04    0.00    0.53 ^ _3088_/D (sky130_fd_sc_hd__dfrtp_2)
                                  0.53   data arrival time

                  0.00    0.00    0.00   clock clk (rise edge)
                          0.00    0.00   clock network delay (ideal)
                          0.00    0.00   clock reconvergence pessimism
                                  0.00 ^ _3088_/CLK (sky130_fd_sc_hd__dfrtp_2)
                         -0.04   -0.04   library hold time
                                 -0.04   data required time
-----------------------------------------------------------------------------
                                 -0.04   data required time
                                 -0.53   data arrival time
-----------------------------------------------------------------------------
                                  0.57   slack (MET)


Startpoint: _3093_ (rising edge-triggered flip-flop clocked by clk)
Endpoint: _3093_ (rising edge-triggered flip-flop clocked by clk)
Path Group: clk
Path Type: min

Fanout     Cap    Slew   Delay    Time   Description
-----------------------------------------------------------------------------
                  0.00    0.00    0.00   clock clk (rise edge)
                          0.00    0.00   clock network delay (ideal)
                  0.00    0.00    0.00 ^ _3093_/CLK (sky130_fd_sc_hd__dfrtp_2)
     3    0.01    0.06    0.33    0.33 ^ _3093_/Q (sky130_fd_sc_hd__dfrtp_2)
                                         reg_file.registers[10][31] (net)
                  0.06    0.00    0.33 ^ _1582_/A (sky130_fd_sc_hd__and2_2)
     1    0.00    0.03    0.12    0.46 ^ _1582_/X (sky130_fd_sc_hd__and2_2)
                                         _0430_ (net)
                  0.03    0.00    0.46 ^ _1583_/A (sky130_fd_sc_hd__buf_1)
     1    0.00    0.04    0.07    0.53 ^ _1583_/X (sky130_fd_sc_hd__buf_1)
                                         _0316_ (net)
                  0.04    0.00    0.53 ^ _3093_/D (sky130_fd_sc_hd__dfrtp_2)
                                  0.53   data arrival time

                  0.00    0.00    0.00   clock clk (rise edge)
                          0.00    0.00   clock network delay (ideal)
                          0.00    0.00   clock reconvergence pessimism
                                  0.00 ^ _3093_/CLK (sky130_fd_sc_hd__dfrtp_2)
                         -0.04   -0.04   library hold time
                                 -0.04   data required time
-----------------------------------------------------------------------------
                                 -0.04   data required time
                                 -0.53   data arrival time
-----------------------------------------------------------------------------
                                  0.57   slack (MET)


Startpoint: _3082_ (rising edge-triggered flip-flop clocked by clk)
Endpoint: _3082_ (rising edge-triggered flip-flop clocked by clk)
Path Group: clk
Path Type: min

Fanout     Cap    Slew   Delay    Time   Description
-----------------------------------------------------------------------------
                  0.00    0.00    0.00   clock clk (rise edge)
                          0.00    0.00   clock network delay (ideal)
                  0.00    0.00    0.00 ^ _3082_/CLK (sky130_fd_sc_hd__dfrtp_2)
     3    0.01    0.06    0.33    0.33 ^ _3082_/Q (sky130_fd_sc_hd__dfrtp_2)
                                         reg_file.registers[10][20] (net)
                  0.06    0.00    0.33 ^ _1605_/A (sky130_fd_sc_hd__and2_2)
     1    0.00    0.03    0.12    0.46 ^ _1605_/X (sky130_fd_sc_hd__and2_2)
                                         _0442_ (net)
                  0.03    0.00    0.46 ^ _1606_/A (sky130_fd_sc_hd__buf_1)
     1    0.00    0.04    0.07    0.53 ^ _1606_/X (sky130_fd_sc_hd__buf_1)
                                         _0305_ (net)
                  0.04    0.00    0.53 ^ _3082_/D (sky130_fd_sc_hd__dfrtp_2)
                                  0.53   data arrival time

                  0.00    0.00    0.00   clock clk (rise edge)
                          0.00    0.00   clock network delay (ideal)
                          0.00    0.00   clock reconvergence pessimism
                                  0.00 ^ _3082_/CLK (sky130_fd_sc_hd__dfrtp_2)
                         -0.04   -0.04   library hold time
                                 -0.04   data required time
-----------------------------------------------------------------------------
                                 -0.04   data required time
                                 -0.53   data arrival time
-----------------------------------------------------------------------------
                                  0.57   slack (MET)


Startpoint: _3062_ (rising edge-triggered flip-flop clocked by clk)
Endpoint: _3062_ (rising edge-triggered flip-flop clocked by clk)
Path Group: clk
Path Type: min

Fanout     Cap    Slew   Delay    Time   Description
-----------------------------------------------------------------------------
                  0.00    0.00    0.00   clock clk (rise edge)
                          0.00    0.00   clock network delay (ideal)
                  0.00    0.00    0.00 ^ _3062_/CLK (sky130_fd_sc_hd__dfrtp_2)
     4    0.01    0.06    0.34    0.34 ^ _3062_/Q (sky130_fd_sc_hd__dfrtp_2)
                                         reg_file.registers[10][0] (net)
                  0.06    0.00    0.34 ^ _1646_/A (sky130_fd_sc_hd__and2_2)
     1    0.00    0.03    0.13    0.46 ^ _1646_/X (sky130_fd_sc_hd__and2_2)
                                         _0463_ (net)
                  0.03    0.00    0.46 ^ _1647_/A (sky130_fd_sc_hd__buf_1)
     1    0.00    0.04    0.07    0.53 ^ _1647_/X (sky130_fd_sc_hd__buf_1)
                                         _0285_ (net)
                  0.04    0.00    0.53 ^ _3062_/D (sky130_fd_sc_hd__dfrtp_2)
                                  0.53   data arrival time

                  0.00    0.00    0.00   clock clk (rise edge)
                          0.00    0.00   clock network delay (ideal)
                          0.00    0.00   clock reconvergence pessimism
                                  0.00 ^ _3062_/CLK (sky130_fd_sc_hd__dfrtp_2)
                         -0.04   -0.04   library hold time
                                 -0.04   data required time
-----------------------------------------------------------------------------
                                 -0.04   data required time
                                 -0.53   data arrival time
-----------------------------------------------------------------------------
                                  0.57   slack (MET)


Startpoint: _3012_ (rising edge-triggered flip-flop clocked by clk)
Endpoint: _3012_ (rising edge-triggered flip-flop clocked by clk)
Path Group: clk
Path Type: min

Fanout     Cap    Slew   Delay    Time   Description
-----------------------------------------------------------------------------
                  0.00    0.00    0.00   clock clk (rise edge)
                          0.00    0.00   clock network delay (ideal)
                  0.00    0.00    0.00 ^ _3012_/CLK (sky130_fd_sc_hd__dfrtp_2)
     3    0.01    0.06    0.34    0.34 ^ _3012_/Q (sky130_fd_sc_hd__dfrtp_2)
                                         reg_file.registers[15][14] (net)
                  0.06    0.00    0.34 ^ _2539_/A (sky130_fd_sc_hd__and2_2)
     1    0.00    0.03    0.13    0.47 ^ _2539_/X (sky130_fd_sc_hd__and2_2)
                                         _1306_ (net)
                  0.03    0.00    0.47 ^ _2540_/A (sky130_fd_sc_hd__buf_1)
     1    0.00    0.04    0.07    0.54 ^ _2540_/X (sky130_fd_sc_hd__buf_1)
                                         _0235_ (net)
                  0.04    0.00    0.54 ^ _3012_/D (sky130_fd_sc_hd__dfrtp_2)
                                  0.54   data arrival time

                  0.00    0.00    0.00   clock clk (rise edge)
                          0.00    0.00   clock network delay (ideal)
                          0.00    0.00   clock reconvergence pessimism
                                  0.00 ^ _3012_/CLK (sky130_fd_sc_hd__dfrtp_2)
                         -0.04   -0.04   library hold time
                                 -0.04   data required time
-----------------------------------------------------------------------------
                                 -0.04   data required time
                                 -0.54   data arrival time
-----------------------------------------------------------------------------
                                  0.58   slack (MET)


Startpoint: _3050_ (rising edge-triggered flip-flop clocked by clk)
Endpoint: _3050_ (rising edge-triggered flip-flop clocked by clk)
Path Group: clk
Path Type: min

Fanout     Cap    Slew   Delay    Time   Description
-----------------------------------------------------------------------------
                  0.00    0.00    0.00   clock clk (rise edge)
                          0.00    0.00   clock network delay (ideal)
                  0.00    0.00    0.00 ^ _3050_/CLK (sky130_fd_sc_hd__dfrtp_2)
     3    0.01    0.06    0.33    0.33 ^ _3050_/Q (sky130_fd_sc_hd__dfrtp_2)
                                         reg_file.registers[11][20] (net)
                  0.06    0.00    0.33 ^ _2360_/A0 (sky130_fd_sc_hd__mux2_2)
     1    0.00    0.03    0.13    0.47 ^ _2360_/X (sky130_fd_sc_hd__mux2_2)
                                         _1165_ (net)
                  0.03    0.00    0.47 ^ _2361_/A (sky130_fd_sc_hd__buf_1)
     1    0.00    0.04    0.07    0.54 ^ _2361_/X (sky130_fd_sc_hd__buf_1)
                                         _0273_ (net)
                  0.04    0.00    0.54 ^ _3050_/D (sky130_fd_sc_hd__dfrtp_2)
                                  0.54   data arrival time

                  0.00    0.00    0.00   clock clk (rise edge)
                          0.00    0.00   clock network delay (ideal)
                          0.00    0.00   clock reconvergence pessimism
                                  0.00 ^ _3050_/CLK (sky130_fd_sc_hd__dfrtp_2)
                         -0.04   -0.04   library hold time
                                 -0.04   data required time
-----------------------------------------------------------------------------
                                 -0.04   data required time
                                 -0.54   data arrival time
-----------------------------------------------------------------------------
                                  0.58   slack (MET)


Startpoint: _3054_ (rising edge-triggered flip-flop clocked by clk)
Endpoint: _3054_ (rising edge-triggered flip-flop clocked by clk)
Path Group: clk
Path Type: min

Fanout     Cap    Slew   Delay    Time   Description
-----------------------------------------------------------------------------
                  0.00    0.00    0.00   clock clk (rise edge)
                          0.00    0.00   clock network delay (ideal)
                  0.00    0.00    0.00 ^ _3054_/CLK (sky130_fd_sc_hd__dfrtp_2)
     3    0.01    0.06    0.33    0.33 ^ _3054_/Q (sky130_fd_sc_hd__dfrtp_2)
                                         reg_file.registers[11][24] (net)
                  0.06    0.00    0.33 ^ _2316_/A0 (sky130_fd_sc_hd__mux2_2)
     1    0.00    0.03    0.13    0.47 ^ _2316_/X (sky130_fd_sc_hd__mux2_2)
                                         _1125_ (net)
                  0.03    0.00    0.47 ^ _2317_/A (sky130_fd_sc_hd__buf_1)
     1    0.00    0.04    0.07    0.54 ^ _2317_/X (sky130_fd_sc_hd__buf_1)
                                         _0277_ (net)
                  0.04    0.00    0.54 ^ _3054_/D (sky130_fd_sc_hd__dfrtp_2)
                                  0.54   data arrival time

                  0.00    0.00    0.00   clock clk (rise edge)
                          0.00    0.00   clock network delay (ideal)
                          0.00    0.00   clock reconvergence pessimism
                                  0.00 ^ _3054_/CLK (sky130_fd_sc_hd__dfrtp_2)
                         -0.04   -0.04   library hold time
                                 -0.04   data required time
-----------------------------------------------------------------------------
                                 -0.04   data required time
                                 -0.54   data arrival time
-----------------------------------------------------------------------------
                                  0.58   slack (MET)


Startpoint: _3055_ (rising edge-triggered flip-flop clocked by clk)
Endpoint: _3055_ (rising edge-triggered flip-flop clocked by clk)
Path Group: clk
Path Type: min

Fanout     Cap    Slew   Delay    Time   Description
-----------------------------------------------------------------------------
                  0.00    0.00    0.00   clock clk (rise edge)
                          0.00    0.00   clock network delay (ideal)
                  0.00    0.00    0.00 ^ _3055_/CLK (sky130_fd_sc_hd__dfrtp_2)
     3    0.01    0.06    0.33    0.33 ^ _3055_/Q (sky130_fd_sc_hd__dfrtp_2)
                                         reg_file.registers[11][25] (net)
                  0.06    0.00    0.33 ^ _2304_/A0 (sky130_fd_sc_hd__mux2_2)
     1    0.00    0.03    0.13    0.47 ^ _2304_/X (sky130_fd_sc_hd__mux2_2)
                                         _1114_ (net)
                  0.03    0.00    0.47 ^ _2305_/A (sky130_fd_sc_hd__buf_1)
     1    0.00    0.04    0.07    0.54 ^ _2305_/X (sky130_fd_sc_hd__buf_1)
                                         _0278_ (net)
                  0.04    0.00    0.54 ^ _3055_/D (sky130_fd_sc_hd__dfrtp_2)
                                  0.54   data arrival time

                  0.00    0.00    0.00   clock clk (rise edge)
                          0.00    0.00   clock network delay (ideal)
                          0.00    0.00   clock reconvergence pessimism
                                  0.00 ^ _3055_/CLK (sky130_fd_sc_hd__dfrtp_2)
                         -0.04   -0.04   library hold time
                                 -0.04   data required time
-----------------------------------------------------------------------------
                                 -0.04   data required time
                                 -0.54   data arrival time
-----------------------------------------------------------------------------
                                  0.58   slack (MET)


Startpoint: _3056_ (rising edge-triggered flip-flop clocked by clk)
Endpoint: _3056_ (rising edge-triggered flip-flop clocked by clk)
Path Group: clk
Path Type: min

Fanout     Cap    Slew   Delay    Time   Description
-----------------------------------------------------------------------------
                  0.00    0.00    0.00   clock clk (rise edge)
                          0.00    0.00   clock network delay (ideal)
                  0.00    0.00    0.00 ^ _3056_/CLK (sky130_fd_sc_hd__dfrtp_2)
     3    0.01    0.06    0.33    0.33 ^ _3056_/Q (sky130_fd_sc_hd__dfrtp_2)
                                         reg_file.registers[11][26] (net)
                  0.06    0.00    0.33 ^ _2291_/A0 (sky130_fd_sc_hd__mux2_2)
     1    0.00    0.03    0.13    0.47 ^ _2291_/X (sky130_fd_sc_hd__mux2_2)
                                         _1102_ (net)
                  0.03    0.00    0.47 ^ _2292_/A (sky130_fd_sc_hd__buf_1)
     1    0.00    0.04    0.07    0.54 ^ _2292_/X (sky130_fd_sc_hd__buf_1)
                                         _0279_ (net)
                  0.04    0.00    0.54 ^ _3056_/D (sky130_fd_sc_hd__dfrtp_2)
                                  0.54   data arrival time

                  0.00    0.00    0.00   clock clk (rise edge)
                          0.00    0.00   clock network delay (ideal)
                          0.00    0.00   clock reconvergence pessimism
                                  0.00 ^ _3056_/CLK (sky130_fd_sc_hd__dfrtp_2)
                         -0.04   -0.04   library hold time
                                 -0.04   data required time
-----------------------------------------------------------------------------
                                 -0.04   data required time
                                 -0.54   data arrival time
-----------------------------------------------------------------------------
                                  0.58   slack (MET)


Startpoint: _3060_ (rising edge-triggered flip-flop clocked by clk)
Endpoint: _3060_ (rising edge-triggered flip-flop clocked by clk)
Path Group: clk
Path Type: min

Fanout     Cap    Slew   Delay    Time   Description
-----------------------------------------------------------------------------
                  0.00    0.00    0.00   clock clk (rise edge)
                          0.00    0.00   clock network delay (ideal)
                  0.00    0.00    0.00 ^ _3060_/CLK (sky130_fd_sc_hd__dfrtp_2)
     3    0.01    0.06    0.33    0.33 ^ _3060_/Q (sky130_fd_sc_hd__dfrtp_2)
                                         reg_file.registers[11][30] (net)
                  0.06    0.00    0.33 ^ _2169_/A0 (sky130_fd_sc_hd__mux2_2)
     1    0.00    0.03    0.13    0.47 ^ _2169_/X (sky130_fd_sc_hd__mux2_2)
                                         _0984_ (net)
                  0.03    0.00    0.47 ^ _2170_/A (sky130_fd_sc_hd__buf_1)
     1    0.00    0.04    0.07    0.54 ^ _2170_/X (sky130_fd_sc_hd__buf_1)
                                         _0283_ (net)
                  0.04    0.00    0.54 ^ _3060_/D (sky130_fd_sc_hd__dfrtp_2)
                                  0.54   data arrival time

                  0.00    0.00    0.00   clock clk (rise edge)
                          0.00    0.00   clock network delay (ideal)
                          0.00    0.00   clock reconvergence pessimism
                                  0.00 ^ _3060_/CLK (sky130_fd_sc_hd__dfrtp_2)
                         -0.04   -0.04   library hold time
                                 -0.04   data required time
-----------------------------------------------------------------------------
                                 -0.04   data required time
                                 -0.54   data arrival time
-----------------------------------------------------------------------------
                                  0.58   slack (MET)


Startpoint: _3030_ (rising edge-triggered flip-flop clocked by clk)
Endpoint: _3030_ (rising edge-triggered flip-flop clocked by clk)
Path Group: clk
Path Type: min

Fanout     Cap    Slew   Delay    Time   Description
-----------------------------------------------------------------------------
                  0.00    0.00    0.00   clock clk (rise edge)
                          0.00    0.00   clock network delay (ideal)
                  0.00    0.00    0.00 ^ _3030_/CLK (sky130_fd_sc_hd__dfrtp_2)
     3    0.01    0.06    0.33    0.33 ^ _3030_/Q (sky130_fd_sc_hd__dfrtp_2)
                                         reg_file.registers[11][0] (net)
                  0.06    0.00    0.33 ^ _2496_/A0 (sky130_fd_sc_hd__mux2_2)
     1    0.00    0.03    0.13    0.47 ^ _2496_/X (sky130_fd_sc_hd__mux2_2)
                                         _1281_ (net)
                  0.03    0.00    0.47 ^ _2497_/A (sky130_fd_sc_hd__buf_1)
     1    0.00    0.04    0.07    0.54 ^ _2497_/X (sky130_fd_sc_hd__buf_1)
                                         _0253_ (net)
                  0.04    0.00    0.54 ^ _3030_/D (sky130_fd_sc_hd__dfrtp_2)
                                  0.54   data arrival time

                  0.00    0.00    0.00   clock clk (rise edge)
                          0.00    0.00   clock network delay (ideal)
                          0.00    0.00   clock reconvergence pessimism
                                  0.00 ^ _3030_/CLK (sky130_fd_sc_hd__dfrtp_2)
                         -0.04   -0.04   library hold time
                                 -0.04   data required time
-----------------------------------------------------------------------------
                                 -0.04   data required time
                                 -0.54   data arrival time
-----------------------------------------------------------------------------
                                  0.58   slack (MET)


Startpoint: _3108_ (rising edge-triggered flip-flop clocked by clk)
Endpoint: _3108_ (rising edge-triggered flip-flop clocked by clk)
Path Group: clk
Path Type: min

Fanout     Cap    Slew   Delay    Time   Description
-----------------------------------------------------------------------------
                  0.00    0.00    0.00   clock clk (rise edge)
                          0.00    0.00   clock network delay (ideal)
                  0.00    0.00    0.00 ^ _3108_/CLK (sky130_fd_sc_hd__dfrtp_2)
     3    0.01    0.06    0.34    0.34 ^ _3108_/Q (sky130_fd_sc_hd__dfrtp_2)
                                         reg_file.registers[5][14] (net)
                  0.06    0.00    0.34 ^ _1549_/A (sky130_fd_sc_hd__and2_2)
     1    0.00    0.03    0.13    0.47 ^ _1549_/X (sky130_fd_sc_hd__and2_2)
                                         _0412_ (net)
                  0.03    0.00    0.47 ^ _1550_/A (sky130_fd_sc_hd__buf_1)
     1    0.00    0.04    0.07    0.54 ^ _1550_/X (sky130_fd_sc_hd__buf_1)
                                         _0331_ (net)
                  0.04    0.00    0.54 ^ _3108_/D (sky130_fd_sc_hd__dfrtp_2)
                                  0.54   data arrival time

                  0.00    0.00    0.00   clock clk (rise edge)
                          0.00    0.00   clock network delay (ideal)
                          0.00    0.00   clock reconvergence pessimism
                                  0.00 ^ _3108_/CLK (sky130_fd_sc_hd__dfrtp_2)
                         -0.04   -0.04   library hold time
                                 -0.04   data required time
-----------------------------------------------------------------------------
                                 -0.04   data required time
                                 -0.54   data arrival time
-----------------------------------------------------------------------------
                                  0.58   slack (MET)


Startpoint: _3067_ (rising edge-triggered flip-flop clocked by clk)
Endpoint: _3067_ (rising edge-triggered flip-flop clocked by clk)
Path Group: clk
Path Type: min

Fanout     Cap    Slew   Delay    Time   Description
-----------------------------------------------------------------------------
                  0.00    0.00    0.00   clock clk (rise edge)
                          0.00    0.00   clock network delay (ideal)
                  0.00    0.00    0.00 ^ _3067_/CLK (sky130_fd_sc_hd__dfrtp_2)
     4    0.01    0.07    0.34    0.34 ^ _3067_/Q (sky130_fd_sc_hd__dfrtp_2)
                                         reg_file.registers[10][5] (net)
                  0.07    0.00    0.34 ^ _1636_/A (sky130_fd_sc_hd__and2_2)
     1    0.00    0.03    0.13    0.47 ^ _1636_/X (sky130_fd_sc_hd__and2_2)
                                         _0458_ (net)
                  0.03    0.00    0.47 ^ _1637_/A (sky130_fd_sc_hd__buf_1)
     1    0.00    0.04    0.07    0.54 ^ _1637_/X (sky130_fd_sc_hd__buf_1)
                                         _0290_ (net)
                  0.04    0.00    0.54 ^ _3067_/D (sky130_fd_sc_hd__dfrtp_2)
                                  0.54   data arrival time

                  0.00    0.00    0.00   clock clk (rise edge)
                          0.00    0.00   clock network delay (ideal)
                          0.00    0.00   clock reconvergence pessimism
                                  0.00 ^ _3067_/CLK (sky130_fd_sc_hd__dfrtp_2)
                         -0.04   -0.04   library hold time
                                 -0.04   data required time
-----------------------------------------------------------------------------
                                 -0.04   data required time
                                 -0.54   data arrival time
-----------------------------------------------------------------------------
                                  0.58   slack (MET)


Startpoint: _3068_ (rising edge-triggered flip-flop clocked by clk)
Endpoint: _3068_ (rising edge-triggered flip-flop clocked by clk)
Path Group: clk
Path Type: min

Fanout     Cap    Slew   Delay    Time   Description
-----------------------------------------------------------------------------
                  0.00    0.00    0.00   clock clk (rise edge)
                          0.00    0.00   clock network delay (ideal)
                  0.00    0.00    0.00 ^ _3068_/CLK (sky130_fd_sc_hd__dfrtp_2)
     4    0.01    0.07    0.34    0.34 ^ _3068_/Q (sky130_fd_sc_hd__dfrtp_2)
                                         reg_file.registers[10][6] (net)
                  0.07    0.00    0.34 ^ _1634_/A (sky130_fd_sc_hd__and2_2)
     1    0.00    0.03    0.13    0.47 ^ _1634_/X (sky130_fd_sc_hd__and2_2)
                                         _0457_ (net)
                  0.03    0.00    0.47 ^ _1635_/A (sky130_fd_sc_hd__buf_1)
     1    0.00    0.04    0.07    0.54 ^ _1635_/X (sky130_fd_sc_hd__buf_1)
                                         _0291_ (net)
                  0.04    0.00    0.54 ^ _3068_/D (sky130_fd_sc_hd__dfrtp_2)
                                  0.54   data arrival time

                  0.00    0.00    0.00   clock clk (rise edge)
                          0.00    0.00   clock network delay (ideal)
                          0.00    0.00   clock reconvergence pessimism
                                  0.00 ^ _3068_/CLK (sky130_fd_sc_hd__dfrtp_2)
                         -0.04   -0.04   library hold time
                                 -0.04   data required time
-----------------------------------------------------------------------------
                                 -0.04   data required time
                                 -0.54   data arrival time
-----------------------------------------------------------------------------
                                  0.58   slack (MET)


Startpoint: _3069_ (rising edge-triggered flip-flop clocked by clk)
Endpoint: _3069_ (rising edge-triggered flip-flop clocked by clk)
Path Group: clk
Path Type: min

Fanout     Cap    Slew   Delay    Time   Description
-----------------------------------------------------------------------------
                  0.00    0.00    0.00   clock clk (rise edge)
                          0.00    0.00   clock network delay (ideal)
                  0.00    0.00    0.00 ^ _3069_/CLK (sky130_fd_sc_hd__dfrtp_2)
     4    0.01    0.07    0.34    0.34 ^ _3069_/Q (sky130_fd_sc_hd__dfrtp_2)
                                         reg_file.registers[10][7] (net)
                  0.07    0.00    0.34 ^ _1632_/A (sky130_fd_sc_hd__and2_2)
     1    0.00    0.03    0.13    0.47 ^ _1632_/X (sky130_fd_sc_hd__and2_2)
                                         _0456_ (net)
                  0.03    0.00    0.47 ^ _1633_/A (sky130_fd_sc_hd__buf_1)
     1    0.00    0.04    0.07    0.54 ^ _1633_/X (sky130_fd_sc_hd__buf_1)
                                         _0292_ (net)
                  0.04    0.00    0.54 ^ _3069_/D (sky130_fd_sc_hd__dfrtp_2)
                                  0.54   data arrival time

                  0.00    0.00    0.00   clock clk (rise edge)
                          0.00    0.00   clock network delay (ideal)
                          0.00    0.00   clock reconvergence pessimism
                                  0.00 ^ _3069_/CLK (sky130_fd_sc_hd__dfrtp_2)
                         -0.04   -0.04   library hold time
                                 -0.04   data required time
-----------------------------------------------------------------------------
                                 -0.04   data required time
                                 -0.54   data arrival time
-----------------------------------------------------------------------------
                                  0.58   slack (MET)


Startpoint: _3070_ (rising edge-triggered flip-flop clocked by clk)
Endpoint: _3070_ (rising edge-triggered flip-flop clocked by clk)
Path Group: clk
Path Type: min

Fanout     Cap    Slew   Delay    Time   Description
-----------------------------------------------------------------------------
                  0.00    0.00    0.00   clock clk (rise edge)
                          0.00    0.00   clock network delay (ideal)
                  0.00    0.00    0.00 ^ _3070_/CLK (sky130_fd_sc_hd__dfrtp_2)
     4    0.01    0.07    0.34    0.34 ^ _3070_/Q (sky130_fd_sc_hd__dfrtp_2)
                                         reg_file.registers[10][8] (net)
                  0.07    0.00    0.34 ^ _1630_/A (sky130_fd_sc_hd__and2_2)
     1    0.00    0.03    0.13    0.47 ^ _1630_/X (sky130_fd_sc_hd__and2_2)
                                         _0455_ (net)
                  0.03    0.00    0.47 ^ _1631_/A (sky130_fd_sc_hd__buf_1)
     1    0.00    0.04    0.07    0.54 ^ _1631_/X (sky130_fd_sc_hd__buf_1)
                                         _0293_ (net)
                  0.04    0.00    0.54 ^ _3070_/D (sky130_fd_sc_hd__dfrtp_2)
                                  0.54   data arrival time

                  0.00    0.00    0.00   clock clk (rise edge)
                          0.00    0.00   clock network delay (ideal)
                          0.00    0.00   clock reconvergence pessimism
                                  0.00 ^ _3070_/CLK (sky130_fd_sc_hd__dfrtp_2)
                         -0.04   -0.04   library hold time
                                 -0.04   data required time
-----------------------------------------------------------------------------
                                 -0.04   data required time
                                 -0.54   data arrival time
-----------------------------------------------------------------------------
                                  0.58   slack (MET)


Startpoint: _3071_ (rising edge-triggered flip-flop clocked by clk)
Endpoint: _3071_ (rising edge-triggered flip-flop clocked by clk)
Path Group: clk
Path Type: min

Fanout     Cap    Slew   Delay    Time   Description
-----------------------------------------------------------------------------
                  0.00    0.00    0.00   clock clk (rise edge)
                          0.00    0.00   clock network delay (ideal)
                  0.00    0.00    0.00 ^ _3071_/CLK (sky130_fd_sc_hd__dfrtp_2)
     4    0.01    0.07    0.34    0.34 ^ _3071_/Q (sky130_fd_sc_hd__dfrtp_2)
                                         reg_file.registers[10][9] (net)
                  0.07    0.00    0.34 ^ _1628_/A (sky130_fd_sc_hd__and2_2)
     1    0.00    0.03    0.13    0.47 ^ _1628_/X (sky130_fd_sc_hd__and2_2)
                                         _0454_ (net)
                  0.03    0.00    0.47 ^ _1629_/A (sky130_fd_sc_hd__buf_1)
     1    0.00    0.04    0.07    0.54 ^ _1629_/X (sky130_fd_sc_hd__buf_1)
                                         _0294_ (net)
                  0.04    0.00    0.54 ^ _3071_/D (sky130_fd_sc_hd__dfrtp_2)
                                  0.54   data arrival time

                  0.00    0.00    0.00   clock clk (rise edge)
                          0.00    0.00   clock network delay (ideal)
                          0.00    0.00   clock reconvergence pessimism
                                  0.00 ^ _3071_/CLK (sky130_fd_sc_hd__dfrtp_2)
                         -0.04   -0.04   library hold time
                                 -0.04   data required time
-----------------------------------------------------------------------------
                                 -0.04   data required time
                                 -0.54   data arrival time
-----------------------------------------------------------------------------
                                  0.58   slack (MET)


Startpoint: _3072_ (rising edge-triggered flip-flop clocked by clk)
Endpoint: _3072_ (rising edge-triggered flip-flop clocked by clk)
Path Group: clk
Path Type: min

Fanout     Cap    Slew   Delay    Time   Description
-----------------------------------------------------------------------------
                  0.00    0.00    0.00   clock clk (rise edge)
                          0.00    0.00   clock network delay (ideal)
                  0.00    0.00    0.00 ^ _3072_/CLK (sky130_fd_sc_hd__dfrtp_2)
     4    0.01    0.07    0.34    0.34 ^ _3072_/Q (sky130_fd_sc_hd__dfrtp_2)
                                         reg_file.registers[10][10] (net)
                  0.07    0.00    0.34 ^ _1626_/A (sky130_fd_sc_hd__and2_2)
     1    0.00    0.03    0.13    0.47 ^ _1626_/X (sky130_fd_sc_hd__and2_2)
                                         _0453_ (net)
                  0.03    0.00    0.47 ^ _1627_/A (sky130_fd_sc_hd__buf_1)
     1    0.00    0.04    0.07    0.54 ^ _1627_/X (sky130_fd_sc_hd__buf_1)
                                         _0295_ (net)
                  0.04    0.00    0.54 ^ _3072_/D (sky130_fd_sc_hd__dfrtp_2)
                                  0.54   data arrival time

                  0.00    0.00    0.00   clock clk (rise edge)
                          0.00    0.00   clock network delay (ideal)
                          0.00    0.00   clock reconvergence pessimism
                                  0.00 ^ _3072_/CLK (sky130_fd_sc_hd__dfrtp_2)
                         -0.04   -0.04   library hold time
                                 -0.04   data required time
-----------------------------------------------------------------------------
                                 -0.04   data required time
                                 -0.54   data arrival time
-----------------------------------------------------------------------------
                                  0.58   slack (MET)


Startpoint: _3073_ (rising edge-triggered flip-flop clocked by clk)
Endpoint: _3073_ (rising edge-triggered flip-flop clocked by clk)
Path Group: clk
Path Type: min

Fanout     Cap    Slew   Delay    Time   Description
-----------------------------------------------------------------------------
                  0.00    0.00    0.00   clock clk (rise edge)
                          0.00    0.00   clock network delay (ideal)
                  0.00    0.00    0.00 ^ _3073_/CLK (sky130_fd_sc_hd__dfrtp_2)
     4    0.01    0.07    0.34    0.34 ^ _3073_/Q (sky130_fd_sc_hd__dfrtp_2)
                                         reg_file.registers[10][11] (net)
                  0.07    0.00    0.34 ^ _1624_/A (sky130_fd_sc_hd__and2_2)
     1    0.00    0.03    0.13    0.47 ^ _1624_/X (sky130_fd_sc_hd__and2_2)
                                         _0452_ (net)
                  0.03    0.00    0.47 ^ _1625_/A (sky130_fd_sc_hd__buf_1)
     1    0.00    0.04    0.07    0.54 ^ _1625_/X (sky130_fd_sc_hd__buf_1)
                                         _0296_ (net)
                  0.04    0.00    0.54 ^ _3073_/D (sky130_fd_sc_hd__dfrtp_2)
                                  0.54   data arrival time

                  0.00    0.00    0.00   clock clk (rise edge)
                          0.00    0.00   clock network delay (ideal)
                          0.00    0.00   clock reconvergence pessimism
                                  0.00 ^ _3073_/CLK (sky130_fd_sc_hd__dfrtp_2)
                         -0.04   -0.04   library hold time
                                 -0.04   data required time
-----------------------------------------------------------------------------
                                 -0.04   data required time
                                 -0.54   data arrival time
-----------------------------------------------------------------------------
                                  0.58   slack (MET)


Startpoint: _3074_ (rising edge-triggered flip-flop clocked by clk)
Endpoint: _3074_ (rising edge-triggered flip-flop clocked by clk)
Path Group: clk
Path Type: min

Fanout     Cap    Slew   Delay    Time   Description
-----------------------------------------------------------------------------
                  0.00    0.00    0.00   clock clk (rise edge)
                          0.00    0.00   clock network delay (ideal)
                  0.00    0.00    0.00 ^ _3074_/CLK (sky130_fd_sc_hd__dfrtp_2)
     4    0.01    0.07    0.34    0.34 ^ _3074_/Q (sky130_fd_sc_hd__dfrtp_2)
                                         reg_file.registers[10][12] (net)
                  0.07    0.00    0.34 ^ _1622_/A (sky130_fd_sc_hd__and2_2)
     1    0.00    0.03    0.13    0.47 ^ _1622_/X (sky130_fd_sc_hd__and2_2)
                                         _0451_ (net)
                  0.03    0.00    0.47 ^ _1623_/A (sky130_fd_sc_hd__buf_1)
     1    0.00    0.04    0.07    0.54 ^ _1623_/X (sky130_fd_sc_hd__buf_1)
                                         _0297_ (net)
                  0.04    0.00    0.54 ^ _3074_/D (sky130_fd_sc_hd__dfrtp_2)
                                  0.54   data arrival time

                  0.00    0.00    0.00   clock clk (rise edge)
                          0.00    0.00   clock network delay (ideal)
                          0.00    0.00   clock reconvergence pessimism
                                  0.00 ^ _3074_/CLK (sky130_fd_sc_hd__dfrtp_2)
                         -0.04   -0.04   library hold time
                                 -0.04   data required time
-----------------------------------------------------------------------------
                                 -0.04   data required time
                                 -0.54   data arrival time
-----------------------------------------------------------------------------
                                  0.58   slack (MET)


Startpoint: _3075_ (rising edge-triggered flip-flop clocked by clk)
Endpoint: _3075_ (rising edge-triggered flip-flop clocked by clk)
Path Group: clk
Path Type: min

Fanout     Cap    Slew   Delay    Time   Description
-----------------------------------------------------------------------------
                  0.00    0.00    0.00   clock clk (rise edge)
                          0.00    0.00   clock network delay (ideal)
                  0.00    0.00    0.00 ^ _3075_/CLK (sky130_fd_sc_hd__dfrtp_2)
     4    0.01    0.07    0.34    0.34 ^ _3075_/Q (sky130_fd_sc_hd__dfrtp_2)
                                         reg_file.registers[10][13] (net)
                  0.07    0.00    0.34 ^ _1620_/A (sky130_fd_sc_hd__and2_2)
     1    0.00    0.03    0.13    0.47 ^ _1620_/X (sky130_fd_sc_hd__and2_2)
                                         _0450_ (net)
                  0.03    0.00    0.47 ^ _1621_/A (sky130_fd_sc_hd__buf_1)
     1    0.00    0.04    0.07    0.54 ^ _1621_/X (sky130_fd_sc_hd__buf_1)
                                         _0298_ (net)
                  0.04    0.00    0.54 ^ _3075_/D (sky130_fd_sc_hd__dfrtp_2)
                                  0.54   data arrival time

                  0.00    0.00    0.00   clock clk (rise edge)
                          0.00    0.00   clock network delay (ideal)
                          0.00    0.00   clock reconvergence pessimism
                                  0.00 ^ _3075_/CLK (sky130_fd_sc_hd__dfrtp_2)
                         -0.04   -0.04   library hold time
                                 -0.04   data required time
-----------------------------------------------------------------------------
                                 -0.04   data required time
                                 -0.54   data arrival time
-----------------------------------------------------------------------------
                                  0.58   slack (MET)


Startpoint: _3076_ (rising edge-triggered flip-flop clocked by clk)
Endpoint: _3076_ (rising edge-triggered flip-flop clocked by clk)
Path Group: clk
Path Type: min

Fanout     Cap    Slew   Delay    Time   Description
-----------------------------------------------------------------------------
                  0.00    0.00    0.00   clock clk (rise edge)
                          0.00    0.00   clock network delay (ideal)
                  0.00    0.00    0.00 ^ _3076_/CLK (sky130_fd_sc_hd__dfrtp_2)
     4    0.01    0.07    0.34    0.34 ^ _3076_/Q (sky130_fd_sc_hd__dfrtp_2)
                                         reg_file.registers[10][14] (net)
                  0.07    0.00    0.34 ^ _1617_/A (sky130_fd_sc_hd__and2_2)
     1    0.00    0.03    0.13    0.47 ^ _1617_/X (sky130_fd_sc_hd__and2_2)
                                         _0448_ (net)
                  0.03    0.00    0.47 ^ _1618_/A (sky130_fd_sc_hd__buf_1)
     1    0.00    0.04    0.07    0.54 ^ _1618_/X (sky130_fd_sc_hd__buf_1)
                                         _0299_ (net)
                  0.04    0.00    0.54 ^ _3076_/D (sky130_fd_sc_hd__dfrtp_2)
                                  0.54   data arrival time

                  0.00    0.00    0.00   clock clk (rise edge)
                          0.00    0.00   clock network delay (ideal)
                          0.00    0.00   clock reconvergence pessimism
                                  0.00 ^ _3076_/CLK (sky130_fd_sc_hd__dfrtp_2)
                         -0.04   -0.04   library hold time
                                 -0.04   data required time
-----------------------------------------------------------------------------
                                 -0.04   data required time
                                 -0.54   data arrival time
-----------------------------------------------------------------------------
                                  0.58   slack (MET)


Startpoint: _3077_ (rising edge-triggered flip-flop clocked by clk)
Endpoint: _3077_ (rising edge-triggered flip-flop clocked by clk)
Path Group: clk
Path Type: min

Fanout     Cap    Slew   Delay    Time   Description
-----------------------------------------------------------------------------
                  0.00    0.00    0.00   clock clk (rise edge)
                          0.00    0.00   clock network delay (ideal)
                  0.00    0.00    0.00 ^ _3077_/CLK (sky130_fd_sc_hd__dfrtp_2)
     4    0.01    0.07    0.34    0.34 ^ _3077_/Q (sky130_fd_sc_hd__dfrtp_2)
                                         reg_file.registers[10][15] (net)
                  0.07    0.00    0.34 ^ _1615_/A (sky130_fd_sc_hd__and2_2)
     1    0.00    0.03    0.13    0.47 ^ _1615_/X (sky130_fd_sc_hd__and2_2)
                                         _0447_ (net)
                  0.03    0.00    0.47 ^ _1616_/A (sky130_fd_sc_hd__buf_1)
     1    0.00    0.04    0.07    0.54 ^ _1616_/X (sky130_fd_sc_hd__buf_1)
                                         _0300_ (net)
                  0.04    0.00    0.54 ^ _3077_/D (sky130_fd_sc_hd__dfrtp_2)
                                  0.54   data arrival time

                  0.00    0.00    0.00   clock clk (rise edge)
                          0.00    0.00   clock network delay (ideal)
                          0.00    0.00   clock reconvergence pessimism
                                  0.00 ^ _3077_/CLK (sky130_fd_sc_hd__dfrtp_2)
                         -0.04   -0.04   library hold time
                                 -0.04   data required time
-----------------------------------------------------------------------------
                                 -0.04   data required time
                                 -0.54   data arrival time
-----------------------------------------------------------------------------
                                  0.58   slack (MET)


Startpoint: _3078_ (rising edge-triggered flip-flop clocked by clk)
Endpoint: _3078_ (rising edge-triggered flip-flop clocked by clk)
Path Group: clk
Path Type: min

Fanout     Cap    Slew   Delay    Time   Description
-----------------------------------------------------------------------------
                  0.00    0.00    0.00   clock clk (rise edge)
                          0.00    0.00   clock network delay (ideal)
                  0.00    0.00    0.00 ^ _3078_/CLK (sky130_fd_sc_hd__dfrtp_2)
     4    0.01    0.07    0.34    0.34 ^ _3078_/Q (sky130_fd_sc_hd__dfrtp_2)
                                         reg_file.registers[10][16] (net)
                  0.07    0.00    0.34 ^ _1613_/A (sky130_fd_sc_hd__and2_2)
     1    0.00    0.03    0.13    0.47 ^ _1613_/X (sky130_fd_sc_hd__and2_2)
                                         _0446_ (net)
                  0.03    0.00    0.47 ^ _1614_/A (sky130_fd_sc_hd__buf_1)
     1    0.00    0.04    0.07    0.54 ^ _1614_/X (sky130_fd_sc_hd__buf_1)
                                         _0301_ (net)
                  0.04    0.00    0.54 ^ _3078_/D (sky130_fd_sc_hd__dfrtp_2)
                                  0.54   data arrival time

                  0.00    0.00    0.00   clock clk (rise edge)
                          0.00    0.00   clock network delay (ideal)
                          0.00    0.00   clock reconvergence pessimism
                                  0.00 ^ _3078_/CLK (sky130_fd_sc_hd__dfrtp_2)
                         -0.04   -0.04   library hold time
                                 -0.04   data required time
-----------------------------------------------------------------------------
                                 -0.04   data required time
                                 -0.54   data arrival time
-----------------------------------------------------------------------------
                                  0.58   slack (MET)


Startpoint: _3079_ (rising edge-triggered flip-flop clocked by clk)
Endpoint: _3079_ (rising edge-triggered flip-flop clocked by clk)
Path Group: clk
Path Type: min

Fanout     Cap    Slew   Delay    Time   Description
-----------------------------------------------------------------------------
                  0.00    0.00    0.00   clock clk (rise edge)
                          0.00    0.00   clock network delay (ideal)
                  0.00    0.00    0.00 ^ _3079_/CLK (sky130_fd_sc_hd__dfrtp_2)
     4    0.01    0.07    0.34    0.34 ^ _3079_/Q (sky130_fd_sc_hd__dfrtp_2)
                                         reg_file.registers[10][17] (net)
                  0.07    0.00    0.34 ^ _1611_/A (sky130_fd_sc_hd__and2_2)
     1    0.00    0.03    0.13    0.47 ^ _1611_/X (sky130_fd_sc_hd__and2_2)
                                         _0445_ (net)
                  0.03    0.00    0.47 ^ _1612_/A (sky130_fd_sc_hd__buf_1)
     1    0.00    0.04    0.07    0.54 ^ _1612_/X (sky130_fd_sc_hd__buf_1)
                                         _0302_ (net)
                  0.04    0.00    0.54 ^ _3079_/D (sky130_fd_sc_hd__dfrtp_2)
                                  0.54   data arrival time

                  0.00    0.00    0.00   clock clk (rise edge)
                          0.00    0.00   clock network delay (ideal)
                          0.00    0.00   clock reconvergence pessimism
                                  0.00 ^ _3079_/CLK (sky130_fd_sc_hd__dfrtp_2)
                         -0.04   -0.04   library hold time
                                 -0.04   data required time
-----------------------------------------------------------------------------
                                 -0.04   data required time
                                 -0.54   data arrival time
-----------------------------------------------------------------------------
                                  0.58   slack (MET)


Startpoint: _3080_ (rising edge-triggered flip-flop clocked by clk)
Endpoint: _3080_ (rising edge-triggered flip-flop clocked by clk)
Path Group: clk
Path Type: min

Fanout     Cap    Slew   Delay    Time   Description
-----------------------------------------------------------------------------
                  0.00    0.00    0.00   clock clk (rise edge)
                          0.00    0.00   clock network delay (ideal)
                  0.00    0.00    0.00 ^ _3080_/CLK (sky130_fd_sc_hd__dfrtp_2)
     4    0.01    0.07    0.34    0.34 ^ _3080_/Q (sky130_fd_sc_hd__dfrtp_2)
                                         reg_file.registers[10][18] (net)
                  0.07    0.00    0.34 ^ _1609_/A (sky130_fd_sc_hd__and2_2)
     1    0.00    0.03    0.13    0.47 ^ _1609_/X (sky130_fd_sc_hd__and2_2)
                                         _0444_ (net)
                  0.03    0.00    0.47 ^ _1610_/A (sky130_fd_sc_hd__buf_1)
     1    0.00    0.04    0.07    0.54 ^ _1610_/X (sky130_fd_sc_hd__buf_1)
                                         _0303_ (net)
                  0.04    0.00    0.54 ^ _3080_/D (sky130_fd_sc_hd__dfrtp_2)
                                  0.54   data arrival time

                  0.00    0.00    0.00   clock clk (rise edge)
                          0.00    0.00   clock network delay (ideal)
                          0.00    0.00   clock reconvergence pessimism
                                  0.00 ^ _3080_/CLK (sky130_fd_sc_hd__dfrtp_2)
                         -0.04   -0.04   library hold time
                                 -0.04   data required time
-----------------------------------------------------------------------------
                                 -0.04   data required time
                                 -0.54   data arrival time
-----------------------------------------------------------------------------
                                  0.58   slack (MET)


Startpoint: _3081_ (rising edge-triggered flip-flop clocked by clk)
Endpoint: _3081_ (rising edge-triggered flip-flop clocked by clk)
Path Group: clk
Path Type: min

Fanout     Cap    Slew   Delay    Time   Description
-----------------------------------------------------------------------------
                  0.00    0.00    0.00   clock clk (rise edge)
                          0.00    0.00   clock network delay (ideal)
                  0.00    0.00    0.00 ^ _3081_/CLK (sky130_fd_sc_hd__dfrtp_2)
     4    0.01    0.07    0.34    0.34 ^ _3081_/Q (sky130_fd_sc_hd__dfrtp_2)
                                         reg_file.registers[10][19] (net)
                  0.07    0.00    0.34 ^ _1607_/A (sky130_fd_sc_hd__and2_2)
     1    0.00    0.03    0.13    0.47 ^ _1607_/X (sky130_fd_sc_hd__and2_2)
                                         _0443_ (net)
                  0.03    0.00    0.47 ^ _1608_/A (sky130_fd_sc_hd__buf_1)
     1    0.00    0.04    0.07    0.54 ^ _1608_/X (sky130_fd_sc_hd__buf_1)
                                         _0304_ (net)
                  0.04    0.00    0.54 ^ _3081_/D (sky130_fd_sc_hd__dfrtp_2)
                                  0.54   data arrival time

                  0.00    0.00    0.00   clock clk (rise edge)
                          0.00    0.00   clock network delay (ideal)
                          0.00    0.00   clock reconvergence pessimism
                                  0.00 ^ _3081_/CLK (sky130_fd_sc_hd__dfrtp_2)
                         -0.04   -0.04   library hold time
                                 -0.04   data required time
-----------------------------------------------------------------------------
                                 -0.04   data required time
                                 -0.54   data arrival time
-----------------------------------------------------------------------------
                                  0.58   slack (MET)


Startpoint: _3083_ (rising edge-triggered flip-flop clocked by clk)
Endpoint: _3083_ (rising edge-triggered flip-flop clocked by clk)
Path Group: clk
Path Type: min

Fanout     Cap    Slew   Delay    Time   Description
-----------------------------------------------------------------------------
                  0.00    0.00    0.00   clock clk (rise edge)
                          0.00    0.00   clock network delay (ideal)
                  0.00    0.00    0.00 ^ _3083_/CLK (sky130_fd_sc_hd__dfrtp_2)
     4    0.01    0.07    0.34    0.34 ^ _3083_/Q (sky130_fd_sc_hd__dfrtp_2)
                                         reg_file.registers[10][21] (net)
                  0.07    0.00    0.34 ^ _1603_/A (sky130_fd_sc_hd__and2_2)
     1    0.00    0.03    0.13    0.47 ^ _1603_/X (sky130_fd_sc_hd__and2_2)
                                         _0441_ (net)
                  0.03    0.00    0.47 ^ _1604_/A (sky130_fd_sc_hd__buf_1)
     1    0.00    0.04    0.07    0.54 ^ _1604_/X (sky130_fd_sc_hd__buf_1)
                                         _0306_ (net)
                  0.04    0.00    0.54 ^ _3083_/D (sky130_fd_sc_hd__dfrtp_2)
                                  0.54   data arrival time

                  0.00    0.00    0.00   clock clk (rise edge)
                          0.00    0.00   clock network delay (ideal)
                          0.00    0.00   clock reconvergence pessimism
                                  0.00 ^ _3083_/CLK (sky130_fd_sc_hd__dfrtp_2)
                         -0.04   -0.04   library hold time
                                 -0.04   data required time
-----------------------------------------------------------------------------
                                 -0.04   data required time
                                 -0.54   data arrival time
-----------------------------------------------------------------------------
                                  0.58   slack (MET)


Startpoint: _3084_ (rising edge-triggered flip-flop clocked by clk)
Endpoint: _3084_ (rising edge-triggered flip-flop clocked by clk)
Path Group: clk
Path Type: min

Fanout     Cap    Slew   Delay    Time   Description
-----------------------------------------------------------------------------
                  0.00    0.00    0.00   clock clk (rise edge)
                          0.00    0.00   clock network delay (ideal)
                  0.00    0.00    0.00 ^ _3084_/CLK (sky130_fd_sc_hd__dfrtp_2)
     4    0.01    0.07    0.34    0.34 ^ _3084_/Q (sky130_fd_sc_hd__dfrtp_2)
                                         reg_file.registers[10][22] (net)
                  0.07    0.00    0.34 ^ _1601_/A (sky130_fd_sc_hd__and2_2)
     1    0.00    0.03    0.13    0.47 ^ _1601_/X (sky130_fd_sc_hd__and2_2)
                                         _0440_ (net)
                  0.03    0.00    0.47 ^ _1602_/A (sky130_fd_sc_hd__buf_1)
     1    0.00    0.04    0.07    0.54 ^ _1602_/X (sky130_fd_sc_hd__buf_1)
                                         _0307_ (net)
                  0.04    0.00    0.54 ^ _3084_/D (sky130_fd_sc_hd__dfrtp_2)
                                  0.54   data arrival time

                  0.00    0.00    0.00   clock clk (rise edge)
                          0.00    0.00   clock network delay (ideal)
                          0.00    0.00   clock reconvergence pessimism
                                  0.00 ^ _3084_/CLK (sky130_fd_sc_hd__dfrtp_2)
                         -0.04   -0.04   library hold time
                                 -0.04   data required time
-----------------------------------------------------------------------------
                                 -0.04   data required time
                                 -0.54   data arrival time
-----------------------------------------------------------------------------
                                  0.58   slack (MET)


Startpoint: _3085_ (rising edge-triggered flip-flop clocked by clk)
Endpoint: _3085_ (rising edge-triggered flip-flop clocked by clk)
Path Group: clk
Path Type: min

Fanout     Cap    Slew   Delay    Time   Description
-----------------------------------------------------------------------------
                  0.00    0.00    0.00   clock clk (rise edge)
                          0.00    0.00   clock network delay (ideal)
                  0.00    0.00    0.00 ^ _3085_/CLK (sky130_fd_sc_hd__dfrtp_2)
     4    0.01    0.07    0.34    0.34 ^ _3085_/Q (sky130_fd_sc_hd__dfrtp_2)
                                         reg_file.registers[10][23] (net)
                  0.07    0.00    0.34 ^ _1599_/A (sky130_fd_sc_hd__and2_2)
     1    0.00    0.03    0.13    0.47 ^ _1599_/X (sky130_fd_sc_hd__and2_2)
                                         _0439_ (net)
                  0.03    0.00    0.47 ^ _1600_/A (sky130_fd_sc_hd__buf_1)
     1    0.00    0.04    0.07    0.54 ^ _1600_/X (sky130_fd_sc_hd__buf_1)
                                         _0308_ (net)
                  0.04    0.00    0.54 ^ _3085_/D (sky130_fd_sc_hd__dfrtp_2)
                                  0.54   data arrival time

                  0.00    0.00    0.00   clock clk (rise edge)
                          0.00    0.00   clock network delay (ideal)
                          0.00    0.00   clock reconvergence pessimism
                                  0.00 ^ _3085_/CLK (sky130_fd_sc_hd__dfrtp_2)
                         -0.04   -0.04   library hold time
                                 -0.04   data required time
-----------------------------------------------------------------------------
                                 -0.04   data required time
                                 -0.54   data arrival time
-----------------------------------------------------------------------------
                                  0.58   slack (MET)


Startpoint: _3066_ (rising edge-triggered flip-flop clocked by clk)
Endpoint: _3066_ (rising edge-triggered flip-flop clocked by clk)
Path Group: clk
Path Type: min

Fanout     Cap    Slew   Delay    Time   Description
-----------------------------------------------------------------------------
                  0.00    0.00    0.00   clock clk (rise edge)
                          0.00    0.00   clock network delay (ideal)
                  0.00    0.00    0.00 ^ _3066_/CLK (sky130_fd_sc_hd__dfrtp_2)
     5    0.01    0.07    0.35    0.35 ^ _3066_/Q (sky130_fd_sc_hd__dfrtp_2)
                                         reg_file.registers[10][4] (net)
                  0.07    0.00    0.35 ^ _1638_/A (sky130_fd_sc_hd__and2_2)
     1    0.00    0.03    0.13    0.48 ^ _1638_/X (sky130_fd_sc_hd__and2_2)
                                         _0459_ (net)
                  0.03    0.00    0.48 ^ _1639_/A (sky130_fd_sc_hd__buf_1)
     1    0.00    0.04    0.07    0.55 ^ _1639_/X (sky130_fd_sc_hd__buf_1)
                                         _0289_ (net)
                  0.04    0.00    0.55 ^ _3066_/D (sky130_fd_sc_hd__dfrtp_2)
                                  0.55   data arrival time

                  0.00    0.00    0.00   clock clk (rise edge)
                          0.00    0.00   clock network delay (ideal)
                          0.00    0.00   clock reconvergence pessimism
                                  0.00 ^ _3066_/CLK (sky130_fd_sc_hd__dfrtp_2)
                         -0.04   -0.04   library hold time
                                 -0.04   data required time
-----------------------------------------------------------------------------
                                 -0.04   data required time
                                 -0.55   data arrival time
-----------------------------------------------------------------------------
                                  0.59   slack (MET)


Startpoint: _3031_ (rising edge-triggered flip-flop clocked by clk)
Endpoint: _3031_ (rising edge-triggered flip-flop clocked by clk)
Path Group: clk
Path Type: min

Fanout     Cap    Slew   Delay    Time   Description
-----------------------------------------------------------------------------
                  0.00    0.00    0.00   clock clk (rise edge)
                          0.00    0.00   clock network delay (ideal)
                  0.00    0.00    0.00 ^ _3031_/CLK (sky130_fd_sc_hd__dfrtp_2)
     3    0.01    0.07    0.34    0.34 ^ _3031_/Q (sky130_fd_sc_hd__dfrtp_2)
                                         reg_file.registers[11][1] (net)
                  0.07    0.00    0.34 ^ _2492_/A0 (sky130_fd_sc_hd__mux2_2)
     1    0.00    0.03    0.14    0.48 ^ _2492_/X (sky130_fd_sc_hd__mux2_2)
                                         _1278_ (net)
                  0.03    0.00    0.48 ^ _2493_/A (sky130_fd_sc_hd__buf_1)
     1    0.00    0.04    0.07    0.55 ^ _2493_/X (sky130_fd_sc_hd__buf_1)
                                         _0254_ (net)
                  0.04    0.00    0.55 ^ _3031_/D (sky130_fd_sc_hd__dfrtp_2)
                                  0.55   data arrival time

                  0.00    0.00    0.00   clock clk (rise edge)
                          0.00    0.00   clock network delay (ideal)
                          0.00    0.00   clock reconvergence pessimism
                                  0.00 ^ _3031_/CLK (sky130_fd_sc_hd__dfrtp_2)
                         -0.04   -0.04   library hold time
                                 -0.04   data required time
-----------------------------------------------------------------------------
                                 -0.04   data required time
                                 -0.55   data arrival time
-----------------------------------------------------------------------------
                                  0.59   slack (MET)


Startpoint: _3032_ (rising edge-triggered flip-flop clocked by clk)
Endpoint: _3032_ (rising edge-triggered flip-flop clocked by clk)
Path Group: clk
Path Type: min

Fanout     Cap    Slew   Delay    Time   Description
-----------------------------------------------------------------------------
                  0.00    0.00    0.00   clock clk (rise edge)
                          0.00    0.00   clock network delay (ideal)
                  0.00    0.00    0.00 ^ _3032_/CLK (sky130_fd_sc_hd__dfrtp_2)
     4    0.01    0.07    0.35    0.35 ^ _3032_/Q (sky130_fd_sc_hd__dfrtp_2)
                                         reg_file.registers[11][2] (net)
                  0.07    0.00    0.35 ^ _2485_/A0 (sky130_fd_sc_hd__mux2_2)
     1    0.00    0.03    0.14    0.48 ^ _2485_/X (sky130_fd_sc_hd__mux2_2)
                                         _1272_ (net)
                  0.03    0.00    0.48 ^ _2486_/A (sky130_fd_sc_hd__buf_1)
     1    0.00    0.04    0.07    0.55 ^ _2486_/X (sky130_fd_sc_hd__buf_1)
                                         _0255_ (net)
                  0.04    0.00    0.55 ^ _3032_/D (sky130_fd_sc_hd__dfrtp_2)
                                  0.55   data arrival time

                  0.00    0.00    0.00   clock clk (rise edge)
                          0.00    0.00   clock network delay (ideal)
                          0.00    0.00   clock reconvergence pessimism
                                  0.00 ^ _3032_/CLK (sky130_fd_sc_hd__dfrtp_2)
                         -0.04   -0.04   library hold time
                                 -0.04   data required time
-----------------------------------------------------------------------------
                                 -0.04   data required time
                                 -0.55   data arrival time
-----------------------------------------------------------------------------
                                  0.59   slack (MET)


Startpoint: _3033_ (rising edge-triggered flip-flop clocked by clk)
Endpoint: _3033_ (rising edge-triggered flip-flop clocked by clk)
Path Group: clk
Path Type: min

Fanout     Cap    Slew   Delay    Time   Description
-----------------------------------------------------------------------------
                  0.00    0.00    0.00   clock clk (rise edge)
                          0.00    0.00   clock network delay (ideal)
                  0.00    0.00    0.00 ^ _3033_/CLK (sky130_fd_sc_hd__dfrtp_2)
     4    0.01    0.07    0.35    0.35 ^ _3033_/Q (sky130_fd_sc_hd__dfrtp_2)
                                         reg_file.registers[11][3] (net)
                  0.07    0.00    0.35 ^ _2479_/A0 (sky130_fd_sc_hd__mux2_2)
     1    0.00    0.03    0.14    0.48 ^ _2479_/X (sky130_fd_sc_hd__mux2_2)
                                         _1267_ (net)
                  0.03    0.00    0.48 ^ _2480_/A (sky130_fd_sc_hd__buf_1)
     1    0.00    0.04    0.07    0.55 ^ _2480_/X (sky130_fd_sc_hd__buf_1)
                                         _0256_ (net)
                  0.04    0.00    0.55 ^ _3033_/D (sky130_fd_sc_hd__dfrtp_2)
                                  0.55   data arrival time

                  0.00    0.00    0.00   clock clk (rise edge)
                          0.00    0.00   clock network delay (ideal)
                          0.00    0.00   clock reconvergence pessimism
                                  0.00 ^ _3033_/CLK (sky130_fd_sc_hd__dfrtp_2)
                         -0.04   -0.04   library hold time
                                 -0.04   data required time
-----------------------------------------------------------------------------
                                 -0.04   data required time
                                 -0.55   data arrival time
-----------------------------------------------------------------------------
                                  0.59   slack (MET)


Startpoint: _3034_ (rising edge-triggered flip-flop clocked by clk)
Endpoint: _3034_ (rising edge-triggered flip-flop clocked by clk)
Path Group: clk
Path Type: min

Fanout     Cap    Slew   Delay    Time   Description
-----------------------------------------------------------------------------
                  0.00    0.00    0.00   clock clk (rise edge)
                          0.00    0.00   clock network delay (ideal)
                  0.00    0.00    0.00 ^ _3034_/CLK (sky130_fd_sc_hd__dfrtp_2)
     4    0.01    0.07    0.35    0.35 ^ _3034_/Q (sky130_fd_sc_hd__dfrtp_2)
                                         reg_file.registers[11][4] (net)
                  0.07    0.00    0.35 ^ _2475_/A0 (sky130_fd_sc_hd__mux2_2)
     1    0.00    0.03    0.14    0.48 ^ _2475_/X (sky130_fd_sc_hd__mux2_2)
                                         _1264_ (net)
                  0.03    0.00    0.48 ^ _2476_/A (sky130_fd_sc_hd__buf_1)
     1    0.00    0.04    0.07    0.55 ^ _2476_/X (sky130_fd_sc_hd__buf_1)
                                         _0257_ (net)
                  0.04    0.00    0.55 ^ _3034_/D (sky130_fd_sc_hd__dfrtp_2)
                                  0.55   data arrival time

                  0.00    0.00    0.00   clock clk (rise edge)
                          0.00    0.00   clock network delay (ideal)
                          0.00    0.00   clock reconvergence pessimism
                                  0.00 ^ _3034_/CLK (sky130_fd_sc_hd__dfrtp_2)
                         -0.04   -0.04   library hold time
                                 -0.04   data required time
-----------------------------------------------------------------------------
                                 -0.04   data required time
                                 -0.55   data arrival time
-----------------------------------------------------------------------------
                                  0.59   slack (MET)


Startpoint: _3035_ (rising edge-triggered flip-flop clocked by clk)
Endpoint: _3035_ (rising edge-triggered flip-flop clocked by clk)
Path Group: clk
Path Type: min

Fanout     Cap    Slew   Delay    Time   Description
-----------------------------------------------------------------------------
                  0.00    0.00    0.00   clock clk (rise edge)
                          0.00    0.00   clock network delay (ideal)
                  0.00    0.00    0.00 ^ _3035_/CLK (sky130_fd_sc_hd__dfrtp_2)
     4    0.01    0.07    0.35    0.35 ^ _3035_/Q (sky130_fd_sc_hd__dfrtp_2)
                                         reg_file.registers[11][5] (net)
                  0.07    0.00    0.35 ^ _2471_/A0 (sky130_fd_sc_hd__mux2_2)
     1    0.00    0.03    0.14    0.48 ^ _2471_/X (sky130_fd_sc_hd__mux2_2)
                                         _1261_ (net)
                  0.03    0.00    0.48 ^ _2472_/A (sky130_fd_sc_hd__buf_1)
     1    0.00    0.04    0.07    0.55 ^ _2472_/X (sky130_fd_sc_hd__buf_1)
                                         _0258_ (net)
                  0.04    0.00    0.55 ^ _3035_/D (sky130_fd_sc_hd__dfrtp_2)
                                  0.55   data arrival time

                  0.00    0.00    0.00   clock clk (rise edge)
                          0.00    0.00   clock network delay (ideal)
                          0.00    0.00   clock reconvergence pessimism
                                  0.00 ^ _3035_/CLK (sky130_fd_sc_hd__dfrtp_2)
                         -0.04   -0.04   library hold time
                                 -0.04   data required time
-----------------------------------------------------------------------------
                                 -0.04   data required time
                                 -0.55   data arrival time
-----------------------------------------------------------------------------
                                  0.59   slack (MET)


Startpoint: _3036_ (rising edge-triggered flip-flop clocked by clk)
Endpoint: _3036_ (rising edge-triggered flip-flop clocked by clk)
Path Group: clk
Path Type: min

Fanout     Cap    Slew   Delay    Time   Description
-----------------------------------------------------------------------------
                  0.00    0.00    0.00   clock clk (rise edge)
                          0.00    0.00   clock network delay (ideal)
                  0.00    0.00    0.00 ^ _3036_/CLK (sky130_fd_sc_hd__dfrtp_2)
     4    0.01    0.07    0.35    0.35 ^ _3036_/Q (sky130_fd_sc_hd__dfrtp_2)
                                         reg_file.registers[11][6] (net)
                  0.07    0.00    0.35 ^ _2464_/A0 (sky130_fd_sc_hd__mux2_2)
     1    0.00    0.03    0.14    0.48 ^ _2464_/X (sky130_fd_sc_hd__mux2_2)
                                         _1255_ (net)
                  0.03    0.00    0.48 ^ _2465_/A (sky130_fd_sc_hd__buf_1)
     1    0.00    0.04    0.07    0.55 ^ _2465_/X (sky130_fd_sc_hd__buf_1)
                                         _0259_ (net)
                  0.04    0.00    0.55 ^ _3036_/D (sky130_fd_sc_hd__dfrtp_2)
                                  0.55   data arrival time

                  0.00    0.00    0.00   clock clk (rise edge)
                          0.00    0.00   clock network delay (ideal)
                          0.00    0.00   clock reconvergence pessimism
                                  0.00 ^ _3036_/CLK (sky130_fd_sc_hd__dfrtp_2)
                         -0.04   -0.04   library hold time
                                 -0.04   data required time
-----------------------------------------------------------------------------
                                 -0.04   data required time
                                 -0.55   data arrival time
-----------------------------------------------------------------------------
                                  0.59   slack (MET)


Startpoint: _3037_ (rising edge-triggered flip-flop clocked by clk)
Endpoint: _3037_ (rising edge-triggered flip-flop clocked by clk)
Path Group: clk
Path Type: min

Fanout     Cap    Slew   Delay    Time   Description
-----------------------------------------------------------------------------
                  0.00    0.00    0.00   clock clk (rise edge)
                          0.00    0.00   clock network delay (ideal)
                  0.00    0.00    0.00 ^ _3037_/CLK (sky130_fd_sc_hd__dfrtp_2)
     4    0.01    0.07    0.35    0.35 ^ _3037_/Q (sky130_fd_sc_hd__dfrtp_2)
                                         reg_file.registers[11][7] (net)
                  0.07    0.00    0.35 ^ _2460_/A0 (sky130_fd_sc_hd__mux2_2)
     1    0.00    0.03    0.14    0.48 ^ _2460_/X (sky130_fd_sc_hd__mux2_2)
                                         _1252_ (net)
                  0.03    0.00    0.48 ^ _2461_/A (sky130_fd_sc_hd__buf_1)
     1    0.00    0.04    0.07    0.55 ^ _2461_/X (sky130_fd_sc_hd__buf_1)
                                         _0260_ (net)
                  0.04    0.00    0.55 ^ _3037_/D (sky130_fd_sc_hd__dfrtp_2)
                                  0.55   data arrival time

                  0.00    0.00    0.00   clock clk (rise edge)
                          0.00    0.00   clock network delay (ideal)
                          0.00    0.00   clock reconvergence pessimism
                                  0.00 ^ _3037_/CLK (sky130_fd_sc_hd__dfrtp_2)
                         -0.04   -0.04   library hold time
                                 -0.04   data required time
-----------------------------------------------------------------------------
                                 -0.04   data required time
                                 -0.55   data arrival time
-----------------------------------------------------------------------------
                                  0.59   slack (MET)


Startpoint: _3038_ (rising edge-triggered flip-flop clocked by clk)
Endpoint: _3038_ (rising edge-triggered flip-flop clocked by clk)
Path Group: clk
Path Type: min

Fanout     Cap    Slew   Delay    Time   Description
-----------------------------------------------------------------------------
                  0.00    0.00    0.00   clock clk (rise edge)
                          0.00    0.00   clock network delay (ideal)
                  0.00    0.00    0.00 ^ _3038_/CLK (sky130_fd_sc_hd__dfrtp_2)
     4    0.01    0.07    0.35    0.35 ^ _3038_/Q (sky130_fd_sc_hd__dfrtp_2)
                                         reg_file.registers[11][8] (net)
                  0.07    0.00    0.35 ^ _2454_/A0 (sky130_fd_sc_hd__mux2_2)
     1    0.00    0.03    0.14    0.48 ^ _2454_/X (sky130_fd_sc_hd__mux2_2)
                                         _1247_ (net)
                  0.03    0.00    0.48 ^ _2455_/A (sky130_fd_sc_hd__buf_1)
     1    0.00    0.04    0.07    0.55 ^ _2455_/X (sky130_fd_sc_hd__buf_1)
                                         _0261_ (net)
                  0.04    0.00    0.55 ^ _3038_/D (sky130_fd_sc_hd__dfrtp_2)
                                  0.55   data arrival time

                  0.00    0.00    0.00   clock clk (rise edge)
                          0.00    0.00   clock network delay (ideal)
                          0.00    0.00   clock reconvergence pessimism
                                  0.00 ^ _3038_/CLK (sky130_fd_sc_hd__dfrtp_2)
                         -0.04   -0.04   library hold time
                                 -0.04   data required time
-----------------------------------------------------------------------------
                                 -0.04   data required time
                                 -0.55   data arrival time
-----------------------------------------------------------------------------
                                  0.59   slack (MET)


Startpoint: _3039_ (rising edge-triggered flip-flop clocked by clk)
Endpoint: _3039_ (rising edge-triggered flip-flop clocked by clk)
Path Group: clk
Path Type: min

Fanout     Cap    Slew   Delay    Time   Description
-----------------------------------------------------------------------------
                  0.00    0.00    0.00   clock clk (rise edge)
                          0.00    0.00   clock network delay (ideal)
                  0.00    0.00    0.00 ^ _3039_/CLK (sky130_fd_sc_hd__dfrtp_2)
     4    0.01    0.07    0.35    0.35 ^ _3039_/Q (sky130_fd_sc_hd__dfrtp_2)
                                         reg_file.registers[11][9] (net)
                  0.07    0.00    0.35 ^ _2450_/A0 (sky130_fd_sc_hd__mux2_2)
     1    0.00    0.03    0.14    0.48 ^ _2450_/X (sky130_fd_sc_hd__mux2_2)
                                         _1244_ (net)
                  0.03    0.00    0.48 ^ _2451_/A (sky130_fd_sc_hd__buf_1)
     1    0.00    0.04    0.07    0.55 ^ _2451_/X (sky130_fd_sc_hd__buf_1)
                                         _0262_ (net)
                  0.04    0.00    0.55 ^ _3039_/D (sky130_fd_sc_hd__dfrtp_2)
                                  0.55   data arrival time

                  0.00    0.00    0.00   clock clk (rise edge)
                          0.00    0.00   clock network delay (ideal)
                          0.00    0.00   clock reconvergence pessimism
                                  0.00 ^ _3039_/CLK (sky130_fd_sc_hd__dfrtp_2)
                         -0.04   -0.04   library hold time
                                 -0.04   data required time
-----------------------------------------------------------------------------
                                 -0.04   data required time
                                 -0.55   data arrival time
-----------------------------------------------------------------------------
                                  0.59   slack (MET)


Startpoint: _3040_ (rising edge-triggered flip-flop clocked by clk)
Endpoint: _3040_ (rising edge-triggered flip-flop clocked by clk)
Path Group: clk
Path Type: min

Fanout     Cap    Slew   Delay    Time   Description
-----------------------------------------------------------------------------
                  0.00    0.00    0.00   clock clk (rise edge)
                          0.00    0.00   clock network delay (ideal)
                  0.00    0.00    0.00 ^ _3040_/CLK (sky130_fd_sc_hd__dfrtp_2)
     4    0.01    0.07    0.35    0.35 ^ _3040_/Q (sky130_fd_sc_hd__dfrtp_2)
                                         reg_file.registers[11][10] (net)
                  0.07    0.00    0.35 ^ _2443_/A0 (sky130_fd_sc_hd__mux2_2)
     1    0.00    0.03    0.14    0.48 ^ _2443_/X (sky130_fd_sc_hd__mux2_2)
                                         _1238_ (net)
                  0.03    0.00    0.48 ^ _2444_/A (sky130_fd_sc_hd__buf_1)
     1    0.00    0.04    0.07    0.55 ^ _2444_/X (sky130_fd_sc_hd__buf_1)
                                         _0263_ (net)
                  0.04    0.00    0.55 ^ _3040_/D (sky130_fd_sc_hd__dfrtp_2)
                                  0.55   data arrival time

                  0.00    0.00    0.00   clock clk (rise edge)
                          0.00    0.00   clock network delay (ideal)
                          0.00    0.00   clock reconvergence pessimism
                                  0.00 ^ _3040_/CLK (sky130_fd_sc_hd__dfrtp_2)
                         -0.04   -0.04   library hold time
                                 -0.04   data required time
-----------------------------------------------------------------------------
                                 -0.04   data required time
                                 -0.55   data arrival time
-----------------------------------------------------------------------------
                                  0.59   slack (MET)


Startpoint: _3041_ (rising edge-triggered flip-flop clocked by clk)
Endpoint: _3041_ (rising edge-triggered flip-flop clocked by clk)
Path Group: clk
Path Type: min

Fanout     Cap    Slew   Delay    Time   Description
-----------------------------------------------------------------------------
                  0.00    0.00    0.00   clock clk (rise edge)
                          0.00    0.00   clock network delay (ideal)
                  0.00    0.00    0.00 ^ _3041_/CLK (sky130_fd_sc_hd__dfrtp_2)
     4    0.01    0.07    0.35    0.35 ^ _3041_/Q (sky130_fd_sc_hd__dfrtp_2)
                                         reg_file.registers[11][11] (net)
                  0.07    0.00    0.35 ^ _2439_/A0 (sky130_fd_sc_hd__mux2_2)
     1    0.00    0.03    0.14    0.48 ^ _2439_/X (sky130_fd_sc_hd__mux2_2)
                                         _1235_ (net)
                  0.03    0.00    0.48 ^ _2440_/A (sky130_fd_sc_hd__buf_1)
     1    0.00    0.04    0.07    0.55 ^ _2440_/X (sky130_fd_sc_hd__buf_1)
                                         _0264_ (net)
                  0.04    0.00    0.55 ^ _3041_/D (sky130_fd_sc_hd__dfrtp_2)
                                  0.55   data arrival time

                  0.00    0.00    0.00   clock clk (rise edge)
                          0.00    0.00   clock network delay (ideal)
                          0.00    0.00   clock reconvergence pessimism
                                  0.00 ^ _3041_/CLK (sky130_fd_sc_hd__dfrtp_2)
                         -0.04   -0.04   library hold time
                                 -0.04   data required time
-----------------------------------------------------------------------------
                                 -0.04   data required time
                                 -0.55   data arrival time
-----------------------------------------------------------------------------
                                  0.59   slack (MET)


Startpoint: _3042_ (rising edge-triggered flip-flop clocked by clk)
Endpoint: _3042_ (rising edge-triggered flip-flop clocked by clk)
Path Group: clk
Path Type: min

Fanout     Cap    Slew   Delay    Time   Description
-----------------------------------------------------------------------------
                  0.00    0.00    0.00   clock clk (rise edge)
                          0.00    0.00   clock network delay (ideal)
                  0.00    0.00    0.00 ^ _3042_/CLK (sky130_fd_sc_hd__dfrtp_2)
     4    0.01    0.07    0.35    0.35 ^ _3042_/Q (sky130_fd_sc_hd__dfrtp_2)
                                         reg_file.registers[11][12] (net)
                  0.07    0.00    0.35 ^ _2427_/A0 (sky130_fd_sc_hd__mux2_2)
     1    0.00    0.03    0.14    0.48 ^ _2427_/X (sky130_fd_sc_hd__mux2_2)
                                         _1224_ (net)
                  0.03    0.00    0.48 ^ _2428_/A (sky130_fd_sc_hd__buf_1)
     1    0.00    0.04    0.07    0.55 ^ _2428_/X (sky130_fd_sc_hd__buf_1)
                                         _0265_ (net)
                  0.04    0.00    0.55 ^ _3042_/D (sky130_fd_sc_hd__dfrtp_2)
                                  0.55   data arrival time

                  0.00    0.00    0.00   clock clk (rise edge)
                          0.00    0.00   clock network delay (ideal)
                          0.00    0.00   clock reconvergence pessimism
                                  0.00 ^ _3042_/CLK (sky130_fd_sc_hd__dfrtp_2)
                         -0.04   -0.04   library hold time
                                 -0.04   data required time
-----------------------------------------------------------------------------
                                 -0.04   data required time
                                 -0.55   data arrival time
-----------------------------------------------------------------------------
                                  0.59   slack (MET)


Startpoint: _3043_ (rising edge-triggered flip-flop clocked by clk)
Endpoint: _3043_ (rising edge-triggered flip-flop clocked by clk)
Path Group: clk
Path Type: min

Fanout     Cap    Slew   Delay    Time   Description
-----------------------------------------------------------------------------
                  0.00    0.00    0.00   clock clk (rise edge)
                          0.00    0.00   clock network delay (ideal)
                  0.00    0.00    0.00 ^ _3043_/CLK (sky130_fd_sc_hd__dfrtp_2)
     4    0.01    0.07    0.35    0.35 ^ _3043_/Q (sky130_fd_sc_hd__dfrtp_2)
                                         reg_file.registers[11][13] (net)
                  0.07    0.00    0.35 ^ _2422_/A0 (sky130_fd_sc_hd__mux2_2)
     1    0.00    0.03    0.14    0.48 ^ _2422_/X (sky130_fd_sc_hd__mux2_2)
                                         _1220_ (net)
                  0.03    0.00    0.48 ^ _2423_/A (sky130_fd_sc_hd__buf_1)
     1    0.00    0.04    0.07    0.55 ^ _2423_/X (sky130_fd_sc_hd__buf_1)
                                         _0266_ (net)
                  0.04    0.00    0.55 ^ _3043_/D (sky130_fd_sc_hd__dfrtp_2)
                                  0.55   data arrival time

                  0.00    0.00    0.00   clock clk (rise edge)
                          0.00    0.00   clock network delay (ideal)
                          0.00    0.00   clock reconvergence pessimism
                                  0.00 ^ _3043_/CLK (sky130_fd_sc_hd__dfrtp_2)
                         -0.04   -0.04   library hold time
                                 -0.04   data required time
-----------------------------------------------------------------------------
                                 -0.04   data required time
                                 -0.55   data arrival time
-----------------------------------------------------------------------------
                                  0.59   slack (MET)


Startpoint: _3044_ (rising edge-triggered flip-flop clocked by clk)
Endpoint: _3044_ (rising edge-triggered flip-flop clocked by clk)
Path Group: clk
Path Type: min

Fanout     Cap    Slew   Delay    Time   Description
-----------------------------------------------------------------------------
                  0.00    0.00    0.00   clock clk (rise edge)
                          0.00    0.00   clock network delay (ideal)
                  0.00    0.00    0.00 ^ _3044_/CLK (sky130_fd_sc_hd__dfrtp_2)
     4    0.01    0.07    0.35    0.35 ^ _3044_/Q (sky130_fd_sc_hd__dfrtp_2)
                                         reg_file.registers[11][14] (net)
                  0.07    0.00    0.35 ^ _2410_/A0 (sky130_fd_sc_hd__mux2_2)
     1    0.00    0.03    0.14    0.48 ^ _2410_/X (sky130_fd_sc_hd__mux2_2)
                                         _1209_ (net)
                  0.03    0.00    0.48 ^ _2411_/A (sky130_fd_sc_hd__buf_1)
     1    0.00    0.04    0.07    0.55 ^ _2411_/X (sky130_fd_sc_hd__buf_1)
                                         _0267_ (net)
                  0.04    0.00    0.55 ^ _3044_/D (sky130_fd_sc_hd__dfrtp_2)
                                  0.55   data arrival time

                  0.00    0.00    0.00   clock clk (rise edge)
                          0.00    0.00   clock network delay (ideal)
                          0.00    0.00   clock reconvergence pessimism
                                  0.00 ^ _3044_/CLK (sky130_fd_sc_hd__dfrtp_2)
                         -0.04   -0.04   library hold time
                                 -0.04   data required time
-----------------------------------------------------------------------------
                                 -0.04   data required time
                                 -0.55   data arrival time
-----------------------------------------------------------------------------
                                  0.59   slack (MET)


Startpoint: _3045_ (rising edge-triggered flip-flop clocked by clk)
Endpoint: _3045_ (rising edge-triggered flip-flop clocked by clk)
Path Group: clk
Path Type: min

Fanout     Cap    Slew   Delay    Time   Description
-----------------------------------------------------------------------------
                  0.00    0.00    0.00   clock clk (rise edge)
                          0.00    0.00   clock network delay (ideal)
                  0.00    0.00    0.00 ^ _3045_/CLK (sky130_fd_sc_hd__dfrtp_2)
     4    0.01    0.07    0.35    0.35 ^ _3045_/Q (sky130_fd_sc_hd__dfrtp_2)
                                         reg_file.registers[11][15] (net)
                  0.07    0.00    0.35 ^ _2405_/A0 (sky130_fd_sc_hd__mux2_2)
     1    0.00    0.03    0.14    0.48 ^ _2405_/X (sky130_fd_sc_hd__mux2_2)
                                         _1205_ (net)
                  0.03    0.00    0.48 ^ _2406_/A (sky130_fd_sc_hd__buf_1)
     1    0.00    0.04    0.07    0.55 ^ _2406_/X (sky130_fd_sc_hd__buf_1)
                                         _0268_ (net)
                  0.04    0.00    0.55 ^ _3045_/D (sky130_fd_sc_hd__dfrtp_2)
                                  0.55   data arrival time

                  0.00    0.00    0.00   clock clk (rise edge)
                          0.00    0.00   clock network delay (ideal)
                          0.00    0.00   clock reconvergence pessimism
                                  0.00 ^ _3045_/CLK (sky130_fd_sc_hd__dfrtp_2)
                         -0.04   -0.04   library hold time
                                 -0.04   data required time
-----------------------------------------------------------------------------
                                 -0.04   data required time
                                 -0.55   data arrival time
-----------------------------------------------------------------------------
                                  0.59   slack (MET)


Startpoint: _3046_ (rising edge-triggered flip-flop clocked by clk)
Endpoint: _3046_ (rising edge-triggered flip-flop clocked by clk)
Path Group: clk
Path Type: min

Fanout     Cap    Slew   Delay    Time   Description
-----------------------------------------------------------------------------
                  0.00    0.00    0.00   clock clk (rise edge)
                          0.00    0.00   clock network delay (ideal)
                  0.00    0.00    0.00 ^ _3046_/CLK (sky130_fd_sc_hd__dfrtp_2)
     4    0.01    0.07    0.35    0.35 ^ _3046_/Q (sky130_fd_sc_hd__dfrtp_2)
                                         reg_file.registers[11][16] (net)
                  0.07    0.00    0.35 ^ _2387_/A0 (sky130_fd_sc_hd__mux2_2)
     1    0.00    0.03    0.14    0.48 ^ _2387_/X (sky130_fd_sc_hd__mux2_2)
                                         _1188_ (net)
                  0.03    0.00    0.48 ^ _2388_/A (sky130_fd_sc_hd__buf_1)
     1    0.00    0.04    0.07    0.55 ^ _2388_/X (sky130_fd_sc_hd__buf_1)
                                         _0269_ (net)
                  0.04    0.00    0.55 ^ _3046_/D (sky130_fd_sc_hd__dfrtp_2)
                                  0.55   data arrival time

                  0.00    0.00    0.00   clock clk (rise edge)
                          0.00    0.00   clock network delay (ideal)
                          0.00    0.00   clock reconvergence pessimism
                                  0.00 ^ _3046_/CLK (sky130_fd_sc_hd__dfrtp_2)
                         -0.04   -0.04   library hold time
                                 -0.04   data required time
-----------------------------------------------------------------------------
                                 -0.04   data required time
                                 -0.55   data arrival time
-----------------------------------------------------------------------------
                                  0.59   slack (MET)


Startpoint: _3047_ (rising edge-triggered flip-flop clocked by clk)
Endpoint: _3047_ (rising edge-triggered flip-flop clocked by clk)
Path Group: clk
Path Type: min

Fanout     Cap    Slew   Delay    Time   Description
-----------------------------------------------------------------------------
                  0.00    0.00    0.00   clock clk (rise edge)
                          0.00    0.00   clock network delay (ideal)
                  0.00    0.00    0.00 ^ _3047_/CLK (sky130_fd_sc_hd__dfrtp_2)
     4    0.01    0.07    0.35    0.35 ^ _3047_/Q (sky130_fd_sc_hd__dfrtp_2)
                                         reg_file.registers[11][17] (net)
                  0.07    0.00    0.35 ^ _2380_/A0 (sky130_fd_sc_hd__mux2_2)
     1    0.00    0.03    0.14    0.48 ^ _2380_/X (sky130_fd_sc_hd__mux2_2)
                                         _1182_ (net)
                  0.03    0.00    0.48 ^ _2381_/A (sky130_fd_sc_hd__buf_1)
     1    0.00    0.04    0.07    0.55 ^ _2381_/X (sky130_fd_sc_hd__buf_1)
                                         _0270_ (net)
                  0.04    0.00    0.55 ^ _3047_/D (sky130_fd_sc_hd__dfrtp_2)
                                  0.55   data arrival time

                  0.00    0.00    0.00   clock clk (rise edge)
                          0.00    0.00   clock network delay (ideal)
                          0.00    0.00   clock reconvergence pessimism
                                  0.00 ^ _3047_/CLK (sky130_fd_sc_hd__dfrtp_2)
                         -0.04   -0.04   library hold time
                                 -0.04   data required time
-----------------------------------------------------------------------------
                                 -0.04   data required time
                                 -0.55   data arrival time
-----------------------------------------------------------------------------
                                  0.59   slack (MET)


Startpoint: _3048_ (rising edge-triggered flip-flop clocked by clk)
Endpoint: _3048_ (rising edge-triggered flip-flop clocked by clk)
Path Group: clk
Path Type: min

Fanout     Cap    Slew   Delay    Time   Description
-----------------------------------------------------------------------------
                  0.00    0.00    0.00   clock clk (rise edge)
                          0.00    0.00   clock network delay (ideal)
                  0.00    0.00    0.00 ^ _3048_/CLK (sky130_fd_sc_hd__dfrtp_2)
     4    0.01    0.07    0.35    0.35 ^ _3048_/Q (sky130_fd_sc_hd__dfrtp_2)
                                         reg_file.registers[11][18] (net)
                  0.07    0.00    0.35 ^ _2374_/A0 (sky130_fd_sc_hd__mux2_2)
     1    0.00    0.03    0.14    0.48 ^ _2374_/X (sky130_fd_sc_hd__mux2_2)
                                         _1177_ (net)
                  0.03    0.00    0.48 ^ _2375_/A (sky130_fd_sc_hd__buf_1)
     1    0.00    0.04    0.07    0.55 ^ _2375_/X (sky130_fd_sc_hd__buf_1)
                                         _0271_ (net)
                  0.04    0.00    0.55 ^ _3048_/D (sky130_fd_sc_hd__dfrtp_2)
                                  0.55   data arrival time

                  0.00    0.00    0.00   clock clk (rise edge)
                          0.00    0.00   clock network delay (ideal)
                          0.00    0.00   clock reconvergence pessimism
                                  0.00 ^ _3048_/CLK (sky130_fd_sc_hd__dfrtp_2)
                         -0.04   -0.04   library hold time
                                 -0.04   data required time
-----------------------------------------------------------------------------
                                 -0.04   data required time
                                 -0.55   data arrival time
-----------------------------------------------------------------------------
                                  0.59   slack (MET)


Startpoint: _3049_ (rising edge-triggered flip-flop clocked by clk)
Endpoint: _3049_ (rising edge-triggered flip-flop clocked by clk)
Path Group: clk
Path Type: min

Fanout     Cap    Slew   Delay    Time   Description
-----------------------------------------------------------------------------
                  0.00    0.00    0.00   clock clk (rise edge)
                          0.00    0.00   clock network delay (ideal)
                  0.00    0.00    0.00 ^ _3049_/CLK (sky130_fd_sc_hd__dfrtp_2)
     4    0.01    0.07    0.35    0.35 ^ _3049_/Q (sky130_fd_sc_hd__dfrtp_2)
                                         reg_file.registers[11][19] (net)
                  0.07    0.00    0.35 ^ _2368_/A0 (sky130_fd_sc_hd__mux2_2)
     1    0.00    0.03    0.14    0.48 ^ _2368_/X (sky130_fd_sc_hd__mux2_2)
                                         _1172_ (net)
                  0.03    0.00    0.48 ^ _2369_/A (sky130_fd_sc_hd__buf_1)
     1    0.00    0.04    0.07    0.55 ^ _2369_/X (sky130_fd_sc_hd__buf_1)
                                         _0272_ (net)
                  0.04    0.00    0.55 ^ _3049_/D (sky130_fd_sc_hd__dfrtp_2)
                                  0.55   data arrival time

                  0.00    0.00    0.00   clock clk (rise edge)
                          0.00    0.00   clock network delay (ideal)
                          0.00    0.00   clock reconvergence pessimism
                                  0.00 ^ _3049_/CLK (sky130_fd_sc_hd__dfrtp_2)
                         -0.04   -0.04   library hold time
                                 -0.04   data required time
-----------------------------------------------------------------------------
                                 -0.04   data required time
                                 -0.55   data arrival time
-----------------------------------------------------------------------------
                                  0.59   slack (MET)


Startpoint: _3051_ (rising edge-triggered flip-flop clocked by clk)
Endpoint: _3051_ (rising edge-triggered flip-flop clocked by clk)
Path Group: clk
Path Type: min

Fanout     Cap    Slew   Delay    Time   Description
-----------------------------------------------------------------------------
                  0.00    0.00    0.00   clock clk (rise edge)
                          0.00    0.00   clock network delay (ideal)
                  0.00    0.00    0.00 ^ _3051_/CLK (sky130_fd_sc_hd__dfrtp_2)
     4    0.01    0.07    0.35    0.35 ^ _3051_/Q (sky130_fd_sc_hd__dfrtp_2)
                                         reg_file.registers[11][21] (net)
                  0.07    0.00    0.35 ^ _2353_/A0 (sky130_fd_sc_hd__mux2_2)
     1    0.00    0.03    0.14    0.48 ^ _2353_/X (sky130_fd_sc_hd__mux2_2)
                                         _1159_ (net)
                  0.03    0.00    0.48 ^ _2354_/A (sky130_fd_sc_hd__buf_1)
     1    0.00    0.04    0.07    0.55 ^ _2354_/X (sky130_fd_sc_hd__buf_1)
                                         _0274_ (net)
                  0.04    0.00    0.55 ^ _3051_/D (sky130_fd_sc_hd__dfrtp_2)
                                  0.55   data arrival time

                  0.00    0.00    0.00   clock clk (rise edge)
                          0.00    0.00   clock network delay (ideal)
                          0.00    0.00   clock reconvergence pessimism
                                  0.00 ^ _3051_/CLK (sky130_fd_sc_hd__dfrtp_2)
                         -0.04   -0.04   library hold time
                                 -0.04   data required time
-----------------------------------------------------------------------------
                                 -0.04   data required time
                                 -0.55   data arrival time
-----------------------------------------------------------------------------
                                  0.59   slack (MET)


Startpoint: _3052_ (rising edge-triggered flip-flop clocked by clk)
Endpoint: _3052_ (rising edge-triggered flip-flop clocked by clk)
Path Group: clk
Path Type: min

Fanout     Cap    Slew   Delay    Time   Description
-----------------------------------------------------------------------------
                  0.00    0.00    0.00   clock clk (rise edge)
                          0.00    0.00   clock network delay (ideal)
                  0.00    0.00    0.00 ^ _3052_/CLK (sky130_fd_sc_hd__dfrtp_2)
     4    0.01    0.07    0.35    0.35 ^ _3052_/Q (sky130_fd_sc_hd__dfrtp_2)
                                         reg_file.registers[11][22] (net)
                  0.07    0.00    0.35 ^ _2344_/A0 (sky130_fd_sc_hd__mux2_2)
     1    0.00    0.03    0.14    0.48 ^ _2344_/X (sky130_fd_sc_hd__mux2_2)
                                         _1151_ (net)
                  0.03    0.00    0.48 ^ _2345_/A (sky130_fd_sc_hd__buf_1)
     1    0.00    0.04    0.07    0.55 ^ _2345_/X (sky130_fd_sc_hd__buf_1)
                                         _0275_ (net)
                  0.04    0.00    0.55 ^ _3052_/D (sky130_fd_sc_hd__dfrtp_2)
                                  0.55   data arrival time

                  0.00    0.00    0.00   clock clk (rise edge)
                          0.00    0.00   clock network delay (ideal)
                          0.00    0.00   clock reconvergence pessimism
                                  0.00 ^ _3052_/CLK (sky130_fd_sc_hd__dfrtp_2)
                         -0.04   -0.04   library hold time
                                 -0.04   data required time
-----------------------------------------------------------------------------
                                 -0.04   data required time
                                 -0.55   data arrival time
-----------------------------------------------------------------------------
                                  0.59   slack (MET)


Startpoint: _3053_ (rising edge-triggered flip-flop clocked by clk)
Endpoint: _3053_ (rising edge-triggered flip-flop clocked by clk)
Path Group: clk
Path Type: min

Fanout     Cap    Slew   Delay    Time   Description
-----------------------------------------------------------------------------
                  0.00    0.00    0.00   clock clk (rise edge)
                          0.00    0.00   clock network delay (ideal)
                  0.00    0.00    0.00 ^ _3053_/CLK (sky130_fd_sc_hd__dfrtp_2)
     4    0.01    0.07    0.35    0.35 ^ _3053_/Q (sky130_fd_sc_hd__dfrtp_2)
                                         reg_file.registers[11][23] (net)
                  0.07    0.00    0.35 ^ _2338_/A0 (sky130_fd_sc_hd__mux2_2)
     1    0.00    0.03    0.14    0.48 ^ _2338_/X (sky130_fd_sc_hd__mux2_2)
                                         _1146_ (net)
                  0.03    0.00    0.48 ^ _2339_/A (sky130_fd_sc_hd__buf_1)
     1    0.00    0.04    0.07    0.55 ^ _2339_/X (sky130_fd_sc_hd__buf_1)
                                         _0276_ (net)
                  0.04    0.00    0.55 ^ _3053_/D (sky130_fd_sc_hd__dfrtp_2)
                                  0.55   data arrival time

                  0.00    0.00    0.00   clock clk (rise edge)
                          0.00    0.00   clock network delay (ideal)
                          0.00    0.00   clock reconvergence pessimism
                                  0.00 ^ _3053_/CLK (sky130_fd_sc_hd__dfrtp_2)
                         -0.04   -0.04   library hold time
                                 -0.04   data required time
-----------------------------------------------------------------------------
                                 -0.04   data required time
                                 -0.55   data arrival time
-----------------------------------------------------------------------------
                                  0.59   slack (MET)


Startpoint: _3089_ (rising edge-triggered flip-flop clocked by clk)
Endpoint: _3089_ (rising edge-triggered flip-flop clocked by clk)
Path Group: clk
Path Type: min

Fanout     Cap    Slew   Delay    Time   Description
-----------------------------------------------------------------------------
                  0.00    0.00    0.00   clock clk (rise edge)
                          0.00    0.00   clock network delay (ideal)
                  0.00    0.00    0.00 ^ _3089_/CLK (sky130_fd_sc_hd__dfrtp_2)
     4    0.01    0.07    0.35    0.35 ^ _3089_/Q (sky130_fd_sc_hd__dfrtp_2)
                                         reg_file.registers[10][27] (net)
                  0.07    0.00    0.35 ^ _1590_/A (sky130_fd_sc_hd__and2_2)
     1    0.00    0.03    0.13    0.48 ^ _1590_/X (sky130_fd_sc_hd__and2_2)
                                         _0434_ (net)
                  0.03    0.00    0.48 ^ _1591_/A (sky130_fd_sc_hd__buf_1)
     1    0.00    0.04    0.07    0.55 ^ _1591_/X (sky130_fd_sc_hd__buf_1)
                                         _0312_ (net)
                  0.04    0.00    0.55 ^ _3089_/D (sky130_fd_sc_hd__dfrtp_2)
                                  0.55   data arrival time

                  0.00    0.00    0.00   clock clk (rise edge)
                          0.00    0.00   clock network delay (ideal)
                          0.00    0.00   clock reconvergence pessimism
                                  0.00 ^ _3089_/CLK (sky130_fd_sc_hd__dfrtp_2)
                         -0.04   -0.04   library hold time
                                 -0.04   data required time
-----------------------------------------------------------------------------
                                 -0.04   data required time
                                 -0.55   data arrival time
-----------------------------------------------------------------------------
                                  0.59   slack (MET)


Startpoint: _3092_ (rising edge-triggered flip-flop clocked by clk)
Endpoint: _3092_ (rising edge-triggered flip-flop clocked by clk)
Path Group: clk
Path Type: min

Fanout     Cap    Slew   Delay    Time   Description
-----------------------------------------------------------------------------
                  0.00    0.00    0.00   clock clk (rise edge)
                          0.00    0.00   clock network delay (ideal)
                  0.00    0.00    0.00 ^ _3092_/CLK (sky130_fd_sc_hd__dfrtp_2)
     4    0.01    0.07    0.35    0.35 ^ _3092_/Q (sky130_fd_sc_hd__dfrtp_2)
                                         reg_file.registers[10][30] (net)
                  0.07    0.00    0.35 ^ _1584_/A (sky130_fd_sc_hd__and2_2)
     1    0.00    0.03    0.13    0.48 ^ _1584_/X (sky130_fd_sc_hd__and2_2)
                                         _0431_ (net)
                  0.03    0.00    0.48 ^ _1585_/A (sky130_fd_sc_hd__buf_1)
     1    0.00    0.04    0.07    0.55 ^ _1585_/X (sky130_fd_sc_hd__buf_1)
                                         _0315_ (net)
                  0.04    0.00    0.55 ^ _3092_/D (sky130_fd_sc_hd__dfrtp_2)
                                  0.55   data arrival time

                  0.00    0.00    0.00   clock clk (rise edge)
                          0.00    0.00   clock network delay (ideal)
                          0.00    0.00   clock reconvergence pessimism
                                  0.00 ^ _3092_/CLK (sky130_fd_sc_hd__dfrtp_2)
                         -0.04   -0.04   library hold time
                                 -0.04   data required time
-----------------------------------------------------------------------------
                                 -0.04   data required time
                                 -0.55   data arrival time
-----------------------------------------------------------------------------
                                  0.59   slack (MET)


Startpoint: _3064_ (rising edge-triggered flip-flop clocked by clk)
Endpoint: _3064_ (rising edge-triggered flip-flop clocked by clk)
Path Group: clk
Path Type: min

Fanout     Cap    Slew   Delay    Time   Description
-----------------------------------------------------------------------------
                  0.00    0.00    0.00   clock clk (rise edge)
                          0.00    0.00   clock network delay (ideal)
                  0.00    0.00    0.00 ^ _3064_/CLK (sky130_fd_sc_hd__dfrtp_2)
     5    0.01    0.08    0.35    0.35 ^ _3064_/Q (sky130_fd_sc_hd__dfrtp_2)
                                         reg_file.registers[10][2] (net)
                  0.08    0.00    0.35 ^ _1642_/A (sky130_fd_sc_hd__and2_2)
     1    0.00    0.03    0.13    0.48 ^ _1642_/X (sky130_fd_sc_hd__and2_2)
                                         _0461_ (net)
                  0.03    0.00    0.48 ^ _1643_/A (sky130_fd_sc_hd__buf_1)
     1    0.00    0.04    0.07    0.55 ^ _1643_/X (sky130_fd_sc_hd__buf_1)
                                         _0287_ (net)
                  0.04    0.00    0.55 ^ _3064_/D (sky130_fd_sc_hd__dfrtp_2)
                                  0.55   data arrival time

                  0.00    0.00    0.00   clock clk (rise edge)
                          0.00    0.00   clock network delay (ideal)
                          0.00    0.00   clock reconvergence pessimism
                                  0.00 ^ _3064_/CLK (sky130_fd_sc_hd__dfrtp_2)
                         -0.04   -0.04   library hold time
                                 -0.04   data required time
-----------------------------------------------------------------------------
                                 -0.04   data required time
                                 -0.55   data arrival time
-----------------------------------------------------------------------------
                                  0.59   slack (MET)


Startpoint: _3098_ (rising edge-triggered flip-flop clocked by clk)
Endpoint: _3098_ (rising edge-triggered flip-flop clocked by clk)
Path Group: clk
Path Type: min

Fanout     Cap    Slew   Delay    Time   Description
-----------------------------------------------------------------------------
                  0.00    0.00    0.00   clock clk (rise edge)
                          0.00    0.00   clock network delay (ideal)
                  0.00    0.00    0.00 ^ _3098_/CLK (sky130_fd_sc_hd__dfrtp_2)
     5    0.01    0.08    0.35    0.35 ^ _3098_/Q (sky130_fd_sc_hd__dfrtp_2)
                                         reg_file.registers[5][4] (net)
                  0.08    0.00    0.35 ^ _1570_/A (sky130_fd_sc_hd__and2_2)
     1    0.00    0.03    0.13    0.49 ^ _1570_/X (sky130_fd_sc_hd__and2_2)
                                         _0423_ (net)
                  0.03    0.00    0.49 ^ _1571_/A (sky130_fd_sc_hd__buf_1)
     1    0.00    0.04    0.07    0.56 ^ _1571_/X (sky130_fd_sc_hd__buf_1)
                                         _0321_ (net)
                  0.04    0.00    0.56 ^ _3098_/D (sky130_fd_sc_hd__dfrtp_2)
                                  0.56   data arrival time

                  0.00    0.00    0.00   clock clk (rise edge)
                          0.00    0.00   clock network delay (ideal)
                          0.00    0.00   clock reconvergence pessimism
                                  0.00 ^ _3098_/CLK (sky130_fd_sc_hd__dfrtp_2)
                         -0.04   -0.04   library hold time
                                 -0.04   data required time
-----------------------------------------------------------------------------
                                 -0.04   data required time
                                 -0.56   data arrival time
-----------------------------------------------------------------------------
                                  0.59   slack (MET)


Startpoint: _3057_ (rising edge-triggered flip-flop clocked by clk)
Endpoint: _3057_ (rising edge-triggered flip-flop clocked by clk)
Path Group: clk
Path Type: min

Fanout     Cap    Slew   Delay    Time   Description
-----------------------------------------------------------------------------
                  0.00    0.00    0.00   clock clk (rise edge)
                          0.00    0.00   clock network delay (ideal)
                  0.00    0.00    0.00 ^ _3057_/CLK (sky130_fd_sc_hd__dfrtp_2)
     4    0.01    0.08    0.35    0.35 ^ _3057_/Q (sky130_fd_sc_hd__dfrtp_2)
                                         reg_file.registers[11][27] (net)
                  0.08    0.00    0.35 ^ _2279_/A0 (sky130_fd_sc_hd__mux2_2)
     1    0.00    0.03    0.14    0.49 ^ _2279_/X (sky130_fd_sc_hd__mux2_2)
                                         _1091_ (net)
                  0.03    0.00    0.49 ^ _2280_/A (sky130_fd_sc_hd__buf_1)
     1    0.00    0.04    0.07    0.56 ^ _2280_/X (sky130_fd_sc_hd__buf_1)
                                         _0280_ (net)
                  0.04    0.00    0.56 ^ _3057_/D (sky130_fd_sc_hd__dfrtp_2)
                                  0.56   data arrival time

                  0.00    0.00    0.00   clock clk (rise edge)
                          0.00    0.00   clock network delay (ideal)
                          0.00    0.00   clock reconvergence pessimism
                                  0.00 ^ _3057_/CLK (sky130_fd_sc_hd__dfrtp_2)
                         -0.04   -0.04   library hold time
                                 -0.04   data required time
-----------------------------------------------------------------------------
                                 -0.04   data required time
                                 -0.56   data arrival time
-----------------------------------------------------------------------------
                                  0.60   slack (MET)


Startpoint: _3154_ (rising edge-triggered flip-flop clocked by clk)
Endpoint: _3154_ (rising edge-triggered flip-flop clocked by clk)
Path Group: clk
Path Type: min

Fanout     Cap    Slew   Delay    Time   Description
-----------------------------------------------------------------------------
                  0.00    0.00    0.00   clock clk (rise edge)
                          0.00    0.00   clock network delay (ideal)
                  0.00    0.00    0.00 ^ _3154_/CLK (sky130_fd_sc_hd__dfxtp_2)
     3    0.01    0.06    0.31    0.31 ^ _3154_/Q (sky130_fd_sc_hd__dfxtp_2)
                                         display.counter[19] (net)
                  0.06    0.00    0.31 ^ _2758_/A (sky130_fd_sc_hd__or2_2)
     1    0.00    0.02    0.09    0.40 ^ _2758_/X (sky130_fd_sc_hd__or2_2)
                                         _1447_ (net)
                  0.02    0.00    0.40 ^ _2759_/B (sky130_fd_sc_hd__and2_2)
     1    0.00    0.03    0.12    0.52 ^ _2759_/X (sky130_fd_sc_hd__and2_2)
                                         _1448_ (net)
                  0.03    0.00    0.52 ^ _2760_/A (sky130_fd_sc_hd__buf_1)
     1    0.00    0.03    0.07    0.59 ^ _2760_/X (sky130_fd_sc_hd__buf_1)
                                         _0017_ (net)
                  0.03    0.00    0.59 ^ _3154_/D (sky130_fd_sc_hd__dfxtp_2)
                                  0.59   data arrival time

                  0.00    0.00    0.00   clock clk (rise edge)
                          0.00    0.00   clock network delay (ideal)
                          0.00    0.00   clock reconvergence pessimism
                                  0.00 ^ _3154_/CLK (sky130_fd_sc_hd__dfxtp_2)
                         -0.03   -0.03   library hold time
                                 -0.03   data required time
-----------------------------------------------------------------------------
                                 -0.03   data required time
                                 -0.59   data arrival time
-----------------------------------------------------------------------------
                                  0.63   slack (MET)


Startpoint: _3133_ (rising edge-triggered flip-flop clocked by clk)
Endpoint: _3162_ (rising edge-triggered flip-flop clocked by clk)
Path Group: clk
Path Type: min

Fanout     Cap    Slew   Delay    Time   Description
-----------------------------------------------------------------------------
                  0.00    0.00    0.00   clock clk (rise edge)
                          0.00    0.00   clock network delay (ideal)
                  0.00    0.00    0.00 ^ _3133_/CLK (sky130_fd_sc_hd__dfxtp_2)
     8    0.02    0.07    0.33    0.33 v _3133_/Q (sky130_fd_sc_hd__dfxtp_2)
                                         display.digit_sel[1] (net)
                  0.07    0.00    0.33 v _2638_/A (sky130_fd_sc_hd__and3_2)
     5    0.01    0.06    0.21    0.54 v _2638_/X (sky130_fd_sc_hd__and3_2)
                                         _1360_ (net)
                  0.06    0.00    0.54 v _2714_/A (sky130_fd_sc_hd__inv_2)
     2    0.00    0.03    0.05    0.59 ^ _2714_/Y (sky130_fd_sc_hd__inv_2)
                                         _0365_ (net)
                  0.03    0.00    0.59 ^ _3162_/D (sky130_fd_sc_hd__dfxtp_2)
                                  0.59   data arrival time

                  0.00    0.00    0.00   clock clk (rise edge)
                          0.00    0.00   clock network delay (ideal)
                          0.00    0.00   clock reconvergence pessimism
                                  0.00 ^ _3162_/CLK (sky130_fd_sc_hd__dfxtp_2)
                         -0.03   -0.03   library hold time
                                 -0.03   data required time
-----------------------------------------------------------------------------
                                 -0.03   data required time
                                 -0.59   data arrival time
-----------------------------------------------------------------------------
                                  0.63   slack (MET)


Startpoint: _3134_ (rising edge-triggered flip-flop clocked by clk)
Endpoint: _3160_ (rising edge-triggered flip-flop clocked by clk)
Path Group: clk
Path Type: min

Fanout     Cap    Slew   Delay    Time   Description
-----------------------------------------------------------------------------
                  0.00    0.00    0.00   clock clk (rise edge)
                          0.00    0.00   clock network delay (ideal)
                  0.00    0.00    0.00 ^ _3134_/CLK (sky130_fd_sc_hd__dfxtp_2)
     9    0.02    0.07    0.33    0.33 v _3134_/Q (sky130_fd_sc_hd__dfxtp_2)
                                         display.digit_sel[2] (net)
                  0.07    0.00    0.33 v _2639_/B (sky130_fd_sc_hd__and3b_2)
     5    0.01    0.06    0.23    0.57 v _2639_/X (sky130_fd_sc_hd__and3b_2)
                                         _1361_ (net)
                  0.06    0.00    0.57 v _2713_/A (sky130_fd_sc_hd__inv_2)
     1    0.00    0.02    0.04    0.61 ^ _2713_/Y (sky130_fd_sc_hd__inv_2)
                                         _0363_ (net)
                  0.02    0.00    0.61 ^ _3160_/D (sky130_fd_sc_hd__dfxtp_2)
                                  0.61   data arrival time

                  0.00    0.00    0.00   clock clk (rise edge)
                          0.00    0.00   clock network delay (ideal)
                          0.00    0.00   clock reconvergence pessimism
                                  0.00 ^ _3160_/CLK (sky130_fd_sc_hd__dfxtp_2)
                         -0.03   -0.03   library hold time
                                 -0.03   data required time
-----------------------------------------------------------------------------
                                 -0.03   data required time
                                 -0.61   data arrival time
-----------------------------------------------------------------------------
                                  0.64   slack (MET)


Startpoint: _3134_ (rising edge-triggered flip-flop clocked by clk)
Endpoint: _3155_ (rising edge-triggered flip-flop clocked by clk)
Path Group: clk
Path Type: min

Fanout     Cap    Slew   Delay    Time   Description
-----------------------------------------------------------------------------
                  0.00    0.00    0.00   clock clk (rise edge)
                          0.00    0.00   clock network delay (ideal)
                  0.00    0.00    0.00 ^ _3134_/CLK (sky130_fd_sc_hd__dfxtp_2)
     9    0.02    0.07    0.33    0.33 v _3134_/Q (sky130_fd_sc_hd__dfxtp_2)
                                         display.digit_sel[2] (net)
                  0.07    0.00    0.33 v _2652_/A_N (sky130_fd_sc_hd__and2b_2)
     5    0.01    0.09    0.26    0.59 ^ _2652_/X (sky130_fd_sc_hd__and2b_2)
                                         _1371_ (net)
                  0.09    0.00    0.59 ^ _2657_/A (sky130_fd_sc_hd__inv_2)
     5    0.01    0.04    0.05    0.64 v _2657_/Y (sky130_fd_sc_hd__inv_2)
                                         _0358_ (net)
                  0.04    0.00    0.64 v _3155_/D (sky130_fd_sc_hd__dfxtp_2)
                                  0.64   data arrival time

                  0.00    0.00    0.00   clock clk (rise edge)
                          0.00    0.00   clock network delay (ideal)
                          0.00    0.00   clock reconvergence pessimism
                                  0.00 ^ _3155_/CLK (sky130_fd_sc_hd__dfxtp_2)
                         -0.05   -0.05   library hold time
                                 -0.05   data required time
-----------------------------------------------------------------------------
                                 -0.05   data required time
                                 -0.64   data arrival time
-----------------------------------------------------------------------------
                                  0.70   slack (MET)


Startpoint: _3134_ (rising edge-triggered flip-flop clocked by clk)
Endpoint: _3157_ (rising edge-triggered flip-flop clocked by clk)
Path Group: clk
Path Type: min

Fanout     Cap    Slew   Delay    Time   Description
-----------------------------------------------------------------------------
                  0.00    0.00    0.00   clock clk (rise edge)
                          0.00    0.00   clock network delay (ideal)
                  0.00    0.00    0.00 ^ _3134_/CLK (sky130_fd_sc_hd__dfxtp_2)
     9    0.03    0.14    0.37    0.37 ^ _3134_/Q (sky130_fd_sc_hd__dfxtp_2)
                                         display.digit_sel[2] (net)
                  0.14    0.00    0.37 ^ _2647_/A (sky130_fd_sc_hd__or3b_2)
     1    0.00    0.03    0.13    0.51 ^ _2647_/X (sky130_fd_sc_hd__or3b_2)
                                         _1367_ (net)
                  0.03    0.00    0.51 ^ _2648_/A (sky130_fd_sc_hd__buf_1)
     3    0.01    0.14    0.14    0.65 ^ _2648_/X (sky130_fd_sc_hd__buf_1)
                                         _0360_ (net)
                  0.14    0.00    0.65 ^ _3157_/D (sky130_fd_sc_hd__dfxtp_2)
                                  0.65   data arrival time

                  0.00    0.00    0.00   clock clk (rise edge)
                          0.00    0.00   clock network delay (ideal)
                          0.00    0.00   clock reconvergence pessimism
                                  0.00 ^ _3157_/CLK (sky130_fd_sc_hd__dfxtp_2)
                         -0.06   -0.06   library hold time
                                 -0.06   data required time
-----------------------------------------------------------------------------
                                 -0.06   data required time
                                 -0.65   data arrival time
-----------------------------------------------------------------------------
                                  0.70   slack (MET)


Startpoint: _2989_ (rising edge-triggered flip-flop clocked by clk)
Endpoint: _2989_ (rising edge-triggered flip-flop clocked by clk)
Path Group: clk
Path Type: min

Fanout     Cap    Slew   Delay    Time   Description
-----------------------------------------------------------------------------
                  0.00    0.00    0.00   clock clk (rise edge)
                          0.00    0.00   clock network delay (ideal)
                  0.00    0.00    0.00 ^ _2989_/CLK (sky130_fd_sc_hd__dfrtp_2)
     4    0.02    0.09    0.37    0.37 ^ _2989_/Q (sky130_fd_sc_hd__dfrtp_2)
                                         imem.address[30] (net)
                  0.09    0.00    0.37 ^ _2588_/A (sky130_fd_sc_hd__or2_2)
     1    0.00    0.02    0.11    0.48 ^ _2588_/X (sky130_fd_sc_hd__or2_2)
                                         _1339_ (net)
                  0.02    0.00    0.48 ^ _2589_/B (sky130_fd_sc_hd__and2_2)
     1    0.00    0.03    0.12    0.60 ^ _2589_/X (sky130_fd_sc_hd__and2_2)
                                         _1340_ (net)
                  0.03    0.00    0.60 ^ _2590_/A (sky130_fd_sc_hd__buf_1)
     1    0.00    0.04    0.07    0.67 ^ _2590_/X (sky130_fd_sc_hd__buf_1)
                                         _0219_ (net)
                  0.04    0.00    0.67 ^ _2989_/D (sky130_fd_sc_hd__dfrtp_2)
                                  0.67   data arrival time

                  0.00    0.00    0.00   clock clk (rise edge)
                          0.00    0.00   clock network delay (ideal)
                          0.00    0.00   clock reconvergence pessimism
                                  0.00 ^ _2989_/CLK (sky130_fd_sc_hd__dfrtp_2)
                         -0.04   -0.04   library hold time
                                 -0.04   data required time
-----------------------------------------------------------------------------
                                 -0.04   data required time
                                 -0.67   data arrival time
-----------------------------------------------------------------------------
                                  0.71   slack (MET)


Startpoint: _3133_ (rising edge-triggered flip-flop clocked by clk)
Endpoint: _2991_ (rising edge-triggered flip-flop clocked by clk)
Path Group: clk
Path Type: min

Fanout     Cap    Slew   Delay    Time   Description
-----------------------------------------------------------------------------
                  0.00    0.00    0.00   clock clk (rise edge)
                          0.00    0.00   clock network delay (ideal)
                  0.00    0.00    0.00 ^ _3133_/CLK (sky130_fd_sc_hd__dfxtp_2)
     8    0.02    0.07    0.33    0.33 v _3133_/Q (sky130_fd_sc_hd__dfxtp_2)
                                         display.digit_sel[1] (net)
                  0.07    0.00    0.33 v _2638_/A (sky130_fd_sc_hd__and3_2)
     5    0.01    0.06    0.21    0.54 v _2638_/X (sky130_fd_sc_hd__and3_2)
                                         _1360_ (net)
                  0.06    0.00    0.54 v _2656_/A2 (sky130_fd_sc_hd__a21o_2)
     4    0.01    0.05    0.23    0.77 v _2656_/X (sky130_fd_sc_hd__a21o_2)
                                         _1375_ (net)
                  0.05    0.00    0.77 v _2659_/A (sky130_fd_sc_hd__nand2_2)
     7    0.02    0.10    0.10    0.88 ^ _2659_/Y (sky130_fd_sc_hd__nand2_2)
                                         _1377_ (net)
                  0.10    0.00    0.88 ^ _2691_/A1 (sky130_fd_sc_hd__a211o_2)
     1    0.00    0.02    0.13    1.00 ^ _2691_/X (sky130_fd_sc_hd__a211o_2)
                                         _0000_ (net)
                  0.02    0.00    1.00 ^ _2991_/D (sky130_fd_sc_hd__dfxtp_2)
                                  1.00   data arrival time

                  0.00    0.00    0.00   clock clk (rise edge)
                          0.00    0.00   clock network delay (ideal)
                          0.00    0.00   clock reconvergence pessimism
                                  0.00 ^ _2991_/CLK (sky130_fd_sc_hd__dfxtp_2)
                         -0.03   -0.03   library hold time
                                 -0.03   data required time
-----------------------------------------------------------------------------
                                 -0.03   data required time
                                 -1.00   data arrival time
-----------------------------------------------------------------------------
                                  1.03   slack (MET)


Startpoint: _3133_ (rising edge-triggered flip-flop clocked by clk)
Endpoint: _2993_ (rising edge-triggered flip-flop clocked by clk)
Path Group: clk
Path Type: min

Fanout     Cap    Slew   Delay    Time   Description
-----------------------------------------------------------------------------
                  0.00    0.00    0.00   clock clk (rise edge)
                          0.00    0.00   clock network delay (ideal)
                  0.00    0.00    0.00 ^ _3133_/CLK (sky130_fd_sc_hd__dfxtp_2)
     8    0.02    0.07    0.33    0.33 v _3133_/Q (sky130_fd_sc_hd__dfxtp_2)
                                         display.digit_sel[1] (net)
                  0.07    0.00    0.33 v _2638_/A (sky130_fd_sc_hd__and3_2)
     5    0.01    0.06    0.21    0.54 v _2638_/X (sky130_fd_sc_hd__and3_2)
                                         _1360_ (net)
                  0.06    0.00    0.54 v _2656_/A2 (sky130_fd_sc_hd__a21o_2)
     4    0.01    0.05    0.23    0.77 v _2656_/X (sky130_fd_sc_hd__a21o_2)
                                         _1375_ (net)
                  0.05    0.00    0.77 v _2659_/A (sky130_fd_sc_hd__nand2_2)
     7    0.02    0.10    0.10    0.88 ^ _2659_/Y (sky130_fd_sc_hd__nand2_2)
                                         _1377_ (net)
                  0.10    0.00    0.88 ^ _2697_/A1 (sky130_fd_sc_hd__a31o_2)
     1    0.00    0.03    0.14    1.02 ^ _2697_/X (sky130_fd_sc_hd__a31o_2)
                                         _0002_ (net)
                  0.03    0.00    1.02 ^ _2993_/D (sky130_fd_sc_hd__dfxtp_2)
                                  1.02   data arrival time

                  0.00    0.00    0.00   clock clk (rise edge)
                          0.00    0.00   clock network delay (ideal)
                          0.00    0.00   clock reconvergence pessimism
                                  0.00 ^ _2993_/CLK (sky130_fd_sc_hd__dfxtp_2)
                         -0.03   -0.03   library hold time
                                 -0.03   data required time
-----------------------------------------------------------------------------
                                 -0.03   data required time
                                 -1.02   data arrival time
-----------------------------------------------------------------------------
                                  1.05   slack (MET)


Startpoint: _3133_ (rising edge-triggered flip-flop clocked by clk)
Endpoint: _2996_ (rising edge-triggered flip-flop clocked by clk)
Path Group: clk
Path Type: min

Fanout     Cap    Slew   Delay    Time   Description
-----------------------------------------------------------------------------
                  0.00    0.00    0.00   clock clk (rise edge)
                          0.00    0.00   clock network delay (ideal)
                  0.00    0.00    0.00 ^ _3133_/CLK (sky130_fd_sc_hd__dfxtp_2)
     8    0.02    0.07    0.33    0.33 v _3133_/Q (sky130_fd_sc_hd__dfxtp_2)
                                         display.digit_sel[1] (net)
                  0.07    0.00    0.33 v _2638_/A (sky130_fd_sc_hd__and3_2)
     5    0.01    0.06    0.21    0.54 v _2638_/X (sky130_fd_sc_hd__and3_2)
                                         _1360_ (net)
                  0.06    0.00    0.54 v _2656_/A2 (sky130_fd_sc_hd__a21o_2)
     4    0.01    0.05    0.23    0.77 v _2656_/X (sky130_fd_sc_hd__a21o_2)
                                         _1375_ (net)
                  0.05    0.00    0.77 v _2659_/A (sky130_fd_sc_hd__nand2_2)
     7    0.02    0.10    0.10    0.88 ^ _2659_/Y (sky130_fd_sc_hd__nand2_2)
                                         _1377_ (net)
                  0.10    0.00    0.88 ^ _2707_/A1 (sky130_fd_sc_hd__a31o_2)
     1    0.00    0.03    0.14    1.02 ^ _2707_/X (sky130_fd_sc_hd__a31o_2)
                                         _0005_ (net)
                  0.03    0.00    1.02 ^ _2996_/D (sky130_fd_sc_hd__dfxtp_2)
                                  1.02   data arrival time

                  0.00    0.00    0.00   clock clk (rise edge)
                          0.00    0.00   clock network delay (ideal)
                          0.00    0.00   clock reconvergence pessimism
                                  0.00 ^ _2996_/CLK (sky130_fd_sc_hd__dfxtp_2)
                         -0.03   -0.03   library hold time
                                 -0.03   data required time
-----------------------------------------------------------------------------
                                 -0.03   data required time
                                 -1.02   data arrival time
-----------------------------------------------------------------------------
                                  1.05   slack (MET)


Startpoint: _3133_ (rising edge-triggered flip-flop clocked by clk)
Endpoint: _2995_ (rising edge-triggered flip-flop clocked by clk)
Path Group: clk
Path Type: min

Fanout     Cap    Slew   Delay    Time   Description
-----------------------------------------------------------------------------
                  0.00    0.00    0.00   clock clk (rise edge)
                          0.00    0.00   clock network delay (ideal)
                  0.00    0.00    0.00 ^ _3133_/CLK (sky130_fd_sc_hd__dfxtp_2)
     8    0.02    0.07    0.33    0.33 v _3133_/Q (sky130_fd_sc_hd__dfxtp_2)
                                         display.digit_sel[1] (net)
                  0.07    0.00    0.33 v _2638_/A (sky130_fd_sc_hd__and3_2)
     5    0.01    0.06    0.21    0.54 v _2638_/X (sky130_fd_sc_hd__and3_2)
                                         _1360_ (net)
                  0.06    0.00    0.54 v _2656_/A2 (sky130_fd_sc_hd__a21o_2)
     4    0.01    0.05    0.23    0.77 v _2656_/X (sky130_fd_sc_hd__a21o_2)
                                         _1375_ (net)
                  0.05    0.00    0.77 v _2659_/A (sky130_fd_sc_hd__nand2_2)
     7    0.02    0.10    0.10    0.88 ^ _2659_/Y (sky130_fd_sc_hd__nand2_2)
                                         _1377_ (net)
                  0.10    0.00    0.88 ^ _2705_/B2 (sky130_fd_sc_hd__a2bb2o_2)
     1    0.00    0.03    0.15    1.03 ^ _2705_/X (sky130_fd_sc_hd__a2bb2o_2)
                                         _0004_ (net)
                  0.03    0.00    1.03 ^ _2995_/D (sky130_fd_sc_hd__dfxtp_2)
                                  1.03   data arrival time

                  0.00    0.00    0.00   clock clk (rise edge)
                          0.00    0.00   clock network delay (ideal)
                          0.00    0.00   clock reconvergence pessimism
                                  0.00 ^ _2995_/CLK (sky130_fd_sc_hd__dfxtp_2)
                         -0.03   -0.03   library hold time
                                 -0.03   data required time
-----------------------------------------------------------------------------
                                 -0.03   data required time
                                 -1.03   data arrival time
-----------------------------------------------------------------------------
                                  1.06   slack (MET)


Startpoint: _3133_ (rising edge-triggered flip-flop clocked by clk)
Endpoint: _2992_ (rising edge-triggered flip-flop clocked by clk)
Path Group: clk
Path Type: min

Fanout     Cap    Slew   Delay    Time   Description
-----------------------------------------------------------------------------
                  0.00    0.00    0.00   clock clk (rise edge)
                          0.00    0.00   clock network delay (ideal)
                  0.00    0.00    0.00 ^ _3133_/CLK (sky130_fd_sc_hd__dfxtp_2)
     8    0.02    0.07    0.33    0.33 v _3133_/Q (sky130_fd_sc_hd__dfxtp_2)
                                         display.digit_sel[1] (net)
                  0.07    0.00    0.33 v _2638_/A (sky130_fd_sc_hd__and3_2)
     5    0.01    0.06    0.21    0.54 v _2638_/X (sky130_fd_sc_hd__and3_2)
                                         _1360_ (net)
                  0.06    0.00    0.54 v _2656_/A2 (sky130_fd_sc_hd__a21o_2)
     4    0.01    0.05    0.23    0.77 v _2656_/X (sky130_fd_sc_hd__a21o_2)
                                         _1375_ (net)
                  0.05    0.00    0.77 v _2659_/A (sky130_fd_sc_hd__nand2_2)
     7    0.02    0.10    0.10    0.88 ^ _2659_/Y (sky130_fd_sc_hd__nand2_2)
                                         _1377_ (net)
                  0.10    0.00    0.88 ^ _2695_/A1 (sky130_fd_sc_hd__a311o_2)
     1    0.00    0.03    0.16    1.03 ^ _2695_/X (sky130_fd_sc_hd__a311o_2)
                                         _0001_ (net)
                  0.03    0.00    1.03 ^ _2992_/D (sky130_fd_sc_hd__dfxtp_2)
                                  1.03   data arrival time

                  0.00    0.00    0.00   clock clk (rise edge)
                          0.00    0.00   clock network delay (ideal)
                          0.00    0.00   clock reconvergence pessimism
                                  0.00 ^ _2992_/CLK (sky130_fd_sc_hd__dfxtp_2)
                         -0.03   -0.03   library hold time
                                 -0.03   data required time
-----------------------------------------------------------------------------
                                 -0.03   data required time
                                 -1.03   data arrival time
-----------------------------------------------------------------------------
                                  1.07   slack (MET)


Startpoint: _3133_ (rising edge-triggered flip-flop clocked by clk)
Endpoint: _2994_ (rising edge-triggered flip-flop clocked by clk)
Path Group: clk
Path Type: min

Fanout     Cap    Slew   Delay    Time   Description
-----------------------------------------------------------------------------
                  0.00    0.00    0.00   clock clk (rise edge)
                          0.00    0.00   clock network delay (ideal)
                  0.00    0.00    0.00 ^ _3133_/CLK (sky130_fd_sc_hd__dfxtp_2)
     8    0.02    0.07    0.33    0.33 v _3133_/Q (sky130_fd_sc_hd__dfxtp_2)
                                         display.digit_sel[1] (net)
                  0.07    0.00    0.33 v _2638_/A (sky130_fd_sc_hd__and3_2)
     5    0.01    0.06    0.21    0.54 v _2638_/X (sky130_fd_sc_hd__and3_2)
                                         _1360_ (net)
                  0.06    0.00    0.54 v _2656_/A2 (sky130_fd_sc_hd__a21o_2)
     4    0.01    0.05    0.23    0.77 v _2656_/X (sky130_fd_sc_hd__a21o_2)
                                         _1375_ (net)
                  0.05    0.00    0.77 v _2659_/A (sky130_fd_sc_hd__nand2_2)
     7    0.02    0.10    0.10    0.88 ^ _2659_/Y (sky130_fd_sc_hd__nand2_2)
                                         _1377_ (net)
                  0.10    0.00    0.88 ^ _2702_/S (sky130_fd_sc_hd__mux2_2)
     1    0.00    0.03    0.15    1.03 ^ _2702_/X (sky130_fd_sc_hd__mux2_2)
                                         _1417_ (net)
                  0.03    0.00    1.03 ^ _2703_/A (sky130_fd_sc_hd__buf_1)
     1    0.00    0.03    0.07    1.10 ^ _2703_/X (sky130_fd_sc_hd__buf_1)
                                         _0003_ (net)
                  0.03    0.00    1.10 ^ _2994_/D (sky130_fd_sc_hd__dfxtp_2)
                                  1.10   data arrival time

                  0.00    0.00    0.00   clock clk (rise edge)
                          0.00    0.00   clock network delay (ideal)
                          0.00    0.00   clock reconvergence pessimism
                                  0.00 ^ _2994_/CLK (sky130_fd_sc_hd__dfxtp_2)
                         -0.03   -0.03   library hold time
                                 -0.03   data required time
-----------------------------------------------------------------------------
                                 -0.03   data required time
                                 -1.10   data arrival time
-----------------------------------------------------------------------------
                                  1.13   slack (MET)


Startpoint: _3133_ (rising edge-triggered flip-flop clocked by clk)
Endpoint: _2997_ (rising edge-triggered flip-flop clocked by clk)
Path Group: clk
Path Type: min

Fanout     Cap    Slew   Delay    Time   Description
-----------------------------------------------------------------------------
                  0.00    0.00    0.00   clock clk (rise edge)
                          0.00    0.00   clock network delay (ideal)
                  0.00    0.00    0.00 ^ _3133_/CLK (sky130_fd_sc_hd__dfxtp_2)
     8    0.02    0.07    0.33    0.33 v _3133_/Q (sky130_fd_sc_hd__dfxtp_2)
                                         display.digit_sel[1] (net)
                  0.07    0.00    0.33 v _2638_/A (sky130_fd_sc_hd__and3_2)
     5    0.01    0.06    0.21    0.54 v _2638_/X (sky130_fd_sc_hd__and3_2)
                                         _1360_ (net)
                  0.06    0.00    0.54 v _2656_/A2 (sky130_fd_sc_hd__a21o_2)
     4    0.01    0.05    0.23    0.77 v _2656_/X (sky130_fd_sc_hd__a21o_2)
                                         _1375_ (net)
                  0.05    0.00    0.77 v _2659_/A (sky130_fd_sc_hd__nand2_2)
     7    0.02    0.10    0.10    0.88 ^ _2659_/Y (sky130_fd_sc_hd__nand2_2)
                                         _1377_ (net)
                  0.10    0.00    0.88 ^ _2709_/S (sky130_fd_sc_hd__mux2_2)
     1    0.00    0.03    0.15    1.03 ^ _2709_/X (sky130_fd_sc_hd__mux2_2)
                                         _1421_ (net)
                  0.03    0.00    1.03 ^ _2710_/A (sky130_fd_sc_hd__buf_1)
     1    0.00    0.03    0.07    1.10 ^ _2710_/X (sky130_fd_sc_hd__buf_1)
                                         _0006_ (net)
                  0.03    0.00    1.10 ^ _2997_/D (sky130_fd_sc_hd__dfxtp_2)
                                  1.10   data arrival time

                  0.00    0.00    0.00   clock clk (rise edge)
                          0.00    0.00   clock network delay (ideal)
                          0.00    0.00   clock reconvergence pessimism
                                  0.00 ^ _2997_/CLK (sky130_fd_sc_hd__dfxtp_2)
                         -0.03   -0.03   library hold time
                                 -0.03   data required time
-----------------------------------------------------------------------------
                                 -0.03   data required time
                                 -1.10   data arrival time
-----------------------------------------------------------------------------
                                  1.13   slack (MET)



worst slack corner Typical: 0.3952
