
 /----------------------------------------------------------------------------\
 |                                                                            |
 |  yosys -- Yosys Open SYnthesis Suite                                       |
 |                                                                            |
 |  Copyright (C) 2012 - 2020  Claire Xenia Wolf <claire@yosyshq.com>         |
 |                                                                            |
 |  Permission to use, copy, modify, and/or distribute this software for any  |
 |  purpose with or without fee is hereby granted, provided that the above    |
 |  copyright notice and this permission notice appear in all copies.         |
 |                                                                            |
 |  THE SOFTWARE IS PROVIDED "AS IS" AND THE AUTHOR DISCLAIMS ALL WARRANTIES  |
 |  WITH REGARD TO THIS SOFTWARE INCLUDING ALL IMPLIED WARRANTIES OF          |
 |  MERCHANTABILITY AND FITNESS. IN NO EVENT SHALL THE AUTHOR BE LIABLE FOR   |
 |  ANY SPECIAL, DIRECT, INDIRECT, OR CONSEQUENTIAL DAMAGES OR ANY DAMAGES    |
 |  WHATSOEVER RESULTING FROM LOSS OF USE, DATA OR PROFITS, WHETHER IN AN     |
 |  ACTION OF CONTRACT, NEGLIGENCE OR OTHER TORTIOUS ACTION, ARISING OUT OF   |
 |  OR IN CONNECTION WITH THE USE OR PERFORMANCE OF THIS SOFTWARE.            |
 |                                                                            |
 \----------------------------------------------------------------------------/

 Yosys 0.38 (git sha1 543faed9c8c, clang++ 17.0.6 -fPIC -Os)

[TCL: yosys -import] Command name collision: found pre-existing command `cd' -> skip.
[TCL: yosys -import] Command name collision: found pre-existing command `eval' -> skip.
[TCL: yosys -import] Command name collision: found pre-existing command `exec' -> skip.
[TCL: yosys -import] Command name collision: found pre-existing command `read' -> skip.
[TCL: yosys -import] Command name collision: found pre-existing command `trace' -> skip.

1. Executing Liberty frontend: /home/omers/.volare/sky130A/libs.ref/sky130_fd_sc_hd/lib/sky130_fd_sc_hd__tt_025C_1v80.lib
Imported 428 cell types from liberty file.

2. Executing Verilog-2005 frontend: /openlane/designs/SemiCPU/src/SemiCPU.v
Parsing SystemVerilog input from `/openlane/designs/SemiCPU/src/SemiCPU.v' to AST representation.
Storing AST representation for module `$abstract\ProgramCounter'.
Storing AST representation for module `$abstract\ALU'.
Storing AST representation for module `$abstract\InstructionMemory'.
Storing AST representation for module `$abstract\RegFile'.
Storing AST representation for module `$abstract\InstructionDecoder'.
Storing AST representation for module `$abstract\SevenSegmentDisplay'.
Storing AST representation for module `$abstract\SemiCPU'.
Successfully finished Verilog frontend.

3. Executing HIERARCHY pass (managing design hierarchy).

4. Executing AST frontend in derive mode using pre-parsed AST for module `\SemiCPU'.
Generating RTLIL representation for module `\SemiCPU'.

4.1. Analyzing design hierarchy..
Top module:  \SemiCPU

4.2. Executing AST frontend in derive mode using pre-parsed AST for module `\SevenSegmentDisplay'.
Generating RTLIL representation for module `\SevenSegmentDisplay'.

4.3. Executing AST frontend in derive mode using pre-parsed AST for module `\ALU'.
Generating RTLIL representation for module `\ALU'.

4.4. Executing AST frontend in derive mode using pre-parsed AST for module `\RegFile'.
Generating RTLIL representation for module `\RegFile'.
Warning: Replacing memory \registers with list of registers. See /openlane/designs/SemiCPU/src/SemiCPU.v:65

4.5. Executing AST frontend in derive mode using pre-parsed AST for module `\InstructionDecoder'.
Generating RTLIL representation for module `\InstructionDecoder'.

4.6. Executing AST frontend in derive mode using pre-parsed AST for module `\InstructionMemory'.
Generating RTLIL representation for module `\InstructionMemory'.

4.7. Executing AST frontend in derive mode using pre-parsed AST for module `\ProgramCounter'.
Generating RTLIL representation for module `\ProgramCounter'.

4.8. Analyzing design hierarchy..
Top module:  \SemiCPU
Used module:     \SevenSegmentDisplay
Used module:     \ALU
Used module:     \RegFile
Used module:     \InstructionDecoder
Used module:     \InstructionMemory
Used module:     \ProgramCounter

4.9. Analyzing design hierarchy..
Top module:  \SemiCPU
Used module:     \SevenSegmentDisplay
Used module:     \ALU
Used module:     \RegFile
Used module:     \InstructionDecoder
Used module:     \InstructionMemory
Used module:     \ProgramCounter
Removing unused module `$abstract\SemiCPU'.
Removing unused module `$abstract\SevenSegmentDisplay'.
Removing unused module `$abstract\InstructionDecoder'.
Removing unused module `$abstract\RegFile'.
Removing unused module `$abstract\InstructionMemory'.
Removing unused module `$abstract\ALU'.
Removing unused module `$abstract\ProgramCounter'.
Removed 7 unused modules.

5. Generating Graphviz representation of design.
Writing dot description to `/openlane/designs/SemiCPU/runs/RUN_2025.06.01_17.17.29/tmp/synthesis/hierarchy.dot'.
Dumping module SemiCPU to page 1.
Renaming module SemiCPU to SemiCPU.

6. Executing TRIBUF pass.

7. Executing HIERARCHY pass (managing design hierarchy).

7.1. Analyzing design hierarchy..
Top module:  \SemiCPU
Used module:     \SevenSegmentDisplay
Used module:     \ALU
Used module:     \RegFile
Used module:     \InstructionDecoder
Used module:     \InstructionMemory
Used module:     \ProgramCounter

7.2. Analyzing design hierarchy..
Top module:  \SemiCPU
Used module:     \SevenSegmentDisplay
Used module:     \ALU
Used module:     \RegFile
Used module:     \InstructionDecoder
Used module:     \InstructionMemory
Used module:     \ProgramCounter
Removed 0 unused modules.

8. Executing PROC_CLEAN pass (remove empty switches from decision trees).
Cleaned up 0 empty switches.

9. Executing PROC_RMDEAD pass (remove dead branches from decision trees).
Marked 1 switch rules as full_case in process $proc$/openlane/designs/SemiCPU/src/SemiCPU.v:37$50 in module InstructionMemory.
Marked 3 switch rules as full_case in process $proc$/openlane/designs/SemiCPU/src/SemiCPU.v:84$48 in module InstructionDecoder.
Removed 1 dead cases from process $proc$/openlane/designs/SemiCPU/src/SemiCPU.v:0$45 in module RegFile.
Marked 1 switch rules as full_case in process $proc$/openlane/designs/SemiCPU/src/SemiCPU.v:0$45 in module RegFile.
Removed 1 dead cases from process $proc$/openlane/designs/SemiCPU/src/SemiCPU.v:0$42 in module RegFile.
Marked 1 switch rules as full_case in process $proc$/openlane/designs/SemiCPU/src/SemiCPU.v:0$42 in module RegFile.
Marked 3 switch rules as full_case in process $proc$/openlane/designs/SemiCPU/src/SemiCPU.v:62$29 in module RegFile.
Removed 1 dead cases from process $proc$/openlane/designs/SemiCPU/src/SemiCPU.v:18$19 in module ALU.
Marked 1 switch rules as full_case in process $proc$/openlane/designs/SemiCPU/src/SemiCPU.v:18$19 in module ALU.
Removed 2 dead cases from process $proc$/openlane/designs/SemiCPU/src/SemiCPU.v:126$13 in module SevenSegmentDisplay.
Marked 2 switch rules as full_case in process $proc$/openlane/designs/SemiCPU/src/SemiCPU.v:126$13 in module SevenSegmentDisplay.
Marked 1 switch rules as full_case in process $proc$/openlane/designs/SemiCPU/src/SemiCPU.v:5$51 in module ProgramCounter.
Removed a total of 5 dead cases.

10. Executing PROC_PRUNE pass (remove redundant assignments in processes).
Removed 0 redundant assignments.
Promoted 20 assignments to connections.

11. Executing PROC_INIT pass (extract init attributes).
Found init rule in `\SevenSegmentDisplay.$proc$/openlane/designs/SemiCPU/src/SemiCPU.v:0$18'.
  Set init value: \an = 8'11111110
  Set init value: \counter = 20'00000000000000000000
  Set init value: \digit_sel = 3'000

12. Executing PROC_ARST pass (detect async resets in processes).
Found async reset \reset in `\RegFile.$proc$/openlane/designs/SemiCPU/src/SemiCPU.v:62$29'.
Found async reset \reset in `\ProgramCounter.$proc$/openlane/designs/SemiCPU/src/SemiCPU.v:5$51'.

13. Executing PROC_ROM pass (convert switches to ROMs).
Converted 1 switch.
<suppressed ~13 debug messages>

14. Executing PROC_MUX pass (convert decision trees to multiplexers).
Creating decoders for process `\SemiCPU.$proc$/openlane/designs/SemiCPU/src/SemiCPU.v:182$4'.
Creating decoders for process `\InstructionMemory.$proc$/openlane/designs/SemiCPU/src/SemiCPU.v:37$50'.
     1/1: $1\instruction[31:0]
Creating decoders for process `\InstructionDecoder.$proc$/openlane/designs/SemiCPU/src/SemiCPU.v:84$48'.
     1/3: $2\ALUop[2:0]
     2/3: $1\ALUop[2:0]
     3/3: $1\imm[31:0]
Creating decoders for process `\RegFile.$proc$/openlane/designs/SemiCPU/src/SemiCPU.v:0$45'.
     1/1: $1$mem2reg_rd$\registers$/openlane/designs/SemiCPU/src/SemiCPU.v:72$28_DATA[31:0]$47
Creating decoders for process `\RegFile.$proc$/openlane/designs/SemiCPU/src/SemiCPU.v:0$42'.
     1/1: $1$mem2reg_rd$\registers$/openlane/designs/SemiCPU/src/SemiCPU.v:71$27_DATA[31:0]$44
Creating decoders for process `\RegFile.$proc$/openlane/designs/SemiCPU/src/SemiCPU.v:62$29'.
     1/37: $2$mem2reg_wr$\registers$/openlane/designs/SemiCPU/src/SemiCPU.v:67$26_ADDR[4:0]$36
     2/37: $2$mem2reg_wr$\registers$/openlane/designs/SemiCPU/src/SemiCPU.v:67$26_DATA[31:0]$37
     3/37: $1$mem2reg_wr$\registers$/openlane/designs/SemiCPU/src/SemiCPU.v:67$26_DATA[31:0]$33
     4/37: $1$mem2reg_wr$\registers$/openlane/designs/SemiCPU/src/SemiCPU.v:67$26_ADDR[4:0]$32
     5/37: $1\i[31:0]
     6/37: $0\registers[31][31:0]
     7/37: $0\registers[30][31:0]
     8/37: $0\registers[29][31:0]
     9/37: $0\registers[28][31:0]
    10/37: $0\registers[27][31:0]
    11/37: $0\registers[26][31:0]
    12/37: $0\registers[25][31:0]
    13/37: $0\registers[24][31:0]
    14/37: $0\registers[23][31:0]
    15/37: $0\registers[22][31:0]
    16/37: $0\registers[21][31:0]
    17/37: $0\registers[20][31:0]
    18/37: $0\registers[19][31:0]
    19/37: $0\registers[18][31:0]
    20/37: $0\registers[17][31:0]
    21/37: $0\registers[16][31:0]
    22/37: $0\registers[15][31:0]
    23/37: $0\registers[14][31:0]
    24/37: $0\registers[13][31:0]
    25/37: $0\registers[12][31:0]
    26/37: $0\registers[11][31:0]
    27/37: $0\registers[10][31:0]
    28/37: $0\registers[9][31:0]
    29/37: $0\registers[8][31:0]
    30/37: $0\registers[7][31:0]
    31/37: $0\registers[6][31:0]
    32/37: $0\registers[5][31:0]
    33/37: $0\registers[4][31:0]
    34/37: $0\registers[3][31:0]
    35/37: $0\registers[2][31:0]
    36/37: $0\registers[1][31:0]
    37/37: $0\registers[0][31:0]
Creating decoders for process `\ALU.$proc$/openlane/designs/SemiCPU/src/SemiCPU.v:18$19'.
     1/1: $1\Result[31:0]
Creating decoders for process `\SevenSegmentDisplay.$proc$/openlane/designs/SemiCPU/src/SemiCPU.v:0$18'.
Creating decoders for process `\SevenSegmentDisplay.$proc$/openlane/designs/SemiCPU/src/SemiCPU.v:126$13'.
     1/4: $1\seg[6:0]
     2/4: $1\an[7:0]
     3/4: $1\digit[3:0]
     4/4: $0\digit_sel[2:0]
Creating decoders for process `\ProgramCounter.$proc$/openlane/designs/SemiCPU/src/SemiCPU.v:5$51'.
     1/1: $0\pc[31:0]

15. Executing PROC_DLATCH pass (convert process syncs to latches).
No latch inferred for signal `\InstructionMemory.\instruction' from process `\InstructionMemory.$proc$/openlane/designs/SemiCPU/src/SemiCPU.v:37$50'.
No latch inferred for signal `\InstructionDecoder.\rs1' from process `\InstructionDecoder.$proc$/openlane/designs/SemiCPU/src/SemiCPU.v:84$48'.
No latch inferred for signal `\InstructionDecoder.\rs2' from process `\InstructionDecoder.$proc$/openlane/designs/SemiCPU/src/SemiCPU.v:84$48'.
No latch inferred for signal `\InstructionDecoder.\rd' from process `\InstructionDecoder.$proc$/openlane/designs/SemiCPU/src/SemiCPU.v:84$48'.
No latch inferred for signal `\InstructionDecoder.\imm' from process `\InstructionDecoder.$proc$/openlane/designs/SemiCPU/src/SemiCPU.v:84$48'.
No latch inferred for signal `\InstructionDecoder.\ALUop' from process `\InstructionDecoder.$proc$/openlane/designs/SemiCPU/src/SemiCPU.v:84$48'.
No latch inferred for signal `\RegFile.$mem2reg_rd$\registers$/openlane/designs/SemiCPU/src/SemiCPU.v:72$28_DATA' from process `\RegFile.$proc$/openlane/designs/SemiCPU/src/SemiCPU.v:0$45'.
No latch inferred for signal `\RegFile.$mem2reg_rd$\registers$/openlane/designs/SemiCPU/src/SemiCPU.v:71$27_DATA' from process `\RegFile.$proc$/openlane/designs/SemiCPU/src/SemiCPU.v:0$42'.
No latch inferred for signal `\ALU.\Result' from process `\ALU.$proc$/openlane/designs/SemiCPU/src/SemiCPU.v:18$19'.

16. Executing PROC_DFF pass (convert process syncs to FFs).
Creating register for signal `\SemiCPU.\prev_control' using process `\SemiCPU.$proc$/openlane/designs/SemiCPU/src/SemiCPU.v:182$4'.
  created $dff cell `$procdff$842' with positive edge clock.
Creating register for signal `\RegFile.\i' using process `\RegFile.$proc$/openlane/designs/SemiCPU/src/SemiCPU.v:62$29'.
  created $adff cell `$procdff$843' with positive edge clock and positive level reset.
Creating register for signal `\RegFile.\registers[0]' using process `\RegFile.$proc$/openlane/designs/SemiCPU/src/SemiCPU.v:62$29'.
  created $adff cell `$procdff$844' with positive edge clock and positive level reset.
Creating register for signal `\RegFile.\registers[1]' using process `\RegFile.$proc$/openlane/designs/SemiCPU/src/SemiCPU.v:62$29'.
  created $adff cell `$procdff$845' with positive edge clock and positive level reset.
Creating register for signal `\RegFile.\registers[2]' using process `\RegFile.$proc$/openlane/designs/SemiCPU/src/SemiCPU.v:62$29'.
  created $adff cell `$procdff$846' with positive edge clock and positive level reset.
Creating register for signal `\RegFile.\registers[3]' using process `\RegFile.$proc$/openlane/designs/SemiCPU/src/SemiCPU.v:62$29'.
  created $adff cell `$procdff$847' with positive edge clock and positive level reset.
Creating register for signal `\RegFile.\registers[4]' using process `\RegFile.$proc$/openlane/designs/SemiCPU/src/SemiCPU.v:62$29'.
  created $adff cell `$procdff$848' with positive edge clock and positive level reset.
Creating register for signal `\RegFile.\registers[5]' using process `\RegFile.$proc$/openlane/designs/SemiCPU/src/SemiCPU.v:62$29'.
  created $adff cell `$procdff$849' with positive edge clock and positive level reset.
Creating register for signal `\RegFile.\registers[6]' using process `\RegFile.$proc$/openlane/designs/SemiCPU/src/SemiCPU.v:62$29'.
  created $adff cell `$procdff$850' with positive edge clock and positive level reset.
Creating register for signal `\RegFile.\registers[7]' using process `\RegFile.$proc$/openlane/designs/SemiCPU/src/SemiCPU.v:62$29'.
  created $adff cell `$procdff$851' with positive edge clock and positive level reset.
Creating register for signal `\RegFile.\registers[8]' using process `\RegFile.$proc$/openlane/designs/SemiCPU/src/SemiCPU.v:62$29'.
  created $adff cell `$procdff$852' with positive edge clock and positive level reset.
Creating register for signal `\RegFile.\registers[9]' using process `\RegFile.$proc$/openlane/designs/SemiCPU/src/SemiCPU.v:62$29'.
  created $adff cell `$procdff$853' with positive edge clock and positive level reset.
Creating register for signal `\RegFile.\registers[10]' using process `\RegFile.$proc$/openlane/designs/SemiCPU/src/SemiCPU.v:62$29'.
  created $adff cell `$procdff$854' with positive edge clock and positive level reset.
Creating register for signal `\RegFile.\registers[11]' using process `\RegFile.$proc$/openlane/designs/SemiCPU/src/SemiCPU.v:62$29'.
  created $adff cell `$procdff$855' with positive edge clock and positive level reset.
Creating register for signal `\RegFile.\registers[12]' using process `\RegFile.$proc$/openlane/designs/SemiCPU/src/SemiCPU.v:62$29'.
  created $adff cell `$procdff$856' with positive edge clock and positive level reset.
Creating register for signal `\RegFile.\registers[13]' using process `\RegFile.$proc$/openlane/designs/SemiCPU/src/SemiCPU.v:62$29'.
  created $adff cell `$procdff$857' with positive edge clock and positive level reset.
Creating register for signal `\RegFile.\registers[14]' using process `\RegFile.$proc$/openlane/designs/SemiCPU/src/SemiCPU.v:62$29'.
  created $adff cell `$procdff$858' with positive edge clock and positive level reset.
Creating register for signal `\RegFile.\registers[15]' using process `\RegFile.$proc$/openlane/designs/SemiCPU/src/SemiCPU.v:62$29'.
  created $adff cell `$procdff$859' with positive edge clock and positive level reset.
Creating register for signal `\RegFile.\registers[16]' using process `\RegFile.$proc$/openlane/designs/SemiCPU/src/SemiCPU.v:62$29'.
  created $adff cell `$procdff$860' with positive edge clock and positive level reset.
Creating register for signal `\RegFile.\registers[17]' using process `\RegFile.$proc$/openlane/designs/SemiCPU/src/SemiCPU.v:62$29'.
  created $adff cell `$procdff$861' with positive edge clock and positive level reset.
Creating register for signal `\RegFile.\registers[18]' using process `\RegFile.$proc$/openlane/designs/SemiCPU/src/SemiCPU.v:62$29'.
  created $adff cell `$procdff$862' with positive edge clock and positive level reset.
Creating register for signal `\RegFile.\registers[19]' using process `\RegFile.$proc$/openlane/designs/SemiCPU/src/SemiCPU.v:62$29'.
  created $adff cell `$procdff$863' with positive edge clock and positive level reset.
Creating register for signal `\RegFile.\registers[20]' using process `\RegFile.$proc$/openlane/designs/SemiCPU/src/SemiCPU.v:62$29'.
  created $adff cell `$procdff$864' with positive edge clock and positive level reset.
Creating register for signal `\RegFile.\registers[21]' using process `\RegFile.$proc$/openlane/designs/SemiCPU/src/SemiCPU.v:62$29'.
  created $adff cell `$procdff$865' with positive edge clock and positive level reset.
Creating register for signal `\RegFile.\registers[22]' using process `\RegFile.$proc$/openlane/designs/SemiCPU/src/SemiCPU.v:62$29'.
  created $adff cell `$procdff$866' with positive edge clock and positive level reset.
Creating register for signal `\RegFile.\registers[23]' using process `\RegFile.$proc$/openlane/designs/SemiCPU/src/SemiCPU.v:62$29'.
  created $adff cell `$procdff$867' with positive edge clock and positive level reset.
Creating register for signal `\RegFile.\registers[24]' using process `\RegFile.$proc$/openlane/designs/SemiCPU/src/SemiCPU.v:62$29'.
  created $adff cell `$procdff$868' with positive edge clock and positive level reset.
Creating register for signal `\RegFile.\registers[25]' using process `\RegFile.$proc$/openlane/designs/SemiCPU/src/SemiCPU.v:62$29'.
  created $adff cell `$procdff$869' with positive edge clock and positive level reset.
Creating register for signal `\RegFile.\registers[26]' using process `\RegFile.$proc$/openlane/designs/SemiCPU/src/SemiCPU.v:62$29'.
  created $adff cell `$procdff$870' with positive edge clock and positive level reset.
Creating register for signal `\RegFile.\registers[27]' using process `\RegFile.$proc$/openlane/designs/SemiCPU/src/SemiCPU.v:62$29'.
  created $adff cell `$procdff$871' with positive edge clock and positive level reset.
Creating register for signal `\RegFile.\registers[28]' using process `\RegFile.$proc$/openlane/designs/SemiCPU/src/SemiCPU.v:62$29'.
  created $adff cell `$procdff$872' with positive edge clock and positive level reset.
Creating register for signal `\RegFile.\registers[29]' using process `\RegFile.$proc$/openlane/designs/SemiCPU/src/SemiCPU.v:62$29'.
  created $adff cell `$procdff$873' with positive edge clock and positive level reset.
Creating register for signal `\RegFile.\registers[30]' using process `\RegFile.$proc$/openlane/designs/SemiCPU/src/SemiCPU.v:62$29'.
  created $adff cell `$procdff$874' with positive edge clock and positive level reset.
Creating register for signal `\RegFile.\registers[31]' using process `\RegFile.$proc$/openlane/designs/SemiCPU/src/SemiCPU.v:62$29'.
  created $adff cell `$procdff$875' with positive edge clock and positive level reset.
Creating register for signal `\RegFile.$mem2reg_wr$\registers$/openlane/designs/SemiCPU/src/SemiCPU.v:67$26_ADDR' using process `\RegFile.$proc$/openlane/designs/SemiCPU/src/SemiCPU.v:62$29'.
  created $adff cell `$procdff$876' with positive edge clock and positive level reset.
Creating register for signal `\RegFile.$mem2reg_wr$\registers$/openlane/designs/SemiCPU/src/SemiCPU.v:67$26_DATA' using process `\RegFile.$proc$/openlane/designs/SemiCPU/src/SemiCPU.v:62$29'.
  created $adff cell `$procdff$877' with positive edge clock and positive level reset.
Creating register for signal `\SevenSegmentDisplay.\seg' using process `\SevenSegmentDisplay.$proc$/openlane/designs/SemiCPU/src/SemiCPU.v:126$13'.
  created $dff cell `$procdff$878' with positive edge clock.
Creating register for signal `\SevenSegmentDisplay.\an' using process `\SevenSegmentDisplay.$proc$/openlane/designs/SemiCPU/src/SemiCPU.v:126$13'.
  created $dff cell `$procdff$879' with positive edge clock.
Creating register for signal `\SevenSegmentDisplay.\counter' using process `\SevenSegmentDisplay.$proc$/openlane/designs/SemiCPU/src/SemiCPU.v:126$13'.
  created $dff cell `$procdff$880' with positive edge clock.
Creating register for signal `\SevenSegmentDisplay.\digit' using process `\SevenSegmentDisplay.$proc$/openlane/designs/SemiCPU/src/SemiCPU.v:126$13'.
  created $dff cell `$procdff$881' with positive edge clock.
Creating register for signal `\SevenSegmentDisplay.\digit_sel' using process `\SevenSegmentDisplay.$proc$/openlane/designs/SemiCPU/src/SemiCPU.v:126$13'.
  created $dff cell `$procdff$882' with positive edge clock.
Creating register for signal `\ProgramCounter.\pc' using process `\ProgramCounter.$proc$/openlane/designs/SemiCPU/src/SemiCPU.v:5$51'.
  created $adff cell `$procdff$883' with positive edge clock and positive level reset.

17. Executing PROC_MEMWR pass (convert process memory writes to cells).

18. Executing PROC_CLEAN pass (remove empty switches from decision trees).
Removing empty process `SemiCPU.$proc$/openlane/designs/SemiCPU/src/SemiCPU.v:182$4'.
Found and cleaned up 1 empty switch in `\InstructionMemory.$proc$/openlane/designs/SemiCPU/src/SemiCPU.v:37$50'.
Removing empty process `InstructionMemory.$proc$/openlane/designs/SemiCPU/src/SemiCPU.v:37$50'.
Found and cleaned up 3 empty switches in `\InstructionDecoder.$proc$/openlane/designs/SemiCPU/src/SemiCPU.v:84$48'.
Removing empty process `InstructionDecoder.$proc$/openlane/designs/SemiCPU/src/SemiCPU.v:84$48'.
Found and cleaned up 1 empty switch in `\RegFile.$proc$/openlane/designs/SemiCPU/src/SemiCPU.v:0$45'.
Removing empty process `RegFile.$proc$/openlane/designs/SemiCPU/src/SemiCPU.v:0$45'.
Found and cleaned up 1 empty switch in `\RegFile.$proc$/openlane/designs/SemiCPU/src/SemiCPU.v:0$42'.
Removing empty process `RegFile.$proc$/openlane/designs/SemiCPU/src/SemiCPU.v:0$42'.
Found and cleaned up 2 empty switches in `\RegFile.$proc$/openlane/designs/SemiCPU/src/SemiCPU.v:62$29'.
Removing empty process `RegFile.$proc$/openlane/designs/SemiCPU/src/SemiCPU.v:62$29'.
Found and cleaned up 1 empty switch in `\ALU.$proc$/openlane/designs/SemiCPU/src/SemiCPU.v:18$19'.
Removing empty process `ALU.$proc$/openlane/designs/SemiCPU/src/SemiCPU.v:18$19'.
Removing empty process `SevenSegmentDisplay.$proc$/openlane/designs/SemiCPU/src/SemiCPU.v:0$18'.
Found and cleaned up 4 empty switches in `\SevenSegmentDisplay.$proc$/openlane/designs/SemiCPU/src/SemiCPU.v:126$13'.
Removing empty process `SevenSegmentDisplay.$proc$/openlane/designs/SemiCPU/src/SemiCPU.v:126$13'.
Found and cleaned up 1 empty switch in `\ProgramCounter.$proc$/openlane/designs/SemiCPU/src/SemiCPU.v:5$51'.
Removing empty process `ProgramCounter.$proc$/openlane/designs/SemiCPU/src/SemiCPU.v:5$51'.
Cleaned up 14 empty switches.

19. Executing CHECK pass (checking for obvious problems).
Checking module SemiCPU...
Checking module InstructionMemory...
Checking module InstructionDecoder...
Checking module RegFile...
Checking module ALU...
Checking module SevenSegmentDisplay...
Checking module ProgramCounter...
Found and reported 0 problems.

20. Executing OPT_EXPR pass (perform const folding).
Optimizing module SemiCPU.
<suppressed ~2 debug messages>
Optimizing module InstructionMemory.
<suppressed ~1 debug messages>
Optimizing module InstructionDecoder.
<suppressed ~1 debug messages>
Optimizing module RegFile.
<suppressed ~6 debug messages>
Optimizing module ALU.
<suppressed ~1 debug messages>
Optimizing module SevenSegmentDisplay.
<suppressed ~2 debug messages>
Optimizing module ProgramCounter.

21. Executing FLATTEN pass (flatten design).
Deleting now unused module InstructionMemory.
Deleting now unused module InstructionDecoder.
Deleting now unused module RegFile.
Deleting now unused module ALU.
Deleting now unused module SevenSegmentDisplay.
Deleting now unused module ProgramCounter.
<suppressed ~6 debug messages>

22. Executing OPT_EXPR pass (perform const folding).
Optimizing module SemiCPU.

23. Executing OPT_CLEAN pass (remove unused cells and wires).
Finding unused cells or wires in module \SemiCPU..
Removed 6 unused cells and 125 unused wires.
<suppressed ~9 debug messages>

24. Executing OPT pass (performing simple optimizations).

24.1. Executing OPT_EXPR pass (perform const folding).
Optimizing module SemiCPU.

24.2. Executing OPT_MERGE pass (detect identical cells).
Finding identical cells in module `\SemiCPU'.
<suppressed ~48 debug messages>
Removed a total of 16 cells.

24.3. Executing OPT_MUXTREE pass (detect dead branches in mux trees).
Running muxtree optimizer on module \SemiCPU..
  Creating internal representation of mux trees.
  Evaluating internal representation of mux trees.
  Analyzing evaluation results.
    dead port 2/2 on $mux $flatten\decoder.$procmux$71.
Removed 1 multiplexer ports.
<suppressed ~41 debug messages>

24.4. Executing OPT_REDUCE pass (consolidate $*mux and $reduce_* inputs).
  Optimizing cells in module \SemiCPU.
    New ctrl vector for $pmux cell $flatten\alu.$procmux$808: { $auto$opt_reduce.cc:134:opt_pmux$889 $flatten\alu.$procmux$812_CMP $flatten\alu.$procmux$811_CMP $auto$opt_reduce.cc:134:opt_pmux$887 $auto$opt_reduce.cc:134:opt_pmux$885 }
  Optimizing cells in module \SemiCPU.
Performed a total of 1 changes.

24.5. Executing OPT_MERGE pass (detect identical cells).
Finding identical cells in module `\SemiCPU'.
Removed a total of 0 cells.

24.6. Executing OPT_DFF pass (perform DFF optimizations).

24.7. Executing OPT_CLEAN pass (remove unused cells and wires).
Finding unused cells or wires in module \SemiCPU..
Removed 0 unused cells and 17 unused wires.
<suppressed ~1 debug messages>

24.8. Executing OPT_EXPR pass (perform const folding).
Optimizing module SemiCPU.

24.9. Rerunning OPT passes. (Maybe there is more to do..)

24.10. Executing OPT_MUXTREE pass (detect dead branches in mux trees).
Running muxtree optimizer on module \SemiCPU..
  Creating internal representation of mux trees.
  Evaluating internal representation of mux trees.
  Analyzing evaluation results.
Removed 0 multiplexer ports.
<suppressed ~41 debug messages>

24.11. Executing OPT_REDUCE pass (consolidate $*mux and $reduce_* inputs).
  Optimizing cells in module \SemiCPU.
Performed a total of 0 changes.

24.12. Executing OPT_MERGE pass (detect identical cells).
Finding identical cells in module `\SemiCPU'.
Removed a total of 0 cells.

24.13. Executing OPT_DFF pass (perform DFF optimizations).

24.14. Executing OPT_CLEAN pass (remove unused cells and wires).
Finding unused cells or wires in module \SemiCPU..

24.15. Executing OPT_EXPR pass (perform const folding).
Optimizing module SemiCPU.

24.16. Finished OPT passes. (There is nothing left to do.)

25. Executing FSM pass (extract and optimize FSM).

25.1. Executing FSM_DETECT pass (finding FSMs in design).
Not marking SemiCPU.display.an as FSM state register:
    Register is connected to module port.
    Users of register don't seem to benefit from recoding.
    Register has an initialization value.

25.2. Executing FSM_EXTRACT pass (extracting FSM from design).

25.3. Executing FSM_OPT pass (simple optimizations of FSMs).

25.4. Executing OPT_CLEAN pass (remove unused cells and wires).
Finding unused cells or wires in module \SemiCPU..

25.5. Executing FSM_OPT pass (simple optimizations of FSMs).

25.6. Executing FSM_RECODE pass (re-assigning FSM state encoding).

25.7. Executing FSM_INFO pass (dumping all available information on FSM cells).

25.8. Executing FSM_MAP pass (mapping FSMs to basic logic).

26. Executing OPT pass (performing simple optimizations).

26.1. Executing OPT_EXPR pass (perform const folding).
Optimizing module SemiCPU.

26.2. Executing OPT_MERGE pass (detect identical cells).
Finding identical cells in module `\SemiCPU'.
Removed a total of 0 cells.

26.3. Executing OPT_MUXTREE pass (detect dead branches in mux trees).
Running muxtree optimizer on module \SemiCPU..
  Creating internal representation of mux trees.
  Evaluating internal representation of mux trees.
  Analyzing evaluation results.
Removed 0 multiplexer ports.
<suppressed ~41 debug messages>

26.4. Executing OPT_REDUCE pass (consolidate $*mux and $reduce_* inputs).
  Optimizing cells in module \SemiCPU.
Performed a total of 0 changes.

26.5. Executing OPT_MERGE pass (detect identical cells).
Finding identical cells in module `\SemiCPU'.
Removed a total of 0 cells.

26.6. Executing OPT_DFF pass (perform DFF optimizations).
Adding EN signal on $flatten\reg_file.$procdff$875 ($adff) from module SemiCPU (D = \display.data, Q = \reg_file.registers[31]).
Adding EN signal on $flatten\reg_file.$procdff$874 ($adff) from module SemiCPU (D = \display.data, Q = \reg_file.registers[30]).
Adding EN signal on $flatten\reg_file.$procdff$873 ($adff) from module SemiCPU (D = \display.data, Q = \reg_file.registers[29]).
Adding EN signal on $flatten\reg_file.$procdff$872 ($adff) from module SemiCPU (D = \display.data, Q = \reg_file.registers[28]).
Adding EN signal on $flatten\reg_file.$procdff$871 ($adff) from module SemiCPU (D = \display.data, Q = \reg_file.registers[27]).
Adding EN signal on $flatten\reg_file.$procdff$870 ($adff) from module SemiCPU (D = \display.data, Q = \reg_file.registers[26]).
Adding EN signal on $flatten\reg_file.$procdff$869 ($adff) from module SemiCPU (D = \display.data, Q = \reg_file.registers[25]).
Adding EN signal on $flatten\reg_file.$procdff$868 ($adff) from module SemiCPU (D = \display.data, Q = \reg_file.registers[24]).
Adding EN signal on $flatten\reg_file.$procdff$867 ($adff) from module SemiCPU (D = \display.data, Q = \reg_file.registers[23]).
Adding EN signal on $flatten\reg_file.$procdff$866 ($adff) from module SemiCPU (D = \display.data, Q = \reg_file.registers[22]).
Adding EN signal on $flatten\reg_file.$procdff$865 ($adff) from module SemiCPU (D = \display.data, Q = \reg_file.registers[21]).
Adding EN signal on $flatten\reg_file.$procdff$864 ($adff) from module SemiCPU (D = \display.data, Q = \reg_file.registers[20]).
Adding EN signal on $flatten\reg_file.$procdff$863 ($adff) from module SemiCPU (D = \display.data, Q = \reg_file.registers[19]).
Adding EN signal on $flatten\reg_file.$procdff$862 ($adff) from module SemiCPU (D = \display.data, Q = \reg_file.registers[18]).
Adding EN signal on $flatten\reg_file.$procdff$861 ($adff) from module SemiCPU (D = \display.data, Q = \reg_file.registers[17]).
Adding EN signal on $flatten\reg_file.$procdff$860 ($adff) from module SemiCPU (D = \display.data, Q = \reg_file.registers[16]).
Adding EN signal on $flatten\reg_file.$procdff$859 ($adff) from module SemiCPU (D = \display.data, Q = \reg_file.registers[15]).
Adding EN signal on $flatten\reg_file.$procdff$858 ($adff) from module SemiCPU (D = \display.data, Q = \reg_file.registers[14]).
Adding EN signal on $flatten\reg_file.$procdff$857 ($adff) from module SemiCPU (D = \display.data, Q = \reg_file.registers[13]).
Adding EN signal on $flatten\reg_file.$procdff$856 ($adff) from module SemiCPU (D = \display.data, Q = \reg_file.registers[12]).
Adding EN signal on $flatten\reg_file.$procdff$855 ($adff) from module SemiCPU (D = \display.data, Q = \reg_file.registers[11]).
Adding EN signal on $flatten\reg_file.$procdff$854 ($adff) from module SemiCPU (D = \display.data, Q = \reg_file.registers[10]).
Adding EN signal on $flatten\reg_file.$procdff$853 ($adff) from module SemiCPU (D = \display.data, Q = \reg_file.registers[9]).
Adding EN signal on $flatten\reg_file.$procdff$852 ($adff) from module SemiCPU (D = \display.data, Q = \reg_file.registers[8]).
Adding EN signal on $flatten\reg_file.$procdff$851 ($adff) from module SemiCPU (D = \display.data, Q = \reg_file.registers[7]).
Adding EN signal on $flatten\reg_file.$procdff$850 ($adff) from module SemiCPU (D = \display.data, Q = \reg_file.registers[6]).
Adding EN signal on $flatten\reg_file.$procdff$849 ($adff) from module SemiCPU (D = \display.data, Q = \reg_file.registers[5]).
Adding EN signal on $flatten\reg_file.$procdff$848 ($adff) from module SemiCPU (D = \display.data, Q = \reg_file.registers[4]).
Adding EN signal on $flatten\reg_file.$procdff$847 ($adff) from module SemiCPU (D = \display.data, Q = \reg_file.registers[3]).
Adding EN signal on $flatten\reg_file.$procdff$846 ($adff) from module SemiCPU (D = \display.data, Q = \reg_file.registers[2]).
Adding EN signal on $flatten\reg_file.$procdff$845 ($adff) from module SemiCPU (D = \display.data, Q = \reg_file.registers[1]).
Adding EN signal on $flatten\reg_file.$procdff$844 ($adff) from module SemiCPU (D = \display.data, Q = \reg_file.registers[0]).
Adding EN signal on $flatten\pc.$procdff$883 ($adff) from module SemiCPU (D = $flatten\pc.$add$/openlane/designs/SemiCPU/src/SemiCPU.v:9$52_Y, Q = \pc.pc).
Adding EN signal on $flatten\display.$procdff$882 ($dff) from module SemiCPU (D = $flatten\display.$procmux$836_Y, Q = \display.digit_sel).
Adding SRST signal on $auto$ff.cc:266:slice$987 ($dffe) from module SemiCPU (D = $flatten\display.$add$/openlane/designs/SemiCPU/src/SemiCPU.v:129$16_Y [2:0], Q = \display.digit_sel, rval = 3'000).

26.7. Executing OPT_CLEAN pass (remove unused cells and wires).
Finding unused cells or wires in module \SemiCPU..
Removed 67 unused cells and 67 unused wires.
<suppressed ~68 debug messages>

26.8. Executing OPT_EXPR pass (perform const folding).
Optimizing module SemiCPU.

26.9. Rerunning OPT passes. (Maybe there is more to do..)

26.10. Executing OPT_MUXTREE pass (detect dead branches in mux trees).
Running muxtree optimizer on module \SemiCPU..
  Creating internal representation of mux trees.
  Evaluating internal representation of mux trees.
  Analyzing evaluation results.
Removed 0 multiplexer ports.
<suppressed ~7 debug messages>

26.11. Executing OPT_REDUCE pass (consolidate $*mux and $reduce_* inputs).
  Optimizing cells in module \SemiCPU.
Performed a total of 0 changes.

26.12. Executing OPT_MERGE pass (detect identical cells).
Finding identical cells in module `\SemiCPU'.
Removed a total of 0 cells.

26.13. Executing OPT_DFF pass (perform DFF optimizations).

26.14. Executing OPT_CLEAN pass (remove unused cells and wires).
Finding unused cells or wires in module \SemiCPU..

26.15. Executing OPT_EXPR pass (perform const folding).
Optimizing module SemiCPU.

26.16. Finished OPT passes. (There is nothing left to do.)

27. Executing WREDUCE pass (reducing word size of cells).
Removed top 28 address bits (of 32) from memory init port SemiCPU.$flatten\display.$auto$mem.cc:328:emit$56 ($flatten\display.$auto$proc_rom.cc:150:do_switch$54).
Removed top 29 bits (of 32) from port B of cell SemiCPU.$flatten\pc.$add$/openlane/designs/SemiCPU/src/SemiCPU.v:9$52 ($add).
Removed top 29 bits (of 32) from port B of cell SemiCPU.$flatten\imem.$procmux$63_CMP0 ($eq).
Removed top 28 bits (of 32) from port B of cell SemiCPU.$flatten\imem.$procmux$62_CMP0 ($eq).
Removed top 28 bits (of 32) from port B of cell SemiCPU.$flatten\imem.$procmux$61_CMP0 ($eq).
Removed top 27 bits (of 32) from port B of cell SemiCPU.$flatten\imem.$procmux$60_CMP0 ($eq).
Removed top 27 bits (of 32) from port B of cell SemiCPU.$flatten\imem.$procmux$59_CMP0 ($eq).
Removed top 1 bits (of 7) from port B of cell SemiCPU.$flatten\decoder.$procmux$72_CMP0 ($eq).
Removed top 2 bits (of 3) from port B of cell SemiCPU.$flatten\decoder.$procmux$69_CMP0 ($eq).
Removed top 2 bits (of 7) from port B of cell SemiCPU.$flatten\decoder.$eq$/openlane/designs/SemiCPU/src/SemiCPU.v:89$49 ($eq).
Removed top 4 bits (of 5) from port B of cell SemiCPU.$flatten\reg_file.$procmux$769_CMP0 ($eq).
Removed top 3 bits (of 5) from port B of cell SemiCPU.$flatten\reg_file.$procmux$734_CMP0 ($eq).
Removed top 3 bits (of 5) from port B of cell SemiCPU.$flatten\reg_file.$procmux$700_CMP0 ($eq).
Removed top 2 bits (of 5) from port B of cell SemiCPU.$flatten\reg_file.$procmux$667_CMP0 ($eq).
Removed top 2 bits (of 5) from port B of cell SemiCPU.$flatten\reg_file.$procmux$635_CMP0 ($eq).
Removed top 2 bits (of 5) from port B of cell SemiCPU.$flatten\reg_file.$procmux$604_CMP0 ($eq).
Removed top 2 bits (of 5) from port B of cell SemiCPU.$flatten\reg_file.$procmux$574_CMP0 ($eq).
Removed top 1 bits (of 5) from port B of cell SemiCPU.$flatten\reg_file.$procmux$545_CMP0 ($eq).
Removed top 1 bits (of 5) from port B of cell SemiCPU.$flatten\reg_file.$procmux$517_CMP0 ($eq).
Removed top 1 bits (of 5) from port B of cell SemiCPU.$flatten\reg_file.$procmux$490_CMP0 ($eq).
Removed top 1 bits (of 5) from port B of cell SemiCPU.$flatten\reg_file.$procmux$464_CMP0 ($eq).
Removed top 1 bits (of 5) from port B of cell SemiCPU.$flatten\reg_file.$procmux$439_CMP0 ($eq).
Removed top 1 bits (of 5) from port B of cell SemiCPU.$flatten\reg_file.$procmux$415_CMP0 ($eq).
Removed top 1 bits (of 5) from port B of cell SemiCPU.$flatten\reg_file.$procmux$392_CMP0 ($eq).
Removed top 1 bits (of 5) from port B of cell SemiCPU.$flatten\reg_file.$procmux$370_CMP0 ($eq).
Removed top 4 bits (of 5) from port B of cell SemiCPU.$flatten\reg_file.$procmux$144_CMP0 ($eq).
Removed top 3 bits (of 5) from port B of cell SemiCPU.$flatten\reg_file.$procmux$143_CMP0 ($eq).
Removed top 3 bits (of 5) from port B of cell SemiCPU.$flatten\reg_file.$procmux$142_CMP0 ($eq).
Removed top 2 bits (of 5) from port B of cell SemiCPU.$flatten\reg_file.$procmux$141_CMP0 ($eq).
Removed top 2 bits (of 5) from port B of cell SemiCPU.$flatten\reg_file.$procmux$140_CMP0 ($eq).
Removed top 2 bits (of 5) from port B of cell SemiCPU.$flatten\reg_file.$procmux$139_CMP0 ($eq).
Removed top 2 bits (of 5) from port B of cell SemiCPU.$flatten\reg_file.$procmux$138_CMP0 ($eq).
Removed top 1 bits (of 5) from port B of cell SemiCPU.$flatten\reg_file.$procmux$137_CMP0 ($eq).
Removed top 1 bits (of 5) from port B of cell SemiCPU.$flatten\reg_file.$procmux$136_CMP0 ($eq).
Removed top 1 bits (of 5) from port B of cell SemiCPU.$flatten\reg_file.$procmux$135_CMP0 ($eq).
Removed top 1 bits (of 5) from port B of cell SemiCPU.$flatten\reg_file.$procmux$134_CMP0 ($eq).
Removed top 1 bits (of 5) from port B of cell SemiCPU.$flatten\reg_file.$procmux$133_CMP0 ($eq).
Removed top 1 bits (of 5) from port B of cell SemiCPU.$flatten\reg_file.$procmux$132_CMP0 ($eq).
Removed top 1 bits (of 5) from port B of cell SemiCPU.$flatten\reg_file.$procmux$131_CMP0 ($eq).
Removed top 1 bits (of 5) from port B of cell SemiCPU.$flatten\reg_file.$procmux$130_CMP0 ($eq).
Removed top 4 bits (of 5) from port B of cell SemiCPU.$flatten\reg_file.$procmux$111_CMP0 ($eq).
Removed top 3 bits (of 5) from port B of cell SemiCPU.$flatten\reg_file.$procmux$110_CMP0 ($eq).
Removed top 3 bits (of 5) from port B of cell SemiCPU.$flatten\reg_file.$procmux$109_CMP0 ($eq).
Removed top 2 bits (of 5) from port B of cell SemiCPU.$flatten\reg_file.$procmux$108_CMP0 ($eq).
Removed top 2 bits (of 5) from port B of cell SemiCPU.$flatten\reg_file.$procmux$107_CMP0 ($eq).
Removed top 2 bits (of 5) from port B of cell SemiCPU.$flatten\reg_file.$procmux$106_CMP0 ($eq).
Removed top 2 bits (of 5) from port B of cell SemiCPU.$flatten\reg_file.$procmux$105_CMP0 ($eq).
Removed top 1 bits (of 5) from port B of cell SemiCPU.$flatten\reg_file.$procmux$104_CMP0 ($eq).
Removed top 1 bits (of 5) from port B of cell SemiCPU.$flatten\reg_file.$procmux$103_CMP0 ($eq).
Removed top 1 bits (of 5) from port B of cell SemiCPU.$flatten\reg_file.$procmux$102_CMP0 ($eq).
Removed top 1 bits (of 5) from port B of cell SemiCPU.$flatten\reg_file.$procmux$101_CMP0 ($eq).
Removed top 1 bits (of 5) from port B of cell SemiCPU.$flatten\reg_file.$procmux$100_CMP0 ($eq).
Removed top 1 bits (of 5) from port B of cell SemiCPU.$flatten\reg_file.$procmux$99_CMP0 ($eq).
Removed top 1 bits (of 5) from port B of cell SemiCPU.$flatten\reg_file.$procmux$98_CMP0 ($eq).
Removed top 1 bits (of 5) from port B of cell SemiCPU.$flatten\reg_file.$procmux$97_CMP0 ($eq).
Removed top 2 bits (of 3) from port B of cell SemiCPU.$flatten\alu.$procmux$815_CMP0 ($eq).
Removed top 1 bits (of 3) from port B of cell SemiCPU.$flatten\alu.$procmux$814_CMP0 ($eq).
Removed top 1 bits (of 3) from port B of cell SemiCPU.$flatten\alu.$procmux$813_CMP0 ($eq).
Removed top 2 bits (of 3) from port B of cell SemiCPU.$flatten\display.$procmux$825_CMP0 ($eq).
Removed top 1 bits (of 3) from port B of cell SemiCPU.$flatten\display.$procmux$824_CMP0 ($eq).
Removed top 1 bits (of 3) from port B of cell SemiCPU.$flatten\display.$procmux$823_CMP0 ($eq).
Removed top 31 bits (of 32) from port B of cell SemiCPU.$flatten\display.$add$/openlane/designs/SemiCPU/src/SemiCPU.v:129$16 ($add).
Removed top 29 bits (of 32) from port Y of cell SemiCPU.$flatten\display.$add$/openlane/designs/SemiCPU/src/SemiCPU.v:129$16 ($add).
Removed top 31 bits (of 32) from port B of cell SemiCPU.$flatten\display.$add$/openlane/designs/SemiCPU/src/SemiCPU.v:127$14 ($add).
Removed top 12 bits (of 32) from port Y of cell SemiCPU.$flatten\display.$add$/openlane/designs/SemiCPU/src/SemiCPU.v:127$14 ($add).
Removed top 29 bits (of 32) from wire SemiCPU.$flatten\display.$add$/openlane/designs/SemiCPU/src/SemiCPU.v:129$16_Y.

28. Executing PEEPOPT pass (run peephole optimizers).

29. Executing OPT_CLEAN pass (remove unused cells and wires).
Finding unused cells or wires in module \SemiCPU..
Removed 0 unused cells and 2 unused wires.
<suppressed ~1 debug messages>

30. Executing ALUMACC pass (create $alu and $macc cells).
Extracting $alu and $macc cells in module SemiCPU:
  creating $macc model for $flatten\alu.$add$/openlane/designs/SemiCPU/src/SemiCPU.v:22$20 ($add).
  creating $macc model for $flatten\alu.$sub$/openlane/designs/SemiCPU/src/SemiCPU.v:23$21 ($sub).
  creating $macc model for $flatten\display.$add$/openlane/designs/SemiCPU/src/SemiCPU.v:127$14 ($add).
  creating $macc model for $flatten\display.$add$/openlane/designs/SemiCPU/src/SemiCPU.v:129$16 ($add).
  creating $macc model for $flatten\pc.$add$/openlane/designs/SemiCPU/src/SemiCPU.v:9$52 ($add).
  creating $alu model for $macc $flatten\pc.$add$/openlane/designs/SemiCPU/src/SemiCPU.v:9$52.
  creating $alu model for $macc $flatten\display.$add$/openlane/designs/SemiCPU/src/SemiCPU.v:129$16.
  creating $alu model for $macc $flatten\display.$add$/openlane/designs/SemiCPU/src/SemiCPU.v:127$14.
  creating $alu model for $macc $flatten\alu.$sub$/openlane/designs/SemiCPU/src/SemiCPU.v:23$21.
  creating $alu model for $macc $flatten\alu.$add$/openlane/designs/SemiCPU/src/SemiCPU.v:22$20.
  creating $alu cell for $flatten\alu.$add$/openlane/designs/SemiCPU/src/SemiCPU.v:22$20: $auto$alumacc.cc:485:replace_alu$990
  creating $alu cell for $flatten\alu.$sub$/openlane/designs/SemiCPU/src/SemiCPU.v:23$21: $auto$alumacc.cc:485:replace_alu$993
  creating $alu cell for $flatten\display.$add$/openlane/designs/SemiCPU/src/SemiCPU.v:127$14: $auto$alumacc.cc:485:replace_alu$996
  creating $alu cell for $flatten\display.$add$/openlane/designs/SemiCPU/src/SemiCPU.v:129$16: $auto$alumacc.cc:485:replace_alu$999
  creating $alu cell for $flatten\pc.$add$/openlane/designs/SemiCPU/src/SemiCPU.v:9$52: $auto$alumacc.cc:485:replace_alu$1002
  created 5 $alu and 0 $macc cells.

31. Executing SHARE pass (SAT-based resource sharing).
Found 2 cells in module SemiCPU that may be considered for resource sharing.
  Analyzing resource sharing options for $flatten\alu.$shr$/openlane/designs/SemiCPU/src/SemiCPU.v:25$23 ($shr):
    Found 1 activation_patterns using ctrl signal $flatten\alu.$procmux$811_CMP.
    No candidates found.
  Analyzing resource sharing options for $flatten\alu.$shl$/openlane/designs/SemiCPU/src/SemiCPU.v:24$22 ($shl):
    Found 1 activation_patterns using ctrl signal $flatten\alu.$procmux$812_CMP.
    No candidates found.

32. Executing OPT pass (performing simple optimizations).

32.1. Executing OPT_EXPR pass (perform const folding).
Optimizing module SemiCPU.

32.2. Executing OPT_MERGE pass (detect identical cells).
Finding identical cells in module `\SemiCPU'.
Removed a total of 0 cells.

32.3. Executing OPT_MUXTREE pass (detect dead branches in mux trees).
Running muxtree optimizer on module \SemiCPU..
  Creating internal representation of mux trees.
  Evaluating internal representation of mux trees.
  Analyzing evaluation results.
Removed 0 multiplexer ports.
<suppressed ~7 debug messages>

32.4. Executing OPT_REDUCE pass (consolidate $*mux and $reduce_* inputs).
  Optimizing cells in module \SemiCPU.
Performed a total of 0 changes.

32.5. Executing OPT_MERGE pass (detect identical cells).
Finding identical cells in module `\SemiCPU'.
Removed a total of 0 cells.

32.6. Executing OPT_DFF pass (perform DFF optimizations).

32.7. Executing OPT_CLEAN pass (remove unused cells and wires).
Finding unused cells or wires in module \SemiCPU..

32.8. Executing OPT_EXPR pass (perform const folding).
Optimizing module SemiCPU.

32.9. Finished OPT passes. (There is nothing left to do.)

33. Executing MEMORY pass.

33.1. Executing OPT_MEM pass (optimize memories).
Performed a total of 0 transformations.

33.2. Executing OPT_MEM_PRIORITY pass (removing unnecessary memory write priority relations).
Performed a total of 0 transformations.

33.3. Executing OPT_MEM_FEEDBACK pass (finding memory read-to-write feedback paths).

33.4. Executing MEMORY_BMUX2ROM pass (converting muxes to ROMs).

33.5. Executing MEMORY_DFF pass (merging $dff cells to $memrd).
Checking read port `$flatten\display.$auto$proc_rom.cc:150:do_switch$54'[0] in module `\SemiCPU': merging output FF to cell.

33.6. Executing OPT_CLEAN pass (remove unused cells and wires).
Finding unused cells or wires in module \SemiCPU..
Removed 1 unused cells and 8 unused wires.
<suppressed ~2 debug messages>

33.7. Executing MEMORY_SHARE pass (consolidating $memrd/$memwr cells).

33.8. Executing OPT_MEM_WIDEN pass (optimize memories where all ports are wide).
Performed a total of 0 transformations.

33.9. Executing OPT_CLEAN pass (remove unused cells and wires).
Finding unused cells or wires in module \SemiCPU..

33.10. Executing MEMORY_COLLECT pass (generating $mem cells).

34. Executing OPT_CLEAN pass (remove unused cells and wires).
Finding unused cells or wires in module \SemiCPU..

35. Executing OPT pass (performing simple optimizations).

35.1. Executing OPT_EXPR pass (perform const folding).
Optimizing module SemiCPU.
<suppressed ~6 debug messages>

35.2. Executing OPT_MERGE pass (detect identical cells).
Finding identical cells in module `\SemiCPU'.
Removed a total of 0 cells.

35.3. Executing OPT_DFF pass (perform DFF optimizations).

35.4. Executing OPT_CLEAN pass (remove unused cells and wires).
Finding unused cells or wires in module \SemiCPU..
Removed 6 unused cells and 6 unused wires.
<suppressed ~7 debug messages>

35.5. Finished fast OPT passes.

36. Executing MEMORY_MAP pass (converting memories to logic and flip-flops).
Mapping memory $flatten\display.$auto$proc_rom.cc:150:do_switch$54 in module \SemiCPU:
  created 16 $dff cells and 0 static cells of width 7.
Extracted data FF from read port 0 of SemiCPU.$flatten\display.$auto$proc_rom.cc:150:do_switch$54: $$flatten\display.$auto$proc_rom.cc:150:do_switch$54$rdreg[0]
  read interface: 1 $dff and 15 $mux cells.
  write interface: 0 write mux blocks.

37. Executing OPT pass (performing simple optimizations).

37.1. Executing OPT_EXPR pass (perform const folding).
Optimizing module SemiCPU.

37.2. Executing OPT_MERGE pass (detect identical cells).
Finding identical cells in module `\SemiCPU'.
Removed a total of 0 cells.

37.3. Executing OPT_MUXTREE pass (detect dead branches in mux trees).
Running muxtree optimizer on module \SemiCPU..
  Creating internal representation of mux trees.
  Evaluating internal representation of mux trees.
  Analyzing evaluation results.
Removed 0 multiplexer ports.
<suppressed ~8 debug messages>

37.4. Executing OPT_REDUCE pass (consolidate $*mux and $reduce_* inputs).
  Optimizing cells in module \SemiCPU.
    Consolidated identical input bits for $mux cell $memory$flatten\display.$auto$proc_rom.cc:150:do_switch$54$rdmux[0][3][6]$1052:
      Old ports: A=7'1000110, B=7'0100001, Y=$memory$flatten\display.$auto$proc_rom.cc:150:do_switch$54$rdmux[0][2][3]$a$1032
      New ports: A=2'10, B=2'01, Y=$memory$flatten\display.$auto$proc_rom.cc:150:do_switch$54$rdmux[0][2][3]$a$1032 [1:0]
      New connections: $memory$flatten\display.$auto$proc_rom.cc:150:do_switch$54$rdmux[0][2][3]$a$1032 [6:2] = { $memory$flatten\display.$auto$proc_rom.cc:150:do_switch$54$rdmux[0][2][3]$a$1032 [1:0] 2'00 $memory$flatten\display.$auto$proc_rom.cc:150:do_switch$54$rdmux[0][2][3]$a$1032 [1] }
    Consolidated identical input bits for $mux cell $memory$flatten\display.$auto$proc_rom.cc:150:do_switch$54$rdmux[0][3][5]$1049:
      Old ports: A=7'0001000, B=7'0000011, Y=$memory$flatten\display.$auto$proc_rom.cc:150:do_switch$54$rdmux[0][2][2]$b$1030
      New ports: A=2'10, B=2'01, Y={ $memory$flatten\display.$auto$proc_rom.cc:150:do_switch$54$rdmux[0][2][2]$b$1030 [3] $memory$flatten\display.$auto$proc_rom.cc:150:do_switch$54$rdmux[0][2][2]$b$1030 [0] }
      New connections: { $memory$flatten\display.$auto$proc_rom.cc:150:do_switch$54$rdmux[0][2][2]$b$1030 [6:4] $memory$flatten\display.$auto$proc_rom.cc:150:do_switch$54$rdmux[0][2][2]$b$1030 [2:1] } = { 4'0000 $memory$flatten\display.$auto$proc_rom.cc:150:do_switch$54$rdmux[0][2][2]$b$1030 [0] }
    Consolidated identical input bits for $mux cell $memory$flatten\display.$auto$proc_rom.cc:150:do_switch$54$rdmux[0][3][4]$1046:
      Old ports: A=7'0000000, B=7'0010000, Y=$memory$flatten\display.$auto$proc_rom.cc:150:do_switch$54$rdmux[0][2][2]$a$1029
      New ports: A=1'0, B=1'1, Y=$memory$flatten\display.$auto$proc_rom.cc:150:do_switch$54$rdmux[0][2][2]$a$1029 [4]
      New connections: { $memory$flatten\display.$auto$proc_rom.cc:150:do_switch$54$rdmux[0][2][2]$a$1029 [6:5] $memory$flatten\display.$auto$proc_rom.cc:150:do_switch$54$rdmux[0][2][2]$a$1029 [3:0] } = 6'000000
    Consolidated identical input bits for $mux cell $memory$flatten\display.$auto$proc_rom.cc:150:do_switch$54$rdmux[0][3][3]$1043:
      Old ports: A=7'0000010, B=7'1111000, Y=$memory$flatten\display.$auto$proc_rom.cc:150:do_switch$54$rdmux[0][2][1]$b$1027
      New ports: A=2'01, B=2'10, Y={ $memory$flatten\display.$auto$proc_rom.cc:150:do_switch$54$rdmux[0][2][1]$b$1027 [3] $memory$flatten\display.$auto$proc_rom.cc:150:do_switch$54$rdmux[0][2][1]$b$1027 [1] }
      New connections: { $memory$flatten\display.$auto$proc_rom.cc:150:do_switch$54$rdmux[0][2][1]$b$1027 [6:4] $memory$flatten\display.$auto$proc_rom.cc:150:do_switch$54$rdmux[0][2][1]$b$1027 [2] $memory$flatten\display.$auto$proc_rom.cc:150:do_switch$54$rdmux[0][2][1]$b$1027 [0] } = { $memory$flatten\display.$auto$proc_rom.cc:150:do_switch$54$rdmux[0][2][1]$b$1027 [3] $memory$flatten\display.$auto$proc_rom.cc:150:do_switch$54$rdmux[0][2][1]$b$1027 [3] $memory$flatten\display.$auto$proc_rom.cc:150:do_switch$54$rdmux[0][2][1]$b$1027 [3] 2'00 }
    Consolidated identical input bits for $mux cell $memory$flatten\display.$auto$proc_rom.cc:150:do_switch$54$rdmux[0][3][2]$1040:
      Old ports: A=7'0011001, B=7'0010010, Y=$memory$flatten\display.$auto$proc_rom.cc:150:do_switch$54$rdmux[0][2][1]$a$1026
      New ports: A=2'01, B=2'10, Y=$memory$flatten\display.$auto$proc_rom.cc:150:do_switch$54$rdmux[0][2][1]$a$1026 [1:0]
      New connections: $memory$flatten\display.$auto$proc_rom.cc:150:do_switch$54$rdmux[0][2][1]$a$1026 [6:2] = { 3'001 $memory$flatten\display.$auto$proc_rom.cc:150:do_switch$54$rdmux[0][2][1]$a$1026 [0] 1'0 }
    Consolidated identical input bits for $mux cell $memory$flatten\display.$auto$proc_rom.cc:150:do_switch$54$rdmux[0][3][1]$1037:
      Old ports: A=7'0100100, B=7'0110000, Y=$memory$flatten\display.$auto$proc_rom.cc:150:do_switch$54$rdmux[0][2][0]$b$1024
      New ports: A=2'01, B=2'10, Y={ $memory$flatten\display.$auto$proc_rom.cc:150:do_switch$54$rdmux[0][2][0]$b$1024 [4] $memory$flatten\display.$auto$proc_rom.cc:150:do_switch$54$rdmux[0][2][0]$b$1024 [2] }
      New connections: { $memory$flatten\display.$auto$proc_rom.cc:150:do_switch$54$rdmux[0][2][0]$b$1024 [6:5] $memory$flatten\display.$auto$proc_rom.cc:150:do_switch$54$rdmux[0][2][0]$b$1024 [3] $memory$flatten\display.$auto$proc_rom.cc:150:do_switch$54$rdmux[0][2][0]$b$1024 [1:0] } = 5'01000
    Consolidated identical input bits for $mux cell $memory$flatten\display.$auto$proc_rom.cc:150:do_switch$54$rdmux[0][3][0]$1034:
      Old ports: A=7'1000000, B=7'1111001, Y=$memory$flatten\display.$auto$proc_rom.cc:150:do_switch$54$rdmux[0][2][0]$a$1023
      New ports: A=1'0, B=1'1, Y=$memory$flatten\display.$auto$proc_rom.cc:150:do_switch$54$rdmux[0][2][0]$a$1023 [0]
      New connections: $memory$flatten\display.$auto$proc_rom.cc:150:do_switch$54$rdmux[0][2][0]$a$1023 [6:1] = { 1'1 $memory$flatten\display.$auto$proc_rom.cc:150:do_switch$54$rdmux[0][2][0]$a$1023 [0] $memory$flatten\display.$auto$proc_rom.cc:150:do_switch$54$rdmux[0][2][0]$a$1023 [0] $memory$flatten\display.$auto$proc_rom.cc:150:do_switch$54$rdmux[0][2][0]$a$1023 [0] 2'00 }
    Consolidated identical input bits for $mux cell $flatten\decoder.$procmux$78:
      Old ports: A=0, B={ \decoder.instruction [31] \decoder.instruction [31] \decoder.instruction [31] \decoder.instruction [31] \decoder.instruction [31] \decoder.instruction [31] \decoder.instruction [31] \decoder.instruction [31] \decoder.instruction [31] \decoder.instruction [31] \decoder.instruction [31] \decoder.instruction [31] \decoder.instruction [31] \decoder.instruction [31] \decoder.instruction [31] \decoder.instruction [31] \decoder.instruction [31] \decoder.instruction [31] \decoder.instruction [31] \decoder.instruction [31] \decoder.instruction [31:20] }, Y=\imm
      New ports: A=12'000000000000, B=\decoder.instruction [31:20], Y=\imm [11:0]
      New connections: \imm [31:12] = { \imm [11] \imm [11] \imm [11] \imm [11] \imm [11] \imm [11] \imm [11] \imm [11] \imm [11] \imm [11] \imm [11] \imm [11] \imm [11] \imm [11] \imm [11] \imm [11] \imm [11] \imm [11] \imm [11] \imm [11] }
    Consolidated identical input bits for $mux cell $memory$flatten\display.$auto$proc_rom.cc:150:do_switch$54$rdmux[0][3][7]$1055:
      Old ports: A=7'0000110, B=7'0001110, Y=$memory$flatten\display.$auto$proc_rom.cc:150:do_switch$54$rdmux[0][2][3]$b$1033
      New ports: A=1'0, B=1'1, Y=$memory$flatten\display.$auto$proc_rom.cc:150:do_switch$54$rdmux[0][2][3]$b$1033 [3]
      New connections: { $memory$flatten\display.$auto$proc_rom.cc:150:do_switch$54$rdmux[0][2][3]$b$1033 [6:4] $memory$flatten\display.$auto$proc_rom.cc:150:do_switch$54$rdmux[0][2][3]$b$1033 [2:0] } = 6'000110
    Consolidated identical input bits for $pmux cell $flatten\imem.$procmux$58:
      Old ports: A=0, B=192'000000001010000000000101000100110000000011110000000001111001001100000000111101010000010110110011111111111011010110000110000100110000000000100000000000101001001100000000010101011001011010110011, Y={ \decoder.instruction [31:20] \instruction [19:0] }
      New ports: A=14'00000000000000, B=84'010100001010010111100011110101111100101111110111101100010001000001010100101111110111, Y={ \decoder.instruction [24:20] \instruction [16:15] \instruction [12] \instruction [10:7] \instruction [5] \instruction [0] }
      New connections: { \decoder.instruction [31:25] \instruction [19:17] \instruction [14:13] \instruction [11] \instruction [6] \instruction [4:1] } = { \decoder.instruction [24] \decoder.instruction [24] \decoder.instruction [24] \decoder.instruction [24] \decoder.instruction [24] \decoder.instruction [24] \decoder.instruction [24] 1'0 \instruction [16] 5'00000 \instruction [0] 2'00 \instruction [0] }
  Optimizing cells in module \SemiCPU.
    Consolidated identical input bits for $mux cell $memory$flatten\display.$auto$proc_rom.cc:150:do_switch$54$rdmux[0][2][3]$1031:
      Old ports: A=$memory$flatten\display.$auto$proc_rom.cc:150:do_switch$54$rdmux[0][2][3]$a$1032, B=$memory$flatten\display.$auto$proc_rom.cc:150:do_switch$54$rdmux[0][2][3]$b$1033, Y=$memory$flatten\display.$auto$proc_rom.cc:150:do_switch$54$rdmux[0][1][1]$b$1021
      New ports: A={ $memory$flatten\display.$auto$proc_rom.cc:150:do_switch$54$rdmux[0][2][3]$a$1032 [1] 1'0 $memory$flatten\display.$auto$proc_rom.cc:150:do_switch$54$rdmux[0][2][3]$a$1032 [1:0] }, B={ 1'0 $memory$flatten\display.$auto$proc_rom.cc:150:do_switch$54$rdmux[0][2][3]$b$1033 [3] 2'10 }, Y={ $memory$flatten\display.$auto$proc_rom.cc:150:do_switch$54$rdmux[0][1][1]$b$1021 [6] $memory$flatten\display.$auto$proc_rom.cc:150:do_switch$54$rdmux[0][1][1]$b$1021 [3] $memory$flatten\display.$auto$proc_rom.cc:150:do_switch$54$rdmux[0][1][1]$b$1021 [1:0] }
      New connections: { $memory$flatten\display.$auto$proc_rom.cc:150:do_switch$54$rdmux[0][1][1]$b$1021 [5:4] $memory$flatten\display.$auto$proc_rom.cc:150:do_switch$54$rdmux[0][1][1]$b$1021 [2] } = { $memory$flatten\display.$auto$proc_rom.cc:150:do_switch$54$rdmux[0][1][1]$b$1021 [0] 1'0 $memory$flatten\display.$auto$proc_rom.cc:150:do_switch$54$rdmux[0][1][1]$b$1021 [1] }
    Consolidated identical input bits for $mux cell $memory$flatten\display.$auto$proc_rom.cc:150:do_switch$54$rdmux[0][2][2]$1028:
      Old ports: A=$memory$flatten\display.$auto$proc_rom.cc:150:do_switch$54$rdmux[0][2][2]$a$1029, B=$memory$flatten\display.$auto$proc_rom.cc:150:do_switch$54$rdmux[0][2][2]$b$1030, Y=$memory$flatten\display.$auto$proc_rom.cc:150:do_switch$54$rdmux[0][1][1]$a$1020
      New ports: A={ $memory$flatten\display.$auto$proc_rom.cc:150:do_switch$54$rdmux[0][2][2]$a$1029 [4] 2'00 }, B={ 1'0 $memory$flatten\display.$auto$proc_rom.cc:150:do_switch$54$rdmux[0][2][2]$b$1030 [3] $memory$flatten\display.$auto$proc_rom.cc:150:do_switch$54$rdmux[0][2][2]$b$1030 [0] }, Y={ $memory$flatten\display.$auto$proc_rom.cc:150:do_switch$54$rdmux[0][1][1]$a$1020 [4:3] $memory$flatten\display.$auto$proc_rom.cc:150:do_switch$54$rdmux[0][1][1]$a$1020 [0] }
      New connections: { $memory$flatten\display.$auto$proc_rom.cc:150:do_switch$54$rdmux[0][1][1]$a$1020 [6:5] $memory$flatten\display.$auto$proc_rom.cc:150:do_switch$54$rdmux[0][1][1]$a$1020 [2:1] } = { 3'000 $memory$flatten\display.$auto$proc_rom.cc:150:do_switch$54$rdmux[0][1][1]$a$1020 [0] }
    Consolidated identical input bits for $mux cell $memory$flatten\display.$auto$proc_rom.cc:150:do_switch$54$rdmux[0][2][1]$1025:
      Old ports: A=$memory$flatten\display.$auto$proc_rom.cc:150:do_switch$54$rdmux[0][2][1]$a$1026, B=$memory$flatten\display.$auto$proc_rom.cc:150:do_switch$54$rdmux[0][2][1]$b$1027, Y=$memory$flatten\display.$auto$proc_rom.cc:150:do_switch$54$rdmux[0][1][0]$b$1018
      New ports: A={ 2'01 $memory$flatten\display.$auto$proc_rom.cc:150:do_switch$54$rdmux[0][2][1]$a$1026 [0] $memory$flatten\display.$auto$proc_rom.cc:150:do_switch$54$rdmux[0][2][1]$a$1026 [1:0] }, B={ $memory$flatten\display.$auto$proc_rom.cc:150:do_switch$54$rdmux[0][2][1]$b$1027 [3] $memory$flatten\display.$auto$proc_rom.cc:150:do_switch$54$rdmux[0][2][1]$b$1027 [3] $memory$flatten\display.$auto$proc_rom.cc:150:do_switch$54$rdmux[0][2][1]$b$1027 [3] $memory$flatten\display.$auto$proc_rom.cc:150:do_switch$54$rdmux[0][2][1]$b$1027 [1] 1'0 }, Y={ $memory$flatten\display.$auto$proc_rom.cc:150:do_switch$54$rdmux[0][1][0]$b$1018 [5:3] $memory$flatten\display.$auto$proc_rom.cc:150:do_switch$54$rdmux[0][1][0]$b$1018 [1:0] }
      New connections: { $memory$flatten\display.$auto$proc_rom.cc:150:do_switch$54$rdmux[0][1][0]$b$1018 [6] $memory$flatten\display.$auto$proc_rom.cc:150:do_switch$54$rdmux[0][1][0]$b$1018 [2] } = { $memory$flatten\display.$auto$proc_rom.cc:150:do_switch$54$rdmux[0][1][0]$b$1018 [5] 1'0 }
    Consolidated identical input bits for $mux cell $memory$flatten\display.$auto$proc_rom.cc:150:do_switch$54$rdmux[0][2][0]$1022:
      Old ports: A=$memory$flatten\display.$auto$proc_rom.cc:150:do_switch$54$rdmux[0][2][0]$a$1023, B=$memory$flatten\display.$auto$proc_rom.cc:150:do_switch$54$rdmux[0][2][0]$b$1024, Y=$memory$flatten\display.$auto$proc_rom.cc:150:do_switch$54$rdmux[0][1][0]$a$1017
      New ports: A={ 1'1 $memory$flatten\display.$auto$proc_rom.cc:150:do_switch$54$rdmux[0][2][0]$a$1023 [0] $memory$flatten\display.$auto$proc_rom.cc:150:do_switch$54$rdmux[0][2][0]$a$1023 [0] 1'0 $memory$flatten\display.$auto$proc_rom.cc:150:do_switch$54$rdmux[0][2][0]$a$1023 [0] }, B={ 2'01 $memory$flatten\display.$auto$proc_rom.cc:150:do_switch$54$rdmux[0][2][0]$b$1024 [4] $memory$flatten\display.$auto$proc_rom.cc:150:do_switch$54$rdmux[0][2][0]$b$1024 [2] 1'0 }, Y={ $memory$flatten\display.$auto$proc_rom.cc:150:do_switch$54$rdmux[0][1][0]$a$1017 [6:4] $memory$flatten\display.$auto$proc_rom.cc:150:do_switch$54$rdmux[0][1][0]$a$1017 [2] $memory$flatten\display.$auto$proc_rom.cc:150:do_switch$54$rdmux[0][1][0]$a$1017 [0] }
      New connections: { $memory$flatten\display.$auto$proc_rom.cc:150:do_switch$54$rdmux[0][1][0]$a$1017 [3] $memory$flatten\display.$auto$proc_rom.cc:150:do_switch$54$rdmux[0][1][0]$a$1017 [1] } = { $memory$flatten\display.$auto$proc_rom.cc:150:do_switch$54$rdmux[0][1][0]$a$1017 [0] 1'0 }
    Consolidated identical input bits for $mux cell $flatten\decoder.$procmux$78:
      Old ports: A=12'000000000000, B=\decoder.instruction [31:20], Y=\imm [11:0]
      New ports: A=5'00000, B=\decoder.instruction [24:20], Y=\imm [4:0]
      New connections: \imm [11:5] = { \imm [4] \imm [4] \imm [4] \imm [4] \imm [4] \imm [4] \imm [4] }
  Optimizing cells in module \SemiCPU.
Performed a total of 15 changes.

37.5. Executing OPT_MERGE pass (detect identical cells).
Finding identical cells in module `\SemiCPU'.
<suppressed ~15 debug messages>
Removed a total of 5 cells.

37.6. Executing OPT_SHARE pass.
    Found cells that share an operand and can be merged by moving the $pmux $flatten\alu.$procmux$808 in front of them:
        $auto$alumacc.cc:485:replace_alu$993
        $auto$alumacc.cc:485:replace_alu$990

37.7. Executing OPT_DFF pass (perform DFF optimizations).
Adding EN signal on $auto$ff.cc:266:slice$986 ($adffe) from module SemiCPU (D = \pc.pc [1:0], Q = \pc.pc [1:0]).
Handling D = Q on $auto$ff.cc:266:slice$1065 ($adffe) from module SemiCPU (removing D path).
Setting constant 0-bit at position 0 on $auto$ff.cc:266:slice$1065 ($dlatch) from module SemiCPU.
Setting constant 0-bit at position 1 on $auto$ff.cc:266:slice$1065 ($dlatch) from module SemiCPU.

37.8. Executing OPT_CLEAN pass (remove unused cells and wires).
Finding unused cells or wires in module \SemiCPU..
Removed 2 unused cells and 29 unused wires.
<suppressed ~3 debug messages>

37.9. Executing OPT_EXPR pass (perform const folding).
Optimizing module SemiCPU.
<suppressed ~75 debug messages>

37.10. Rerunning OPT passes. (Maybe there is more to do..)

37.11. Executing OPT_MUXTREE pass (detect dead branches in mux trees).
Running muxtree optimizer on module \SemiCPU..
  Creating internal representation of mux trees.
  Evaluating internal representation of mux trees.
  Analyzing evaluation results.
    dead port 1/4 on $pmux $flatten\decoder.$procmux$67.
    dead port 1/32 on $pmux $flatten\reg_file.$procmux$113.
    dead port 2/32 on $pmux $flatten\reg_file.$procmux$113.
    dead port 3/32 on $pmux $flatten\reg_file.$procmux$113.
    dead port 4/32 on $pmux $flatten\reg_file.$procmux$113.
    dead port 5/32 on $pmux $flatten\reg_file.$procmux$113.
    dead port 6/32 on $pmux $flatten\reg_file.$procmux$113.
    dead port 7/32 on $pmux $flatten\reg_file.$procmux$113.
    dead port 8/32 on $pmux $flatten\reg_file.$procmux$113.
    dead port 9/32 on $pmux $flatten\reg_file.$procmux$113.
    dead port 10/32 on $pmux $flatten\reg_file.$procmux$113.
    dead port 11/32 on $pmux $flatten\reg_file.$procmux$113.
    dead port 12/32 on $pmux $flatten\reg_file.$procmux$113.
    dead port 13/32 on $pmux $flatten\reg_file.$procmux$113.
    dead port 14/32 on $pmux $flatten\reg_file.$procmux$113.
    dead port 15/32 on $pmux $flatten\reg_file.$procmux$113.
    dead port 16/32 on $pmux $flatten\reg_file.$procmux$113.
    dead port 17/32 on $pmux $flatten\reg_file.$procmux$113.
    dead port 18/32 on $pmux $flatten\reg_file.$procmux$113.
    dead port 19/32 on $pmux $flatten\reg_file.$procmux$113.
    dead port 20/32 on $pmux $flatten\reg_file.$procmux$113.
    dead port 23/32 on $pmux $flatten\reg_file.$procmux$113.
    dead port 24/32 on $pmux $flatten\reg_file.$procmux$113.
    dead port 25/32 on $pmux $flatten\reg_file.$procmux$113.
    dead port 26/32 on $pmux $flatten\reg_file.$procmux$113.
    dead port 27/32 on $pmux $flatten\reg_file.$procmux$113.
    dead port 28/32 on $pmux $flatten\reg_file.$procmux$113.
    dead port 29/32 on $pmux $flatten\reg_file.$procmux$113.
    dead port 30/32 on $pmux $flatten\reg_file.$procmux$113.
Removed 29 multiplexer ports.
<suppressed ~11 debug messages>

37.12. Executing OPT_REDUCE pass (consolidate $*mux and $reduce_* inputs).
  Optimizing cells in module \SemiCPU.
    New ctrl vector for $pmux cell $flatten\alu.$procmux$808: { $flatten\alu.$procmux$812_CMP $flatten\alu.$procmux$811_CMP $auto$opt_reduce.cc:134:opt_pmux$1072 }
    Consolidated identical input bits for $pmux cell $flatten\decoder.$procmux$67:
      Old ports: A=3'000, B=6'010100, Y=$flatten\decoder.$2\ALUop[2:0]
      New ports: A=2'00, B=4'0110, Y=$flatten\decoder.$2\ALUop[2:0] [2:1]
      New connections: $flatten\decoder.$2\ALUop[2:0] [0] = 1'0
    New input vector for $reduce_or cell $auto$opt_reduce.cc:128:opt_pmux$1071: { $flatten\alu.$procmux$814_CMP $flatten\alu.$procmux$813_CMP $eq$/openlane/designs/SemiCPU/src/SemiCPU.v:210$10_Y $eq$/openlane/designs/SemiCPU/src/SemiCPU.v:210$9_Y }
  Optimizing cells in module \SemiCPU.
    Consolidated identical input bits for $pmux cell $flatten\decoder.$procmux$74:
      Old ports: A=3'000, B={ 3'110 $flatten\decoder.$2\ALUop[2:0] }, Y=\alu.ALUop
      New ports: A=2'00, B={ 2'11 $flatten\decoder.$2\ALUop[2:0] [2:1] }, Y=\alu.ALUop [2:1]
      New connections: \alu.ALUop [0] = 1'0
  Optimizing cells in module \SemiCPU.
Performed a total of 4 changes.

37.13. Executing OPT_MERGE pass (detect identical cells).
Finding identical cells in module `\SemiCPU'.
<suppressed ~45 debug messages>
Removed a total of 15 cells.

37.14. Executing OPT_SHARE pass.

37.15. Executing OPT_DFF pass (perform DFF optimizations).
Handling never-active EN on $auto$ff.cc:266:slice$935 ($adffe) from module SemiCPU (removing D path).
Setting constant 0-bit at position 0 on $auto$ff.cc:266:slice$935 ($dlatch) from module SemiCPU.
Setting constant 0-bit at position 1 on $auto$ff.cc:266:slice$935 ($dlatch) from module SemiCPU.
Setting constant 0-bit at position 2 on $auto$ff.cc:266:slice$935 ($dlatch) from module SemiCPU.
Setting constant 0-bit at position 3 on $auto$ff.cc:266:slice$935 ($dlatch) from module SemiCPU.
Setting constant 0-bit at position 4 on $auto$ff.cc:266:slice$935 ($dlatch) from module SemiCPU.
Setting constant 0-bit at position 5 on $auto$ff.cc:266:slice$935 ($dlatch) from module SemiCPU.
Setting constant 0-bit at position 6 on $auto$ff.cc:266:slice$935 ($dlatch) from module SemiCPU.
Setting constant 0-bit at position 7 on $auto$ff.cc:266:slice$935 ($dlatch) from module SemiCPU.
Setting constant 0-bit at position 8 on $auto$ff.cc:266:slice$935 ($dlatch) from module SemiCPU.
Setting constant 0-bit at position 9 on $auto$ff.cc:266:slice$935 ($dlatch) from module SemiCPU.
Setting constant 0-bit at position 10 on $auto$ff.cc:266:slice$935 ($dlatch) from module SemiCPU.
Setting constant 0-bit at position 11 on $auto$ff.cc:266:slice$935 ($dlatch) from module SemiCPU.
Setting constant 0-bit at position 12 on $auto$ff.cc:266:slice$935 ($dlatch) from module SemiCPU.
Setting constant 0-bit at position 13 on $auto$ff.cc:266:slice$935 ($dlatch) from module SemiCPU.
Setting constant 0-bit at position 14 on $auto$ff.cc:266:slice$935 ($dlatch) from module SemiCPU.
Setting constant 0-bit at position 15 on $auto$ff.cc:266:slice$935 ($dlatch) from module SemiCPU.
Setting constant 0-bit at position 16 on $auto$ff.cc:266:slice$935 ($dlatch) from module SemiCPU.
Setting constant 0-bit at position 17 on $auto$ff.cc:266:slice$935 ($dlatch) from module SemiCPU.
Setting constant 0-bit at position 18 on $auto$ff.cc:266:slice$935 ($dlatch) from module SemiCPU.
Setting constant 0-bit at position 19 on $auto$ff.cc:266:slice$935 ($dlatch) from module SemiCPU.
Setting constant 0-bit at position 20 on $auto$ff.cc:266:slice$935 ($dlatch) from module SemiCPU.
Setting constant 0-bit at position 21 on $auto$ff.cc:266:slice$935 ($dlatch) from module SemiCPU.
Setting constant 0-bit at position 22 on $auto$ff.cc:266:slice$935 ($dlatch) from module SemiCPU.
Setting constant 0-bit at position 23 on $auto$ff.cc:266:slice$935 ($dlatch) from module SemiCPU.
Setting constant 0-bit at position 24 on $auto$ff.cc:266:slice$935 ($dlatch) from module SemiCPU.
Setting constant 0-bit at position 25 on $auto$ff.cc:266:slice$935 ($dlatch) from module SemiCPU.
Setting constant 0-bit at position 26 on $auto$ff.cc:266:slice$935 ($dlatch) from module SemiCPU.
Setting constant 0-bit at position 27 on $auto$ff.cc:266:slice$935 ($dlatch) from module SemiCPU.
Setting constant 0-bit at position 28 on $auto$ff.cc:266:slice$935 ($dlatch) from module SemiCPU.
Setting constant 0-bit at position 29 on $auto$ff.cc:266:slice$935 ($dlatch) from module SemiCPU.
Setting constant 0-bit at position 30 on $auto$ff.cc:266:slice$935 ($dlatch) from module SemiCPU.
Setting constant 0-bit at position 31 on $auto$ff.cc:266:slice$935 ($dlatch) from module SemiCPU.

37.16. Executing OPT_CLEAN pass (remove unused cells and wires).
Finding unused cells or wires in module \SemiCPU..
Removed 1 unused cells and 64 unused wires.
<suppressed ~2 debug messages>

37.17. Executing OPT_EXPR pass (perform const folding).
Optimizing module SemiCPU.
<suppressed ~8 debug messages>

37.18. Rerunning OPT passes. (Maybe there is more to do..)

37.19. Executing OPT_MUXTREE pass (detect dead branches in mux trees).
Running muxtree optimizer on module \SemiCPU..
  Creating internal representation of mux trees.
  Evaluating internal representation of mux trees.
  Analyzing evaluation results.
    dead port 2/4 on $pmux $flatten\alu.$procmux$808.
Removed 1 multiplexer ports.
<suppressed ~10 debug messages>

37.20. Executing OPT_REDUCE pass (consolidate $*mux and $reduce_* inputs).
  Optimizing cells in module \SemiCPU.
    New ctrl vector for $pmux cell $flatten\reg_file.$procmux$80: { $flatten\reg_file.$procmux$111_CMP $flatten\reg_file.$procmux$110_CMP $flatten\reg_file.$procmux$109_CMP $flatten\reg_file.$procmux$108_CMP $flatten\reg_file.$procmux$107_CMP $flatten\reg_file.$procmux$106_CMP $flatten\reg_file.$procmux$105_CMP $flatten\reg_file.$procmux$104_CMP $flatten\reg_file.$procmux$103_CMP $flatten\reg_file.$procmux$102_CMP $flatten\reg_file.$procmux$101_CMP $flatten\reg_file.$procmux$100_CMP $flatten\reg_file.$procmux$99_CMP $flatten\reg_file.$procmux$98_CMP $flatten\reg_file.$procmux$97_CMP $auto$opt_reduce.cc:134:opt_pmux$1074 }
  Optimizing cells in module \SemiCPU.
Performed a total of 1 changes.

37.21. Executing OPT_MERGE pass (detect identical cells).
Finding identical cells in module `\SemiCPU'.
Removed a total of 0 cells.

37.22. Executing OPT_SHARE pass.

37.23. Executing OPT_DFF pass (perform DFF optimizations).

37.24. Executing OPT_CLEAN pass (remove unused cells and wires).
Finding unused cells or wires in module \SemiCPU..
Removed 1 unused cells and 7 unused wires.
<suppressed ~2 debug messages>

37.25. Executing OPT_EXPR pass (perform const folding).
Optimizing module SemiCPU.

37.26. Rerunning OPT passes. (Maybe there is more to do..)

37.27. Executing OPT_MUXTREE pass (detect dead branches in mux trees).
Running muxtree optimizer on module \SemiCPU..
  Creating internal representation of mux trees.
  Evaluating internal representation of mux trees.
  Analyzing evaluation results.
Removed 0 multiplexer ports.
<suppressed ~10 debug messages>

37.28. Executing OPT_REDUCE pass (consolidate $*mux and $reduce_* inputs).
  Optimizing cells in module \SemiCPU.
Performed a total of 0 changes.

37.29. Executing OPT_MERGE pass (detect identical cells).
Finding identical cells in module `\SemiCPU'.
Removed a total of 0 cells.

37.30. Executing OPT_SHARE pass.

37.31. Executing OPT_DFF pass (perform DFF optimizations).

37.32. Executing OPT_CLEAN pass (remove unused cells and wires).
Finding unused cells or wires in module \SemiCPU..

37.33. Executing OPT_EXPR pass (perform const folding).
Optimizing module SemiCPU.

37.34. Finished OPT passes. (There is nothing left to do.)

38. Executing TECHMAP pass (map to technology primitives).

38.1. Executing Verilog-2005 frontend: /nix/store/sx2v0i73mn1ih2z1nk61pm9n5gjgpidy-yosys/bin/../share/yosys/techmap.v
Parsing Verilog input from `/nix/store/sx2v0i73mn1ih2z1nk61pm9n5gjgpidy-yosys/bin/../share/yosys/techmap.v' to AST representation.
Generating RTLIL representation for module `\_90_simplemap_bool_ops'.
Generating RTLIL representation for module `\_90_simplemap_reduce_ops'.
Generating RTLIL representation for module `\_90_simplemap_logic_ops'.
Generating RTLIL representation for module `\_90_simplemap_compare_ops'.
Generating RTLIL representation for module `\_90_simplemap_various'.
Generating RTLIL representation for module `\_90_simplemap_registers'.
Generating RTLIL representation for module `\_90_shift_ops_shr_shl_sshl_sshr'.
Generating RTLIL representation for module `\_90_shift_shiftx'.
Generating RTLIL representation for module `\_90_fa'.
Generating RTLIL representation for module `\_90_lcu'.
Generating RTLIL representation for module `\_90_alu'.
Generating RTLIL representation for module `\_90_macc'.
Generating RTLIL representation for module `\_90_alumacc'.
Generating RTLIL representation for module `\$__div_mod_u'.
Generating RTLIL representation for module `\$__div_mod_trunc'.
Generating RTLIL representation for module `\_90_div'.
Generating RTLIL representation for module `\_90_mod'.
Generating RTLIL representation for module `\$__div_mod_floor'.
Generating RTLIL representation for module `\_90_divfloor'.
Generating RTLIL representation for module `\_90_modfloor'.
Generating RTLIL representation for module `\_90_pow'.
Generating RTLIL representation for module `\_90_pmux'.
Generating RTLIL representation for module `\_90_demux'.
Generating RTLIL representation for module `\_90_lut'.
Successfully finished Verilog frontend.

38.2. Continuing TECHMAP pass.
Using extmapper simplemap for cells of type $logic_not.
Using extmapper simplemap for cells of type $logic_and.
Using extmapper simplemap for cells of type $reduce_bool.
Using extmapper simplemap for cells of type $reduce_and.
Using extmapper simplemap for cells of type $eq.
Using extmapper simplemap for cells of type $mux.
Using extmapper simplemap for cells of type $dff.
Using template $paramod$661999b8ebc8b4b81aa840f2824545b2035f8a4b\_90_pmux for cells of type $pmux.
Using template $paramod$521ce43182eecb9f60c72393a788160d2c356bf5\_90_pmux for cells of type $pmux.
Using extmapper simplemap for cells of type $adffe.
Running "alumacc" on wrapper $extern:wrap:$neg:A_SIGNED=0:A_WIDTH=32:Y_WIDTH=32:394426c56d1a028ba8fdd5469b163e04011def47.
Using template $extern:wrap:$neg:A_SIGNED=0:A_WIDTH=32:Y_WIDTH=32:394426c56d1a028ba8fdd5469b163e04011def47 for cells of type $extern:wrap:$neg:A_SIGNED=0:A_WIDTH=32:Y_WIDTH=32:394426c56d1a028ba8fdd5469b163e04011def47.
Using extmapper simplemap for cells of type $reduce_or.
Using template $paramod$54d740639e1393b22262823179ff783ea9f17a35\_90_pmux for cells of type $pmux.
Using template $paramod$8d502f02b5b0b72663c46788e07dcce65ffb9a1e\_90_pmux for cells of type $pmux.
Using template $paramod$constmap:4621fcf06a436d1e2a4080e2ed9866a7d07a6e07$paramod$335cfd09f1afa8139c4aafcbbe5f361887b79c5e\_90_shift_ops_shr_shl_sshl_sshr for cells of type $shl.
Using template $paramod$fbc7873bff55778c0b3173955b7e4bce1d9d6834\_90_alu for cells of type $alu.
Using template $paramod$8fabc56b80a569262acfc42757a02ca0b8e91278\_90_pmux for cells of type $pmux.
Using template $paramod$ce0ec84be7047712840b0952f343ee9e63ef75d1\_90_alu for cells of type $alu.
Using extmapper simplemap for cells of type $sdffce.
Using template $paramod$33afdd83bf3811dac2de7a968d39eea5718691bc\_90_pmux for cells of type $pmux.
Using template $paramod$d7387fdb214042e5ef2d69a3f74948694b4bb65e\_90_pmux for cells of type $pmux.
Using template $paramod$44a13d10af618e7fbe7b9aad2f6151ffcee1e2fa\_90_alu for cells of type $alu.
Using template $paramod$3ef7d3dd227da7627a99c5e5a6a4deb817573e39\_90_alu for cells of type $alu.
Using extmapper simplemap for cells of type $and.
Using template $paramod$c6baa65225090ac0a120feab1b920965244aa496\_90_alu for cells of type $alu.
Using extmapper simplemap for cells of type $xor.
Using template $paramod\_90_lcu\WIDTH=32'00000000000000000000000000100000 for cells of type $lcu.
Using extmapper simplemap for cells of type $pos.
Using extmapper simplemap for cells of type $not.
Using template $paramod\_90_lcu\WIDTH=32'00000000000000000000000000010100 for cells of type $lcu.
Using template $paramod\_90_lcu\WIDTH=32'00000000000000000000000000011110 for cells of type $lcu.
Using template $paramod\_90_lcu\WIDTH=32'00000000000000000000000000000011 for cells of type $lcu.
Using extmapper simplemap for cells of type $or.
No more expansions possible.
<suppressed ~1941 debug messages>

39. Executing OPT pass (performing simple optimizations).

39.1. Executing OPT_EXPR pass (perform const folding).
Optimizing module SemiCPU.
<suppressed ~1248 debug messages>

39.2. Executing OPT_MERGE pass (detect identical cells).
Finding identical cells in module `\SemiCPU'.
<suppressed ~1320 debug messages>
Removed a total of 440 cells.

39.3. Executing OPT_DFF pass (perform DFF optimizations).

39.4. Executing OPT_CLEAN pass (remove unused cells and wires).
Finding unused cells or wires in module \SemiCPU..
Removed 54 unused cells and 1256 unused wires.
<suppressed ~55 debug messages>

39.5. Finished fast OPT passes.

40. Executing ABC pass (technology mapping using ABC).

40.1. Extracting gate netlist of module `\SemiCPU' to `<abc-temp-dir>/input.blif'..
Extracted 2540 gates and 3109 wires to a netlist network with 567 inputs and 119 outputs.

40.1.1. Executing ABC.
Running ABC command: "/nix/store/wq2q0njg3sx8wvj2akz7x1qxwyrv9xlr-yosys-abc/bin/abc" -s -f <abc-temp-dir>/abc.script 2>&1
ABC: ABC command line: "source <abc-temp-dir>/abc.script".
ABC: 
ABC: + read_blif <abc-temp-dir>/input.blif 
ABC: + read_library <abc-temp-dir>/stdcells.genlib 
ABC: Entered genlib library with 13 gates from file "<abc-temp-dir>/stdcells.genlib".
ABC: + strash 
ABC: + dretime 
ABC: + map 
ABC: + write_blif <abc-temp-dir>/output.blif 

40.1.2. Re-integrating ABC results.
ABC RESULTS:               MUX cells:      244
ABC RESULTS:               NOT cells:       77
ABC RESULTS:             ORNOT cells:      123
ABC RESULTS:              XNOR cells:       22
ABC RESULTS:               NOR cells:      103
ABC RESULTS:                OR cells:      657
ABC RESULTS:            ANDNOT cells:      960
ABC RESULTS:               AND cells:       47
ABC RESULTS:              NAND cells:       52
ABC RESULTS:               XOR cells:      122
ABC RESULTS:        internal signals:     2423
ABC RESULTS:           input signals:      567
ABC RESULTS:          output signals:      119
Removing temp directory.

41. Executing OPT pass (performing simple optimizations).

41.1. Executing OPT_EXPR pass (perform const folding).
Optimizing module SemiCPU.
<suppressed ~3 debug messages>

41.2. Executing OPT_MERGE pass (detect identical cells).
Finding identical cells in module `\SemiCPU'.
<suppressed ~12 debug messages>
Removed a total of 4 cells.

41.3. Executing OPT_DFF pass (perform DFF optimizations).

41.4. Executing OPT_CLEAN pass (remove unused cells and wires).
Finding unused cells or wires in module \SemiCPU..
Removed 0 unused cells and 1257 unused wires.
<suppressed ~6 debug messages>

41.5. Finished fast OPT passes.

42. Executing HIERARCHY pass (managing design hierarchy).

42.1. Analyzing design hierarchy..
Top module:  \SemiCPU

42.2. Analyzing design hierarchy..
Top module:  \SemiCPU
Removed 0 unused modules.

43. Printing statistics.

=== SemiCPU ===

   Number of wires:               2387
   Number of wire bits:           4023
   Number of public wires:          77
   Number of public wire bits:    1600
   Number of memories:               0
   Number of memory bits:            0
   Number of processes:              0
   Number of cells:               2984
     $_ANDNOT_                     957
     $_AND_                         47
     $_DFFE_PP0P_                  542
     $_DFF_P_                       36
     $_MUX_                        244
     $_NAND_                        52
     $_NOR_                        103
     $_NOT_                         77
     $_ORNOT_                      123
     $_OR_                         657
     $_SDFFCE_PP0N_                  3
     $_XNOR_                        22
     $_XOR_                        121

44. Executing CHECK pass (checking for obvious problems).
Checking module SemiCPU...
Found and reported 0 problems.

45. Generating Graphviz representation of design.
Writing dot description to `/openlane/designs/SemiCPU/runs/RUN_2025.06.01_17.17.29/tmp/synthesis/post_techmap.dot'.
Dumping module SemiCPU to page 1.

46. Executing SHARE pass (SAT-based resource sharing).

47. Executing OPT pass (performing simple optimizations).

47.1. Executing OPT_EXPR pass (perform const folding).
Optimizing module SemiCPU.

47.2. Executing OPT_MERGE pass (detect identical cells).
Finding identical cells in module `\SemiCPU'.
Removed a total of 0 cells.

47.3. Executing OPT_MUXTREE pass (detect dead branches in mux trees).
Running muxtree optimizer on module \SemiCPU..
  Creating internal representation of mux trees.
  No muxes found in this module.
Removed 0 multiplexer ports.

47.4. Executing OPT_REDUCE pass (consolidate $*mux and $reduce_* inputs).
  Optimizing cells in module \SemiCPU.
Performed a total of 0 changes.

47.5. Executing OPT_MERGE pass (detect identical cells).
Finding identical cells in module `\SemiCPU'.
Removed a total of 0 cells.

47.6. Executing OPT_DFF pass (perform DFF optimizations).

47.7. Executing OPT_CLEAN pass (remove unused cells and wires).
Finding unused cells or wires in module \SemiCPU..

47.8. Executing OPT_EXPR pass (perform const folding).
Optimizing module SemiCPU.

47.9. Finished OPT passes. (There is nothing left to do.)

48. Executing OPT_CLEAN pass (remove unused cells and wires).
Finding unused cells or wires in module \SemiCPU..
Removed 0 unused cells and 50 unused wires.
<suppressed ~50 debug messages>

49. Printing statistics.

=== SemiCPU ===

   Number of wires:               2337
   Number of wire bits:           3042
   Number of public wires:          27
   Number of public wire bits:     619
   Number of memories:               0
   Number of memory bits:            0
   Number of processes:              0
   Number of cells:               2984
     $_ANDNOT_                     957
     $_AND_                         47
     $_DFFE_PP0P_                  542
     $_DFF_P_                       36
     $_MUX_                        244
     $_NAND_                        52
     $_NOR_                        103
     $_NOT_                         77
     $_ORNOT_                      123
     $_OR_                         657
     $_SDFFCE_PP0N_                  3
     $_XNOR_                        22
     $_XOR_                        121

mapping tbuf

50. Executing TECHMAP pass (map to technology primitives).

50.1. Executing Verilog-2005 frontend: /home/omers/.volare/sky130A/libs.tech/openlane/sky130_fd_sc_hd/tribuff_map.v
Parsing Verilog input from `/home/omers/.volare/sky130A/libs.tech/openlane/sky130_fd_sc_hd/tribuff_map.v' to AST representation.
Generating RTLIL representation for module `\$_TBUF_'.
Successfully finished Verilog frontend.

50.2. Continuing TECHMAP pass.
No more expansions possible.
<suppressed ~3 debug messages>

51. Executing SIMPLEMAP pass (map simple cells to gate primitives).

52. Executing TECHMAP pass (map to technology primitives).

52.1. Executing Verilog-2005 frontend: /home/omers/.volare/sky130A/libs.tech/openlane/sky130_fd_sc_hd/latch_map.v
Parsing Verilog input from `/home/omers/.volare/sky130A/libs.tech/openlane/sky130_fd_sc_hd/latch_map.v' to AST representation.
Generating RTLIL representation for module `\$_DLATCH_P_'.
Generating RTLIL representation for module `\$_DLATCH_N_'.
Successfully finished Verilog frontend.

52.2. Continuing TECHMAP pass.
No more expansions possible.
<suppressed ~4 debug messages>

53. Executing SIMPLEMAP pass (map simple cells to gate primitives).

54. Executing DFFLIBMAP pass (mapping DFF cells to sequential cells from liberty file).
  cell sky130_fd_sc_hd__dfxtp_2 (noninv, pins=3, area=21.27) is a direct match for cell type $_DFF_P_.
  cell sky130_fd_sc_hd__dfrtp_2 (noninv, pins=4, area=26.28) is a direct match for cell type $_DFF_PN0_.
  cell sky130_fd_sc_hd__dfstp_2 (noninv, pins=4, area=26.28) is a direct match for cell type $_DFF_PN1_.
  cell sky130_fd_sc_hd__dfbbn_2 (noninv, pins=6, area=35.03) is a direct match for cell type $_DFFSR_NNN_.
  final dff cell mappings:
    unmapped dff cell: $_DFF_N_
    \sky130_fd_sc_hd__dfxtp_2 _DFF_P_ (.CLK( C), .D( D), .Q( Q));
    unmapped dff cell: $_DFF_NN0_
    unmapped dff cell: $_DFF_NN1_
    unmapped dff cell: $_DFF_NP0_
    unmapped dff cell: $_DFF_NP1_
    \sky130_fd_sc_hd__dfrtp_2 _DFF_PN0_ (.CLK( C), .D( D), .Q( Q), .RESET_B( R));
    \sky130_fd_sc_hd__dfstp_2 _DFF_PN1_ (.CLK( C), .D( D), .Q( Q), .SET_B( R));
    unmapped dff cell: $_DFF_PP0_
    unmapped dff cell: $_DFF_PP1_
    \sky130_fd_sc_hd__dfbbn_2 _DFFSR_NNN_ (.CLK_N( C), .D( D), .Q( Q), .Q_N(~Q), .RESET_B( R), .SET_B( S));
    unmapped dff cell: $_DFFSR_NNP_
    unmapped dff cell: $_DFFSR_NPN_
    unmapped dff cell: $_DFFSR_NPP_
    unmapped dff cell: $_DFFSR_PNN_
    unmapped dff cell: $_DFFSR_PNP_
    unmapped dff cell: $_DFFSR_PPN_
    unmapped dff cell: $_DFFSR_PPP_

54.1. Executing DFFLEGALIZE pass (convert FFs to types supported by the target).
Mapping DFF cells in module `\SemiCPU':
  mapped 542 $_DFF_PN0_ cells to \sky130_fd_sc_hd__dfrtp_2 cells.
  mapped 39 $_DFF_P_ cells to \sky130_fd_sc_hd__dfxtp_2 cells.

55. Printing statistics.

=== SemiCPU ===

   Number of wires:               3427
   Number of wire bits:           4132
   Number of public wires:          27
   Number of public wire bits:     619
   Number of memories:               0
   Number of memory bits:            0
   Number of processes:              0
   Number of cells:               4074
     $_ANDNOT_                     957
     $_AND_                         47
     $_MUX_                        792
     $_NAND_                        52
     $_NOR_                        103
     $_NOT_                        619
     $_ORNOT_                      123
     $_OR_                         657
     $_XNOR_                        22
     $_XOR_                        121
     sky130_fd_sc_hd__dfrtp_2      542
     sky130_fd_sc_hd__dfxtp_2       39

[INFO]: USING STRATEGY AREA 0

56. Executing ABC pass (technology mapping using ABC).

56.1. Extracting gate netlist of module `\SemiCPU' to `/tmp/yosys-abc-UANrsO/input.blif'..
Extracted 3493 gates and 4062 wires to a netlist network with 568 inputs and 1122 outputs.

56.1.1. Executing ABC.
Running ABC command: "/nix/store/wq2q0njg3sx8wvj2akz7x1qxwyrv9xlr-yosys-abc/bin/abc" -s -f /tmp/yosys-abc-UANrsO/abc.script 2>&1
ABC: ABC command line: "source /tmp/yosys-abc-UANrsO/abc.script".
ABC: 
ABC: + read_blif /tmp/yosys-abc-UANrsO/input.blif 
ABC: + read_lib -w /openlane/designs/SemiCPU/runs/RUN_2025.06.01_17.17.29/tmp/synthesis/trimmed.lib 
ABC: Parsing finished successfully.  Parsing time =     0.04 sec
ABC: Scl_LibertyReadGenlib() skipped sequential cell "sky130_fd_sc_hd__dfbbn_2".
ABC: Scl_LibertyReadGenlib() skipped sequential cell "sky130_fd_sc_hd__dfrbp_2".
ABC: Scl_LibertyReadGenlib() skipped sequential cell "sky130_fd_sc_hd__dfrtp_2".
ABC: Scl_LibertyReadGenlib() skipped sequential cell "sky130_fd_sc_hd__dfrtp_4".
ABC: Scl_LibertyReadGenlib() skipped sequential cell "sky130_fd_sc_hd__dfsbp_2".
ABC: Scl_LibertyReadGenlib() skipped sequential cell "sky130_fd_sc_hd__dfstp_2".
ABC: Scl_LibertyReadGenlib() skipped sequential cell "sky130_fd_sc_hd__dfstp_4".
ABC: Scl_LibertyReadGenlib() skipped sequential cell "sky130_fd_sc_hd__dfxbp_2".
ABC: Scl_LibertyReadGenlib() skipped sequential cell "sky130_fd_sc_hd__dfxtp_2".
ABC: Scl_LibertyReadGenlib() skipped sequential cell "sky130_fd_sc_hd__dfxtp_4".
ABC: Scl_LibertyReadGenlib() skipped sequential cell "sky130_fd_sc_hd__dlxtn_1".
ABC: Scl_LibertyReadGenlib() skipped sequential cell "sky130_fd_sc_hd__dlxtn_2".
ABC: Scl_LibertyReadGenlib() skipped sequential cell "sky130_fd_sc_hd__dlxtn_4".
ABC: Scl_LibertyReadGenlib() skipped sequential cell "sky130_fd_sc_hd__dlxtp_1".
ABC: Scl_LibertyReadGenlib() skipped three-state cell "sky130_fd_sc_hd__ebufn_2".
ABC: Scl_LibertyReadGenlib() skipped three-state cell "sky130_fd_sc_hd__ebufn_4".
ABC: Scl_LibertyReadGenlib() skipped three-state cell "sky130_fd_sc_hd__ebufn_8".
ABC: Library "sky130A_merged" from "/openlane/designs/SemiCPU/runs/RUN_2025.06.01_17.17.29/tmp/synthesis/trimmed.lib" has 175 cells (17 skipped: 14 seq; 3 tri-state; 0 no func; 0 dont_use).  Time =     0.05 sec
ABC: Memory =    9.54 MB. Time =     0.05 sec
ABC: Warning: Detected 2 multi-output gates (for example, "sky130_fd_sc_hd__fa_1").
ABC: + read_constr -v /openlane/designs/SemiCPU/runs/RUN_2025.06.01_17.17.29/tmp/synthesis/synthesis.sdc 
ABC: Setting driving cell to be "sky130_fd_sc_hd__inv_2".
ABC: Setting output load to be 33.442001.
ABC: + read_constr /openlane/designs/SemiCPU/runs/RUN_2025.06.01_17.17.29/tmp/synthesis/synthesis.sdc 
ABC: + fx 
ABC: + mfs 
ABC: + strash 
ABC: + drf -l 
ABC: + balance 
ABC: + drw -l 
ABC: + drf -l 
ABC: + balance 
ABC: + drw -l 
ABC: + drw -l -z 
ABC: + balance 
ABC: + drf -l -z 
ABC: + drw -l -z 
ABC: + balance 
ABC: + retime -D -D 10000 -M 5 
ABC: + scleanup 
ABC: Error: The network is combinational.
ABC: + fraig_store 
ABC: + balance 
ABC: + fraig_store 
ABC: + balance 
ABC: + drw -l 
ABC: + drf -l 
ABC: + balance 
ABC: + drw -l 
ABC: + drw -l -z 
ABC: + balance 
ABC: + drf -l -z 
ABC: + drw -l -z 
ABC: + balance 
ABC: + fraig_store 
ABC: + balance 
ABC: + drw -l 
ABC: + drf -l 
ABC: + balance 
ABC: + drw -l 
ABC: + drw -l -z 
ABC: + balance 
ABC: + drf -l -z 
ABC: + drw -l -z 
ABC: + balance 
ABC: + fraig_store 
ABC: + balance 
ABC: + drw -l 
ABC: + drf -l 
ABC: + balance 
ABC: + drw -l 
ABC: + drw -l -z 
ABC: + balance 
ABC: + drf -l -z 
ABC: + drw -l -z 
ABC: + balance 
ABC: + fraig_store 
ABC: + fraig_restore 
ABC: + amap -m -Q 0.1 -F 20 -A 20 -C 5000 
ABC: + retime -D -D 10000 
ABC: + &get -n 
ABC: + &st 
ABC: + &dch 
ABC: + &nf 
ABC: + &put 
ABC: + buffer -N 10 -S 750.0 
ABC: + upsize -D 10000 
ABC: Current delay (9422.56 ps) does not exceed the target delay (10000.00 ps). Upsizing is not performed.
ABC: + dnsize -D 10000 
ABC: + stime -p 
ABC: WireLoad = "none"  Gates =   2822 ( 56.6 %)   Cap = 15.5 ff ( 11.5 %)   Area =    17439.22 ( 43.3 %)   Delay =  9938.43 ps  (  1.8 %)               
ABC: Path  0 --     516 : 0    4 pi                        A =   0.00  Df =  57.1  -31.4 ps  S =  85.5 ps  Cin =  0.0 ff  Cout =  17.3 ff  Cmax =   0.0 ff  G =    0  
ABC: Path  1 --    2013 : 4    1 sky130_fd_sc_hd__or4_2    A =   8.76  Df = 651.9 -477.1 ps  S =  95.9 ps  Cin =  1.5 ff  Cout =   2.6 ff  Cmax = 310.4 ff  G =  163  
ABC: Path  2 --    2015 : 4    5 sky130_fd_sc_hd__or4_4    A =  11.26  Df =1188.4 -874.1 ps  S = 112.9 ps  Cin =  2.4 ff  Cout =  20.4 ff  Cmax = 534.7 ff  G =  801  
ABC: Path  3 --    2032 : 3    9 sky130_fd_sc_hd__nor3_2   A =  10.01  Df =1507.4-1121.3 ps  S = 324.4 ps  Cin =  4.4 ff  Cout =  16.7 ff  Cmax =  92.5 ff  G =  373  
ABC: Path  4 --    2438 : 3    8 sky130_fd_sc_hd__and3b_2  A =  10.01  Df =1809.4 -927.4 ps  S = 127.2 ps  Cin =  1.5 ff  Cout =  20.2 ff  Cmax = 309.5 ff  G = 1312  
ABC: Path  5 --    2439 : 3    4 sky130_fd_sc_hd__a21oi_2  A =   8.76  Df =2180.2 -310.9 ps  S = 152.7 ps  Cin =  4.6 ff  Cout =   9.6 ff  Cmax = 128.2 ff  G =  199  
ABC: Path  6 --    2440 : 1   10 sky130_fd_sc_hd__buf_1    A =   3.75  Df =2599.9 -477.2 ps  S = 499.0 ps  Cin =  2.1 ff  Cout =  42.3 ff  Cmax = 130.0 ff  G = 1911  
ABC: Path  7 --    2488 : 3    5 sky130_fd_sc_hd__o21a_2   A =   8.76  Df =2879.3 -444.4 ps  S = 114.9 ps  Cin =  2.4 ff  Cout =  19.2 ff  Cmax = 294.8 ff  G =  773  
ABC: Path  8 --    2489 : 4    1 sky130_fd_sc_hd__or4_2    A =   8.76  Df =3001.3  -38.2 ps  S =  94.4 ps  Cin =  1.5 ff  Cout =   2.2 ff  Cmax = 310.4 ff  G =  140  
ABC: Path  9 --    2490 : 1    7 sky130_fd_sc_hd__buf_1    A =   3.75  Df =3289.0 -112.7 ps  S = 350.4 ps  Cin =  2.1 ff  Cout =  29.4 ff  Cmax = 130.0 ff  G = 1339  
ABC: Path 10 --    2498 : 3    5 sky130_fd_sc_hd__or3_4    A =  11.26  Df =3632.1 -115.1 ps  S =  88.6 ps  Cin =  2.4 ff  Cout =  17.9 ff  Cmax = 531.9 ff  G =  728  
ABC: Path 11 --    2506 : 3    6 sky130_fd_sc_hd__or3_2    A =   7.51  Df =4187.1 -499.3 ps  S = 126.2 ps  Cin =  1.5 ff  Cout =  19.6 ff  Cmax = 310.4 ff  G = 1237  
ABC: Path 12 --    2526 : 3    4 sky130_fd_sc_hd__or3_2    A =   7.51  Df =4745.2 -881.9 ps  S = 119.5 ps  Cin =  1.5 ff  Cout =  16.8 ff  Cmax = 310.4 ff  G = 1059  
ABC: Path 13 --    2546 : 3    5 sky130_fd_sc_hd__or3_2    A =   7.51  Df =5303.0-1267.5 ps  S = 120.8 ps  Cin =  1.5 ff  Cout =  17.4 ff  Cmax = 310.4 ff  G = 1095  
ABC: Path 14 --    2742 : 3    2 sky130_fd_sc_hd__or3_2    A =   7.51  Df =5811.3-1642.6 ps  S =  88.4 ps  Cin =  1.5 ff  Cout =   6.1 ff  Cmax = 310.4 ff  G =  386  
ABC: Path 15 --    2749 : 3    2 sky130_fd_sc_hd__and3_2   A =   7.51  Df =6017.3 -518.6 ps  S =  73.8 ps  Cin =  1.5 ff  Cout =   9.2 ff  Cmax = 309.5 ff  G =  591  
ABC: Path 16 --    2751 : 2    4 sky130_fd_sc_hd__nor2_2   A =   6.26  Df =6205.0 -137.4 ps  S = 187.6 ps  Cin =  4.4 ff  Cout =  15.1 ff  Cmax = 141.9 ff  G =  331  
ABC: Path 17 --    2766 : 4    2 sky130_fd_sc_hd__nand4_2  A =  12.51  Df =6303.4 -168.3 ps  S =  86.2 ps  Cin =  4.4 ff  Cout =   4.3 ff  Cmax = 200.5 ff  G =   93  
ABC: Path 18 --    2796 : 4    2 sky130_fd_sc_hd__or4_2    A =   8.76  Df =6972.0 -710.1 ps  S = 113.9 ps  Cin =  1.5 ff  Cout =   6.1 ff  Cmax = 310.4 ff  G =  396  
ABC: Path 19 --    2820 : 3    5 sky130_fd_sc_hd__a21oi_2  A =   8.76  Df =7240.1 -809.7 ps  S = 252.6 ps  Cin =  4.6 ff  Cout =  18.9 ff  Cmax = 128.2 ff  G =  394  
ABC: Path 20 --    2845 : 3    3 sky130_fd_sc_hd__a21oi_2  A =   8.76  Df =7351.6 -119.6 ps  S = 164.1 ps  Cin =  4.6 ff  Cout =  10.7 ff  Cmax = 128.2 ff  G =  224  
ABC: Path 21 --    2846 : 4    3 sky130_fd_sc_hd__o22ai_2  A =  12.51  Df =7509.5 -170.7 ps  S = 198.5 ps  Cin =  4.3 ff  Cout =  11.3 ff  Cmax = 137.3 ff  G =  248  
ABC: Path 22 --    2848 : 3    4 sky130_fd_sc_hd__a21oi_2  A =   8.76  Df =7621.4  -56.2 ps  S = 196.9 ps  Cin =  4.6 ff  Cout =  13.8 ff  Cmax = 128.2 ff  G =  288  
ABC: Path 23 --    2947 : 3    1 sky130_fd_sc_hd__or3_2    A =   7.51  Df =8089.9 -375.0 ps  S =  73.2 ps  Cin =  1.5 ff  Cout =   2.4 ff  Cmax = 310.4 ff  G =  150  
ABC: Path 24 --    3035 : 5    4 sky130_fd_sc_hd__a311o_2  A =  11.26  Df =8427.2 -546.5 ps  S =  67.4 ps  Cin =  2.3 ff  Cout =   7.8 ff  Cmax = 298.5 ff  G =  326  
ABC: Path 25 --    3799 : 5    3 sky130_fd_sc_hd__a41o_2   A =  11.26  Df =8714.5 -623.7 ps  S =  64.2 ps  Cin =  2.3 ff  Cout =   7.7 ff  Cmax = 325.0 ff  G =  317  
ABC: Path 26 --    3835 : 2    4 sky130_fd_sc_hd__and2_2   A =   7.51  Df =8928.1 -663.1 ps  S =  81.8 ps  Cin =  1.5 ff  Cout =  12.4 ff  Cmax = 303.0 ff  G =  812  
ABC: Path 27 --    3845 : 3    2 sky130_fd_sc_hd__or3b_2   A =   8.76  Df =9398.7 -993.1 ps  S =  98.4 ps  Cin =  1.5 ff  Cout =   9.2 ff  Cmax = 269.2 ff  G =  583  
ABC: Path 28 --    3849 : 4    1 sky130_fd_sc_hd__a211oi_2 A =  12.51  Df =9938.4 -719.2 ps  S = 619.0 ps  Cin =  4.4 ff  Cout =  33.4 ff  Cmax =  88.8 ff  G =  767  
ABC: Start-point = pi515 (\imem.address [28]).  End-point = po545 ($$flatten\display.$auto$proc_rom.cc:150:do_switch$54$rdreg[0]$d [3]).
ABC: + print_stats -m 
ABC: netlist                       : i/o =  568/ 1122  lat =    0  nd =  2822  edge =   5179  area =17435.31  delay =30.00  lev = 30
ABC: + write_blif /tmp/yosys-abc-UANrsO/output.blif 

56.1.2. Re-integrating ABC results.
ABC RESULTS:   sky130_fd_sc_hd__or4_4 cells:        1
ABC RESULTS:   sky130_fd_sc_hd__or4bb_2 cells:        1
ABC RESULTS:   sky130_fd_sc_hd__or4b_2 cells:        3
ABC RESULTS:   sky130_fd_sc_hd__and4b_2 cells:        3
ABC RESULTS:   sky130_fd_sc_hd__or3_4 cells:        1
ABC RESULTS:   sky130_fd_sc_hd__a221oi_2 cells:        1
ABC RESULTS:   sky130_fd_sc_hd__or2b_2 cells:        5
ABC RESULTS:   sky130_fd_sc_hd__nand4_2 cells:        1
ABC RESULTS:   sky130_fd_sc_hd__or4_2 cells:       13
ABC RESULTS:   sky130_fd_sc_hd__a31oi_2 cells:        1
ABC RESULTS:   sky130_fd_sc_hd__o21ba_2 cells:        2
ABC RESULTS:   sky130_fd_sc_hd__nor3b_2 cells:        1
ABC RESULTS:   sky130_fd_sc_hd__o221ai_2 cells:        1
ABC RESULTS:   sky130_fd_sc_hd__o22ai_2 cells:        3
ABC RESULTS:   sky130_fd_sc_hd__o311a_2 cells:        1
ABC RESULTS:   sky130_fd_sc_hd__o221a_2 cells:        3
ABC RESULTS:   sky130_fd_sc_hd__nand3b_2 cells:        3
ABC RESULTS:   sky130_fd_sc_hd__o211a_2 cells:        8
ABC RESULTS:   sky130_fd_sc_hd__and3b_2 cells:        4
ABC RESULTS:   sky130_fd_sc_hd__o211ai_2 cells:        1
ABC RESULTS:   sky130_fd_sc_hd__a22oi_2 cells:       20
ABC RESULTS:   sky130_fd_sc_hd__o31a_2 cells:        4
ABC RESULTS:   sky130_fd_sc_hd__a311oi_2 cells:        2
ABC RESULTS:   sky130_fd_sc_hd__nor2b_2 cells:        1
ABC RESULTS:   sky130_fd_sc_hd__o31ai_2 cells:        1
ABC RESULTS:   sky130_fd_sc_hd__a21bo_2 cells:        6
ABC RESULTS:   sky130_fd_sc_hd__a311o_2 cells:        6
ABC RESULTS:   sky130_fd_sc_hd__nand3_2 cells:        8
ABC RESULTS:   sky130_fd_sc_hd__a2bb2o_2 cells:        9
ABC RESULTS:   sky130_fd_sc_hd__mux2_2 cells:      211
ABC RESULTS:   sky130_fd_sc_hd__a41o_2 cells:        4
ABC RESULTS:   sky130_fd_sc_hd__o2111a_2 cells:        3
ABC RESULTS:   sky130_fd_sc_hd__a32o_2 cells:       11
ABC RESULTS:   sky130_fd_sc_hd__a31o_2 cells:       17
ABC RESULTS:   sky130_fd_sc_hd__o2111ai_2 cells:        1
ABC RESULTS:   sky130_fd_sc_hd__o32a_2 cells:        1
ABC RESULTS:   sky130_fd_sc_hd__a21boi_2 cells:        4
ABC RESULTS:   sky130_fd_sc_hd__o22a_2 cells:        2
ABC RESULTS:   sky130_fd_sc_hd__a221o_2 cells:       51
ABC RESULTS:   sky130_fd_sc_hd__and2b_2 cells:       13
ABC RESULTS:   sky130_fd_sc_hd__and4bb_2 cells:        3
ABC RESULTS:   sky130_fd_sc_hd__o2bb2a_2 cells:        3
ABC RESULTS:   sky130_fd_sc_hd__a211o_2 cells:       17
ABC RESULTS:   sky130_fd_sc_hd__nor4_2 cells:        3
ABC RESULTS:   sky130_fd_sc_hd__or3_2 cells:       20
ABC RESULTS:   sky130_fd_sc_hd__or3b_2 cells:        9
ABC RESULTS:   sky130_fd_sc_hd__o21ai_2 cells:       31
ABC RESULTS:   sky130_fd_sc_hd__nor3_2 cells:       13
ABC RESULTS:   sky130_fd_sc_hd__a211oi_2 cells:        2
ABC RESULTS:   sky130_fd_sc_hd__o21bai_2 cells:        4
ABC RESULTS:   sky130_fd_sc_hd__a21o_2 cells:       38
ABC RESULTS:   sky130_fd_sc_hd__a22o_2 cells:       77
ABC RESULTS:   sky130_fd_sc_hd__xor2_2 cells:       25
ABC RESULTS:   sky130_fd_sc_hd__and3_2 cells:       51
ABC RESULTS:   sky130_fd_sc_hd__a21oi_2 cells:       68
ABC RESULTS:   sky130_fd_sc_hd__nand2_2 cells:       57
ABC RESULTS:   sky130_fd_sc_hd__and2_2 cells:      156
ABC RESULTS:   sky130_fd_sc_hd__buf_1 cells:      987
ABC RESULTS:   sky130_fd_sc_hd__inv_2 cells:      609
ABC RESULTS:   sky130_fd_sc_hd__xnor2_2 cells:       30
ABC RESULTS:   sky130_fd_sc_hd__nor2_2 cells:      116
ABC RESULTS:   sky130_fd_sc_hd__or2_2 cells:       55
ABC RESULTS:   sky130_fd_sc_hd__o21a_2 cells:       16
ABC RESULTS:        internal signals:     2372
ABC RESULTS:           input signals:      568
ABC RESULTS:          output signals:     1122
Removing temp directory.

57. Executing SETUNDEF pass (replace undef values with defined constants).

58. Executing HILOMAP pass (mapping to constant drivers).

59. Executing SPLITNETS pass (splitting up multi-bit signals).

60. Executing OPT_CLEAN pass (remove unused cells and wires).
Finding unused cells or wires in module \SemiCPU..
Removed 1454 unused cells and 5570 unused wires.
<suppressed ~1843 debug messages>

61. Executing INSBUF pass (insert buffer cells for connected wires).

62. Executing CHECK pass (checking for obvious problems).
Checking module SemiCPU...
Found and reported 0 problems.

63. Printing statistics.

=== SemiCPU ===

   Number of wires:               1941
   Number of wire bits:           1954
   Number of public wires:         218
   Number of public wire bits:     231
   Number of memories:               0
   Number of memory bits:            0
   Number of processes:              0
   Number of cells:               1951
     sky130_fd_sc_hd__a211o_2       17
     sky130_fd_sc_hd__a211oi_2       2
     sky130_fd_sc_hd__a21bo_2        6
     sky130_fd_sc_hd__a21boi_2       4
     sky130_fd_sc_hd__a21o_2        38
     sky130_fd_sc_hd__a21oi_2       68
     sky130_fd_sc_hd__a221o_2       51
     sky130_fd_sc_hd__a221oi_2       1
     sky130_fd_sc_hd__a22o_2        77
     sky130_fd_sc_hd__a22oi_2       20
     sky130_fd_sc_hd__a2bb2o_2       9
     sky130_fd_sc_hd__a311o_2        6
     sky130_fd_sc_hd__a311oi_2       2
     sky130_fd_sc_hd__a31o_2        17
     sky130_fd_sc_hd__a31oi_2        1
     sky130_fd_sc_hd__a32o_2        11
     sky130_fd_sc_hd__a41o_2         4
     sky130_fd_sc_hd__and2_2       156
     sky130_fd_sc_hd__and2b_2       13
     sky130_fd_sc_hd__and3_2        51
     sky130_fd_sc_hd__and3b_2        4
     sky130_fd_sc_hd__and4b_2        3
     sky130_fd_sc_hd__and4bb_2       3
     sky130_fd_sc_hd__buf_1        308
     sky130_fd_sc_hd__dfrtp_2      189
     sky130_fd_sc_hd__dfxtp_2       39
     sky130_fd_sc_hd__inv_2        256
     sky130_fd_sc_hd__mux2_2       147
     sky130_fd_sc_hd__nand2_2       57
     sky130_fd_sc_hd__nand3_2        8
     sky130_fd_sc_hd__nand3b_2       3
     sky130_fd_sc_hd__nand4_2        1
     sky130_fd_sc_hd__nor2_2       115
     sky130_fd_sc_hd__nor3_2        13
     sky130_fd_sc_hd__nor3b_2        1
     sky130_fd_sc_hd__nor4_2         3
     sky130_fd_sc_hd__o2111a_2       3
     sky130_fd_sc_hd__o2111ai_2      1
     sky130_fd_sc_hd__o211a_2        8
     sky130_fd_sc_hd__o211ai_2       1
     sky130_fd_sc_hd__o21a_2        16
     sky130_fd_sc_hd__o21ai_2       31
     sky130_fd_sc_hd__o21ba_2        2
     sky130_fd_sc_hd__o21bai_2       4
     sky130_fd_sc_hd__o221a_2        3
     sky130_fd_sc_hd__o221ai_2       1
     sky130_fd_sc_hd__o22a_2         2
     sky130_fd_sc_hd__o22ai_2        3
     sky130_fd_sc_hd__o2bb2a_2       3
     sky130_fd_sc_hd__o311a_2        1
     sky130_fd_sc_hd__o31a_2         4
     sky130_fd_sc_hd__o31ai_2        1
     sky130_fd_sc_hd__o32a_2         1
     sky130_fd_sc_hd__or2_2         54
     sky130_fd_sc_hd__or2b_2         5
     sky130_fd_sc_hd__or3_2         20
     sky130_fd_sc_hd__or3_4          1
     sky130_fd_sc_hd__or3b_2         9
     sky130_fd_sc_hd__or4_2         13
     sky130_fd_sc_hd__or4_4          1
     sky130_fd_sc_hd__or4b_2         3
     sky130_fd_sc_hd__or4bb_2        1
     sky130_fd_sc_hd__xnor2_2       30
     sky130_fd_sc_hd__xor2_2        25

   Chip area for module '\SemiCPU': 18619.107200

64. Executing Verilog backend.
Dumping module `\SemiCPU'.

65. Executing JSON backend.

Warnings: 1 unique messages, 1 total
End of script. Logfile hash: 21692edd74, CPU: user 1.24s system 0.04s, MEM: 44.91 MB peak
Yosys 0.38 (git sha1 543faed9c8c, clang++ 17.0.6 -fPIC -Os)
Time spent: 64% 2x abc (2 sec), 6% 30x opt_expr (0 sec), ...
