
===========================================================================
report_checks -path_delay min (Hold)
============================================================================
======================= Typical Corner ===================================

Startpoint: _356_ (rising edge-triggered flip-flop clocked by core_clock)
Endpoint: _356_ (rising edge-triggered flip-flop clocked by core_clock)
Path Group: core_clock
Path Type: min

Fanout     Cap    Slew   Delay    Time   Description
-----------------------------------------------------------------------------
                          0.00    0.00   clock core_clock (rise edge)
                          0.00    0.00   clock source latency
     1    0.02    0.00    0.00    0.00 ^ clk (in)
                                         clk (net)
                  0.00    0.00    0.00 ^ clkbuf_0_clk/A (sky130_fd_sc_hd__clkbuf_16)
     4    0.04    0.06    0.13    0.13 ^ clkbuf_0_clk/X (sky130_fd_sc_hd__clkbuf_16)
                                         clknet_0_clk (net)
                  0.06    0.00    0.13 ^ clkbuf_2_0__f_clk/A (sky130_fd_sc_hd__clkbuf_16)
     9    0.03    0.05    0.14    0.26 ^ clkbuf_2_0__f_clk/X (sky130_fd_sc_hd__clkbuf_16)
                                         clknet_2_0__leaf_clk (net)
                  0.05    0.00    0.26 ^ _356_/CLK (sky130_fd_sc_hd__dfrtp_1)
     2    0.01    0.10    0.36    0.62 ^ _356_/Q (sky130_fd_sc_hd__dfrtp_1)
                                         one_second_counter[26] (net)
                  0.10    0.00    0.62 ^ _284_/A1 (sky130_fd_sc_hd__o211a_1)
     1    0.01    0.06    0.18    0.80 ^ _284_/X (sky130_fd_sc_hd__o211a_1)
                                         _018_ (net)
                  0.06    0.00    0.80 ^ _356_/D (sky130_fd_sc_hd__dfrtp_1)
                                  0.80   data arrival time

                          0.00    0.00   clock core_clock (rise edge)
                          0.00    0.00   clock source latency
     1    0.02    0.00    0.00    0.00 ^ clk (in)
                                         clk (net)
                  0.00    0.00    0.00 ^ clkbuf_0_clk/A (sky130_fd_sc_hd__clkbuf_16)
     4    0.04    0.06    0.13    0.13 ^ clkbuf_0_clk/X (sky130_fd_sc_hd__clkbuf_16)
                                         clknet_0_clk (net)
                  0.06    0.00    0.13 ^ clkbuf_2_0__f_clk/A (sky130_fd_sc_hd__clkbuf_16)
     9    0.03    0.05    0.14    0.26 ^ clkbuf_2_0__f_clk/X (sky130_fd_sc_hd__clkbuf_16)
                                         clknet_2_0__leaf_clk (net)
                  0.05    0.00    0.26 ^ _356_/CLK (sky130_fd_sc_hd__dfrtp_1)
                          0.00    0.26   clock reconvergence pessimism
                         -0.04    0.22   library hold time
                                  0.22   data required time
-----------------------------------------------------------------------------
                                  0.22   data required time
                                 -0.80   data arrival time
-----------------------------------------------------------------------------
                                  0.58   slack (MET)


Startpoint: _357_ (rising edge-triggered flip-flop clocked by core_clock)
Endpoint: _358_ (rising edge-triggered flip-flop clocked by core_clock)
Path Group: core_clock
Path Type: min

Fanout     Cap    Slew   Delay    Time   Description
-----------------------------------------------------------------------------
                          0.00    0.00   clock core_clock (rise edge)
                          0.00    0.00   clock source latency
     1    0.02    0.00    0.00    0.00 ^ clk (in)
                                         clk (net)
                  0.00    0.00    0.00 ^ clkbuf_0_clk/A (sky130_fd_sc_hd__clkbuf_16)
     4    0.04    0.06    0.13    0.13 ^ clkbuf_0_clk/X (sky130_fd_sc_hd__clkbuf_16)
                                         clknet_0_clk (net)
                  0.06    0.00    0.13 ^ clkbuf_2_0__f_clk/A (sky130_fd_sc_hd__clkbuf_16)
     9    0.03    0.05    0.14    0.26 ^ clkbuf_2_0__f_clk/X (sky130_fd_sc_hd__clkbuf_16)
                                         clknet_2_0__leaf_clk (net)
                  0.05    0.00    0.26 ^ _357_/CLK (sky130_fd_sc_hd__dfrtp_4)
     5    0.02    0.10    0.44    0.71 ^ _357_/Q (sky130_fd_sc_hd__dfrtp_4)
                                         one_second_enable (net)
                  0.10    0.00    0.71 ^ _174_/A1 (sky130_fd_sc_hd__a21oi_1)
     1    0.01    0.05    0.09    0.80 v _174_/Y (sky130_fd_sc_hd__a21oi_1)
                                         _060_ (net)
                  0.05    0.00    0.80 v _358_/D (sky130_fd_sc_hd__dfrtp_4)
                                  0.80   data arrival time

                          0.00    0.00   clock core_clock (rise edge)
                          0.00    0.00   clock source latency
     1    0.02    0.00    0.00    0.00 ^ clk (in)
                                         clk (net)
                  0.00    0.00    0.00 ^ clkbuf_0_clk/A (sky130_fd_sc_hd__clkbuf_16)
     4    0.04    0.06    0.13    0.13 ^ clkbuf_0_clk/X (sky130_fd_sc_hd__clkbuf_16)
                                         clknet_0_clk (net)
                  0.06    0.00    0.13 ^ clkbuf_2_1__f_clk/A (sky130_fd_sc_hd__clkbuf_16)
    10    0.03    0.05    0.14    0.26 ^ clkbuf_2_1__f_clk/X (sky130_fd_sc_hd__clkbuf_16)
                                         clknet_2_1__leaf_clk (net)
                  0.05    0.00    0.26 ^ _358_/CLK (sky130_fd_sc_hd__dfrtp_4)
                          0.00    0.26   clock reconvergence pessimism
                         -0.04    0.22   library hold time
                                  0.22   data required time
-----------------------------------------------------------------------------
                                  0.22   data required time
                                 -0.80   data arrival time
-----------------------------------------------------------------------------
                                  0.58   slack (MET)


Startpoint: _330_ (rising edge-triggered flip-flop clocked by core_clock)
Endpoint: _330_ (rising edge-triggered flip-flop clocked by core_clock)
Path Group: core_clock
Path Type: min

Fanout     Cap    Slew   Delay    Time   Description
-----------------------------------------------------------------------------
                          0.00    0.00   clock core_clock (rise edge)
                          0.00    0.00   clock source latency
     1    0.02    0.00    0.00    0.00 ^ clk (in)
                                         clk (net)
                  0.00    0.00    0.00 ^ clkbuf_0_clk/A (sky130_fd_sc_hd__clkbuf_16)
     4    0.04    0.06    0.13    0.13 ^ clkbuf_0_clk/X (sky130_fd_sc_hd__clkbuf_16)
                                         clknet_0_clk (net)
                  0.06    0.00    0.13 ^ clkbuf_2_3__f_clk/A (sky130_fd_sc_hd__clkbuf_16)
     9    0.02    0.05    0.14    0.26 ^ clkbuf_2_3__f_clk/X (sky130_fd_sc_hd__clkbuf_16)
                                         clknet_2_3__leaf_clk (net)
                  0.05    0.00    0.26 ^ _330_/CLK (sky130_fd_sc_hd__dfrtp_4)
     7    0.03    0.12    0.46    0.72 ^ _330_/Q (sky130_fd_sc_hd__dfrtp_4)
                                         one_second_counter[0] (net)
                  0.12    0.00    0.72 ^ _190_/A (sky130_fd_sc_hd__nor2_1)
     1    0.01    0.06    0.09    0.81 v _190_/Y (sky130_fd_sc_hd__nor2_1)
                                         _000_ (net)
                  0.06    0.00    0.81 v _330_/D (sky130_fd_sc_hd__dfrtp_4)
                                  0.81   data arrival time

                          0.00    0.00   clock core_clock (rise edge)
                          0.00    0.00   clock source latency
     1    0.02    0.00    0.00    0.00 ^ clk (in)
                                         clk (net)
                  0.00    0.00    0.00 ^ clkbuf_0_clk/A (sky130_fd_sc_hd__clkbuf_16)
     4    0.04    0.06    0.13    0.13 ^ clkbuf_0_clk/X (sky130_fd_sc_hd__clkbuf_16)
                                         clknet_0_clk (net)
                  0.06    0.00    0.13 ^ clkbuf_2_3__f_clk/A (sky130_fd_sc_hd__clkbuf_16)
     9    0.02    0.05    0.14    0.26 ^ clkbuf_2_3__f_clk/X (sky130_fd_sc_hd__clkbuf_16)
                                         clknet_2_3__leaf_clk (net)
                  0.05    0.00    0.26 ^ _330_/CLK (sky130_fd_sc_hd__dfrtp_4)
                          0.00    0.26   clock reconvergence pessimism
                         -0.05    0.21   library hold time
                                  0.21   data required time
-----------------------------------------------------------------------------
                                  0.21   data required time
                                 -0.81   data arrival time
-----------------------------------------------------------------------------
                                  0.60   slack (MET)


Startpoint: _337_ (rising edge-triggered flip-flop clocked by core_clock)
Endpoint: _337_ (rising edge-triggered flip-flop clocked by core_clock)
Path Group: core_clock
Path Type: min

Fanout     Cap    Slew   Delay    Time   Description
-----------------------------------------------------------------------------
                          0.00    0.00   clock core_clock (rise edge)
                          0.00    0.00   clock source latency
     1    0.02    0.00    0.00    0.00 ^ clk (in)
                                         clk (net)
                  0.00    0.00    0.00 ^ clkbuf_0_clk/A (sky130_fd_sc_hd__clkbuf_16)
     4    0.04    0.06    0.13    0.13 ^ clkbuf_0_clk/X (sky130_fd_sc_hd__clkbuf_16)
                                         clknet_0_clk (net)
                  0.06    0.00    0.13 ^ clkbuf_2_0__f_clk/A (sky130_fd_sc_hd__clkbuf_16)
     9    0.03    0.05    0.14    0.26 ^ clkbuf_2_0__f_clk/X (sky130_fd_sc_hd__clkbuf_16)
                                         clknet_2_0__leaf_clk (net)
                  0.05    0.00    0.26 ^ _337_/CLK (sky130_fd_sc_hd__dfrtp_1)
     2    0.01    0.08    0.40    0.66 v _337_/Q (sky130_fd_sc_hd__dfrtp_1)
                                         one_second_counter[7] (net)
                  0.08    0.00    0.66 v _214_/A (sky130_fd_sc_hd__inv_2)
     1    0.01    0.07    0.09    0.75 ^ _214_/Y (sky130_fd_sc_hd__inv_2)
                                         _104_ (net)
                  0.07    0.00    0.75 ^ _215_/A1 (sky130_fd_sc_hd__a211oi_2)
     1    0.01    0.04    0.08    0.82 v _215_/Y (sky130_fd_sc_hd__a211oi_2)
                                         _024_ (net)
                  0.04    0.00    0.82 v _337_/D (sky130_fd_sc_hd__dfrtp_1)
                                  0.82   data arrival time

                          0.00    0.00   clock core_clock (rise edge)
                          0.00    0.00   clock source latency
     1    0.02    0.00    0.00    0.00 ^ clk (in)
                                         clk (net)
                  0.00    0.00    0.00 ^ clkbuf_0_clk/A (sky130_fd_sc_hd__clkbuf_16)
     4    0.04    0.06    0.13    0.13 ^ clkbuf_0_clk/X (sky130_fd_sc_hd__clkbuf_16)
                                         clknet_0_clk (net)
                  0.06    0.00    0.13 ^ clkbuf_2_0__f_clk/A (sky130_fd_sc_hd__clkbuf_16)
     9    0.03    0.05    0.14    0.26 ^ clkbuf_2_0__f_clk/X (sky130_fd_sc_hd__clkbuf_16)
                                         clknet_2_0__leaf_clk (net)
                  0.05    0.00    0.26 ^ _337_/CLK (sky130_fd_sc_hd__dfrtp_1)
                          0.00    0.26   clock reconvergence pessimism
                         -0.04    0.22   library hold time
                                  0.22   data required time
-----------------------------------------------------------------------------
                                  0.22   data required time
                                 -0.82   data arrival time
-----------------------------------------------------------------------------
                                  0.61   slack (MET)


Startpoint: _361_ (rising edge-triggered flip-flop clocked by core_clock)
Endpoint: _361_ (rising edge-triggered flip-flop clocked by core_clock)
Path Group: core_clock
Path Type: min

Fanout     Cap    Slew   Delay    Time   Description
-----------------------------------------------------------------------------
                          0.00    0.00   clock core_clock (rise edge)
                          0.00    0.00   clock source latency
     1    0.02    0.00    0.00    0.00 ^ clk (in)
                                         clk (net)
                  0.00    0.00    0.00 ^ clkbuf_0_clk/A (sky130_fd_sc_hd__clkbuf_16)
     4    0.04    0.06    0.13    0.13 ^ clkbuf_0_clk/X (sky130_fd_sc_hd__clkbuf_16)
                                         clknet_0_clk (net)
                  0.06    0.00    0.13 ^ clkbuf_2_1__f_clk/A (sky130_fd_sc_hd__clkbuf_16)
    10    0.03    0.05    0.14    0.26 ^ clkbuf_2_1__f_clk/X (sky130_fd_sc_hd__clkbuf_16)
                                         clknet_2_1__leaf_clk (net)
                  0.05    0.00    0.26 ^ _361_/CLK (sky130_fd_sc_hd__dfrtp_4)
     6    0.03    0.13    0.47    0.73 ^ _361_/Q (sky130_fd_sc_hd__dfrtp_4)
                                         decoder.digit[3] (net)
                  0.13    0.00    0.73 ^ _164_/A (sky130_fd_sc_hd__xnor2_1)
     1    0.00    0.05    0.10    0.83 v _164_/Y (sky130_fd_sc_hd__xnor2_1)
                                         _063_ (net)
                  0.05    0.00    0.83 v _361_/D (sky130_fd_sc_hd__dfrtp_4)
                                  0.83   data arrival time

                          0.00    0.00   clock core_clock (rise edge)
                          0.00    0.00   clock source latency
     1    0.02    0.00    0.00    0.00 ^ clk (in)
                                         clk (net)
                  0.00    0.00    0.00 ^ clkbuf_0_clk/A (sky130_fd_sc_hd__clkbuf_16)
     4    0.04    0.06    0.13    0.13 ^ clkbuf_0_clk/X (sky130_fd_sc_hd__clkbuf_16)
                                         clknet_0_clk (net)
                  0.06    0.00    0.13 ^ clkbuf_2_1__f_clk/A (sky130_fd_sc_hd__clkbuf_16)
    10    0.03    0.05    0.14    0.26 ^ clkbuf_2_1__f_clk/X (sky130_fd_sc_hd__clkbuf_16)
                                         clknet_2_1__leaf_clk (net)
                  0.05    0.00    0.26 ^ _361_/CLK (sky130_fd_sc_hd__dfrtp_4)
                          0.00    0.26   clock reconvergence pessimism
                         -0.04    0.22   library hold time
                                  0.22   data required time
-----------------------------------------------------------------------------
                                  0.22   data required time
                                 -0.83   data arrival time
-----------------------------------------------------------------------------
                                  0.61   slack (MET)


Startpoint: _351_ (rising edge-triggered flip-flop clocked by core_clock)
Endpoint: _351_ (rising edge-triggered flip-flop clocked by core_clock)
Path Group: core_clock
Path Type: min

Fanout     Cap    Slew   Delay    Time   Description
-----------------------------------------------------------------------------
                          0.00    0.00   clock core_clock (rise edge)
                          0.00    0.00   clock source latency
     1    0.02    0.00    0.00    0.00 ^ clk (in)
                                         clk (net)
                  0.00    0.00    0.00 ^ clkbuf_0_clk/A (sky130_fd_sc_hd__clkbuf_16)
     4    0.04    0.06    0.13    0.13 ^ clkbuf_0_clk/X (sky130_fd_sc_hd__clkbuf_16)
                                         clknet_0_clk (net)
                  0.06    0.00    0.13 ^ clkbuf_2_1__f_clk/A (sky130_fd_sc_hd__clkbuf_16)
    10    0.03    0.05    0.14    0.26 ^ clkbuf_2_1__f_clk/X (sky130_fd_sc_hd__clkbuf_16)
                                         clknet_2_1__leaf_clk (net)
                  0.05    0.00    0.26 ^ _351_/CLK (sky130_fd_sc_hd__dfrtp_2)
     3    0.02    0.07    0.43    0.69 v _351_/Q (sky130_fd_sc_hd__dfrtp_2)
                                         one_second_counter[21] (net)
                  0.07    0.00    0.69 v _266_/A (sky130_fd_sc_hd__inv_2)
     1    0.01    0.06    0.08    0.77 ^ _266_/Y (sky130_fd_sc_hd__inv_2)
                                         _142_ (net)
                  0.06    0.00    0.77 ^ _268_/A1 (sky130_fd_sc_hd__a211oi_1)
     1    0.00    0.06    0.07    0.84 v _268_/Y (sky130_fd_sc_hd__a211oi_1)
                                         _013_ (net)
                  0.06    0.00    0.84 v _351_/D (sky130_fd_sc_hd__dfrtp_2)
                                  0.84   data arrival time

                          0.00    0.00   clock core_clock (rise edge)
                          0.00    0.00   clock source latency
     1    0.02    0.00    0.00    0.00 ^ clk (in)
                                         clk (net)
                  0.00    0.00    0.00 ^ clkbuf_0_clk/A (sky130_fd_sc_hd__clkbuf_16)
     4    0.04    0.06    0.13    0.13 ^ clkbuf_0_clk/X (sky130_fd_sc_hd__clkbuf_16)
                                         clknet_0_clk (net)
                  0.06    0.00    0.13 ^ clkbuf_2_1__f_clk/A (sky130_fd_sc_hd__clkbuf_16)
    10    0.03    0.05    0.14    0.26 ^ clkbuf_2_1__f_clk/X (sky130_fd_sc_hd__clkbuf_16)
                                         clknet_2_1__leaf_clk (net)
                  0.05    0.00    0.26 ^ _351_/CLK (sky130_fd_sc_hd__dfrtp_2)
                          0.00    0.26   clock reconvergence pessimism
                         -0.05    0.22   library hold time
                                  0.22   data required time
-----------------------------------------------------------------------------
                                  0.22   data required time
                                 -0.84   data arrival time
-----------------------------------------------------------------------------
                                  0.62   slack (MET)


Startpoint: _353_ (rising edge-triggered flip-flop clocked by core_clock)
Endpoint: _353_ (rising edge-triggered flip-flop clocked by core_clock)
Path Group: core_clock
Path Type: min

Fanout     Cap    Slew   Delay    Time   Description
-----------------------------------------------------------------------------
                          0.00    0.00   clock core_clock (rise edge)
                          0.00    0.00   clock source latency
     1    0.02    0.00    0.00    0.00 ^ clk (in)
                                         clk (net)
                  0.00    0.00    0.00 ^ clkbuf_0_clk/A (sky130_fd_sc_hd__clkbuf_16)
     4    0.04    0.06    0.13    0.13 ^ clkbuf_0_clk/X (sky130_fd_sc_hd__clkbuf_16)
                                         clknet_0_clk (net)
                  0.06    0.00    0.13 ^ clkbuf_2_2__f_clk/A (sky130_fd_sc_hd__clkbuf_16)
     7    0.02    0.04    0.13    0.26 ^ clkbuf_2_2__f_clk/X (sky130_fd_sc_hd__clkbuf_16)
                                         clknet_2_2__leaf_clk (net)
                  0.04    0.00    0.26 ^ _353_/CLK (sky130_fd_sc_hd__dfrtp_2)
     2    0.02    0.07    0.42    0.68 v _353_/Q (sky130_fd_sc_hd__dfrtp_2)
                                         one_second_counter[23] (net)
                  0.07    0.00    0.68 v _273_/A (sky130_fd_sc_hd__inv_2)
     1    0.01    0.05    0.07    0.75 ^ _273_/Y (sky130_fd_sc_hd__inv_2)
                                         _147_ (net)
                  0.05    0.00    0.75 ^ _275_/A1 (sky130_fd_sc_hd__a221oi_1)
     1    0.00    0.06    0.08    0.83 v _275_/Y (sky130_fd_sc_hd__a221oi_1)
                                         _015_ (net)
                  0.06    0.00    0.83 v _353_/D (sky130_fd_sc_hd__dfrtp_2)
                                  0.83   data arrival time

                          0.00    0.00   clock core_clock (rise edge)
                          0.00    0.00   clock source latency
     1    0.02    0.00    0.00    0.00 ^ clk (in)
                                         clk (net)
                  0.00    0.00    0.00 ^ clkbuf_0_clk/A (sky130_fd_sc_hd__clkbuf_16)
     4    0.04    0.06    0.13    0.13 ^ clkbuf_0_clk/X (sky130_fd_sc_hd__clkbuf_16)
                                         clknet_0_clk (net)
                  0.06    0.00    0.13 ^ clkbuf_2_2__f_clk/A (sky130_fd_sc_hd__clkbuf_16)
     7    0.02    0.04    0.13    0.26 ^ clkbuf_2_2__f_clk/X (sky130_fd_sc_hd__clkbuf_16)
                                         clknet_2_2__leaf_clk (net)
                  0.04    0.00    0.26 ^ _353_/CLK (sky130_fd_sc_hd__dfrtp_2)
                          0.00    0.26   clock reconvergence pessimism
                         -0.05    0.21   library hold time
                                  0.21   data required time
-----------------------------------------------------------------------------
                                  0.21   data required time
                                 -0.83   data arrival time
-----------------------------------------------------------------------------
                                  0.62   slack (MET)


Startpoint: _345_ (rising edge-triggered flip-flop clocked by core_clock)
Endpoint: _345_ (rising edge-triggered flip-flop clocked by core_clock)
Path Group: core_clock
Path Type: min

Fanout     Cap    Slew   Delay    Time   Description
-----------------------------------------------------------------------------
                          0.00    0.00   clock core_clock (rise edge)
                          0.00    0.00   clock source latency
     1    0.02    0.00    0.00    0.00 ^ clk (in)
                                         clk (net)
                  0.00    0.00    0.00 ^ clkbuf_0_clk/A (sky130_fd_sc_hd__clkbuf_16)
     4    0.04    0.06    0.13    0.13 ^ clkbuf_0_clk/X (sky130_fd_sc_hd__clkbuf_16)
                                         clknet_0_clk (net)
                  0.06    0.00    0.13 ^ clkbuf_2_3__f_clk/A (sky130_fd_sc_hd__clkbuf_16)
     9    0.02    0.05    0.14    0.26 ^ clkbuf_2_3__f_clk/X (sky130_fd_sc_hd__clkbuf_16)
                                         clknet_2_3__leaf_clk (net)
                  0.05    0.00    0.26 ^ _345_/CLK (sky130_fd_sc_hd__dfrtp_2)
     3    0.02    0.07    0.43    0.69 v _345_/Q (sky130_fd_sc_hd__dfrtp_2)
                                         one_second_counter[15] (net)
                  0.07    0.00    0.69 v _243_/A (sky130_fd_sc_hd__inv_2)
     1    0.01    0.04    0.06    0.75 ^ _243_/Y (sky130_fd_sc_hd__inv_2)
                                         _125_ (net)
                  0.04    0.00    0.75 ^ _246_/A1 (sky130_fd_sc_hd__a211oi_1)
     1    0.01    0.07    0.09    0.84 v _246_/Y (sky130_fd_sc_hd__a211oi_1)
                                         _006_ (net)
                  0.07    0.00    0.84 v _345_/D (sky130_fd_sc_hd__dfrtp_2)
                                  0.84   data arrival time

                          0.00    0.00   clock core_clock (rise edge)
                          0.00    0.00   clock source latency
     1    0.02    0.00    0.00    0.00 ^ clk (in)
                                         clk (net)
                  0.00    0.00    0.00 ^ clkbuf_0_clk/A (sky130_fd_sc_hd__clkbuf_16)
     4    0.04    0.06    0.13    0.13 ^ clkbuf_0_clk/X (sky130_fd_sc_hd__clkbuf_16)
                                         clknet_0_clk (net)
                  0.06    0.00    0.13 ^ clkbuf_2_3__f_clk/A (sky130_fd_sc_hd__clkbuf_16)
     9    0.02    0.05    0.14    0.26 ^ clkbuf_2_3__f_clk/X (sky130_fd_sc_hd__clkbuf_16)
                                         clknet_2_3__leaf_clk (net)
                  0.05    0.00    0.26 ^ _345_/CLK (sky130_fd_sc_hd__dfrtp_2)
                          0.00    0.26   clock reconvergence pessimism
                         -0.05    0.21   library hold time
                                  0.21   data required time
-----------------------------------------------------------------------------
                                  0.21   data required time
                                 -0.84   data arrival time
-----------------------------------------------------------------------------
                                  0.63   slack (MET)


Startpoint: _357_ (rising edge-triggered flip-flop clocked by core_clock)
Endpoint: _359_ (rising edge-triggered flip-flop clocked by core_clock)
Path Group: core_clock
Path Type: min

Fanout     Cap    Slew   Delay    Time   Description
-----------------------------------------------------------------------------
                          0.00    0.00   clock core_clock (rise edge)
                          0.00    0.00   clock source latency
     1    0.02    0.00    0.00    0.00 ^ clk (in)
                                         clk (net)
                  0.00    0.00    0.00 ^ clkbuf_0_clk/A (sky130_fd_sc_hd__clkbuf_16)
     4    0.04    0.06    0.13    0.13 ^ clkbuf_0_clk/X (sky130_fd_sc_hd__clkbuf_16)
                                         clknet_0_clk (net)
                  0.06    0.00    0.13 ^ clkbuf_2_0__f_clk/A (sky130_fd_sc_hd__clkbuf_16)
     9    0.03    0.05    0.14    0.26 ^ clkbuf_2_0__f_clk/X (sky130_fd_sc_hd__clkbuf_16)
                                         clknet_2_0__leaf_clk (net)
                  0.05    0.00    0.26 ^ _357_/CLK (sky130_fd_sc_hd__dfrtp_4)
     5    0.02    0.10    0.44    0.71 ^ _357_/Q (sky130_fd_sc_hd__dfrtp_4)
                                         one_second_enable (net)
                  0.10    0.00    0.71 ^ _171_/A1 (sky130_fd_sc_hd__a21oi_1)
     1    0.01    0.05    0.09    0.79 v _171_/Y (sky130_fd_sc_hd__a21oi_1)
                                         _071_ (net)
                  0.05    0.00    0.79 v _172_/B (sky130_fd_sc_hd__nor2_1)
     1    0.00    0.10    0.11    0.90 ^ _172_/Y (sky130_fd_sc_hd__nor2_1)
                                         _061_ (net)
                  0.10    0.00    0.90 ^ _359_/D (sky130_fd_sc_hd__dfrtp_4)
                                  0.90   data arrival time

                          0.00    0.00   clock core_clock (rise edge)
                          0.00    0.00   clock source latency
     1    0.02    0.00    0.00    0.00 ^ clk (in)
                                         clk (net)
                  0.00    0.00    0.00 ^ clkbuf_0_clk/A (sky130_fd_sc_hd__clkbuf_16)
     4    0.04    0.06    0.13    0.13 ^ clkbuf_0_clk/X (sky130_fd_sc_hd__clkbuf_16)
                                         clknet_0_clk (net)
                  0.06    0.00    0.13 ^ clkbuf_2_2__f_clk/A (sky130_fd_sc_hd__clkbuf_16)
     7    0.02    0.04    0.13    0.26 ^ clkbuf_2_2__f_clk/X (sky130_fd_sc_hd__clkbuf_16)
                                         clknet_2_2__leaf_clk (net)
                  0.04    0.00    0.26 ^ _359_/CLK (sky130_fd_sc_hd__dfrtp_4)
                          0.00    0.26   clock reconvergence pessimism
                         -0.05    0.21   library hold time
                                  0.21   data required time
-----------------------------------------------------------------------------
                                  0.21   data required time
                                 -0.90   data arrival time
-----------------------------------------------------------------------------
                                  0.69   slack (MET)


Startpoint: _339_ (rising edge-triggered flip-flop clocked by core_clock)
Endpoint: _339_ (rising edge-triggered flip-flop clocked by core_clock)
Path Group: core_clock
Path Type: min

Fanout     Cap    Slew   Delay    Time   Description
-----------------------------------------------------------------------------
                          0.00    0.00   clock core_clock (rise edge)
                          0.00    0.00   clock source latency
     1    0.02    0.00    0.00    0.00 ^ clk (in)
                                         clk (net)
                  0.00    0.00    0.00 ^ clkbuf_0_clk/A (sky130_fd_sc_hd__clkbuf_16)
     4    0.04    0.06    0.13    0.13 ^ clkbuf_0_clk/X (sky130_fd_sc_hd__clkbuf_16)
                                         clknet_0_clk (net)
                  0.06    0.00    0.13 ^ clkbuf_2_0__f_clk/A (sky130_fd_sc_hd__clkbuf_16)
     9    0.03    0.05    0.14    0.26 ^ clkbuf_2_0__f_clk/X (sky130_fd_sc_hd__clkbuf_16)
                                         clknet_2_0__leaf_clk (net)
                  0.05    0.00    0.26 ^ _339_/CLK (sky130_fd_sc_hd__dfrtp_1)
     3    0.02    0.09    0.41    0.68 v _339_/Q (sky130_fd_sc_hd__dfrtp_1)
                                         one_second_counter[9] (net)
                  0.09    0.00    0.68 v _220_/B1 (sky130_fd_sc_hd__a21oi_1)
     1    0.01    0.16    0.18    0.86 ^ _220_/Y (sky130_fd_sc_hd__a21oi_1)
                                         _108_ (net)
                  0.16    0.00    0.86 ^ _222_/B (sky130_fd_sc_hd__nor3_1)
     1    0.00    0.05    0.08    0.94 v _222_/Y (sky130_fd_sc_hd__nor3_1)
                                         _026_ (net)
                  0.05    0.00    0.94 v _339_/D (sky130_fd_sc_hd__dfrtp_1)
                                  0.94   data arrival time

                          0.00    0.00   clock core_clock (rise edge)
                          0.00    0.00   clock source latency
     1    0.02    0.00    0.00    0.00 ^ clk (in)
                                         clk (net)
                  0.00    0.00    0.00 ^ clkbuf_0_clk/A (sky130_fd_sc_hd__clkbuf_16)
     4    0.04    0.06    0.13    0.13 ^ clkbuf_0_clk/X (sky130_fd_sc_hd__clkbuf_16)
                                         clknet_0_clk (net)
                  0.06    0.00    0.13 ^ clkbuf_2_0__f_clk/A (sky130_fd_sc_hd__clkbuf_16)
     9    0.03    0.05    0.14    0.26 ^ clkbuf_2_0__f_clk/X (sky130_fd_sc_hd__clkbuf_16)
                                         clknet_2_0__leaf_clk (net)
                  0.05    0.00    0.26 ^ _339_/CLK (sky130_fd_sc_hd__dfrtp_1)
                          0.00    0.26   clock reconvergence pessimism
                         -0.05    0.22   library hold time
                                  0.22   data required time
-----------------------------------------------------------------------------
                                  0.22   data required time
                                 -0.94   data arrival time
-----------------------------------------------------------------------------
                                  0.72   slack (MET)


Startpoint: _335_ (rising edge-triggered flip-flop clocked by core_clock)
Endpoint: _335_ (rising edge-triggered flip-flop clocked by core_clock)
Path Group: core_clock
Path Type: min

Fanout     Cap    Slew   Delay    Time   Description
-----------------------------------------------------------------------------
                          0.00    0.00   clock core_clock (rise edge)
                          0.00    0.00   clock source latency
     1    0.02    0.00    0.00    0.00 ^ clk (in)
                                         clk (net)
                  0.00    0.00    0.00 ^ clkbuf_0_clk/A (sky130_fd_sc_hd__clkbuf_16)
     4    0.04    0.06    0.13    0.13 ^ clkbuf_0_clk/X (sky130_fd_sc_hd__clkbuf_16)
                                         clknet_0_clk (net)
                  0.06    0.00    0.13 ^ clkbuf_2_1__f_clk/A (sky130_fd_sc_hd__clkbuf_16)
    10    0.03    0.05    0.14    0.26 ^ clkbuf_2_1__f_clk/X (sky130_fd_sc_hd__clkbuf_16)
                                         clknet_2_1__leaf_clk (net)
                  0.05    0.00    0.26 ^ _335_/CLK (sky130_fd_sc_hd__dfrtp_2)
     3    0.02    0.07    0.43    0.69 v _335_/Q (sky130_fd_sc_hd__dfrtp_2)
                                         one_second_counter[5] (net)
                  0.07    0.00    0.69 v _207_/B1 (sky130_fd_sc_hd__a21oi_1)
     1    0.01    0.15    0.17    0.86 ^ _207_/Y (sky130_fd_sc_hd__a21oi_1)
                                         _099_ (net)
                  0.15    0.00    0.86 ^ _209_/B (sky130_fd_sc_hd__nor3_1)
     1    0.01    0.06    0.09    0.95 v _209_/Y (sky130_fd_sc_hd__nor3_1)
                                         _022_ (net)
                  0.06    0.00    0.95 v _335_/D (sky130_fd_sc_hd__dfrtp_2)
                                  0.95   data arrival time

                          0.00    0.00   clock core_clock (rise edge)
                          0.00    0.00   clock source latency
     1    0.02    0.00    0.00    0.00 ^ clk (in)
                                         clk (net)
                  0.00    0.00    0.00 ^ clkbuf_0_clk/A (sky130_fd_sc_hd__clkbuf_16)
     4    0.04    0.06    0.13    0.13 ^ clkbuf_0_clk/X (sky130_fd_sc_hd__clkbuf_16)
                                         clknet_0_clk (net)
                  0.06    0.00    0.13 ^ clkbuf_2_1__f_clk/A (sky130_fd_sc_hd__clkbuf_16)
    10    0.03    0.05    0.14    0.26 ^ clkbuf_2_1__f_clk/X (sky130_fd_sc_hd__clkbuf_16)
                                         clknet_2_1__leaf_clk (net)
                  0.05    0.00    0.26 ^ _335_/CLK (sky130_fd_sc_hd__dfrtp_2)
                          0.00    0.26   clock reconvergence pessimism
                         -0.05    0.21   library hold time
                                  0.21   data required time
-----------------------------------------------------------------------------
                                  0.21   data required time
                                 -0.95   data arrival time
-----------------------------------------------------------------------------
                                  0.74   slack (MET)


Startpoint: _341_ (rising edge-triggered flip-flop clocked by core_clock)
Endpoint: _341_ (rising edge-triggered flip-flop clocked by core_clock)
Path Group: core_clock
Path Type: min

Fanout     Cap    Slew   Delay    Time   Description
-----------------------------------------------------------------------------
                          0.00    0.00   clock core_clock (rise edge)
                          0.00    0.00   clock source latency
     1    0.02    0.00    0.00    0.00 ^ clk (in)
                                         clk (net)
                  0.00    0.00    0.00 ^ clkbuf_0_clk/A (sky130_fd_sc_hd__clkbuf_16)
     4    0.04    0.06    0.13    0.13 ^ clkbuf_0_clk/X (sky130_fd_sc_hd__clkbuf_16)
                                         clknet_0_clk (net)
                  0.06    0.00    0.13 ^ clkbuf_2_1__f_clk/A (sky130_fd_sc_hd__clkbuf_16)
    10    0.03    0.05    0.14    0.26 ^ clkbuf_2_1__f_clk/X (sky130_fd_sc_hd__clkbuf_16)
                                         clknet_2_1__leaf_clk (net)
                  0.05    0.00    0.26 ^ _341_/CLK (sky130_fd_sc_hd__dfrtp_2)
     4    0.02    0.07    0.43    0.69 v _341_/Q (sky130_fd_sc_hd__dfrtp_2)
                                         one_second_counter[11] (net)
                  0.07    0.00    0.69 v _227_/B1 (sky130_fd_sc_hd__a21oi_1)
     1    0.01    0.19    0.20    0.89 ^ _227_/Y (sky130_fd_sc_hd__a21oi_1)
                                         _113_ (net)
                  0.19    0.00    0.89 ^ _229_/B (sky130_fd_sc_hd__nor3_1)
     1    0.01    0.07    0.11    0.99 v _229_/Y (sky130_fd_sc_hd__nor3_1)
                                         _002_ (net)
                  0.07    0.00    0.99 v _341_/D (sky130_fd_sc_hd__dfrtp_2)
                                  0.99   data arrival time

                          0.00    0.00   clock core_clock (rise edge)
                          0.00    0.00   clock source latency
     1    0.02    0.00    0.00    0.00 ^ clk (in)
                                         clk (net)
                  0.00    0.00    0.00 ^ clkbuf_0_clk/A (sky130_fd_sc_hd__clkbuf_16)
     4    0.04    0.06    0.13    0.13 ^ clkbuf_0_clk/X (sky130_fd_sc_hd__clkbuf_16)
                                         clknet_0_clk (net)
                  0.06    0.00    0.13 ^ clkbuf_2_1__f_clk/A (sky130_fd_sc_hd__clkbuf_16)
    10    0.03    0.05    0.14    0.26 ^ clkbuf_2_1__f_clk/X (sky130_fd_sc_hd__clkbuf_16)
                                         clknet_2_1__leaf_clk (net)
                  0.05    0.00    0.26 ^ _341_/CLK (sky130_fd_sc_hd__dfrtp_2)
                          0.00    0.26   clock reconvergence pessimism
                         -0.05    0.21   library hold time
                                  0.21   data required time
-----------------------------------------------------------------------------
                                  0.21   data required time
                                 -0.99   data arrival time
-----------------------------------------------------------------------------
                                  0.78   slack (MET)


Startpoint: _347_ (rising edge-triggered flip-flop clocked by core_clock)
Endpoint: _347_ (rising edge-triggered flip-flop clocked by core_clock)
Path Group: core_clock
Path Type: min

Fanout     Cap    Slew   Delay    Time   Description
-----------------------------------------------------------------------------
                          0.00    0.00   clock core_clock (rise edge)
                          0.00    0.00   clock source latency
     1    0.02    0.00    0.00    0.00 ^ clk (in)
                                         clk (net)
                  0.00    0.00    0.00 ^ clkbuf_0_clk/A (sky130_fd_sc_hd__clkbuf_16)
     4    0.04    0.06    0.13    0.13 ^ clkbuf_0_clk/X (sky130_fd_sc_hd__clkbuf_16)
                                         clknet_0_clk (net)
                  0.06    0.00    0.13 ^ clkbuf_2_3__f_clk/A (sky130_fd_sc_hd__clkbuf_16)
     9    0.02    0.05    0.14    0.26 ^ clkbuf_2_3__f_clk/X (sky130_fd_sc_hd__clkbuf_16)
                                         clknet_2_3__leaf_clk (net)
                  0.05    0.00    0.26 ^ _347_/CLK (sky130_fd_sc_hd__dfrtp_4)
     7    0.04    0.13    0.47    0.74 ^ _347_/Q (sky130_fd_sc_hd__dfrtp_4)
                                         one_second_counter[17] (net)
                  0.13    0.00    0.74 ^ _251_/A (sky130_fd_sc_hd__xor2_1)
     1    0.01    0.06    0.11    0.85 v _251_/X (sky130_fd_sc_hd__xor2_1)
                                         _131_ (net)
                  0.06    0.00    0.85 v _252_/B (sky130_fd_sc_hd__nor2_1)
     1    0.01    0.16    0.15    1.00 ^ _252_/Y (sky130_fd_sc_hd__nor2_1)
                                         _008_ (net)
                  0.16    0.00    1.00 ^ _347_/D (sky130_fd_sc_hd__dfrtp_4)
                                  1.00   data arrival time

                          0.00    0.00   clock core_clock (rise edge)
                          0.00    0.00   clock source latency
     1    0.02    0.00    0.00    0.00 ^ clk (in)
                                         clk (net)
                  0.00    0.00    0.00 ^ clkbuf_0_clk/A (sky130_fd_sc_hd__clkbuf_16)
     4    0.04    0.06    0.13    0.13 ^ clkbuf_0_clk/X (sky130_fd_sc_hd__clkbuf_16)
                                         clknet_0_clk (net)
                  0.06    0.00    0.13 ^ clkbuf_2_3__f_clk/A (sky130_fd_sc_hd__clkbuf_16)
     9    0.02    0.05    0.14    0.26 ^ clkbuf_2_3__f_clk/X (sky130_fd_sc_hd__clkbuf_16)
                                         clknet_2_3__leaf_clk (net)
                  0.05    0.00    0.26 ^ _347_/CLK (sky130_fd_sc_hd__dfrtp_4)
                          0.00    0.26   clock reconvergence pessimism
                         -0.06    0.20   library hold time
                                  0.20   data required time
-----------------------------------------------------------------------------
                                  0.20   data required time
                                 -1.00   data arrival time
-----------------------------------------------------------------------------
                                  0.79   slack (MET)


Startpoint: _352_ (rising edge-triggered flip-flop clocked by core_clock)
Endpoint: _352_ (rising edge-triggered flip-flop clocked by core_clock)
Path Group: core_clock
Path Type: min

Fanout     Cap    Slew   Delay    Time   Description
-----------------------------------------------------------------------------
                          0.00    0.00   clock core_clock (rise edge)
                          0.00    0.00   clock source latency
     1    0.02    0.00    0.00    0.00 ^ clk (in)
                                         clk (net)
                  0.00    0.00    0.00 ^ clkbuf_0_clk/A (sky130_fd_sc_hd__clkbuf_16)
     4    0.04    0.06    0.13    0.13 ^ clkbuf_0_clk/X (sky130_fd_sc_hd__clkbuf_16)
                                         clknet_0_clk (net)
                  0.06    0.00    0.13 ^ clkbuf_2_1__f_clk/A (sky130_fd_sc_hd__clkbuf_16)
    10    0.03    0.05    0.14    0.26 ^ clkbuf_2_1__f_clk/X (sky130_fd_sc_hd__clkbuf_16)
                                         clknet_2_1__leaf_clk (net)
                  0.05    0.00    0.26 ^ _352_/CLK (sky130_fd_sc_hd__dfrtp_1)
     3    0.01    0.12    0.38    0.64 ^ _352_/Q (sky130_fd_sc_hd__dfrtp_1)
                                         one_second_counter[22] (net)
                  0.12    0.00    0.64 ^ _269_/A (sky130_fd_sc_hd__or2_1)
     1    0.01    0.07    0.14    0.78 ^ _269_/X (sky130_fd_sc_hd__or2_1)
                                         _144_ (net)
                  0.07    0.00    0.78 ^ _271_/B (sky130_fd_sc_hd__and3_1)
     1    0.01    0.09    0.18    0.96 ^ _271_/X (sky130_fd_sc_hd__and3_1)
                                         _146_ (net)
                  0.09    0.00    0.96 ^ _272_/A (sky130_fd_sc_hd__clkbuf_1)
     1    0.00    0.04    0.09    1.05 ^ _272_/X (sky130_fd_sc_hd__clkbuf_1)
                                         _014_ (net)
                  0.04    0.00    1.05 ^ _352_/D (sky130_fd_sc_hd__dfrtp_1)
                                  1.05   data arrival time

                          0.00    0.00   clock core_clock (rise edge)
                          0.00    0.00   clock source latency
     1    0.02    0.00    0.00    0.00 ^ clk (in)
                                         clk (net)
                  0.00    0.00    0.00 ^ clkbuf_0_clk/A (sky130_fd_sc_hd__clkbuf_16)
     4    0.04    0.06    0.13    0.13 ^ clkbuf_0_clk/X (sky130_fd_sc_hd__clkbuf_16)
                                         clknet_0_clk (net)
                  0.06    0.00    0.13 ^ clkbuf_2_1__f_clk/A (sky130_fd_sc_hd__clkbuf_16)
    10    0.03    0.05    0.14    0.26 ^ clkbuf_2_1__f_clk/X (sky130_fd_sc_hd__clkbuf_16)
                                         clknet_2_1__leaf_clk (net)
                  0.05    0.00    0.26 ^ _352_/CLK (sky130_fd_sc_hd__dfrtp_1)
                          0.00    0.26   clock reconvergence pessimism
                         -0.03    0.23   library hold time
                                  0.23   data required time
-----------------------------------------------------------------------------
                                  0.23   data required time
                                 -1.05   data arrival time
-----------------------------------------------------------------------------
                                  0.82   slack (MET)


Startpoint: _348_ (rising edge-triggered flip-flop clocked by core_clock)
Endpoint: _348_ (rising edge-triggered flip-flop clocked by core_clock)
Path Group: core_clock
Path Type: min

Fanout     Cap    Slew   Delay    Time   Description
-----------------------------------------------------------------------------
                          0.00    0.00   clock core_clock (rise edge)
                          0.00    0.00   clock source latency
     1    0.02    0.00    0.00    0.00 ^ clk (in)
                                         clk (net)
                  0.00    0.00    0.00 ^ clkbuf_0_clk/A (sky130_fd_sc_hd__clkbuf_16)
     4    0.04    0.06    0.13    0.13 ^ clkbuf_0_clk/X (sky130_fd_sc_hd__clkbuf_16)
                                         clknet_0_clk (net)
                  0.06    0.00    0.13 ^ clkbuf_2_1__f_clk/A (sky130_fd_sc_hd__clkbuf_16)
    10    0.03    0.05    0.14    0.26 ^ clkbuf_2_1__f_clk/X (sky130_fd_sc_hd__clkbuf_16)
                                         clknet_2_1__leaf_clk (net)
                  0.05    0.00    0.26 ^ _348_/CLK (sky130_fd_sc_hd__dfrtp_4)
     6    0.03    0.10    0.52    0.78 v _348_/Q (sky130_fd_sc_hd__dfrtp_4)
                                         one_second_counter[18] (net)
                  0.10    0.00    0.78 v _253_/A (sky130_fd_sc_hd__nand2_1)
     1    0.01    0.06    0.09    0.88 ^ _253_/Y (sky130_fd_sc_hd__nand2_1)
                                         _132_ (net)
                  0.06    0.00    0.88 ^ _255_/A1 (sky130_fd_sc_hd__o211a_1)
     1    0.01    0.07    0.18    1.05 ^ _255_/X (sky130_fd_sc_hd__o211a_1)
                                         _009_ (net)
                  0.07    0.00    1.05 ^ _348_/D (sky130_fd_sc_hd__dfrtp_4)
                                  1.05   data arrival time

                          0.00    0.00   clock core_clock (rise edge)
                          0.00    0.00   clock source latency
     1    0.02    0.00    0.00    0.00 ^ clk (in)
                                         clk (net)
                  0.00    0.00    0.00 ^ clkbuf_0_clk/A (sky130_fd_sc_hd__clkbuf_16)
     4    0.04    0.06    0.13    0.13 ^ clkbuf_0_clk/X (sky130_fd_sc_hd__clkbuf_16)
                                         clknet_0_clk (net)
                  0.06    0.00    0.13 ^ clkbuf_2_1__f_clk/A (sky130_fd_sc_hd__clkbuf_16)
    10    0.03    0.05    0.14    0.26 ^ clkbuf_2_1__f_clk/X (sky130_fd_sc_hd__clkbuf_16)
                                         clknet_2_1__leaf_clk (net)
                  0.05    0.00    0.26 ^ _348_/CLK (sky130_fd_sc_hd__dfrtp_4)
                          0.00    0.26   clock reconvergence pessimism
                         -0.04    0.22   library hold time
                                  0.22   data required time
-----------------------------------------------------------------------------
                                  0.22   data required time
                                 -1.05   data arrival time
-----------------------------------------------------------------------------
                                  0.83   slack (MET)


Startpoint: _343_ (rising edge-triggered flip-flop clocked by core_clock)
Endpoint: _343_ (rising edge-triggered flip-flop clocked by core_clock)
Path Group: core_clock
Path Type: min

Fanout     Cap    Slew   Delay    Time   Description
-----------------------------------------------------------------------------
                          0.00    0.00   clock core_clock (rise edge)
                          0.00    0.00   clock source latency
     1    0.02    0.00    0.00    0.00 ^ clk (in)
                                         clk (net)
                  0.00    0.00    0.00 ^ clkbuf_0_clk/A (sky130_fd_sc_hd__clkbuf_16)
     4    0.04    0.06    0.13    0.13 ^ clkbuf_0_clk/X (sky130_fd_sc_hd__clkbuf_16)
                                         clknet_0_clk (net)
                  0.06    0.00    0.13 ^ clkbuf_2_2__f_clk/A (sky130_fd_sc_hd__clkbuf_16)
     7    0.02    0.04    0.13    0.26 ^ clkbuf_2_2__f_clk/X (sky130_fd_sc_hd__clkbuf_16)
                                         clknet_2_2__leaf_clk (net)
                  0.04    0.00    0.26 ^ _343_/CLK (sky130_fd_sc_hd__dfrtp_2)
     4    0.02    0.12    0.41    0.67 ^ _343_/Q (sky130_fd_sc_hd__dfrtp_2)
                                         one_second_counter[13] (net)
                  0.12    0.00    0.67 ^ _234_/B1 (sky130_fd_sc_hd__a21o_1)
     1    0.01    0.08    0.13    0.79 ^ _234_/X (sky130_fd_sc_hd__a21o_1)
                                         _118_ (net)
                  0.08    0.00    0.79 ^ _236_/B (sky130_fd_sc_hd__and3_1)
     1    0.01    0.08    0.18    0.97 ^ _236_/X (sky130_fd_sc_hd__and3_1)
                                         _120_ (net)
                  0.08    0.00    0.97 ^ _237_/A (sky130_fd_sc_hd__clkbuf_1)
     1    0.00    0.04    0.09    1.06 ^ _237_/X (sky130_fd_sc_hd__clkbuf_1)
                                         _004_ (net)
                  0.04    0.00    1.06 ^ _343_/D (sky130_fd_sc_hd__dfrtp_2)
                                  1.06   data arrival time

                          0.00    0.00   clock core_clock (rise edge)
                          0.00    0.00   clock source latency
     1    0.02    0.00    0.00    0.00 ^ clk (in)
                                         clk (net)
                  0.00    0.00    0.00 ^ clkbuf_0_clk/A (sky130_fd_sc_hd__clkbuf_16)
     4    0.04    0.06    0.13    0.13 ^ clkbuf_0_clk/X (sky130_fd_sc_hd__clkbuf_16)
                                         clknet_0_clk (net)
                  0.06    0.00    0.13 ^ clkbuf_2_2__f_clk/A (sky130_fd_sc_hd__clkbuf_16)
     7    0.02    0.04    0.13    0.26 ^ clkbuf_2_2__f_clk/X (sky130_fd_sc_hd__clkbuf_16)
                                         clknet_2_2__leaf_clk (net)
                  0.04    0.00    0.26 ^ _343_/CLK (sky130_fd_sc_hd__dfrtp_2)
                          0.00    0.26   clock reconvergence pessimism
                         -0.03    0.23   library hold time
                                  0.23   data required time
-----------------------------------------------------------------------------
                                  0.23   data required time
                                 -1.06   data arrival time
-----------------------------------------------------------------------------
                                  0.83   slack (MET)


Startpoint: _336_ (rising edge-triggered flip-flop clocked by core_clock)
Endpoint: _336_ (rising edge-triggered flip-flop clocked by core_clock)
Path Group: core_clock
Path Type: min

Fanout     Cap    Slew   Delay    Time   Description
-----------------------------------------------------------------------------
                          0.00    0.00   clock core_clock (rise edge)
                          0.00    0.00   clock source latency
     1    0.02    0.00    0.00    0.00 ^ clk (in)
                                         clk (net)
                  0.00    0.00    0.00 ^ clkbuf_0_clk/A (sky130_fd_sc_hd__clkbuf_16)
     4    0.04    0.06    0.13    0.13 ^ clkbuf_0_clk/X (sky130_fd_sc_hd__clkbuf_16)
                                         clknet_0_clk (net)
                  0.06    0.00    0.13 ^ clkbuf_2_0__f_clk/A (sky130_fd_sc_hd__clkbuf_16)
     9    0.03    0.05    0.14    0.26 ^ clkbuf_2_0__f_clk/X (sky130_fd_sc_hd__clkbuf_16)
                                         clknet_2_0__leaf_clk (net)
                  0.05    0.00    0.26 ^ _336_/CLK (sky130_fd_sc_hd__dfrtp_1)
     3    0.01    0.11    0.37    0.63 ^ _336_/Q (sky130_fd_sc_hd__dfrtp_1)
                                         one_second_counter[6] (net)
                  0.11    0.00    0.63 ^ _211_/A (sky130_fd_sc_hd__nand2_1)
     2    0.01    0.07    0.10    0.73 v _211_/Y (sky130_fd_sc_hd__nand2_1)
                                         _102_ (net)
                  0.07    0.00    0.73 v _212_/C (sky130_fd_sc_hd__and3_1)
     1    0.01    0.05    0.20    0.93 v _212_/X (sky130_fd_sc_hd__and3_1)
                                         _103_ (net)
                  0.05    0.00    0.93 v _213_/A (sky130_fd_sc_hd__buf_1)
     1    0.01    0.06    0.12    1.04 v _213_/X (sky130_fd_sc_hd__buf_1)
                                         _023_ (net)
                  0.06    0.00    1.04 v _336_/D (sky130_fd_sc_hd__dfrtp_1)
                                  1.04   data arrival time

                          0.00    0.00   clock core_clock (rise edge)
                          0.00    0.00   clock source latency
     1    0.02    0.00    0.00    0.00 ^ clk (in)
                                         clk (net)
                  0.00    0.00    0.00 ^ clkbuf_0_clk/A (sky130_fd_sc_hd__clkbuf_16)
     4    0.04    0.06    0.13    0.13 ^ clkbuf_0_clk/X (sky130_fd_sc_hd__clkbuf_16)
                                         clknet_0_clk (net)
                  0.06    0.00    0.13 ^ clkbuf_2_0__f_clk/A (sky130_fd_sc_hd__clkbuf_16)
     9    0.03    0.05    0.14    0.26 ^ clkbuf_2_0__f_clk/X (sky130_fd_sc_hd__clkbuf_16)
                                         clknet_2_0__leaf_clk (net)
                  0.05    0.00    0.26 ^ _336_/CLK (sky130_fd_sc_hd__dfrtp_1)
                          0.00    0.26   clock reconvergence pessimism
                         -0.05    0.21   library hold time
                                  0.21   data required time
-----------------------------------------------------------------------------
                                  0.21   data required time
                                 -1.04   data arrival time
-----------------------------------------------------------------------------
                                  0.83   slack (MET)


Startpoint: _354_ (rising edge-triggered flip-flop clocked by core_clock)
Endpoint: _354_ (rising edge-triggered flip-flop clocked by core_clock)
Path Group: core_clock
Path Type: min

Fanout     Cap    Slew   Delay    Time   Description
-----------------------------------------------------------------------------
                          0.00    0.00   clock core_clock (rise edge)
                          0.00    0.00   clock source latency
     1    0.02    0.00    0.00    0.00 ^ clk (in)
                                         clk (net)
                  0.00    0.00    0.00 ^ clkbuf_0_clk/A (sky130_fd_sc_hd__clkbuf_16)
     4    0.04    0.06    0.13    0.13 ^ clkbuf_0_clk/X (sky130_fd_sc_hd__clkbuf_16)
                                         clknet_0_clk (net)
                  0.06    0.00    0.13 ^ clkbuf_2_0__f_clk/A (sky130_fd_sc_hd__clkbuf_16)
     9    0.03    0.05    0.14    0.26 ^ clkbuf_2_0__f_clk/X (sky130_fd_sc_hd__clkbuf_16)
                                         clknet_2_0__leaf_clk (net)
                  0.05    0.00    0.26 ^ _354_/CLK (sky130_fd_sc_hd__dfrtp_4)
     3    0.02    0.08    0.50    0.76 v _354_/Q (sky130_fd_sc_hd__dfrtp_4)
                                         one_second_counter[24] (net)
                  0.08    0.00    0.77 v _276_/B1 (sky130_fd_sc_hd__a21oi_2)
     1    0.01    0.17    0.18    0.94 ^ _276_/Y (sky130_fd_sc_hd__a21oi_2)
                                         _149_ (net)
                  0.17    0.00    0.94 ^ _278_/B (sky130_fd_sc_hd__nor3_1)
     1    0.01    0.07    0.11    1.05 v _278_/Y (sky130_fd_sc_hd__nor3_1)
                                         _016_ (net)
                  0.07    0.00    1.05 v _354_/D (sky130_fd_sc_hd__dfrtp_4)
                                  1.05   data arrival time

                          0.00    0.00   clock core_clock (rise edge)
                          0.00    0.00   clock source latency
     1    0.02    0.00    0.00    0.00 ^ clk (in)
                                         clk (net)
                  0.00    0.00    0.00 ^ clkbuf_0_clk/A (sky130_fd_sc_hd__clkbuf_16)
     4    0.04    0.06    0.13    0.13 ^ clkbuf_0_clk/X (sky130_fd_sc_hd__clkbuf_16)
                                         clknet_0_clk (net)
                  0.06    0.00    0.13 ^ clkbuf_2_0__f_clk/A (sky130_fd_sc_hd__clkbuf_16)
     9    0.03    0.05    0.14    0.26 ^ clkbuf_2_0__f_clk/X (sky130_fd_sc_hd__clkbuf_16)
                                         clknet_2_0__leaf_clk (net)
                  0.05    0.00    0.26 ^ _354_/CLK (sky130_fd_sc_hd__dfrtp_4)
                          0.00    0.26   clock reconvergence pessimism
                         -0.05    0.21   library hold time
                                  0.21   data required time
-----------------------------------------------------------------------------
                                  0.21   data required time
                                 -1.05   data arrival time
-----------------------------------------------------------------------------
                                  0.84   slack (MET)


Startpoint: _350_ (rising edge-triggered flip-flop clocked by core_clock)
Endpoint: _350_ (rising edge-triggered flip-flop clocked by core_clock)
Path Group: core_clock
Path Type: min

Fanout     Cap    Slew   Delay    Time   Description
-----------------------------------------------------------------------------
                          0.00    0.00   clock core_clock (rise edge)
                          0.00    0.00   clock source latency
     1    0.02    0.00    0.00    0.00 ^ clk (in)
                                         clk (net)
                  0.00    0.00    0.00 ^ clkbuf_0_clk/A (sky130_fd_sc_hd__clkbuf_16)
     4    0.04    0.06    0.13    0.13 ^ clkbuf_0_clk/X (sky130_fd_sc_hd__clkbuf_16)
                                         clknet_0_clk (net)
                  0.06    0.00    0.13 ^ clkbuf_2_1__f_clk/A (sky130_fd_sc_hd__clkbuf_16)
    10    0.03    0.05    0.14    0.26 ^ clkbuf_2_1__f_clk/X (sky130_fd_sc_hd__clkbuf_16)
                                         clknet_2_1__leaf_clk (net)
                  0.05    0.00    0.26 ^ _350_/CLK (sky130_fd_sc_hd__dfrtp_1)
     4    0.02    0.15    0.40    0.66 ^ _350_/Q (sky130_fd_sc_hd__dfrtp_1)
                                         one_second_counter[20] (net)
                  0.15    0.00    0.66 ^ _262_/A (sky130_fd_sc_hd__or2_1)
     1    0.01    0.06    0.14    0.80 ^ _262_/X (sky130_fd_sc_hd__or2_1)
                                         _139_ (net)
                  0.06    0.00    0.80 ^ _264_/B (sky130_fd_sc_hd__and3_1)
     1    0.00    0.06    0.15    0.96 ^ _264_/X (sky130_fd_sc_hd__and3_1)
                                         _141_ (net)
                  0.06    0.00    0.96 ^ _265_/A (sky130_fd_sc_hd__clkbuf_1)
     1    0.01    0.08    0.11    1.07 ^ _265_/X (sky130_fd_sc_hd__clkbuf_1)
                                         _012_ (net)
                  0.08    0.00    1.07 ^ _350_/D (sky130_fd_sc_hd__dfrtp_1)
                                  1.07   data arrival time

                          0.00    0.00   clock core_clock (rise edge)
                          0.00    0.00   clock source latency
     1    0.02    0.00    0.00    0.00 ^ clk (in)
                                         clk (net)
                  0.00    0.00    0.00 ^ clkbuf_0_clk/A (sky130_fd_sc_hd__clkbuf_16)
     4    0.04    0.06    0.13    0.13 ^ clkbuf_0_clk/X (sky130_fd_sc_hd__clkbuf_16)
                                         clknet_0_clk (net)
                  0.06    0.00    0.13 ^ clkbuf_2_1__f_clk/A (sky130_fd_sc_hd__clkbuf_16)
    10    0.03    0.05    0.14    0.26 ^ clkbuf_2_1__f_clk/X (sky130_fd_sc_hd__clkbuf_16)
                                         clknet_2_1__leaf_clk (net)
                  0.05    0.00    0.26 ^ _350_/CLK (sky130_fd_sc_hd__dfrtp_1)
                          0.00    0.26   clock reconvergence pessimism
                         -0.04    0.22   library hold time
                                  0.22   data required time
-----------------------------------------------------------------------------
                                  0.22   data required time
                                 -1.07   data arrival time
-----------------------------------------------------------------------------
                                  0.85   slack (MET)


Startpoint: _342_ (rising edge-triggered flip-flop clocked by core_clock)
Endpoint: _342_ (rising edge-triggered flip-flop clocked by core_clock)
Path Group: core_clock
Path Type: min

Fanout     Cap    Slew   Delay    Time   Description
-----------------------------------------------------------------------------
                          0.00    0.00   clock core_clock (rise edge)
                          0.00    0.00   clock source latency
     1    0.02    0.00    0.00    0.00 ^ clk (in)
                                         clk (net)
                  0.00    0.00    0.00 ^ clkbuf_0_clk/A (sky130_fd_sc_hd__clkbuf_16)
     4    0.04    0.06    0.13    0.13 ^ clkbuf_0_clk/X (sky130_fd_sc_hd__clkbuf_16)
                                         clknet_0_clk (net)
                  0.06    0.00    0.13 ^ clkbuf_2_3__f_clk/A (sky130_fd_sc_hd__clkbuf_16)
     9    0.02    0.05    0.14    0.26 ^ clkbuf_2_3__f_clk/X (sky130_fd_sc_hd__clkbuf_16)
                                         clknet_2_3__leaf_clk (net)
                  0.05    0.00    0.26 ^ _342_/CLK (sky130_fd_sc_hd__dfrtp_4)
     5    0.02    0.10    0.44    0.70 ^ _342_/Q (sky130_fd_sc_hd__dfrtp_4)
                                         one_second_counter[12] (net)
                  0.10    0.00    0.70 ^ _231_/A (sky130_fd_sc_hd__nand2_1)
     1    0.01    0.06    0.08    0.79 v _231_/Y (sky130_fd_sc_hd__nand2_1)
                                         _116_ (net)
                  0.06    0.00    0.79 v _232_/C (sky130_fd_sc_hd__and3_1)
     1    0.01    0.05    0.20    0.98 v _232_/X (sky130_fd_sc_hd__and3_1)
                                         _117_ (net)
                  0.05    0.00    0.99 v _233_/A (sky130_fd_sc_hd__buf_1)
     1    0.01    0.05    0.11    1.09 v _233_/X (sky130_fd_sc_hd__buf_1)
                                         _003_ (net)
                  0.05    0.00    1.09 v _342_/D (sky130_fd_sc_hd__dfrtp_4)
                                  1.09   data arrival time

                          0.00    0.00   clock core_clock (rise edge)
                          0.00    0.00   clock source latency
     1    0.02    0.00    0.00    0.00 ^ clk (in)
                                         clk (net)
                  0.00    0.00    0.00 ^ clkbuf_0_clk/A (sky130_fd_sc_hd__clkbuf_16)
     4    0.04    0.06    0.13    0.13 ^ clkbuf_0_clk/X (sky130_fd_sc_hd__clkbuf_16)
                                         clknet_0_clk (net)
                  0.06    0.00    0.13 ^ clkbuf_2_3__f_clk/A (sky130_fd_sc_hd__clkbuf_16)
     9    0.02    0.05    0.14    0.26 ^ clkbuf_2_3__f_clk/X (sky130_fd_sc_hd__clkbuf_16)
                                         clknet_2_3__leaf_clk (net)
                  0.05    0.00    0.26 ^ _342_/CLK (sky130_fd_sc_hd__dfrtp_4)
                          0.00    0.26   clock reconvergence pessimism
                         -0.04    0.22   library hold time
                                  0.22   data required time
-----------------------------------------------------------------------------
                                  0.22   data required time
                                 -1.09   data arrival time
-----------------------------------------------------------------------------
                                  0.87   slack (MET)


Startpoint: _340_ (rising edge-triggered flip-flop clocked by core_clock)
Endpoint: _340_ (rising edge-triggered flip-flop clocked by core_clock)
Path Group: core_clock
Path Type: min

Fanout     Cap    Slew   Delay    Time   Description
-----------------------------------------------------------------------------
                          0.00    0.00   clock core_clock (rise edge)
                          0.00    0.00   clock source latency
     1    0.02    0.00    0.00    0.00 ^ clk (in)
                                         clk (net)
                  0.00    0.00    0.00 ^ clkbuf_0_clk/A (sky130_fd_sc_hd__clkbuf_16)
     4    0.04    0.06    0.13    0.13 ^ clkbuf_0_clk/X (sky130_fd_sc_hd__clkbuf_16)
                                         clknet_0_clk (net)
                  0.06    0.00    0.13 ^ clkbuf_2_2__f_clk/A (sky130_fd_sc_hd__clkbuf_16)
     7    0.02    0.04    0.13    0.26 ^ clkbuf_2_2__f_clk/X (sky130_fd_sc_hd__clkbuf_16)
                                         clknet_2_2__leaf_clk (net)
                  0.04    0.00    0.26 ^ _340_/CLK (sky130_fd_sc_hd__dfrtp_4)
     6    0.02    0.10    0.44    0.70 ^ _340_/Q (sky130_fd_sc_hd__dfrtp_4)
                                         one_second_counter[10] (net)
                  0.10    0.00    0.71 ^ _224_/A (sky130_fd_sc_hd__nand2_1)
     1    0.01    0.08    0.10    0.80 v _224_/Y (sky130_fd_sc_hd__nand2_1)
                                         _111_ (net)
                  0.08    0.00    0.80 v _225_/C (sky130_fd_sc_hd__and3_1)
     1    0.00    0.04    0.20    1.00 v _225_/X (sky130_fd_sc_hd__and3_1)
                                         _112_ (net)
                  0.04    0.00    1.00 v _226_/A (sky130_fd_sc_hd__clkbuf_1)
     1    0.01    0.04    0.10    1.10 v _226_/X (sky130_fd_sc_hd__clkbuf_1)
                                         _001_ (net)
                  0.04    0.00    1.10 v _340_/D (sky130_fd_sc_hd__dfrtp_4)
                                  1.10   data arrival time

                          0.00    0.00   clock core_clock (rise edge)
                          0.00    0.00   clock source latency
     1    0.02    0.00    0.00    0.00 ^ clk (in)
                                         clk (net)
                  0.00    0.00    0.00 ^ clkbuf_0_clk/A (sky130_fd_sc_hd__clkbuf_16)
     4    0.04    0.06    0.13    0.13 ^ clkbuf_0_clk/X (sky130_fd_sc_hd__clkbuf_16)
                                         clknet_0_clk (net)
                  0.06    0.00    0.13 ^ clkbuf_2_2__f_clk/A (sky130_fd_sc_hd__clkbuf_16)
     7    0.02    0.04    0.13    0.26 ^ clkbuf_2_2__f_clk/X (sky130_fd_sc_hd__clkbuf_16)
                                         clknet_2_2__leaf_clk (net)
                  0.04    0.00    0.26 ^ _340_/CLK (sky130_fd_sc_hd__dfrtp_4)
                          0.00    0.26   clock reconvergence pessimism
                         -0.04    0.22   library hold time
                                  0.22   data required time
-----------------------------------------------------------------------------
                                  0.22   data required time
                                 -1.10   data arrival time
-----------------------------------------------------------------------------
                                  0.88   slack (MET)


Startpoint: _355_ (rising edge-triggered flip-flop clocked by core_clock)
Endpoint: _355_ (rising edge-triggered flip-flop clocked by core_clock)
Path Group: core_clock
Path Type: min

Fanout     Cap    Slew   Delay    Time   Description
-----------------------------------------------------------------------------
                          0.00    0.00   clock core_clock (rise edge)
                          0.00    0.00   clock source latency
     1    0.02    0.00    0.00    0.00 ^ clk (in)
                                         clk (net)
                  0.00    0.00    0.00 ^ clkbuf_0_clk/A (sky130_fd_sc_hd__clkbuf_16)
     4    0.04    0.06    0.13    0.13 ^ clkbuf_0_clk/X (sky130_fd_sc_hd__clkbuf_16)
                                         clknet_0_clk (net)
                  0.06    0.00    0.13 ^ clkbuf_2_2__f_clk/A (sky130_fd_sc_hd__clkbuf_16)
     7    0.02    0.04    0.13    0.26 ^ clkbuf_2_2__f_clk/X (sky130_fd_sc_hd__clkbuf_16)
                                         clknet_2_2__leaf_clk (net)
                  0.04    0.00    0.26 ^ _355_/CLK (sky130_fd_sc_hd__dfrtp_4)
     4    0.02    0.10    0.44    0.70 ^ _355_/Q (sky130_fd_sc_hd__dfrtp_4)
                                         one_second_counter[25] (net)
                  0.10    0.00    0.71 ^ _280_/A (sky130_fd_sc_hd__nand2_1)
     1    0.01    0.07    0.09    0.80 v _280_/Y (sky130_fd_sc_hd__nand2_1)
                                         _152_ (net)
                  0.07    0.00    0.80 v _281_/C (sky130_fd_sc_hd__and3_1)
     1    0.01    0.04    0.20    1.00 v _281_/X (sky130_fd_sc_hd__and3_1)
                                         _153_ (net)
                  0.04    0.00    1.00 v _282_/A (sky130_fd_sc_hd__clkbuf_1)
     1    0.01    0.04    0.10    1.10 v _282_/X (sky130_fd_sc_hd__clkbuf_1)
                                         _017_ (net)
                  0.04    0.00    1.10 v _355_/D (sky130_fd_sc_hd__dfrtp_4)
                                  1.10   data arrival time

                          0.00    0.00   clock core_clock (rise edge)
                          0.00    0.00   clock source latency
     1    0.02    0.00    0.00    0.00 ^ clk (in)
                                         clk (net)
                  0.00    0.00    0.00 ^ clkbuf_0_clk/A (sky130_fd_sc_hd__clkbuf_16)
     4    0.04    0.06    0.13    0.13 ^ clkbuf_0_clk/X (sky130_fd_sc_hd__clkbuf_16)
                                         clknet_0_clk (net)
                  0.06    0.00    0.13 ^ clkbuf_2_2__f_clk/A (sky130_fd_sc_hd__clkbuf_16)
     7    0.02    0.04    0.13    0.26 ^ clkbuf_2_2__f_clk/X (sky130_fd_sc_hd__clkbuf_16)
                                         clknet_2_2__leaf_clk (net)
                  0.04    0.00    0.26 ^ _355_/CLK (sky130_fd_sc_hd__dfrtp_4)
                          0.00    0.26   clock reconvergence pessimism
                         -0.04    0.22   library hold time
                                  0.22   data required time
-----------------------------------------------------------------------------
                                  0.22   data required time
                                 -1.10   data arrival time
-----------------------------------------------------------------------------
                                  0.88   slack (MET)


Startpoint: _360_ (rising edge-triggered flip-flop clocked by core_clock)
Endpoint: _360_ (rising edge-triggered flip-flop clocked by core_clock)
Path Group: core_clock
Path Type: min

Fanout     Cap    Slew   Delay    Time   Description
-----------------------------------------------------------------------------
                          0.00    0.00   clock core_clock (rise edge)
                          0.00    0.00   clock source latency
     1    0.02    0.00    0.00    0.00 ^ clk (in)
                                         clk (net)
                  0.00    0.00    0.00 ^ clkbuf_0_clk/A (sky130_fd_sc_hd__clkbuf_16)
     4    0.04    0.06    0.13    0.13 ^ clkbuf_0_clk/X (sky130_fd_sc_hd__clkbuf_16)
                                         clknet_0_clk (net)
                  0.06    0.00    0.13 ^ clkbuf_2_2__f_clk/A (sky130_fd_sc_hd__clkbuf_16)
     7    0.02    0.04    0.13    0.26 ^ clkbuf_2_2__f_clk/X (sky130_fd_sc_hd__clkbuf_16)
                                         clknet_2_2__leaf_clk (net)
                  0.04    0.00    0.26 ^ _360_/CLK (sky130_fd_sc_hd__dfrtp_4)
     6    0.03    0.13    0.47    0.73 ^ _360_/Q (sky130_fd_sc_hd__dfrtp_4)
                                         decoder.digit[2] (net)
                  0.13    0.00    0.73 ^ _163_/A (sky130_fd_sc_hd__nand2_1)
     2    0.01    0.10    0.12    0.85 v _163_/Y (sky130_fd_sc_hd__nand2_1)
                                         _065_ (net)
                  0.10    0.00    0.85 v _169_/A (sky130_fd_sc_hd__and2_1)
     1    0.00    0.04    0.16    1.01 v _169_/X (sky130_fd_sc_hd__and2_1)
                                         _070_ (net)
                  0.04    0.00    1.01 v _170_/A (sky130_fd_sc_hd__clkbuf_1)
     1    0.00    0.04    0.09    1.11 v _170_/X (sky130_fd_sc_hd__clkbuf_1)
                                         _062_ (net)
                  0.04    0.00    1.11 v _360_/D (sky130_fd_sc_hd__dfrtp_4)
                                  1.11   data arrival time

                          0.00    0.00   clock core_clock (rise edge)
                          0.00    0.00   clock source latency
     1    0.02    0.00    0.00    0.00 ^ clk (in)
                                         clk (net)
                  0.00    0.00    0.00 ^ clkbuf_0_clk/A (sky130_fd_sc_hd__clkbuf_16)
     4    0.04    0.06    0.13    0.13 ^ clkbuf_0_clk/X (sky130_fd_sc_hd__clkbuf_16)
                                         clknet_0_clk (net)
                  0.06    0.00    0.13 ^ clkbuf_2_2__f_clk/A (sky130_fd_sc_hd__clkbuf_16)
     7    0.02    0.04    0.13    0.26 ^ clkbuf_2_2__f_clk/X (sky130_fd_sc_hd__clkbuf_16)
                                         clknet_2_2__leaf_clk (net)
                  0.04    0.00    0.26 ^ _360_/CLK (sky130_fd_sc_hd__dfrtp_4)
                          0.00    0.26   clock reconvergence pessimism
                         -0.04    0.22   library hold time
                                  0.22   data required time
-----------------------------------------------------------------------------
                                  0.22   data required time
                                 -1.11   data arrival time
-----------------------------------------------------------------------------
                                  0.89   slack (MET)


Startpoint: _333_ (rising edge-triggered flip-flop clocked by core_clock)
Endpoint: _333_ (rising edge-triggered flip-flop clocked by core_clock)
Path Group: core_clock
Path Type: min

Fanout     Cap    Slew   Delay    Time   Description
-----------------------------------------------------------------------------
                          0.00    0.00   clock core_clock (rise edge)
                          0.00    0.00   clock source latency
     1    0.02    0.00    0.00    0.00 ^ clk (in)
                                         clk (net)
                  0.00    0.00    0.00 ^ clkbuf_0_clk/A (sky130_fd_sc_hd__clkbuf_16)
     4    0.04    0.06    0.13    0.13 ^ clkbuf_0_clk/X (sky130_fd_sc_hd__clkbuf_16)
                                         clknet_0_clk (net)
                  0.06    0.00    0.13 ^ clkbuf_2_3__f_clk/A (sky130_fd_sc_hd__clkbuf_16)
     9    0.02    0.05    0.14    0.26 ^ clkbuf_2_3__f_clk/X (sky130_fd_sc_hd__clkbuf_16)
                                         clknet_2_3__leaf_clk (net)
                  0.05    0.00    0.26 ^ _333_/CLK (sky130_fd_sc_hd__dfrtp_2)
     2    0.02    0.10    0.39    0.65 ^ _333_/Q (sky130_fd_sc_hd__dfrtp_2)
                                         one_second_counter[3] (net)
                  0.10    0.00    0.65 ^ _199_/B1 (sky130_fd_sc_hd__a31o_1)
     1    0.01    0.10    0.15    0.80 ^ _199_/X (sky130_fd_sc_hd__a31o_1)
                                         _093_ (net)
                  0.10    0.00    0.80 ^ _200_/C (sky130_fd_sc_hd__and3b_1)
     1    0.00    0.07    0.18    0.98 ^ _200_/X (sky130_fd_sc_hd__and3b_1)
                                         _094_ (net)
                  0.07    0.00    0.98 ^ _201_/A (sky130_fd_sc_hd__buf_1)
     1    0.01    0.10    0.12    1.10 ^ _201_/X (sky130_fd_sc_hd__buf_1)
                                         _020_ (net)
                  0.10    0.00    1.10 ^ _333_/D (sky130_fd_sc_hd__dfrtp_2)
                                  1.10   data arrival time

                          0.00    0.00   clock core_clock (rise edge)
                          0.00    0.00   clock source latency
     1    0.02    0.00    0.00    0.00 ^ clk (in)
                                         clk (net)
                  0.00    0.00    0.00 ^ clkbuf_0_clk/A (sky130_fd_sc_hd__clkbuf_16)
     4    0.04    0.06    0.13    0.13 ^ clkbuf_0_clk/X (sky130_fd_sc_hd__clkbuf_16)
                                         clknet_0_clk (net)
                  0.06    0.00    0.13 ^ clkbuf_2_3__f_clk/A (sky130_fd_sc_hd__clkbuf_16)
     9    0.02    0.05    0.14    0.26 ^ clkbuf_2_3__f_clk/X (sky130_fd_sc_hd__clkbuf_16)
                                         clknet_2_3__leaf_clk (net)
                  0.05    0.00    0.26 ^ _333_/CLK (sky130_fd_sc_hd__dfrtp_2)
                          0.00    0.26   clock reconvergence pessimism
                         -0.05    0.22   library hold time
                                  0.22   data required time
-----------------------------------------------------------------------------
                                  0.22   data required time
                                 -1.10   data arrival time
-----------------------------------------------------------------------------
                                  0.89   slack (MET)


Startpoint: _338_ (rising edge-triggered flip-flop clocked by core_clock)
Endpoint: _338_ (rising edge-triggered flip-flop clocked by core_clock)
Path Group: core_clock
Path Type: min

Fanout     Cap    Slew   Delay    Time   Description
-----------------------------------------------------------------------------
                          0.00    0.00   clock core_clock (rise edge)
                          0.00    0.00   clock source latency
     1    0.02    0.00    0.00    0.00 ^ clk (in)
                                         clk (net)
                  0.00    0.00    0.00 ^ clkbuf_0_clk/A (sky130_fd_sc_hd__clkbuf_16)
     4    0.04    0.06    0.13    0.13 ^ clkbuf_0_clk/X (sky130_fd_sc_hd__clkbuf_16)
                                         clknet_0_clk (net)
                  0.06    0.00    0.13 ^ clkbuf_2_3__f_clk/A (sky130_fd_sc_hd__clkbuf_16)
     9    0.02    0.05    0.14    0.26 ^ clkbuf_2_3__f_clk/X (sky130_fd_sc_hd__clkbuf_16)
                                         clknet_2_3__leaf_clk (net)
                  0.05    0.00    0.26 ^ _338_/CLK (sky130_fd_sc_hd__dfrtp_4)
     5    0.02    0.09    0.44    0.70 ^ _338_/Q (sky130_fd_sc_hd__dfrtp_4)
                                         one_second_counter[8] (net)
                  0.09    0.00    0.70 ^ _217_/A (sky130_fd_sc_hd__nand2_1)
     1    0.01    0.06    0.08    0.78 v _217_/Y (sky130_fd_sc_hd__nand2_1)
                                         _106_ (net)
                  0.06    0.00    0.78 v _218_/C (sky130_fd_sc_hd__and3_1)
     1    0.01    0.05    0.20    0.98 v _218_/X (sky130_fd_sc_hd__and3_1)
                                         _107_ (net)
                  0.05    0.00    0.98 v _219_/A (sky130_fd_sc_hd__buf_1)
     1    0.01    0.06    0.12    1.10 v _219_/X (sky130_fd_sc_hd__buf_1)
                                         _025_ (net)
                  0.06    0.00    1.10 v _338_/D (sky130_fd_sc_hd__dfrtp_4)
                                  1.10   data arrival time

                          0.00    0.00   clock core_clock (rise edge)
                          0.00    0.00   clock source latency
     1    0.02    0.00    0.00    0.00 ^ clk (in)
                                         clk (net)
                  0.00    0.00    0.00 ^ clkbuf_0_clk/A (sky130_fd_sc_hd__clkbuf_16)
     4    0.04    0.06    0.13    0.13 ^ clkbuf_0_clk/X (sky130_fd_sc_hd__clkbuf_16)
                                         clknet_0_clk (net)
                  0.06    0.00    0.13 ^ clkbuf_2_3__f_clk/A (sky130_fd_sc_hd__clkbuf_16)
     9    0.02    0.05    0.14    0.26 ^ clkbuf_2_3__f_clk/X (sky130_fd_sc_hd__clkbuf_16)
                                         clknet_2_3__leaf_clk (net)
                  0.05    0.00    0.26 ^ _338_/CLK (sky130_fd_sc_hd__dfrtp_4)
                          0.00    0.26   clock reconvergence pessimism
                         -0.05    0.21   library hold time
                                  0.21   data required time
-----------------------------------------------------------------------------
                                  0.21   data required time
                                 -1.10   data arrival time
-----------------------------------------------------------------------------
                                  0.89   slack (MET)


Startpoint: _331_ (rising edge-triggered flip-flop clocked by core_clock)
Endpoint: _331_ (rising edge-triggered flip-flop clocked by core_clock)
Path Group: core_clock
Path Type: min

Fanout     Cap    Slew   Delay    Time   Description
-----------------------------------------------------------------------------
                          0.00    0.00   clock core_clock (rise edge)
                          0.00    0.00   clock source latency
     1    0.02    0.00    0.00    0.00 ^ clk (in)
                                         clk (net)
                  0.00    0.00    0.00 ^ clkbuf_0_clk/A (sky130_fd_sc_hd__clkbuf_16)
     4    0.04    0.06    0.13    0.13 ^ clkbuf_0_clk/X (sky130_fd_sc_hd__clkbuf_16)
                                         clknet_0_clk (net)
                  0.06    0.00    0.13 ^ clkbuf_2_0__f_clk/A (sky130_fd_sc_hd__clkbuf_16)
     9    0.03    0.05    0.14    0.26 ^ clkbuf_2_0__f_clk/X (sky130_fd_sc_hd__clkbuf_16)
                                         clknet_2_0__leaf_clk (net)
                  0.05    0.00    0.26 ^ _331_/CLK (sky130_fd_sc_hd__dfrtp_4)
     6    0.03    0.11    0.45    0.71 ^ _331_/Q (sky130_fd_sc_hd__dfrtp_4)
                                         one_second_counter[1] (net)
                  0.11    0.00    0.72 ^ _191_/A (sky130_fd_sc_hd__nand2_1)
     1    0.01    0.07    0.09    0.81 v _191_/Y (sky130_fd_sc_hd__nand2_1)
                                         _087_ (net)
                  0.07    0.00    0.81 v _193_/A (sky130_fd_sc_hd__and3_1)
     1    0.01    0.07    0.19    1.00 v _193_/X (sky130_fd_sc_hd__and3_1)
                                         _089_ (net)
                  0.07    0.00    1.01 v _194_/A (sky130_fd_sc_hd__buf_1)
     1    0.01    0.05    0.12    1.13 v _194_/X (sky130_fd_sc_hd__buf_1)
                                         _011_ (net)
                  0.05    0.00    1.13 v _331_/D (sky130_fd_sc_hd__dfrtp_4)
                                  1.13   data arrival time

                          0.00    0.00   clock core_clock (rise edge)
                          0.00    0.00   clock source latency
     1    0.02    0.00    0.00    0.00 ^ clk (in)
                                         clk (net)
                  0.00    0.00    0.00 ^ clkbuf_0_clk/A (sky130_fd_sc_hd__clkbuf_16)
     4    0.04    0.06    0.13    0.13 ^ clkbuf_0_clk/X (sky130_fd_sc_hd__clkbuf_16)
                                         clknet_0_clk (net)
                  0.06    0.00    0.13 ^ clkbuf_2_0__f_clk/A (sky130_fd_sc_hd__clkbuf_16)
     9    0.03    0.05    0.14    0.26 ^ clkbuf_2_0__f_clk/X (sky130_fd_sc_hd__clkbuf_16)
                                         clknet_2_0__leaf_clk (net)
                  0.05    0.00    0.26 ^ _331_/CLK (sky130_fd_sc_hd__dfrtp_4)
                          0.00    0.26   clock reconvergence pessimism
                         -0.04    0.22   library hold time
                                  0.22   data required time
-----------------------------------------------------------------------------
                                  0.22   data required time
                                 -1.13   data arrival time
-----------------------------------------------------------------------------
                                  0.91   slack (MET)


Startpoint: _332_ (rising edge-triggered flip-flop clocked by core_clock)
Endpoint: _332_ (rising edge-triggered flip-flop clocked by core_clock)
Path Group: core_clock
Path Type: min

Fanout     Cap    Slew   Delay    Time   Description
-----------------------------------------------------------------------------
                          0.00    0.00   clock core_clock (rise edge)
                          0.00    0.00   clock source latency
     1    0.02    0.00    0.00    0.00 ^ clk (in)
                                         clk (net)
                  0.00    0.00    0.00 ^ clkbuf_0_clk/A (sky130_fd_sc_hd__clkbuf_16)
     4    0.04    0.06    0.13    0.13 ^ clkbuf_0_clk/X (sky130_fd_sc_hd__clkbuf_16)
                                         clknet_0_clk (net)
                  0.06    0.00    0.13 ^ clkbuf_2_1__f_clk/A (sky130_fd_sc_hd__clkbuf_16)
    10    0.03    0.05    0.14    0.26 ^ clkbuf_2_1__f_clk/X (sky130_fd_sc_hd__clkbuf_16)
                                         clknet_2_1__leaf_clk (net)
                  0.05    0.00    0.26 ^ _332_/CLK (sky130_fd_sc_hd__dfrtp_4)
     4    0.02    0.10    0.45    0.71 ^ _332_/Q (sky130_fd_sc_hd__dfrtp_4)
                                         one_second_counter[2] (net)
                  0.10    0.00    0.71 ^ _196_/B1 (sky130_fd_sc_hd__a21o_1)
     1    0.00    0.05    0.10    0.81 ^ _196_/X (sky130_fd_sc_hd__a21o_1)
                                         _091_ (net)
                  0.05    0.00    0.81 ^ _197_/C (sky130_fd_sc_hd__and3_1)
     1    0.00    0.07    0.16    0.97 ^ _197_/X (sky130_fd_sc_hd__and3_1)
                                         _092_ (net)
                  0.07    0.00    0.97 ^ _198_/A (sky130_fd_sc_hd__buf_1)
     1    0.01    0.13    0.15    1.12 ^ _198_/X (sky130_fd_sc_hd__buf_1)
                                         _019_ (net)
                  0.13    0.00    1.12 ^ _332_/D (sky130_fd_sc_hd__dfrtp_4)
                                  1.12   data arrival time

                          0.00    0.00   clock core_clock (rise edge)
                          0.00    0.00   clock source latency
     1    0.02    0.00    0.00    0.00 ^ clk (in)
                                         clk (net)
                  0.00    0.00    0.00 ^ clkbuf_0_clk/A (sky130_fd_sc_hd__clkbuf_16)
     4    0.04    0.06    0.13    0.13 ^ clkbuf_0_clk/X (sky130_fd_sc_hd__clkbuf_16)
                                         clknet_0_clk (net)
                  0.06    0.00    0.13 ^ clkbuf_2_1__f_clk/A (sky130_fd_sc_hd__clkbuf_16)
    10    0.03    0.05    0.14    0.26 ^ clkbuf_2_1__f_clk/X (sky130_fd_sc_hd__clkbuf_16)
                                         clknet_2_1__leaf_clk (net)
                  0.05    0.00    0.26 ^ _332_/CLK (sky130_fd_sc_hd__dfrtp_4)
                          0.00    0.26   clock reconvergence pessimism
                         -0.05    0.21   library hold time
                                  0.21   data required time
-----------------------------------------------------------------------------
                                  0.21   data required time
                                 -1.12   data arrival time
-----------------------------------------------------------------------------
                                  0.91   slack (MET)


Startpoint: _334_ (rising edge-triggered flip-flop clocked by core_clock)
Endpoint: _334_ (rising edge-triggered flip-flop clocked by core_clock)
Path Group: core_clock
Path Type: min

Fanout     Cap    Slew   Delay    Time   Description
-----------------------------------------------------------------------------
                          0.00    0.00   clock core_clock (rise edge)
                          0.00    0.00   clock source latency
     1    0.02    0.00    0.00    0.00 ^ clk (in)
                                         clk (net)
                  0.00    0.00    0.00 ^ clkbuf_0_clk/A (sky130_fd_sc_hd__clkbuf_16)
     4    0.04    0.06    0.13    0.13 ^ clkbuf_0_clk/X (sky130_fd_sc_hd__clkbuf_16)
                                         clknet_0_clk (net)
                  0.06    0.00    0.13 ^ clkbuf_2_0__f_clk/A (sky130_fd_sc_hd__clkbuf_16)
     9    0.03    0.05    0.14    0.26 ^ clkbuf_2_0__f_clk/X (sky130_fd_sc_hd__clkbuf_16)
                                         clknet_2_0__leaf_clk (net)
                  0.05    0.00    0.26 ^ _334_/CLK (sky130_fd_sc_hd__dfrtp_4)
     5    0.03    0.10    0.45    0.71 ^ _334_/Q (sky130_fd_sc_hd__dfrtp_4)
                                         one_second_counter[4] (net)
                  0.10    0.00    0.71 ^ _203_/A (sky130_fd_sc_hd__nand2_1)
     1    0.00    0.05    0.07    0.78 v _203_/Y (sky130_fd_sc_hd__nand2_1)
                                         _096_ (net)
                  0.05    0.00    0.78 v _205_/B (sky130_fd_sc_hd__and3_1)
     1    0.01    0.08    0.21    0.99 v _205_/X (sky130_fd_sc_hd__and3_1)
                                         _098_ (net)
                  0.08    0.00    0.99 v _206_/A (sky130_fd_sc_hd__buf_1)
     1    0.01    0.06    0.13    1.13 v _206_/X (sky130_fd_sc_hd__buf_1)
                                         _021_ (net)
                  0.06    0.00    1.13 v _334_/D (sky130_fd_sc_hd__dfrtp_4)
                                  1.13   data arrival time

                          0.00    0.00   clock core_clock (rise edge)
                          0.00    0.00   clock source latency
     1    0.02    0.00    0.00    0.00 ^ clk (in)
                                         clk (net)
                  0.00    0.00    0.00 ^ clkbuf_0_clk/A (sky130_fd_sc_hd__clkbuf_16)
     4    0.04    0.06    0.13    0.13 ^ clkbuf_0_clk/X (sky130_fd_sc_hd__clkbuf_16)
                                         clknet_0_clk (net)
                  0.06    0.00    0.13 ^ clkbuf_2_0__f_clk/A (sky130_fd_sc_hd__clkbuf_16)
     9    0.03    0.05    0.14    0.26 ^ clkbuf_2_0__f_clk/X (sky130_fd_sc_hd__clkbuf_16)
                                         clknet_2_0__leaf_clk (net)
                  0.05    0.00    0.26 ^ _334_/CLK (sky130_fd_sc_hd__dfrtp_4)
                          0.00    0.26   clock reconvergence pessimism
                         -0.05    0.21   library hold time
                                  0.21   data required time
-----------------------------------------------------------------------------
                                  0.21   data required time
                                 -1.13   data arrival time
-----------------------------------------------------------------------------
                                  0.91   slack (MET)


Startpoint: _349_ (rising edge-triggered flip-flop clocked by core_clock)
Endpoint: _349_ (rising edge-triggered flip-flop clocked by core_clock)
Path Group: core_clock
Path Type: min

Fanout     Cap    Slew   Delay    Time   Description
-----------------------------------------------------------------------------
                          0.00    0.00   clock core_clock (rise edge)
                          0.00    0.00   clock source latency
     1    0.02    0.00    0.00    0.00 ^ clk (in)
                                         clk (net)
                  0.00    0.00    0.00 ^ clkbuf_0_clk/A (sky130_fd_sc_hd__clkbuf_16)
     4    0.04    0.06    0.13    0.13 ^ clkbuf_0_clk/X (sky130_fd_sc_hd__clkbuf_16)
                                         clknet_0_clk (net)
                  0.06    0.00    0.13 ^ clkbuf_2_0__f_clk/A (sky130_fd_sc_hd__clkbuf_16)
     9    0.03    0.05    0.14    0.26 ^ clkbuf_2_0__f_clk/X (sky130_fd_sc_hd__clkbuf_16)
                                         clknet_2_0__leaf_clk (net)
                  0.05    0.00    0.26 ^ _349_/CLK (sky130_fd_sc_hd__dfrtp_4)
     4    0.02    0.10    0.44    0.70 ^ _349_/Q (sky130_fd_sc_hd__dfrtp_4)
                                         one_second_counter[19] (net)
                  0.10    0.00    0.71 ^ _256_/B1 (sky130_fd_sc_hd__a41o_1)
     1    0.01    0.09    0.14    0.85 ^ _256_/X (sky130_fd_sc_hd__a41o_1)
                                         _134_ (net)
                  0.09    0.00    0.85 ^ _260_/B (sky130_fd_sc_hd__and3_1)
     1    0.01    0.08    0.18    1.03 ^ _260_/X (sky130_fd_sc_hd__and3_1)
                                         _138_ (net)
                  0.08    0.00    1.03 ^ _261_/A (sky130_fd_sc_hd__buf_1)
     1    0.01    0.08    0.12    1.15 ^ _261_/X (sky130_fd_sc_hd__buf_1)
                                         _010_ (net)
                  0.08    0.00    1.15 ^ _349_/D (sky130_fd_sc_hd__dfrtp_4)
                                  1.15   data arrival time

                          0.00    0.00   clock core_clock (rise edge)
                          0.00    0.00   clock source latency
     1    0.02    0.00    0.00    0.00 ^ clk (in)
                                         clk (net)
                  0.00    0.00    0.00 ^ clkbuf_0_clk/A (sky130_fd_sc_hd__clkbuf_16)
     4    0.04    0.06    0.13    0.13 ^ clkbuf_0_clk/X (sky130_fd_sc_hd__clkbuf_16)
                                         clknet_0_clk (net)
                  0.06    0.00    0.13 ^ clkbuf_2_0__f_clk/A (sky130_fd_sc_hd__clkbuf_16)
     9    0.03    0.05    0.14    0.26 ^ clkbuf_2_0__f_clk/X (sky130_fd_sc_hd__clkbuf_16)
                                         clknet_2_0__leaf_clk (net)
                  0.05    0.00    0.26 ^ _349_/CLK (sky130_fd_sc_hd__dfrtp_4)
                          0.00    0.26   clock reconvergence pessimism
                         -0.04    0.22   library hold time
                                  0.22   data required time
-----------------------------------------------------------------------------
                                  0.22   data required time
                                 -1.15   data arrival time
-----------------------------------------------------------------------------
                                  0.93   slack (MET)


Startpoint: _346_ (rising edge-triggered flip-flop clocked by core_clock)
Endpoint: _346_ (rising edge-triggered flip-flop clocked by core_clock)
Path Group: core_clock
Path Type: min

Fanout     Cap    Slew   Delay    Time   Description
-----------------------------------------------------------------------------
                          0.00    0.00   clock core_clock (rise edge)
                          0.00    0.00   clock source latency
     1    0.02    0.00    0.00    0.00 ^ clk (in)
                                         clk (net)
                  0.00    0.00    0.00 ^ clkbuf_0_clk/A (sky130_fd_sc_hd__clkbuf_16)
     4    0.04    0.06    0.13    0.13 ^ clkbuf_0_clk/X (sky130_fd_sc_hd__clkbuf_16)
                                         clknet_0_clk (net)
                  0.06    0.00    0.13 ^ clkbuf_2_3__f_clk/A (sky130_fd_sc_hd__clkbuf_16)
     9    0.02    0.05    0.14    0.26 ^ clkbuf_2_3__f_clk/X (sky130_fd_sc_hd__clkbuf_16)
                                         clknet_2_3__leaf_clk (net)
                  0.05    0.00    0.26 ^ _346_/CLK (sky130_fd_sc_hd__dfrtp_4)
     6    0.03    0.11    0.45    0.72 ^ _346_/Q (sky130_fd_sc_hd__dfrtp_4)
                                         one_second_counter[16] (net)
                  0.11    0.00    0.72 ^ _248_/A (sky130_fd_sc_hd__nand2_2)
     3    0.02    0.09    0.10    0.82 v _248_/Y (sky130_fd_sc_hd__nand2_2)
                                         _129_ (net)
                  0.09    0.00    0.82 v _249_/C (sky130_fd_sc_hd__and3_1)
     1    0.01    0.06    0.23    1.05 v _249_/X (sky130_fd_sc_hd__and3_1)
                                         _130_ (net)
                  0.06    0.00    1.05 v _250_/A (sky130_fd_sc_hd__clkbuf_1)
     1    0.01    0.04    0.11    1.16 v _250_/X (sky130_fd_sc_hd__clkbuf_1)
                                         _007_ (net)
                  0.04    0.00    1.16 v _346_/D (sky130_fd_sc_hd__dfrtp_4)
                                  1.16   data arrival time

                          0.00    0.00   clock core_clock (rise edge)
                          0.00    0.00   clock source latency
     1    0.02    0.00    0.00    0.00 ^ clk (in)
                                         clk (net)
                  0.00    0.00    0.00 ^ clkbuf_0_clk/A (sky130_fd_sc_hd__clkbuf_16)
     4    0.04    0.06    0.13    0.13 ^ clkbuf_0_clk/X (sky130_fd_sc_hd__clkbuf_16)
                                         clknet_0_clk (net)
                  0.06    0.00    0.13 ^ clkbuf_2_3__f_clk/A (sky130_fd_sc_hd__clkbuf_16)
     9    0.02    0.05    0.14    0.26 ^ clkbuf_2_3__f_clk/X (sky130_fd_sc_hd__clkbuf_16)
                                         clknet_2_3__leaf_clk (net)
                  0.05    0.00    0.26 ^ _346_/CLK (sky130_fd_sc_hd__dfrtp_4)
                          0.00    0.26   clock reconvergence pessimism
                         -0.04    0.22   library hold time
                                  0.22   data required time
-----------------------------------------------------------------------------
                                  0.22   data required time
                                 -1.16   data arrival time
-----------------------------------------------------------------------------
                                  0.93   slack (MET)


Startpoint: _344_ (rising edge-triggered flip-flop clocked by core_clock)
Endpoint: _344_ (rising edge-triggered flip-flop clocked by core_clock)
Path Group: core_clock
Path Type: min

Fanout     Cap    Slew   Delay    Time   Description
-----------------------------------------------------------------------------
                          0.00    0.00   clock core_clock (rise edge)
                          0.00    0.00   clock source latency
     1    0.02    0.00    0.00    0.00 ^ clk (in)
                                         clk (net)
                  0.00    0.00    0.00 ^ clkbuf_0_clk/A (sky130_fd_sc_hd__clkbuf_16)
     4    0.04    0.06    0.13    0.13 ^ clkbuf_0_clk/X (sky130_fd_sc_hd__clkbuf_16)
                                         clknet_0_clk (net)
                  0.06    0.00    0.13 ^ clkbuf_2_3__f_clk/A (sky130_fd_sc_hd__clkbuf_16)
     9    0.02    0.05    0.14    0.26 ^ clkbuf_2_3__f_clk/X (sky130_fd_sc_hd__clkbuf_16)
                                         clknet_2_3__leaf_clk (net)
                  0.05    0.00    0.26 ^ _344_/CLK (sky130_fd_sc_hd__dfrtp_2)
     3    0.02    0.11    0.40    0.66 ^ _344_/Q (sky130_fd_sc_hd__dfrtp_2)
                                         one_second_counter[14] (net)
                  0.11    0.00    0.66 ^ _238_/A (sky130_fd_sc_hd__inv_2)
     2    0.01    0.05    0.07    0.72 v _238_/Y (sky130_fd_sc_hd__inv_2)
                                         _121_ (net)
                  0.05    0.00    0.72 v _239_/A (sky130_fd_sc_hd__nand2_1)
     1    0.01    0.06    0.07    0.80 ^ _239_/Y (sky130_fd_sc_hd__nand2_1)
                                         _122_ (net)
                  0.06    0.00    0.80 ^ _241_/B (sky130_fd_sc_hd__and3_1)
     1    0.01    0.10    0.19    0.99 ^ _241_/X (sky130_fd_sc_hd__and3_1)
                                         _124_ (net)
                  0.10    0.00    0.99 ^ _242_/A (sky130_fd_sc_hd__buf_1)
     1    0.01    0.14    0.16    1.15 ^ _242_/X (sky130_fd_sc_hd__buf_1)
                                         _005_ (net)
                  0.14    0.00    1.15 ^ _344_/D (sky130_fd_sc_hd__dfrtp_2)
                                  1.15   data arrival time

                          0.00    0.00   clock core_clock (rise edge)
                          0.00    0.00   clock source latency
     1    0.02    0.00    0.00    0.00 ^ clk (in)
                                         clk (net)
                  0.00    0.00    0.00 ^ clkbuf_0_clk/A (sky130_fd_sc_hd__clkbuf_16)
     4    0.04    0.06    0.13    0.13 ^ clkbuf_0_clk/X (sky130_fd_sc_hd__clkbuf_16)
                                         clknet_0_clk (net)
                  0.06    0.00    0.13 ^ clkbuf_2_3__f_clk/A (sky130_fd_sc_hd__clkbuf_16)
     9    0.02    0.05    0.14    0.26 ^ clkbuf_2_3__f_clk/X (sky130_fd_sc_hd__clkbuf_16)
                                         clknet_2_3__leaf_clk (net)
                  0.05    0.00    0.26 ^ _344_/CLK (sky130_fd_sc_hd__dfrtp_2)
                          0.00    0.26   clock reconvergence pessimism
                         -0.05    0.21   library hold time
                                  0.21   data required time
-----------------------------------------------------------------------------
                                  0.21   data required time
                                 -1.15   data arrival time
-----------------------------------------------------------------------------
                                  0.94   slack (MET)


Startpoint: _356_ (rising edge-triggered flip-flop clocked by core_clock)
Endpoint: _357_ (rising edge-triggered flip-flop clocked by core_clock)
Path Group: core_clock
Path Type: min

Fanout     Cap    Slew   Delay    Time   Description
-----------------------------------------------------------------------------
                          0.00    0.00   clock core_clock (rise edge)
                          0.00    0.00   clock source latency
     1    0.02    0.00    0.00    0.00 ^ clk (in)
                                         clk (net)
                  0.00    0.00    0.00 ^ clkbuf_0_clk/A (sky130_fd_sc_hd__clkbuf_16)
     4    0.04    0.06    0.13    0.13 ^ clkbuf_0_clk/X (sky130_fd_sc_hd__clkbuf_16)
                                         clknet_0_clk (net)
                  0.06    0.00    0.13 ^ clkbuf_2_0__f_clk/A (sky130_fd_sc_hd__clkbuf_16)
     9    0.03    0.05    0.14    0.26 ^ clkbuf_2_0__f_clk/X (sky130_fd_sc_hd__clkbuf_16)
                                         clknet_2_0__leaf_clk (net)
                  0.05    0.00    0.26 ^ _356_/CLK (sky130_fd_sc_hd__dfrtp_1)
     2    0.01    0.07    0.39    0.65 v _356_/Q (sky130_fd_sc_hd__dfrtp_1)
                                         one_second_counter[26] (net)
                  0.07    0.00    0.65 v _187_/B1_N (sky130_fd_sc_hd__a21bo_2)
     9    0.03    0.18    0.30    0.95 ^ _187_/X (sky130_fd_sc_hd__a21bo_2)
                                         _085_ (net)
                  0.18    0.00    0.95 ^ _188_/A (sky130_fd_sc_hd__inv_2)
     2    0.01    0.06    0.08    1.03 v _188_/Y (sky130_fd_sc_hd__inv_2)
                                         _086_ (net)
                  0.06    0.00    1.03 v _189_/A (sky130_fd_sc_hd__clkbuf_4)
    10    0.04    0.10    0.20    1.24 v _189_/X (sky130_fd_sc_hd__clkbuf_4)
                                         _027_ (net)
                  0.10    0.00    1.24 v _357_/D (sky130_fd_sc_hd__dfrtp_4)
                                  1.24   data arrival time

                          0.00    0.00   clock core_clock (rise edge)
                          0.00    0.00   clock source latency
     1    0.02    0.00    0.00    0.00 ^ clk (in)
                                         clk (net)
                  0.00    0.00    0.00 ^ clkbuf_0_clk/A (sky130_fd_sc_hd__clkbuf_16)
     4    0.04    0.06    0.13    0.13 ^ clkbuf_0_clk/X (sky130_fd_sc_hd__clkbuf_16)
                                         clknet_0_clk (net)
                  0.06    0.00    0.13 ^ clkbuf_2_0__f_clk/A (sky130_fd_sc_hd__clkbuf_16)
     9    0.03    0.05    0.14    0.26 ^ clkbuf_2_0__f_clk/X (sky130_fd_sc_hd__clkbuf_16)
                                         clknet_2_0__leaf_clk (net)
                  0.05    0.00    0.26 ^ _357_/CLK (sky130_fd_sc_hd__dfrtp_4)
                          0.00    0.26   clock reconvergence pessimism
                         -0.06    0.20   library hold time
                                  0.20   data required time
-----------------------------------------------------------------------------
                                  0.20   data required time
                                 -1.24   data arrival time
-----------------------------------------------------------------------------
                                  1.04   slack (MET)



worst slack corner Typical: 0.5773
