
===========================================================================
report_checks -path_delay max (Setup)
============================================================================
======================= Typical Corner ===================================

Startpoint: _342_ (rising edge-triggered flip-flop clocked by core_clock)
Endpoint: _354_ (rising edge-triggered flip-flop clocked by core_clock)
Path Group: core_clock
Path Type: max

Fanout     Cap    Slew   Delay    Time   Description
-----------------------------------------------------------------------------
                          0.00    0.00   clock core_clock (rise edge)
                          0.00    0.00   clock source latency
     1    0.01    0.00    0.00    0.00 ^ clk (in)
                                         clk (net)
                  0.00    0.00    0.00 ^ clkbuf_0_clk/A (sky130_fd_sc_hd__clkbuf_16)
     4    0.03    0.05    0.12    0.12 ^ clkbuf_0_clk/X (sky130_fd_sc_hd__clkbuf_16)
                                         clknet_0_clk (net)
                  0.05    0.00    0.12 ^ clkbuf_2_3__f_clk/A (sky130_fd_sc_hd__clkbuf_16)
     9    0.02    0.05    0.13    0.25 ^ clkbuf_2_3__f_clk/X (sky130_fd_sc_hd__clkbuf_16)
                                         clknet_2_3__leaf_clk (net)
                  0.05    0.00    0.25 ^ _342_/CLK (sky130_fd_sc_hd__dfrtp_4)
     5    0.02    0.08    0.50    0.75 v _342_/Q (sky130_fd_sc_hd__dfrtp_4)
                                         one_second_counter[12] (net)
                  0.08    0.00    0.75 v _180_/C (sky130_fd_sc_hd__and4_1)
     2    0.00    0.04    0.20    0.95 v _180_/X (sky130_fd_sc_hd__and4_1)
                                         _078_ (net)
                  0.04    0.00    0.95 v _181_/D (sky130_fd_sc_hd__or4_1)
     1    0.00    0.09    0.41    1.36 v _181_/X (sky130_fd_sc_hd__or4_1)
                                         _079_ (net)
                  0.09    0.00    1.36 v _184_/A3 (sky130_fd_sc_hd__o31a_1)
     1    0.01    0.09    0.30    1.66 v _184_/X (sky130_fd_sc_hd__o31a_1)
                                         _082_ (net)
                  0.09    0.00    1.66 v _186_/A2 (sky130_fd_sc_hd__o211ai_4)
     2    0.01    0.19    0.20    1.86 ^ _186_/Y (sky130_fd_sc_hd__o211ai_4)
                                         _084_ (net)
                  0.19    0.00    1.86 ^ _187_/A2 (sky130_fd_sc_hd__a21bo_2)
     9    0.02    0.10    0.21    2.07 ^ _187_/X (sky130_fd_sc_hd__a21bo_2)
                                         _085_ (net)
                  0.10    0.00    2.07 ^ _188_/A (sky130_fd_sc_hd__inv_2)
     2    0.01    0.04    0.05    2.13 v _188_/Y (sky130_fd_sc_hd__inv_2)
                                         _086_ (net)
                  0.04    0.00    2.13 v _189_/A (sky130_fd_sc_hd__clkbuf_4)
    10    0.04    0.09    0.19    2.32 v _189_/X (sky130_fd_sc_hd__clkbuf_4)
                                         _027_ (net)
                  0.09    0.00    2.32 v _278_/A (sky130_fd_sc_hd__nor3_1)
     1    0.01    0.38    0.37    2.69 ^ _278_/Y (sky130_fd_sc_hd__nor3_1)
                                         _016_ (net)
                  0.38    0.00    2.69 ^ _354_/D (sky130_fd_sc_hd__dfrtp_4)
                                  2.69   data arrival time

                         10.00   10.00   clock core_clock (rise edge)
                          0.00   10.00   clock source latency
     1    0.01    0.00    0.00   10.00 ^ clk (in)
                                         clk (net)
                  0.00    0.00   10.00 ^ clkbuf_0_clk/A (sky130_fd_sc_hd__clkbuf_16)
     4    0.03    0.05    0.12   10.12 ^ clkbuf_0_clk/X (sky130_fd_sc_hd__clkbuf_16)
                                         clknet_0_clk (net)
                  0.05    0.00   10.12 ^ clkbuf_2_0__f_clk/A (sky130_fd_sc_hd__clkbuf_16)
     9    0.02    0.04    0.13   10.25 ^ clkbuf_2_0__f_clk/X (sky130_fd_sc_hd__clkbuf_16)
                                         clknet_2_0__leaf_clk (net)
                  0.04    0.00   10.25 ^ _354_/CLK (sky130_fd_sc_hd__dfrtp_4)
                          0.00   10.25   clock reconvergence pessimism
                         -0.14   10.11   library setup time
                                 10.11   data required time
-----------------------------------------------------------------------------
                                 10.11   data required time
                                 -2.69   data arrival time
-----------------------------------------------------------------------------
                                  7.42   slack (MET)


Startpoint: _342_ (rising edge-triggered flip-flop clocked by core_clock)
Endpoint: _341_ (rising edge-triggered flip-flop clocked by core_clock)
Path Group: core_clock
Path Type: max

Fanout     Cap    Slew   Delay    Time   Description
-----------------------------------------------------------------------------
                          0.00    0.00   clock core_clock (rise edge)
                          0.00    0.00   clock source latency
     1    0.01    0.00    0.00    0.00 ^ clk (in)
                                         clk (net)
                  0.00    0.00    0.00 ^ clkbuf_0_clk/A (sky130_fd_sc_hd__clkbuf_16)
     4    0.03    0.05    0.12    0.12 ^ clkbuf_0_clk/X (sky130_fd_sc_hd__clkbuf_16)
                                         clknet_0_clk (net)
                  0.05    0.00    0.12 ^ clkbuf_2_3__f_clk/A (sky130_fd_sc_hd__clkbuf_16)
     9    0.02    0.05    0.13    0.25 ^ clkbuf_2_3__f_clk/X (sky130_fd_sc_hd__clkbuf_16)
                                         clknet_2_3__leaf_clk (net)
                  0.05    0.00    0.25 ^ _342_/CLK (sky130_fd_sc_hd__dfrtp_4)
     5    0.02    0.08    0.50    0.75 v _342_/Q (sky130_fd_sc_hd__dfrtp_4)
                                         one_second_counter[12] (net)
                  0.08    0.00    0.75 v _180_/C (sky130_fd_sc_hd__and4_1)
     2    0.00    0.04    0.20    0.95 v _180_/X (sky130_fd_sc_hd__and4_1)
                                         _078_ (net)
                  0.04    0.00    0.95 v _181_/D (sky130_fd_sc_hd__or4_1)
     1    0.00    0.09    0.41    1.36 v _181_/X (sky130_fd_sc_hd__or4_1)
                                         _079_ (net)
                  0.09    0.00    1.36 v _184_/A3 (sky130_fd_sc_hd__o31a_1)
     1    0.01    0.09    0.30    1.66 v _184_/X (sky130_fd_sc_hd__o31a_1)
                                         _082_ (net)
                  0.09    0.00    1.66 v _186_/A2 (sky130_fd_sc_hd__o211ai_4)
     2    0.01    0.19    0.20    1.86 ^ _186_/Y (sky130_fd_sc_hd__o211ai_4)
                                         _084_ (net)
                  0.19    0.00    1.86 ^ _187_/A2 (sky130_fd_sc_hd__a21bo_2)
     9    0.02    0.10    0.21    2.07 ^ _187_/X (sky130_fd_sc_hd__a21bo_2)
                                         _085_ (net)
                  0.10    0.00    2.07 ^ _188_/A (sky130_fd_sc_hd__inv_2)
     2    0.01    0.04    0.05    2.13 v _188_/Y (sky130_fd_sc_hd__inv_2)
                                         _086_ (net)
                  0.04    0.00    2.13 v _189_/A (sky130_fd_sc_hd__clkbuf_4)
    10    0.04    0.09    0.19    2.32 v _189_/X (sky130_fd_sc_hd__clkbuf_4)
                                         _027_ (net)
                  0.09    0.00    2.32 v _229_/A (sky130_fd_sc_hd__nor3_1)
     1    0.01    0.34    0.34    2.66 ^ _229_/Y (sky130_fd_sc_hd__nor3_1)
                                         _002_ (net)
                  0.34    0.00    2.66 ^ _341_/D (sky130_fd_sc_hd__dfrtp_2)
                                  2.66   data arrival time

                         10.00   10.00   clock core_clock (rise edge)
                          0.00   10.00   clock source latency
     1    0.01    0.00    0.00   10.00 ^ clk (in)
                                         clk (net)
                  0.00    0.00   10.00 ^ clkbuf_0_clk/A (sky130_fd_sc_hd__clkbuf_16)
     4    0.03    0.05    0.12   10.12 ^ clkbuf_0_clk/X (sky130_fd_sc_hd__clkbuf_16)
                                         clknet_0_clk (net)
                  0.05    0.00   10.12 ^ clkbuf_2_1__f_clk/A (sky130_fd_sc_hd__clkbuf_16)
    10    0.03    0.05    0.14   10.26 ^ clkbuf_2_1__f_clk/X (sky130_fd_sc_hd__clkbuf_16)
                                         clknet_2_1__leaf_clk (net)
                  0.05    0.00   10.26 ^ _341_/CLK (sky130_fd_sc_hd__dfrtp_2)
                          0.00   10.26   clock reconvergence pessimism
                         -0.13   10.13   library setup time
                                 10.13   data required time
-----------------------------------------------------------------------------
                                 10.13   data required time
                                 -2.66   data arrival time
-----------------------------------------------------------------------------
                                  7.46   slack (MET)


Startpoint: _342_ (rising edge-triggered flip-flop clocked by core_clock)
Endpoint: _353_ (rising edge-triggered flip-flop clocked by core_clock)
Path Group: core_clock
Path Type: max

Fanout     Cap    Slew   Delay    Time   Description
-----------------------------------------------------------------------------
                          0.00    0.00   clock core_clock (rise edge)
                          0.00    0.00   clock source latency
     1    0.01    0.00    0.00    0.00 ^ clk (in)
                                         clk (net)
                  0.00    0.00    0.00 ^ clkbuf_0_clk/A (sky130_fd_sc_hd__clkbuf_16)
     4    0.03    0.05    0.12    0.12 ^ clkbuf_0_clk/X (sky130_fd_sc_hd__clkbuf_16)
                                         clknet_0_clk (net)
                  0.05    0.00    0.12 ^ clkbuf_2_3__f_clk/A (sky130_fd_sc_hd__clkbuf_16)
     9    0.02    0.05    0.13    0.25 ^ clkbuf_2_3__f_clk/X (sky130_fd_sc_hd__clkbuf_16)
                                         clknet_2_3__leaf_clk (net)
                  0.05    0.00    0.25 ^ _342_/CLK (sky130_fd_sc_hd__dfrtp_4)
     5    0.02    0.08    0.50    0.75 v _342_/Q (sky130_fd_sc_hd__dfrtp_4)
                                         one_second_counter[12] (net)
                  0.08    0.00    0.75 v _180_/C (sky130_fd_sc_hd__and4_1)
     2    0.00    0.04    0.20    0.95 v _180_/X (sky130_fd_sc_hd__and4_1)
                                         _078_ (net)
                  0.04    0.00    0.95 v _181_/D (sky130_fd_sc_hd__or4_1)
     1    0.00    0.09    0.41    1.36 v _181_/X (sky130_fd_sc_hd__or4_1)
                                         _079_ (net)
                  0.09    0.00    1.36 v _184_/A3 (sky130_fd_sc_hd__o31a_1)
     1    0.01    0.09    0.30    1.66 v _184_/X (sky130_fd_sc_hd__o31a_1)
                                         _082_ (net)
                  0.09    0.00    1.66 v _186_/A2 (sky130_fd_sc_hd__o211ai_4)
     2    0.01    0.19    0.20    1.86 ^ _186_/Y (sky130_fd_sc_hd__o211ai_4)
                                         _084_ (net)
                  0.19    0.00    1.86 ^ _187_/A2 (sky130_fd_sc_hd__a21bo_2)
     9    0.02    0.10    0.21    2.07 ^ _187_/X (sky130_fd_sc_hd__a21bo_2)
                                         _085_ (net)
                  0.10    0.00    2.07 ^ _188_/A (sky130_fd_sc_hd__inv_2)
     2    0.01    0.04    0.05    2.13 v _188_/Y (sky130_fd_sc_hd__inv_2)
                                         _086_ (net)
                  0.04    0.00    2.13 v _189_/A (sky130_fd_sc_hd__clkbuf_4)
    10    0.04    0.09    0.19    2.32 v _189_/X (sky130_fd_sc_hd__clkbuf_4)
                                         _027_ (net)
                  0.09    0.00    2.32 v _275_/C1 (sky130_fd_sc_hd__a221oi_1)
     1    0.01    0.32    0.29    2.61 ^ _275_/Y (sky130_fd_sc_hd__a221oi_1)
                                         _015_ (net)
                  0.32    0.00    2.61 ^ _353_/D (sky130_fd_sc_hd__dfrtp_2)
                                  2.61   data arrival time

                         10.00   10.00   clock core_clock (rise edge)
                          0.00   10.00   clock source latency
     1    0.01    0.00    0.00   10.00 ^ clk (in)
                                         clk (net)
                  0.00    0.00   10.00 ^ clkbuf_0_clk/A (sky130_fd_sc_hd__clkbuf_16)
     4    0.03    0.05    0.12   10.12 ^ clkbuf_0_clk/X (sky130_fd_sc_hd__clkbuf_16)
                                         clknet_0_clk (net)
                  0.05    0.00   10.12 ^ clkbuf_2_2__f_clk/A (sky130_fd_sc_hd__clkbuf_16)
     7    0.02    0.04    0.13   10.25 ^ clkbuf_2_2__f_clk/X (sky130_fd_sc_hd__clkbuf_16)
                                         clknet_2_2__leaf_clk (net)
                  0.04    0.00   10.25 ^ _353_/CLK (sky130_fd_sc_hd__dfrtp_2)
                          0.00   10.25   clock reconvergence pessimism
                         -0.13   10.12   library setup time
                                 10.12   data required time
-----------------------------------------------------------------------------
                                 10.12   data required time
                                 -2.61   data arrival time
-----------------------------------------------------------------------------
                                  7.51   slack (MET)


Startpoint: _342_ (rising edge-triggered flip-flop clocked by core_clock)
Endpoint: _344_ (rising edge-triggered flip-flop clocked by core_clock)
Path Group: core_clock
Path Type: max

Fanout     Cap    Slew   Delay    Time   Description
-----------------------------------------------------------------------------
                          0.00    0.00   clock core_clock (rise edge)
                          0.00    0.00   clock source latency
     1    0.01    0.00    0.00    0.00 ^ clk (in)
                                         clk (net)
                  0.00    0.00    0.00 ^ clkbuf_0_clk/A (sky130_fd_sc_hd__clkbuf_16)
     4    0.03    0.05    0.12    0.12 ^ clkbuf_0_clk/X (sky130_fd_sc_hd__clkbuf_16)
                                         clknet_0_clk (net)
                  0.05    0.00    0.12 ^ clkbuf_2_3__f_clk/A (sky130_fd_sc_hd__clkbuf_16)
     9    0.02    0.05    0.13    0.25 ^ clkbuf_2_3__f_clk/X (sky130_fd_sc_hd__clkbuf_16)
                                         clknet_2_3__leaf_clk (net)
                  0.05    0.00    0.25 ^ _342_/CLK (sky130_fd_sc_hd__dfrtp_4)
     5    0.02    0.08    0.50    0.75 v _342_/Q (sky130_fd_sc_hd__dfrtp_4)
                                         one_second_counter[12] (net)
                  0.08    0.00    0.75 v _180_/C (sky130_fd_sc_hd__and4_1)
     2    0.00    0.04    0.20    0.95 v _180_/X (sky130_fd_sc_hd__and4_1)
                                         _078_ (net)
                  0.04    0.00    0.95 v _181_/D (sky130_fd_sc_hd__or4_1)
     1    0.00    0.09    0.41    1.36 v _181_/X (sky130_fd_sc_hd__or4_1)
                                         _079_ (net)
                  0.09    0.00    1.36 v _184_/A3 (sky130_fd_sc_hd__o31a_1)
     1    0.01    0.09    0.30    1.66 v _184_/X (sky130_fd_sc_hd__o31a_1)
                                         _082_ (net)
                  0.09    0.00    1.66 v _186_/A2 (sky130_fd_sc_hd__o211ai_4)
     2    0.01    0.19    0.20    1.86 ^ _186_/Y (sky130_fd_sc_hd__o211ai_4)
                                         _084_ (net)
                  0.19    0.00    1.86 ^ _187_/A2 (sky130_fd_sc_hd__a21bo_2)
     9    0.02    0.10    0.21    2.07 ^ _187_/X (sky130_fd_sc_hd__a21bo_2)
                                         _085_ (net)
                  0.10    0.00    2.07 ^ _202_/A (sky130_fd_sc_hd__buf_2)
    10    0.02    0.09    0.16    2.24 ^ _202_/X (sky130_fd_sc_hd__buf_2)
                                         _095_ (net)
                  0.09    0.00    2.24 ^ _241_/A (sky130_fd_sc_hd__and3_1)
     1    0.01    0.11    0.20    2.43 ^ _241_/X (sky130_fd_sc_hd__and3_1)
                                         _124_ (net)
                  0.11    0.00    2.43 ^ _242_/A (sky130_fd_sc_hd__buf_1)
     1    0.01    0.12    0.15    2.59 ^ _242_/X (sky130_fd_sc_hd__buf_1)
                                         _005_ (net)
                  0.12    0.00    2.59 ^ _344_/D (sky130_fd_sc_hd__dfrtp_2)
                                  2.59   data arrival time

                         10.00   10.00   clock core_clock (rise edge)
                          0.00   10.00   clock source latency
     1    0.01    0.00    0.00   10.00 ^ clk (in)
                                         clk (net)
                  0.00    0.00   10.00 ^ clkbuf_0_clk/A (sky130_fd_sc_hd__clkbuf_16)
     4    0.03    0.05    0.12   10.12 ^ clkbuf_0_clk/X (sky130_fd_sc_hd__clkbuf_16)
                                         clknet_0_clk (net)
                  0.05    0.00   10.12 ^ clkbuf_2_3__f_clk/A (sky130_fd_sc_hd__clkbuf_16)
     9    0.02    0.05    0.13   10.25 ^ clkbuf_2_3__f_clk/X (sky130_fd_sc_hd__clkbuf_16)
                                         clknet_2_3__leaf_clk (net)
                  0.05    0.00   10.25 ^ _344_/CLK (sky130_fd_sc_hd__dfrtp_2)
                          0.00   10.25   clock reconvergence pessimism
                         -0.08   10.17   library setup time
                                 10.17   data required time
-----------------------------------------------------------------------------
                                 10.17   data required time
                                 -2.59   data arrival time
-----------------------------------------------------------------------------
                                  7.59   slack (MET)


Startpoint: _342_ (rising edge-triggered flip-flop clocked by core_clock)
Endpoint: _349_ (rising edge-triggered flip-flop clocked by core_clock)
Path Group: core_clock
Path Type: max

Fanout     Cap    Slew   Delay    Time   Description
-----------------------------------------------------------------------------
                          0.00    0.00   clock core_clock (rise edge)
                          0.00    0.00   clock source latency
     1    0.01    0.00    0.00    0.00 ^ clk (in)
                                         clk (net)
                  0.00    0.00    0.00 ^ clkbuf_0_clk/A (sky130_fd_sc_hd__clkbuf_16)
     4    0.03    0.05    0.12    0.12 ^ clkbuf_0_clk/X (sky130_fd_sc_hd__clkbuf_16)
                                         clknet_0_clk (net)
                  0.05    0.00    0.12 ^ clkbuf_2_3__f_clk/A (sky130_fd_sc_hd__clkbuf_16)
     9    0.02    0.05    0.13    0.25 ^ clkbuf_2_3__f_clk/X (sky130_fd_sc_hd__clkbuf_16)
                                         clknet_2_3__leaf_clk (net)
                  0.05    0.00    0.25 ^ _342_/CLK (sky130_fd_sc_hd__dfrtp_4)
     5    0.02    0.08    0.50    0.75 v _342_/Q (sky130_fd_sc_hd__dfrtp_4)
                                         one_second_counter[12] (net)
                  0.08    0.00    0.75 v _180_/C (sky130_fd_sc_hd__and4_1)
     2    0.00    0.04    0.20    0.95 v _180_/X (sky130_fd_sc_hd__and4_1)
                                         _078_ (net)
                  0.04    0.00    0.95 v _181_/D (sky130_fd_sc_hd__or4_1)
     1    0.00    0.09    0.41    1.36 v _181_/X (sky130_fd_sc_hd__or4_1)
                                         _079_ (net)
                  0.09    0.00    1.36 v _184_/A3 (sky130_fd_sc_hd__o31a_1)
     1    0.01    0.09    0.30    1.66 v _184_/X (sky130_fd_sc_hd__o31a_1)
                                         _082_ (net)
                  0.09    0.00    1.66 v _186_/A2 (sky130_fd_sc_hd__o211ai_4)
     2    0.01    0.19    0.20    1.86 ^ _186_/Y (sky130_fd_sc_hd__o211ai_4)
                                         _084_ (net)
                  0.19    0.00    1.86 ^ _187_/A2 (sky130_fd_sc_hd__a21bo_2)
     9    0.02    0.10    0.21    2.07 ^ _187_/X (sky130_fd_sc_hd__a21bo_2)
                                         _085_ (net)
                  0.10    0.00    2.07 ^ _202_/A (sky130_fd_sc_hd__buf_2)
    10    0.02    0.09    0.16    2.24 ^ _202_/X (sky130_fd_sc_hd__buf_2)
                                         _095_ (net)
                  0.09    0.00    2.24 ^ _260_/A (sky130_fd_sc_hd__and3_1)
     1    0.01    0.10    0.19    2.43 ^ _260_/X (sky130_fd_sc_hd__and3_1)
                                         _138_ (net)
                  0.10    0.00    2.43 ^ _261_/A (sky130_fd_sc_hd__buf_1)
     1    0.01    0.09    0.13    2.55 ^ _261_/X (sky130_fd_sc_hd__buf_1)
                                         _010_ (net)
                  0.09    0.00    2.55 ^ _349_/D (sky130_fd_sc_hd__dfrtp_4)
                                  2.55   data arrival time

                         10.00   10.00   clock core_clock (rise edge)
                          0.00   10.00   clock source latency
     1    0.01    0.00    0.00   10.00 ^ clk (in)
                                         clk (net)
                  0.00    0.00   10.00 ^ clkbuf_0_clk/A (sky130_fd_sc_hd__clkbuf_16)
     4    0.03    0.05    0.12   10.12 ^ clkbuf_0_clk/X (sky130_fd_sc_hd__clkbuf_16)
                                         clknet_0_clk (net)
                  0.05    0.00   10.12 ^ clkbuf_2_0__f_clk/A (sky130_fd_sc_hd__clkbuf_16)
     9    0.02    0.04    0.13   10.25 ^ clkbuf_2_0__f_clk/X (sky130_fd_sc_hd__clkbuf_16)
                                         clknet_2_0__leaf_clk (net)
                  0.04    0.00   10.25 ^ _349_/CLK (sky130_fd_sc_hd__dfrtp_4)
                          0.00   10.25   clock reconvergence pessimism
                         -0.07   10.18   library setup time
                                 10.18   data required time
-----------------------------------------------------------------------------
                                 10.18   data required time
                                 -2.55   data arrival time
-----------------------------------------------------------------------------
                                  7.62   slack (MET)


Startpoint: _342_ (rising edge-triggered flip-flop clocked by core_clock)
Endpoint: _335_ (rising edge-triggered flip-flop clocked by core_clock)
Path Group: core_clock
Path Type: max

Fanout     Cap    Slew   Delay    Time   Description
-----------------------------------------------------------------------------
                          0.00    0.00   clock core_clock (rise edge)
                          0.00    0.00   clock source latency
     1    0.01    0.00    0.00    0.00 ^ clk (in)
                                         clk (net)
                  0.00    0.00    0.00 ^ clkbuf_0_clk/A (sky130_fd_sc_hd__clkbuf_16)
     4    0.03    0.05    0.12    0.12 ^ clkbuf_0_clk/X (sky130_fd_sc_hd__clkbuf_16)
                                         clknet_0_clk (net)
                  0.05    0.00    0.12 ^ clkbuf_2_3__f_clk/A (sky130_fd_sc_hd__clkbuf_16)
     9    0.02    0.05    0.13    0.25 ^ clkbuf_2_3__f_clk/X (sky130_fd_sc_hd__clkbuf_16)
                                         clknet_2_3__leaf_clk (net)
                  0.05    0.00    0.25 ^ _342_/CLK (sky130_fd_sc_hd__dfrtp_4)
     5    0.02    0.08    0.50    0.75 v _342_/Q (sky130_fd_sc_hd__dfrtp_4)
                                         one_second_counter[12] (net)
                  0.08    0.00    0.75 v _180_/C (sky130_fd_sc_hd__and4_1)
     2    0.00    0.04    0.20    0.95 v _180_/X (sky130_fd_sc_hd__and4_1)
                                         _078_ (net)
                  0.04    0.00    0.95 v _181_/D (sky130_fd_sc_hd__or4_1)
     1    0.00    0.09    0.41    1.36 v _181_/X (sky130_fd_sc_hd__or4_1)
                                         _079_ (net)
                  0.09    0.00    1.36 v _184_/A3 (sky130_fd_sc_hd__o31a_1)
     1    0.01    0.09    0.30    1.66 v _184_/X (sky130_fd_sc_hd__o31a_1)
                                         _082_ (net)
                  0.09    0.00    1.66 v _186_/A2 (sky130_fd_sc_hd__o211ai_4)
     2    0.01    0.19    0.20    1.86 ^ _186_/Y (sky130_fd_sc_hd__o211ai_4)
                                         _084_ (net)
                  0.19    0.00    1.86 ^ _187_/A2 (sky130_fd_sc_hd__a21bo_2)
     9    0.02    0.10    0.21    2.07 ^ _187_/X (sky130_fd_sc_hd__a21bo_2)
                                         _085_ (net)
                  0.10    0.00    2.07 ^ _188_/A (sky130_fd_sc_hd__inv_2)
     2    0.01    0.04    0.05    2.13 v _188_/Y (sky130_fd_sc_hd__inv_2)
                                         _086_ (net)
                  0.04    0.00    2.13 v _189_/A (sky130_fd_sc_hd__clkbuf_4)
    10    0.04    0.09    0.19    2.32 v _189_/X (sky130_fd_sc_hd__clkbuf_4)
                                         _027_ (net)
                  0.09    0.00    2.32 v _209_/A (sky130_fd_sc_hd__nor3_1)
     1    0.00    0.17    0.22    2.54 ^ _209_/Y (sky130_fd_sc_hd__nor3_1)
                                         _022_ (net)
                  0.17    0.00    2.54 ^ _335_/D (sky130_fd_sc_hd__dfrtp_2)
                                  2.54   data arrival time

                         10.00   10.00   clock core_clock (rise edge)
                          0.00   10.00   clock source latency
     1    0.01    0.00    0.00   10.00 ^ clk (in)
                                         clk (net)
                  0.00    0.00   10.00 ^ clkbuf_0_clk/A (sky130_fd_sc_hd__clkbuf_16)
     4    0.03    0.05    0.12   10.12 ^ clkbuf_0_clk/X (sky130_fd_sc_hd__clkbuf_16)
                                         clknet_0_clk (net)
                  0.05    0.00   10.12 ^ clkbuf_2_1__f_clk/A (sky130_fd_sc_hd__clkbuf_16)
    10    0.03    0.05    0.14   10.26 ^ clkbuf_2_1__f_clk/X (sky130_fd_sc_hd__clkbuf_16)
                                         clknet_2_1__leaf_clk (net)
                  0.05    0.00   10.26 ^ _335_/CLK (sky130_fd_sc_hd__dfrtp_2)
                          0.00   10.26   clock reconvergence pessimism
                         -0.09   10.16   library setup time
                                 10.16   data required time
-----------------------------------------------------------------------------
                                 10.16   data required time
                                 -2.54   data arrival time
-----------------------------------------------------------------------------
                                  7.63   slack (MET)


Startpoint: _342_ (rising edge-triggered flip-flop clocked by core_clock)
Endpoint: _330_ (rising edge-triggered flip-flop clocked by core_clock)
Path Group: core_clock
Path Type: max

Fanout     Cap    Slew   Delay    Time   Description
-----------------------------------------------------------------------------
                          0.00    0.00   clock core_clock (rise edge)
                          0.00    0.00   clock source latency
     1    0.01    0.00    0.00    0.00 ^ clk (in)
                                         clk (net)
                  0.00    0.00    0.00 ^ clkbuf_0_clk/A (sky130_fd_sc_hd__clkbuf_16)
     4    0.03    0.05    0.12    0.12 ^ clkbuf_0_clk/X (sky130_fd_sc_hd__clkbuf_16)
                                         clknet_0_clk (net)
                  0.05    0.00    0.12 ^ clkbuf_2_3__f_clk/A (sky130_fd_sc_hd__clkbuf_16)
     9    0.02    0.05    0.13    0.25 ^ clkbuf_2_3__f_clk/X (sky130_fd_sc_hd__clkbuf_16)
                                         clknet_2_3__leaf_clk (net)
                  0.05    0.00    0.25 ^ _342_/CLK (sky130_fd_sc_hd__dfrtp_4)
     5    0.02    0.08    0.50    0.75 v _342_/Q (sky130_fd_sc_hd__dfrtp_4)
                                         one_second_counter[12] (net)
                  0.08    0.00    0.75 v _180_/C (sky130_fd_sc_hd__and4_1)
     2    0.00    0.04    0.20    0.95 v _180_/X (sky130_fd_sc_hd__and4_1)
                                         _078_ (net)
                  0.04    0.00    0.95 v _181_/D (sky130_fd_sc_hd__or4_1)
     1    0.00    0.09    0.41    1.36 v _181_/X (sky130_fd_sc_hd__or4_1)
                                         _079_ (net)
                  0.09    0.00    1.36 v _184_/A3 (sky130_fd_sc_hd__o31a_1)
     1    0.01    0.09    0.30    1.66 v _184_/X (sky130_fd_sc_hd__o31a_1)
                                         _082_ (net)
                  0.09    0.00    1.66 v _186_/A2 (sky130_fd_sc_hd__o211ai_4)
     2    0.01    0.19    0.20    1.86 ^ _186_/Y (sky130_fd_sc_hd__o211ai_4)
                                         _084_ (net)
                  0.19    0.00    1.86 ^ _187_/A2 (sky130_fd_sc_hd__a21bo_2)
     9    0.02    0.10    0.21    2.07 ^ _187_/X (sky130_fd_sc_hd__a21bo_2)
                                         _085_ (net)
                  0.10    0.00    2.07 ^ _188_/A (sky130_fd_sc_hd__inv_2)
     2    0.01    0.04    0.05    2.13 v _188_/Y (sky130_fd_sc_hd__inv_2)
                                         _086_ (net)
                  0.04    0.00    2.13 v _189_/A (sky130_fd_sc_hd__clkbuf_4)
    10    0.04    0.09    0.19    2.32 v _189_/X (sky130_fd_sc_hd__clkbuf_4)
                                         _027_ (net)
                  0.09    0.00    2.32 v _190_/B (sky130_fd_sc_hd__nor2_1)
     1    0.01    0.21    0.20    2.52 ^ _190_/Y (sky130_fd_sc_hd__nor2_1)
                                         _000_ (net)
                  0.21    0.00    2.52 ^ _330_/D (sky130_fd_sc_hd__dfrtp_4)
                                  2.52   data arrival time

                         10.00   10.00   clock core_clock (rise edge)
                          0.00   10.00   clock source latency
     1    0.01    0.00    0.00   10.00 ^ clk (in)
                                         clk (net)
                  0.00    0.00   10.00 ^ clkbuf_0_clk/A (sky130_fd_sc_hd__clkbuf_16)
     4    0.03    0.05    0.12   10.12 ^ clkbuf_0_clk/X (sky130_fd_sc_hd__clkbuf_16)
                                         clknet_0_clk (net)
                  0.05    0.00   10.12 ^ clkbuf_2_3__f_clk/A (sky130_fd_sc_hd__clkbuf_16)
     9    0.02    0.05    0.13   10.25 ^ clkbuf_2_3__f_clk/X (sky130_fd_sc_hd__clkbuf_16)
                                         clknet_2_3__leaf_clk (net)
                  0.05    0.00   10.25 ^ _330_/CLK (sky130_fd_sc_hd__dfrtp_4)
                          0.00   10.25   clock reconvergence pessimism
                         -0.10   10.15   library setup time
                                 10.15   data required time
-----------------------------------------------------------------------------
                                 10.15   data required time
                                 -2.52   data arrival time
-----------------------------------------------------------------------------
                                  7.63   slack (MET)


Startpoint: _342_ (rising edge-triggered flip-flop clocked by core_clock)
Endpoint: _347_ (rising edge-triggered flip-flop clocked by core_clock)
Path Group: core_clock
Path Type: max

Fanout     Cap    Slew   Delay    Time   Description
-----------------------------------------------------------------------------
                          0.00    0.00   clock core_clock (rise edge)
                          0.00    0.00   clock source latency
     1    0.01    0.00    0.00    0.00 ^ clk (in)
                                         clk (net)
                  0.00    0.00    0.00 ^ clkbuf_0_clk/A (sky130_fd_sc_hd__clkbuf_16)
     4    0.03    0.05    0.12    0.12 ^ clkbuf_0_clk/X (sky130_fd_sc_hd__clkbuf_16)
                                         clknet_0_clk (net)
                  0.05    0.00    0.12 ^ clkbuf_2_3__f_clk/A (sky130_fd_sc_hd__clkbuf_16)
     9    0.02    0.05    0.13    0.25 ^ clkbuf_2_3__f_clk/X (sky130_fd_sc_hd__clkbuf_16)
                                         clknet_2_3__leaf_clk (net)
                  0.05    0.00    0.25 ^ _342_/CLK (sky130_fd_sc_hd__dfrtp_4)
     5    0.02    0.08    0.50    0.75 v _342_/Q (sky130_fd_sc_hd__dfrtp_4)
                                         one_second_counter[12] (net)
                  0.08    0.00    0.75 v _180_/C (sky130_fd_sc_hd__and4_1)
     2    0.00    0.04    0.20    0.95 v _180_/X (sky130_fd_sc_hd__and4_1)
                                         _078_ (net)
                  0.04    0.00    0.95 v _181_/D (sky130_fd_sc_hd__or4_1)
     1    0.00    0.09    0.41    1.36 v _181_/X (sky130_fd_sc_hd__or4_1)
                                         _079_ (net)
                  0.09    0.00    1.36 v _184_/A3 (sky130_fd_sc_hd__o31a_1)
     1    0.01    0.09    0.30    1.66 v _184_/X (sky130_fd_sc_hd__o31a_1)
                                         _082_ (net)
                  0.09    0.00    1.66 v _186_/A2 (sky130_fd_sc_hd__o211ai_4)
     2    0.01    0.19    0.20    1.86 ^ _186_/Y (sky130_fd_sc_hd__o211ai_4)
                                         _084_ (net)
                  0.19    0.00    1.86 ^ _187_/A2 (sky130_fd_sc_hd__a21bo_2)
     9    0.02    0.10    0.21    2.07 ^ _187_/X (sky130_fd_sc_hd__a21bo_2)
                                         _085_ (net)
                  0.10    0.00    2.07 ^ _188_/A (sky130_fd_sc_hd__inv_2)
     2    0.01    0.04    0.05    2.13 v _188_/Y (sky130_fd_sc_hd__inv_2)
                                         _086_ (net)
                  0.04    0.00    2.13 v _189_/A (sky130_fd_sc_hd__clkbuf_4)
    10    0.04    0.09    0.19    2.32 v _189_/X (sky130_fd_sc_hd__clkbuf_4)
                                         _027_ (net)
                  0.09    0.00    2.32 v _252_/A (sky130_fd_sc_hd__nor2_1)
     1    0.01    0.17    0.18    2.50 ^ _252_/Y (sky130_fd_sc_hd__nor2_1)
                                         _008_ (net)
                  0.17    0.00    2.51 ^ _347_/D (sky130_fd_sc_hd__dfrtp_4)
                                  2.51   data arrival time

                         10.00   10.00   clock core_clock (rise edge)
                          0.00   10.00   clock source latency
     1    0.01    0.00    0.00   10.00 ^ clk (in)
                                         clk (net)
                  0.00    0.00   10.00 ^ clkbuf_0_clk/A (sky130_fd_sc_hd__clkbuf_16)
     4    0.03    0.05    0.12   10.12 ^ clkbuf_0_clk/X (sky130_fd_sc_hd__clkbuf_16)
                                         clknet_0_clk (net)
                  0.05    0.00   10.12 ^ clkbuf_2_3__f_clk/A (sky130_fd_sc_hd__clkbuf_16)
     9    0.02    0.05    0.13   10.25 ^ clkbuf_2_3__f_clk/X (sky130_fd_sc_hd__clkbuf_16)
                                         clknet_2_3__leaf_clk (net)
                  0.05    0.00   10.25 ^ _347_/CLK (sky130_fd_sc_hd__dfrtp_4)
                          0.00   10.25   clock reconvergence pessimism
                         -0.09   10.16   library setup time
                                 10.16   data required time
-----------------------------------------------------------------------------
                                 10.16   data required time
                                 -2.51   data arrival time
-----------------------------------------------------------------------------
                                  7.66   slack (MET)


Startpoint: _342_ (rising edge-triggered flip-flop clocked by core_clock)
Endpoint: _342_ (rising edge-triggered flip-flop clocked by core_clock)
Path Group: core_clock
Path Type: max

Fanout     Cap    Slew   Delay    Time   Description
-----------------------------------------------------------------------------
                          0.00    0.00   clock core_clock (rise edge)
                          0.00    0.00   clock source latency
     1    0.01    0.00    0.00    0.00 ^ clk (in)
                                         clk (net)
                  0.00    0.00    0.00 ^ clkbuf_0_clk/A (sky130_fd_sc_hd__clkbuf_16)
     4    0.03    0.05    0.12    0.12 ^ clkbuf_0_clk/X (sky130_fd_sc_hd__clkbuf_16)
                                         clknet_0_clk (net)
                  0.05    0.00    0.12 ^ clkbuf_2_3__f_clk/A (sky130_fd_sc_hd__clkbuf_16)
     9    0.02    0.05    0.13    0.25 ^ clkbuf_2_3__f_clk/X (sky130_fd_sc_hd__clkbuf_16)
                                         clknet_2_3__leaf_clk (net)
                  0.05    0.00    0.25 ^ _342_/CLK (sky130_fd_sc_hd__dfrtp_4)
     5    0.02    0.08    0.50    0.75 v _342_/Q (sky130_fd_sc_hd__dfrtp_4)
                                         one_second_counter[12] (net)
                  0.08    0.00    0.75 v _180_/C (sky130_fd_sc_hd__and4_1)
     2    0.00    0.04    0.20    0.95 v _180_/X (sky130_fd_sc_hd__and4_1)
                                         _078_ (net)
                  0.04    0.00    0.95 v _181_/D (sky130_fd_sc_hd__or4_1)
     1    0.00    0.09    0.41    1.36 v _181_/X (sky130_fd_sc_hd__or4_1)
                                         _079_ (net)
                  0.09    0.00    1.36 v _184_/A3 (sky130_fd_sc_hd__o31a_1)
     1    0.01    0.09    0.30    1.66 v _184_/X (sky130_fd_sc_hd__o31a_1)
                                         _082_ (net)
                  0.09    0.00    1.66 v _186_/A2 (sky130_fd_sc_hd__o211ai_4)
     2    0.01    0.19    0.20    1.86 ^ _186_/Y (sky130_fd_sc_hd__o211ai_4)
                                         _084_ (net)
                  0.19    0.00    1.86 ^ _187_/A2 (sky130_fd_sc_hd__a21bo_2)
     9    0.02    0.10    0.21    2.07 ^ _187_/X (sky130_fd_sc_hd__a21bo_2)
                                         _085_ (net)
                  0.10    0.00    2.07 ^ _202_/A (sky130_fd_sc_hd__buf_2)
    10    0.02    0.09    0.16    2.24 ^ _202_/X (sky130_fd_sc_hd__buf_2)
                                         _095_ (net)
                  0.09    0.00    2.24 ^ _232_/A (sky130_fd_sc_hd__and3_1)
     1    0.01    0.08    0.18    2.42 ^ _232_/X (sky130_fd_sc_hd__and3_1)
                                         _117_ (net)
                  0.08    0.00    2.42 ^ _233_/A (sky130_fd_sc_hd__buf_1)
     1    0.00    0.06    0.11    2.52 ^ _233_/X (sky130_fd_sc_hd__buf_1)
                                         _003_ (net)
                  0.06    0.00    2.52 ^ _342_/D (sky130_fd_sc_hd__dfrtp_4)
                                  2.52   data arrival time

                         10.00   10.00   clock core_clock (rise edge)
                          0.00   10.00   clock source latency
     1    0.01    0.00    0.00   10.00 ^ clk (in)
                                         clk (net)
                  0.00    0.00   10.00 ^ clkbuf_0_clk/A (sky130_fd_sc_hd__clkbuf_16)
     4    0.03    0.05    0.12   10.12 ^ clkbuf_0_clk/X (sky130_fd_sc_hd__clkbuf_16)
                                         clknet_0_clk (net)
                  0.05    0.00   10.12 ^ clkbuf_2_3__f_clk/A (sky130_fd_sc_hd__clkbuf_16)
     9    0.02    0.05    0.13   10.25 ^ clkbuf_2_3__f_clk/X (sky130_fd_sc_hd__clkbuf_16)
                                         clknet_2_3__leaf_clk (net)
                  0.05    0.00   10.25 ^ _342_/CLK (sky130_fd_sc_hd__dfrtp_4)
                          0.00   10.25   clock reconvergence pessimism
                         -0.07   10.19   library setup time
                                 10.19   data required time
-----------------------------------------------------------------------------
                                 10.19   data required time
                                 -2.52   data arrival time
-----------------------------------------------------------------------------
                                  7.66   slack (MET)


Startpoint: _342_ (rising edge-triggered flip-flop clocked by core_clock)
Endpoint: _346_ (rising edge-triggered flip-flop clocked by core_clock)
Path Group: core_clock
Path Type: max

Fanout     Cap    Slew   Delay    Time   Description
-----------------------------------------------------------------------------
                          0.00    0.00   clock core_clock (rise edge)
                          0.00    0.00   clock source latency
     1    0.01    0.00    0.00    0.00 ^ clk (in)
                                         clk (net)
                  0.00    0.00    0.00 ^ clkbuf_0_clk/A (sky130_fd_sc_hd__clkbuf_16)
     4    0.03    0.05    0.12    0.12 ^ clkbuf_0_clk/X (sky130_fd_sc_hd__clkbuf_16)
                                         clknet_0_clk (net)
                  0.05    0.00    0.12 ^ clkbuf_2_3__f_clk/A (sky130_fd_sc_hd__clkbuf_16)
     9    0.02    0.05    0.13    0.25 ^ clkbuf_2_3__f_clk/X (sky130_fd_sc_hd__clkbuf_16)
                                         clknet_2_3__leaf_clk (net)
                  0.05    0.00    0.25 ^ _342_/CLK (sky130_fd_sc_hd__dfrtp_4)
     5    0.02    0.08    0.50    0.75 v _342_/Q (sky130_fd_sc_hd__dfrtp_4)
                                         one_second_counter[12] (net)
                  0.08    0.00    0.75 v _180_/C (sky130_fd_sc_hd__and4_1)
     2    0.00    0.04    0.20    0.95 v _180_/X (sky130_fd_sc_hd__and4_1)
                                         _078_ (net)
                  0.04    0.00    0.95 v _181_/D (sky130_fd_sc_hd__or4_1)
     1    0.00    0.09    0.41    1.36 v _181_/X (sky130_fd_sc_hd__or4_1)
                                         _079_ (net)
                  0.09    0.00    1.36 v _184_/A3 (sky130_fd_sc_hd__o31a_1)
     1    0.01    0.09    0.30    1.66 v _184_/X (sky130_fd_sc_hd__o31a_1)
                                         _082_ (net)
                  0.09    0.00    1.66 v _186_/A2 (sky130_fd_sc_hd__o211ai_4)
     2    0.01    0.19    0.20    1.86 ^ _186_/Y (sky130_fd_sc_hd__o211ai_4)
                                         _084_ (net)
                  0.19    0.00    1.86 ^ _187_/A2 (sky130_fd_sc_hd__a21bo_2)
     9    0.02    0.10    0.21    2.07 ^ _187_/X (sky130_fd_sc_hd__a21bo_2)
                                         _085_ (net)
                  0.10    0.00    2.07 ^ _202_/A (sky130_fd_sc_hd__buf_2)
    10    0.02    0.09    0.16    2.24 ^ _202_/X (sky130_fd_sc_hd__buf_2)
                                         _095_ (net)
                  0.09    0.00    2.24 ^ _249_/A (sky130_fd_sc_hd__and3_1)
     1    0.01    0.10    0.19    2.43 ^ _249_/X (sky130_fd_sc_hd__and3_1)
                                         _130_ (net)
                  0.10    0.00    2.43 ^ _250_/A (sky130_fd_sc_hd__clkbuf_1)
     1    0.00    0.04    0.09    2.52 ^ _250_/X (sky130_fd_sc_hd__clkbuf_1)
                                         _007_ (net)
                  0.04    0.00    2.52 ^ _346_/D (sky130_fd_sc_hd__dfrtp_4)
                                  2.52   data arrival time

                         10.00   10.00   clock core_clock (rise edge)
                          0.00   10.00   clock source latency
     1    0.01    0.00    0.00   10.00 ^ clk (in)
                                         clk (net)
                  0.00    0.00   10.00 ^ clkbuf_0_clk/A (sky130_fd_sc_hd__clkbuf_16)
     4    0.03    0.05    0.12   10.12 ^ clkbuf_0_clk/X (sky130_fd_sc_hd__clkbuf_16)
                                         clknet_0_clk (net)
                  0.05    0.00   10.12 ^ clkbuf_2_3__f_clk/A (sky130_fd_sc_hd__clkbuf_16)
     9    0.02    0.05    0.13   10.25 ^ clkbuf_2_3__f_clk/X (sky130_fd_sc_hd__clkbuf_16)
                                         clknet_2_3__leaf_clk (net)
                  0.05    0.00   10.25 ^ _346_/CLK (sky130_fd_sc_hd__dfrtp_4)
                          0.00   10.25   clock reconvergence pessimism
                         -0.06   10.19   library setup time
                                 10.19   data required time
-----------------------------------------------------------------------------
                                 10.19   data required time
                                 -2.52   data arrival time
-----------------------------------------------------------------------------
                                  7.67   slack (MET)


Startpoint: _342_ (rising edge-triggered flip-flop clocked by core_clock)
Endpoint: _339_ (rising edge-triggered flip-flop clocked by core_clock)
Path Group: core_clock
Path Type: max

Fanout     Cap    Slew   Delay    Time   Description
-----------------------------------------------------------------------------
                          0.00    0.00   clock core_clock (rise edge)
                          0.00    0.00   clock source latency
     1    0.01    0.00    0.00    0.00 ^ clk (in)
                                         clk (net)
                  0.00    0.00    0.00 ^ clkbuf_0_clk/A (sky130_fd_sc_hd__clkbuf_16)
     4    0.03    0.05    0.12    0.12 ^ clkbuf_0_clk/X (sky130_fd_sc_hd__clkbuf_16)
                                         clknet_0_clk (net)
                  0.05    0.00    0.12 ^ clkbuf_2_3__f_clk/A (sky130_fd_sc_hd__clkbuf_16)
     9    0.02    0.05    0.13    0.25 ^ clkbuf_2_3__f_clk/X (sky130_fd_sc_hd__clkbuf_16)
                                         clknet_2_3__leaf_clk (net)
                  0.05    0.00    0.25 ^ _342_/CLK (sky130_fd_sc_hd__dfrtp_4)
     5    0.02    0.08    0.50    0.75 v _342_/Q (sky130_fd_sc_hd__dfrtp_4)
                                         one_second_counter[12] (net)
                  0.08    0.00    0.75 v _180_/C (sky130_fd_sc_hd__and4_1)
     2    0.00    0.04    0.20    0.95 v _180_/X (sky130_fd_sc_hd__and4_1)
                                         _078_ (net)
                  0.04    0.00    0.95 v _181_/D (sky130_fd_sc_hd__or4_1)
     1    0.00    0.09    0.41    1.36 v _181_/X (sky130_fd_sc_hd__or4_1)
                                         _079_ (net)
                  0.09    0.00    1.36 v _184_/A3 (sky130_fd_sc_hd__o31a_1)
     1    0.01    0.09    0.30    1.66 v _184_/X (sky130_fd_sc_hd__o31a_1)
                                         _082_ (net)
                  0.09    0.00    1.66 v _186_/A2 (sky130_fd_sc_hd__o211ai_4)
     2    0.01    0.19    0.20    1.86 ^ _186_/Y (sky130_fd_sc_hd__o211ai_4)
                                         _084_ (net)
                  0.19    0.00    1.86 ^ _187_/A2 (sky130_fd_sc_hd__a21bo_2)
     9    0.02    0.10    0.21    2.07 ^ _187_/X (sky130_fd_sc_hd__a21bo_2)
                                         _085_ (net)
                  0.10    0.00    2.07 ^ _188_/A (sky130_fd_sc_hd__inv_2)
     2    0.01    0.04    0.05    2.13 v _188_/Y (sky130_fd_sc_hd__inv_2)
                                         _086_ (net)
                  0.04    0.00    2.13 v _189_/A (sky130_fd_sc_hd__clkbuf_4)
    10    0.04    0.09    0.19    2.32 v _189_/X (sky130_fd_sc_hd__clkbuf_4)
                                         _027_ (net)
                  0.09    0.00    2.32 v _222_/A (sky130_fd_sc_hd__nor3_1)
     1    0.00    0.13    0.18    2.50 ^ _222_/Y (sky130_fd_sc_hd__nor3_1)
                                         _026_ (net)
                  0.13    0.00    2.50 ^ _339_/D (sky130_fd_sc_hd__dfrtp_1)
                                  2.50   data arrival time

                         10.00   10.00   clock core_clock (rise edge)
                          0.00   10.00   clock source latency
     1    0.01    0.00    0.00   10.00 ^ clk (in)
                                         clk (net)
                  0.00    0.00   10.00 ^ clkbuf_0_clk/A (sky130_fd_sc_hd__clkbuf_16)
     4    0.03    0.05    0.12   10.12 ^ clkbuf_0_clk/X (sky130_fd_sc_hd__clkbuf_16)
                                         clknet_0_clk (net)
                  0.05    0.00   10.12 ^ clkbuf_2_0__f_clk/A (sky130_fd_sc_hd__clkbuf_16)
     9    0.02    0.04    0.13   10.25 ^ clkbuf_2_0__f_clk/X (sky130_fd_sc_hd__clkbuf_16)
                                         clknet_2_0__leaf_clk (net)
                  0.04    0.00   10.25 ^ _339_/CLK (sky130_fd_sc_hd__dfrtp_1)
                          0.00   10.25   clock reconvergence pessimism
                         -0.08   10.17   library setup time
                                 10.17   data required time
-----------------------------------------------------------------------------
                                 10.17   data required time
                                 -2.50   data arrival time
-----------------------------------------------------------------------------
                                  7.68   slack (MET)


Startpoint: _342_ (rising edge-triggered flip-flop clocked by core_clock)
Endpoint: _345_ (rising edge-triggered flip-flop clocked by core_clock)
Path Group: core_clock
Path Type: max

Fanout     Cap    Slew   Delay    Time   Description
-----------------------------------------------------------------------------
                          0.00    0.00   clock core_clock (rise edge)
                          0.00    0.00   clock source latency
     1    0.01    0.00    0.00    0.00 ^ clk (in)
                                         clk (net)
                  0.00    0.00    0.00 ^ clkbuf_0_clk/A (sky130_fd_sc_hd__clkbuf_16)
     4    0.03    0.05    0.12    0.12 ^ clkbuf_0_clk/X (sky130_fd_sc_hd__clkbuf_16)
                                         clknet_0_clk (net)
                  0.05    0.00    0.12 ^ clkbuf_2_3__f_clk/A (sky130_fd_sc_hd__clkbuf_16)
     9    0.02    0.05    0.13    0.25 ^ clkbuf_2_3__f_clk/X (sky130_fd_sc_hd__clkbuf_16)
                                         clknet_2_3__leaf_clk (net)
                  0.05    0.00    0.25 ^ _342_/CLK (sky130_fd_sc_hd__dfrtp_4)
     5    0.02    0.08    0.50    0.75 v _342_/Q (sky130_fd_sc_hd__dfrtp_4)
                                         one_second_counter[12] (net)
                  0.08    0.00    0.75 v _180_/C (sky130_fd_sc_hd__and4_1)
     2    0.00    0.04    0.20    0.95 v _180_/X (sky130_fd_sc_hd__and4_1)
                                         _078_ (net)
                  0.04    0.00    0.95 v _181_/D (sky130_fd_sc_hd__or4_1)
     1    0.00    0.09    0.41    1.36 v _181_/X (sky130_fd_sc_hd__or4_1)
                                         _079_ (net)
                  0.09    0.00    1.36 v _184_/A3 (sky130_fd_sc_hd__o31a_1)
     1    0.01    0.09    0.30    1.66 v _184_/X (sky130_fd_sc_hd__o31a_1)
                                         _082_ (net)
                  0.09    0.00    1.66 v _186_/A2 (sky130_fd_sc_hd__o211ai_4)
     2    0.01    0.19    0.20    1.86 ^ _186_/Y (sky130_fd_sc_hd__o211ai_4)
                                         _084_ (net)
                  0.19    0.00    1.86 ^ _187_/A2 (sky130_fd_sc_hd__a21bo_2)
     9    0.02    0.10    0.21    2.07 ^ _187_/X (sky130_fd_sc_hd__a21bo_2)
                                         _085_ (net)
                  0.10    0.00    2.07 ^ _188_/A (sky130_fd_sc_hd__inv_2)
     2    0.01    0.04    0.05    2.13 v _188_/Y (sky130_fd_sc_hd__inv_2)
                                         _086_ (net)
                  0.04    0.00    2.13 v _189_/A (sky130_fd_sc_hd__clkbuf_4)
    10    0.04    0.09    0.19    2.32 v _189_/X (sky130_fd_sc_hd__clkbuf_4)
                                         _027_ (net)
                  0.09    0.00    2.32 v _246_/C1 (sky130_fd_sc_hd__a211oi_1)
     1    0.00    0.16    0.16    2.49 ^ _246_/Y (sky130_fd_sc_hd__a211oi_1)
                                         _006_ (net)
                  0.16    0.00    2.49 ^ _345_/D (sky130_fd_sc_hd__dfrtp_2)
                                  2.49   data arrival time

                         10.00   10.00   clock core_clock (rise edge)
                          0.00   10.00   clock source latency
     1    0.01    0.00    0.00   10.00 ^ clk (in)
                                         clk (net)
                  0.00    0.00   10.00 ^ clkbuf_0_clk/A (sky130_fd_sc_hd__clkbuf_16)
     4    0.03    0.05    0.12   10.12 ^ clkbuf_0_clk/X (sky130_fd_sc_hd__clkbuf_16)
                                         clknet_0_clk (net)
                  0.05    0.00   10.12 ^ clkbuf_2_3__f_clk/A (sky130_fd_sc_hd__clkbuf_16)
     9    0.02    0.05    0.13   10.25 ^ clkbuf_2_3__f_clk/X (sky130_fd_sc_hd__clkbuf_16)
                                         clknet_2_3__leaf_clk (net)
                  0.05    0.00   10.25 ^ _345_/CLK (sky130_fd_sc_hd__dfrtp_2)
                          0.00   10.25   clock reconvergence pessimism
                         -0.09   10.16   library setup time
                                 10.16   data required time
-----------------------------------------------------------------------------
                                 10.16   data required time
                                 -2.49   data arrival time
-----------------------------------------------------------------------------
                                  7.68   slack (MET)


Startpoint: _342_ (rising edge-triggered flip-flop clocked by core_clock)
Endpoint: _351_ (rising edge-triggered flip-flop clocked by core_clock)
Path Group: core_clock
Path Type: max

Fanout     Cap    Slew   Delay    Time   Description
-----------------------------------------------------------------------------
                          0.00    0.00   clock core_clock (rise edge)
                          0.00    0.00   clock source latency
     1    0.01    0.00    0.00    0.00 ^ clk (in)
                                         clk (net)
                  0.00    0.00    0.00 ^ clkbuf_0_clk/A (sky130_fd_sc_hd__clkbuf_16)
     4    0.03    0.05    0.12    0.12 ^ clkbuf_0_clk/X (sky130_fd_sc_hd__clkbuf_16)
                                         clknet_0_clk (net)
                  0.05    0.00    0.12 ^ clkbuf_2_3__f_clk/A (sky130_fd_sc_hd__clkbuf_16)
     9    0.02    0.05    0.13    0.25 ^ clkbuf_2_3__f_clk/X (sky130_fd_sc_hd__clkbuf_16)
                                         clknet_2_3__leaf_clk (net)
                  0.05    0.00    0.25 ^ _342_/CLK (sky130_fd_sc_hd__dfrtp_4)
     5    0.02    0.08    0.50    0.75 v _342_/Q (sky130_fd_sc_hd__dfrtp_4)
                                         one_second_counter[12] (net)
                  0.08    0.00    0.75 v _180_/C (sky130_fd_sc_hd__and4_1)
     2    0.00    0.04    0.20    0.95 v _180_/X (sky130_fd_sc_hd__and4_1)
                                         _078_ (net)
                  0.04    0.00    0.95 v _181_/D (sky130_fd_sc_hd__or4_1)
     1    0.00    0.09    0.41    1.36 v _181_/X (sky130_fd_sc_hd__or4_1)
                                         _079_ (net)
                  0.09    0.00    1.36 v _184_/A3 (sky130_fd_sc_hd__o31a_1)
     1    0.01    0.09    0.30    1.66 v _184_/X (sky130_fd_sc_hd__o31a_1)
                                         _082_ (net)
                  0.09    0.00    1.66 v _186_/A2 (sky130_fd_sc_hd__o211ai_4)
     2    0.01    0.19    0.20    1.86 ^ _186_/Y (sky130_fd_sc_hd__o211ai_4)
                                         _084_ (net)
                  0.19    0.00    1.86 ^ _187_/A2 (sky130_fd_sc_hd__a21bo_2)
     9    0.02    0.10    0.21    2.07 ^ _187_/X (sky130_fd_sc_hd__a21bo_2)
                                         _085_ (net)
                  0.10    0.00    2.07 ^ _188_/A (sky130_fd_sc_hd__inv_2)
     2    0.01    0.04    0.05    2.13 v _188_/Y (sky130_fd_sc_hd__inv_2)
                                         _086_ (net)
                  0.04    0.00    2.13 v _189_/A (sky130_fd_sc_hd__clkbuf_4)
    10    0.04    0.09    0.19    2.32 v _189_/X (sky130_fd_sc_hd__clkbuf_4)
                                         _027_ (net)
                  0.09    0.00    2.32 v _268_/C1 (sky130_fd_sc_hd__a211oi_1)
     1    0.00    0.16    0.16    2.48 ^ _268_/Y (sky130_fd_sc_hd__a211oi_1)
                                         _013_ (net)
                  0.16    0.00    2.48 ^ _351_/D (sky130_fd_sc_hd__dfrtp_2)
                                  2.48   data arrival time

                         10.00   10.00   clock core_clock (rise edge)
                          0.00   10.00   clock source latency
     1    0.01    0.00    0.00   10.00 ^ clk (in)
                                         clk (net)
                  0.00    0.00   10.00 ^ clkbuf_0_clk/A (sky130_fd_sc_hd__clkbuf_16)
     4    0.03    0.05    0.12   10.12 ^ clkbuf_0_clk/X (sky130_fd_sc_hd__clkbuf_16)
                                         clknet_0_clk (net)
                  0.05    0.00   10.12 ^ clkbuf_2_1__f_clk/A (sky130_fd_sc_hd__clkbuf_16)
    10    0.03    0.05    0.14   10.26 ^ clkbuf_2_1__f_clk/X (sky130_fd_sc_hd__clkbuf_16)
                                         clknet_2_1__leaf_clk (net)
                  0.05    0.00   10.26 ^ _351_/CLK (sky130_fd_sc_hd__dfrtp_2)
                          0.00   10.26   clock reconvergence pessimism
                         -0.09   10.17   library setup time
                                 10.17   data required time
-----------------------------------------------------------------------------
                                 10.17   data required time
                                 -2.48   data arrival time
-----------------------------------------------------------------------------
                                  7.68   slack (MET)


Startpoint: _342_ (rising edge-triggered flip-flop clocked by core_clock)
Endpoint: _340_ (rising edge-triggered flip-flop clocked by core_clock)
Path Group: core_clock
Path Type: max

Fanout     Cap    Slew   Delay    Time   Description
-----------------------------------------------------------------------------
                          0.00    0.00   clock core_clock (rise edge)
                          0.00    0.00   clock source latency
     1    0.01    0.00    0.00    0.00 ^ clk (in)
                                         clk (net)
                  0.00    0.00    0.00 ^ clkbuf_0_clk/A (sky130_fd_sc_hd__clkbuf_16)
     4    0.03    0.05    0.12    0.12 ^ clkbuf_0_clk/X (sky130_fd_sc_hd__clkbuf_16)
                                         clknet_0_clk (net)
                  0.05    0.00    0.12 ^ clkbuf_2_3__f_clk/A (sky130_fd_sc_hd__clkbuf_16)
     9    0.02    0.05    0.13    0.25 ^ clkbuf_2_3__f_clk/X (sky130_fd_sc_hd__clkbuf_16)
                                         clknet_2_3__leaf_clk (net)
                  0.05    0.00    0.25 ^ _342_/CLK (sky130_fd_sc_hd__dfrtp_4)
     5    0.02    0.08    0.50    0.75 v _342_/Q (sky130_fd_sc_hd__dfrtp_4)
                                         one_second_counter[12] (net)
                  0.08    0.00    0.75 v _180_/C (sky130_fd_sc_hd__and4_1)
     2    0.00    0.04    0.20    0.95 v _180_/X (sky130_fd_sc_hd__and4_1)
                                         _078_ (net)
                  0.04    0.00    0.95 v _181_/D (sky130_fd_sc_hd__or4_1)
     1    0.00    0.09    0.41    1.36 v _181_/X (sky130_fd_sc_hd__or4_1)
                                         _079_ (net)
                  0.09    0.00    1.36 v _184_/A3 (sky130_fd_sc_hd__o31a_1)
     1    0.01    0.09    0.30    1.66 v _184_/X (sky130_fd_sc_hd__o31a_1)
                                         _082_ (net)
                  0.09    0.00    1.66 v _186_/A2 (sky130_fd_sc_hd__o211ai_4)
     2    0.01    0.19    0.20    1.86 ^ _186_/Y (sky130_fd_sc_hd__o211ai_4)
                                         _084_ (net)
                  0.19    0.00    1.86 ^ _187_/A2 (sky130_fd_sc_hd__a21bo_2)
     9    0.02    0.10    0.21    2.07 ^ _187_/X (sky130_fd_sc_hd__a21bo_2)
                                         _085_ (net)
                  0.10    0.00    2.07 ^ _202_/A (sky130_fd_sc_hd__buf_2)
    10    0.02    0.09    0.16    2.24 ^ _202_/X (sky130_fd_sc_hd__buf_2)
                                         _095_ (net)
                  0.09    0.00    2.24 ^ _225_/A (sky130_fd_sc_hd__and3_1)
     1    0.00    0.05    0.14    2.38 ^ _225_/X (sky130_fd_sc_hd__and3_1)
                                         _112_ (net)
                  0.05    0.00    2.38 ^ _226_/A (sky130_fd_sc_hd__clkbuf_1)
     1    0.01    0.08    0.11    2.48 ^ _226_/X (sky130_fd_sc_hd__clkbuf_1)
                                         _001_ (net)
                  0.08    0.00    2.48 ^ _340_/D (sky130_fd_sc_hd__dfrtp_4)
                                  2.48   data arrival time

                         10.00   10.00   clock core_clock (rise edge)
                          0.00   10.00   clock source latency
     1    0.01    0.00    0.00   10.00 ^ clk (in)
                                         clk (net)
                  0.00    0.00   10.00 ^ clkbuf_0_clk/A (sky130_fd_sc_hd__clkbuf_16)
     4    0.03    0.05    0.12   10.12 ^ clkbuf_0_clk/X (sky130_fd_sc_hd__clkbuf_16)
                                         clknet_0_clk (net)
                  0.05    0.00   10.12 ^ clkbuf_2_2__f_clk/A (sky130_fd_sc_hd__clkbuf_16)
     7    0.02    0.04    0.13   10.25 ^ clkbuf_2_2__f_clk/X (sky130_fd_sc_hd__clkbuf_16)
                                         clknet_2_2__leaf_clk (net)
                  0.04    0.00   10.25 ^ _340_/CLK (sky130_fd_sc_hd__dfrtp_4)
                          0.00   10.25   clock reconvergence pessimism
                         -0.07   10.18   library setup time
                                 10.18   data required time
-----------------------------------------------------------------------------
                                 10.18   data required time
                                 -2.48   data arrival time
-----------------------------------------------------------------------------
                                  7.70   slack (MET)


Startpoint: _331_ (rising edge-triggered flip-flop clocked by core_clock)
Endpoint: _355_ (rising edge-triggered flip-flop clocked by core_clock)
Path Group: core_clock
Path Type: max

Fanout     Cap    Slew   Delay    Time   Description
-----------------------------------------------------------------------------
                          0.00    0.00   clock core_clock (rise edge)
                          0.00    0.00   clock source latency
     1    0.01    0.00    0.00    0.00 ^ clk (in)
                                         clk (net)
                  0.00    0.00    0.00 ^ clkbuf_0_clk/A (sky130_fd_sc_hd__clkbuf_16)
     4    0.03    0.05    0.12    0.12 ^ clkbuf_0_clk/X (sky130_fd_sc_hd__clkbuf_16)
                                         clknet_0_clk (net)
                  0.05    0.00    0.12 ^ clkbuf_2_0__f_clk/A (sky130_fd_sc_hd__clkbuf_16)
     9    0.02    0.04    0.13    0.25 ^ clkbuf_2_0__f_clk/X (sky130_fd_sc_hd__clkbuf_16)
                                         clknet_2_0__leaf_clk (net)
                  0.04    0.00    0.25 ^ _331_/CLK (sky130_fd_sc_hd__dfrtp_4)
     6    0.03    0.09    0.51    0.76 v _331_/Q (sky130_fd_sc_hd__dfrtp_4)
                                         one_second_counter[1] (net)
                  0.09    0.00    0.76 v _177_/C (sky130_fd_sc_hd__and4_4)
     7    0.03    0.07    0.24    1.00 v _177_/X (sky130_fd_sc_hd__and4_4)
                                         _075_ (net)
                  0.07    0.00    1.00 v _221_/C (sky130_fd_sc_hd__and4_2)
     6    0.01    0.06    0.25    1.26 v _221_/X (sky130_fd_sc_hd__and4_2)
                                         _109_ (net)
                  0.06    0.00    1.26 v _244_/D (sky130_fd_sc_hd__and4_1)
     1    0.01    0.08    0.25    1.50 v _244_/X (sky130_fd_sc_hd__and4_1)
                                         _126_ (net)
                  0.08    0.00    1.50 v _245_/A (sky130_fd_sc_hd__clkbuf_4)
    10    0.03    0.08    0.20    1.70 v _245_/X (sky130_fd_sc_hd__clkbuf_4)
                                         _127_ (net)
                  0.08    0.00    1.70 v _277_/B (sky130_fd_sc_hd__and3_2)
     4    0.01    0.05    0.22    1.92 v _277_/X (sky130_fd_sc_hd__and3_2)
                                         _150_ (net)
                  0.05    0.00    1.92 v _279_/B (sky130_fd_sc_hd__or2_1)
     1    0.01    0.07    0.23    2.15 v _279_/X (sky130_fd_sc_hd__or2_1)
                                         _151_ (net)
                  0.07    0.00    2.15 v _281_/B (sky130_fd_sc_hd__and3_1)
     1    0.00    0.03    0.16    2.32 v _281_/X (sky130_fd_sc_hd__and3_1)
                                         _153_ (net)
                  0.03    0.00    2.32 v _282_/A (sky130_fd_sc_hd__clkbuf_1)
     1    0.01    0.05    0.10    2.42 v _282_/X (sky130_fd_sc_hd__clkbuf_1)
                                         _017_ (net)
                  0.05    0.00    2.42 v _355_/D (sky130_fd_sc_hd__dfrtp_4)
                                  2.42   data arrival time

                         10.00   10.00   clock core_clock (rise edge)
                          0.00   10.00   clock source latency
     1    0.01    0.00    0.00   10.00 ^ clk (in)
                                         clk (net)
                  0.00    0.00   10.00 ^ clkbuf_0_clk/A (sky130_fd_sc_hd__clkbuf_16)
     4    0.03    0.05    0.12   10.12 ^ clkbuf_0_clk/X (sky130_fd_sc_hd__clkbuf_16)
                                         clknet_0_clk (net)
                  0.05    0.00   10.12 ^ clkbuf_2_2__f_clk/A (sky130_fd_sc_hd__clkbuf_16)
     7    0.02    0.04    0.13   10.25 ^ clkbuf_2_2__f_clk/X (sky130_fd_sc_hd__clkbuf_16)
                                         clknet_2_2__leaf_clk (net)
                  0.04    0.00   10.25 ^ _355_/CLK (sky130_fd_sc_hd__dfrtp_4)
                          0.00   10.25   clock reconvergence pessimism
                         -0.11   10.14   library setup time
                                 10.14   data required time
-----------------------------------------------------------------------------
                                 10.14   data required time
                                 -2.42   data arrival time
-----------------------------------------------------------------------------
                                  7.72   slack (MET)


Startpoint: _342_ (rising edge-triggered flip-flop clocked by core_clock)
Endpoint: _343_ (rising edge-triggered flip-flop clocked by core_clock)
Path Group: core_clock
Path Type: max

Fanout     Cap    Slew   Delay    Time   Description
-----------------------------------------------------------------------------
                          0.00    0.00   clock core_clock (rise edge)
                          0.00    0.00   clock source latency
     1    0.01    0.00    0.00    0.00 ^ clk (in)
                                         clk (net)
                  0.00    0.00    0.00 ^ clkbuf_0_clk/A (sky130_fd_sc_hd__clkbuf_16)
     4    0.03    0.05    0.12    0.12 ^ clkbuf_0_clk/X (sky130_fd_sc_hd__clkbuf_16)
                                         clknet_0_clk (net)
                  0.05    0.00    0.12 ^ clkbuf_2_3__f_clk/A (sky130_fd_sc_hd__clkbuf_16)
     9    0.02    0.05    0.13    0.25 ^ clkbuf_2_3__f_clk/X (sky130_fd_sc_hd__clkbuf_16)
                                         clknet_2_3__leaf_clk (net)
                  0.05    0.00    0.25 ^ _342_/CLK (sky130_fd_sc_hd__dfrtp_4)
     5    0.02    0.08    0.50    0.75 v _342_/Q (sky130_fd_sc_hd__dfrtp_4)
                                         one_second_counter[12] (net)
                  0.08    0.00    0.75 v _180_/C (sky130_fd_sc_hd__and4_1)
     2    0.00    0.04    0.20    0.95 v _180_/X (sky130_fd_sc_hd__and4_1)
                                         _078_ (net)
                  0.04    0.00    0.95 v _181_/D (sky130_fd_sc_hd__or4_1)
     1    0.00    0.09    0.41    1.36 v _181_/X (sky130_fd_sc_hd__or4_1)
                                         _079_ (net)
                  0.09    0.00    1.36 v _184_/A3 (sky130_fd_sc_hd__o31a_1)
     1    0.01    0.09    0.30    1.66 v _184_/X (sky130_fd_sc_hd__o31a_1)
                                         _082_ (net)
                  0.09    0.00    1.66 v _186_/A2 (sky130_fd_sc_hd__o211ai_4)
     2    0.01    0.19    0.20    1.86 ^ _186_/Y (sky130_fd_sc_hd__o211ai_4)
                                         _084_ (net)
                  0.19    0.00    1.86 ^ _187_/A2 (sky130_fd_sc_hd__a21bo_2)
     9    0.02    0.10    0.21    2.07 ^ _187_/X (sky130_fd_sc_hd__a21bo_2)
                                         _085_ (net)
                  0.10    0.00    2.07 ^ _202_/A (sky130_fd_sc_hd__buf_2)
    10    0.02    0.09    0.16    2.24 ^ _202_/X (sky130_fd_sc_hd__buf_2)
                                         _095_ (net)
                  0.09    0.00    2.24 ^ _236_/A (sky130_fd_sc_hd__and3_1)
     1    0.00    0.04    0.14    2.38 ^ _236_/X (sky130_fd_sc_hd__and3_1)
                                         _120_ (net)
                  0.04    0.00    2.38 ^ _237_/A (sky130_fd_sc_hd__clkbuf_1)
     1    0.00    0.05    0.08    2.46 ^ _237_/X (sky130_fd_sc_hd__clkbuf_1)
                                         _004_ (net)
                  0.05    0.00    2.46 ^ _343_/D (sky130_fd_sc_hd__dfrtp_2)
                                  2.46   data arrival time

                         10.00   10.00   clock core_clock (rise edge)
                          0.00   10.00   clock source latency
     1    0.01    0.00    0.00   10.00 ^ clk (in)
                                         clk (net)
                  0.00    0.00   10.00 ^ clkbuf_0_clk/A (sky130_fd_sc_hd__clkbuf_16)
     4    0.03    0.05    0.12   10.12 ^ clkbuf_0_clk/X (sky130_fd_sc_hd__clkbuf_16)
                                         clknet_0_clk (net)
                  0.05    0.00   10.12 ^ clkbuf_2_2__f_clk/A (sky130_fd_sc_hd__clkbuf_16)
     7    0.02    0.04    0.13   10.25 ^ clkbuf_2_2__f_clk/X (sky130_fd_sc_hd__clkbuf_16)
                                         clknet_2_2__leaf_clk (net)
                  0.04    0.00   10.25 ^ _343_/CLK (sky130_fd_sc_hd__dfrtp_2)
                          0.00   10.25   clock reconvergence pessimism
                         -0.06   10.19   library setup time
                                 10.19   data required time
-----------------------------------------------------------------------------
                                 10.19   data required time
                                 -2.46   data arrival time
-----------------------------------------------------------------------------
                                  7.72   slack (MET)


Startpoint: _342_ (rising edge-triggered flip-flop clocked by core_clock)
Endpoint: _334_ (rising edge-triggered flip-flop clocked by core_clock)
Path Group: core_clock
Path Type: max

Fanout     Cap    Slew   Delay    Time   Description
-----------------------------------------------------------------------------
                          0.00    0.00   clock core_clock (rise edge)
                          0.00    0.00   clock source latency
     1    0.01    0.00    0.00    0.00 ^ clk (in)
                                         clk (net)
                  0.00    0.00    0.00 ^ clkbuf_0_clk/A (sky130_fd_sc_hd__clkbuf_16)
     4    0.03    0.05    0.12    0.12 ^ clkbuf_0_clk/X (sky130_fd_sc_hd__clkbuf_16)
                                         clknet_0_clk (net)
                  0.05    0.00    0.12 ^ clkbuf_2_3__f_clk/A (sky130_fd_sc_hd__clkbuf_16)
     9    0.02    0.05    0.13    0.25 ^ clkbuf_2_3__f_clk/X (sky130_fd_sc_hd__clkbuf_16)
                                         clknet_2_3__leaf_clk (net)
                  0.05    0.00    0.25 ^ _342_/CLK (sky130_fd_sc_hd__dfrtp_4)
     5    0.02    0.08    0.50    0.75 v _342_/Q (sky130_fd_sc_hd__dfrtp_4)
                                         one_second_counter[12] (net)
                  0.08    0.00    0.75 v _180_/C (sky130_fd_sc_hd__and4_1)
     2    0.00    0.04    0.20    0.95 v _180_/X (sky130_fd_sc_hd__and4_1)
                                         _078_ (net)
                  0.04    0.00    0.95 v _181_/D (sky130_fd_sc_hd__or4_1)
     1    0.00    0.09    0.41    1.36 v _181_/X (sky130_fd_sc_hd__or4_1)
                                         _079_ (net)
                  0.09    0.00    1.36 v _184_/A3 (sky130_fd_sc_hd__o31a_1)
     1    0.01    0.09    0.30    1.66 v _184_/X (sky130_fd_sc_hd__o31a_1)
                                         _082_ (net)
                  0.09    0.00    1.66 v _186_/A2 (sky130_fd_sc_hd__o211ai_4)
     2    0.01    0.19    0.20    1.86 ^ _186_/Y (sky130_fd_sc_hd__o211ai_4)
                                         _084_ (net)
                  0.19    0.00    1.86 ^ _187_/A2 (sky130_fd_sc_hd__a21bo_2)
     9    0.02    0.10    0.21    2.07 ^ _187_/X (sky130_fd_sc_hd__a21bo_2)
                                         _085_ (net)
                  0.10    0.00    2.07 ^ _202_/A (sky130_fd_sc_hd__buf_2)
    10    0.02    0.09    0.16    2.24 ^ _202_/X (sky130_fd_sc_hd__buf_2)
                                         _095_ (net)
                  0.09    0.00    2.24 ^ _205_/A (sky130_fd_sc_hd__and3_1)
     1    0.00    0.05    0.14    2.38 ^ _205_/X (sky130_fd_sc_hd__and3_1)
                                         _098_ (net)
                  0.05    0.00    2.38 ^ _206_/A (sky130_fd_sc_hd__buf_1)
     1    0.00    0.04    0.07    2.45 ^ _206_/X (sky130_fd_sc_hd__buf_1)
                                         _021_ (net)
                  0.04    0.00    2.45 ^ _334_/D (sky130_fd_sc_hd__dfrtp_4)
                                  2.45   data arrival time

                         10.00   10.00   clock core_clock (rise edge)
                          0.00   10.00   clock source latency
     1    0.01    0.00    0.00   10.00 ^ clk (in)
                                         clk (net)
                  0.00    0.00   10.00 ^ clkbuf_0_clk/A (sky130_fd_sc_hd__clkbuf_16)
     4    0.03    0.05    0.12   10.12 ^ clkbuf_0_clk/X (sky130_fd_sc_hd__clkbuf_16)
                                         clknet_0_clk (net)
                  0.05    0.00   10.12 ^ clkbuf_2_0__f_clk/A (sky130_fd_sc_hd__clkbuf_16)
     9    0.02    0.04    0.13   10.25 ^ clkbuf_2_0__f_clk/X (sky130_fd_sc_hd__clkbuf_16)
                                         clknet_2_0__leaf_clk (net)
                  0.04    0.00   10.25 ^ _334_/CLK (sky130_fd_sc_hd__dfrtp_4)
                          0.00   10.25   clock reconvergence pessimism
                         -0.06   10.19   library setup time
                                 10.19   data required time
-----------------------------------------------------------------------------
                                 10.19   data required time
                                 -2.45   data arrival time
-----------------------------------------------------------------------------
                                  7.73   slack (MET)


Startpoint: _342_ (rising edge-triggered flip-flop clocked by core_clock)
Endpoint: _336_ (rising edge-triggered flip-flop clocked by core_clock)
Path Group: core_clock
Path Type: max

Fanout     Cap    Slew   Delay    Time   Description
-----------------------------------------------------------------------------
                          0.00    0.00   clock core_clock (rise edge)
                          0.00    0.00   clock source latency
     1    0.01    0.00    0.00    0.00 ^ clk (in)
                                         clk (net)
                  0.00    0.00    0.00 ^ clkbuf_0_clk/A (sky130_fd_sc_hd__clkbuf_16)
     4    0.03    0.05    0.12    0.12 ^ clkbuf_0_clk/X (sky130_fd_sc_hd__clkbuf_16)
                                         clknet_0_clk (net)
                  0.05    0.00    0.12 ^ clkbuf_2_3__f_clk/A (sky130_fd_sc_hd__clkbuf_16)
     9    0.02    0.05    0.13    0.25 ^ clkbuf_2_3__f_clk/X (sky130_fd_sc_hd__clkbuf_16)
                                         clknet_2_3__leaf_clk (net)
                  0.05    0.00    0.25 ^ _342_/CLK (sky130_fd_sc_hd__dfrtp_4)
     5    0.02    0.08    0.50    0.75 v _342_/Q (sky130_fd_sc_hd__dfrtp_4)
                                         one_second_counter[12] (net)
                  0.08    0.00    0.75 v _180_/C (sky130_fd_sc_hd__and4_1)
     2    0.00    0.04    0.20    0.95 v _180_/X (sky130_fd_sc_hd__and4_1)
                                         _078_ (net)
                  0.04    0.00    0.95 v _181_/D (sky130_fd_sc_hd__or4_1)
     1    0.00    0.09    0.41    1.36 v _181_/X (sky130_fd_sc_hd__or4_1)
                                         _079_ (net)
                  0.09    0.00    1.36 v _184_/A3 (sky130_fd_sc_hd__o31a_1)
     1    0.01    0.09    0.30    1.66 v _184_/X (sky130_fd_sc_hd__o31a_1)
                                         _082_ (net)
                  0.09    0.00    1.66 v _186_/A2 (sky130_fd_sc_hd__o211ai_4)
     2    0.01    0.19    0.20    1.86 ^ _186_/Y (sky130_fd_sc_hd__o211ai_4)
                                         _084_ (net)
                  0.19    0.00    1.86 ^ _187_/A2 (sky130_fd_sc_hd__a21bo_2)
     9    0.02    0.10    0.21    2.07 ^ _187_/X (sky130_fd_sc_hd__a21bo_2)
                                         _085_ (net)
                  0.10    0.00    2.07 ^ _202_/A (sky130_fd_sc_hd__buf_2)
    10    0.02    0.09    0.16    2.24 ^ _202_/X (sky130_fd_sc_hd__buf_2)
                                         _095_ (net)
                  0.09    0.00    2.24 ^ _212_/A (sky130_fd_sc_hd__and3_1)
     1    0.00    0.05    0.14    2.38 ^ _212_/X (sky130_fd_sc_hd__and3_1)
                                         _103_ (net)
                  0.05    0.00    2.38 ^ _213_/A (sky130_fd_sc_hd__buf_1)
     1    0.00    0.04    0.07    2.45 ^ _213_/X (sky130_fd_sc_hd__buf_1)
                                         _023_ (net)
                  0.04    0.00    2.45 ^ _336_/D (sky130_fd_sc_hd__dfrtp_1)
                                  2.45   data arrival time

                         10.00   10.00   clock core_clock (rise edge)
                          0.00   10.00   clock source latency
     1    0.01    0.00    0.00   10.00 ^ clk (in)
                                         clk (net)
                  0.00    0.00   10.00 ^ clkbuf_0_clk/A (sky130_fd_sc_hd__clkbuf_16)
     4    0.03    0.05    0.12   10.12 ^ clkbuf_0_clk/X (sky130_fd_sc_hd__clkbuf_16)
                                         clknet_0_clk (net)
                  0.05    0.00   10.12 ^ clkbuf_2_0__f_clk/A (sky130_fd_sc_hd__clkbuf_16)
     9    0.02    0.04    0.13   10.25 ^ clkbuf_2_0__f_clk/X (sky130_fd_sc_hd__clkbuf_16)
                                         clknet_2_0__leaf_clk (net)
                  0.04    0.00   10.25 ^ _336_/CLK (sky130_fd_sc_hd__dfrtp_1)
                          0.00   10.25   clock reconvergence pessimism
                         -0.06   10.19   library setup time
                                 10.19   data required time
-----------------------------------------------------------------------------
                                 10.19   data required time
                                 -2.45   data arrival time
-----------------------------------------------------------------------------
                                  7.74   slack (MET)


Startpoint: _342_ (rising edge-triggered flip-flop clocked by core_clock)
Endpoint: _356_ (rising edge-triggered flip-flop clocked by core_clock)
Path Group: core_clock
Path Type: max

Fanout     Cap    Slew   Delay    Time   Description
-----------------------------------------------------------------------------
                          0.00    0.00   clock core_clock (rise edge)
                          0.00    0.00   clock source latency
     1    0.01    0.00    0.00    0.00 ^ clk (in)
                                         clk (net)
                  0.00    0.00    0.00 ^ clkbuf_0_clk/A (sky130_fd_sc_hd__clkbuf_16)
     4    0.03    0.05    0.12    0.12 ^ clkbuf_0_clk/X (sky130_fd_sc_hd__clkbuf_16)
                                         clknet_0_clk (net)
                  0.05    0.00    0.12 ^ clkbuf_2_3__f_clk/A (sky130_fd_sc_hd__clkbuf_16)
     9    0.02    0.05    0.13    0.25 ^ clkbuf_2_3__f_clk/X (sky130_fd_sc_hd__clkbuf_16)
                                         clknet_2_3__leaf_clk (net)
                  0.05    0.00    0.25 ^ _342_/CLK (sky130_fd_sc_hd__dfrtp_4)
     5    0.02    0.08    0.50    0.75 v _342_/Q (sky130_fd_sc_hd__dfrtp_4)
                                         one_second_counter[12] (net)
                  0.08    0.00    0.75 v _180_/C (sky130_fd_sc_hd__and4_1)
     2    0.00    0.04    0.20    0.95 v _180_/X (sky130_fd_sc_hd__and4_1)
                                         _078_ (net)
                  0.04    0.00    0.95 v _181_/D (sky130_fd_sc_hd__or4_1)
     1    0.00    0.09    0.41    1.36 v _181_/X (sky130_fd_sc_hd__or4_1)
                                         _079_ (net)
                  0.09    0.00    1.36 v _184_/A3 (sky130_fd_sc_hd__o31a_1)
     1    0.01    0.09    0.30    1.66 v _184_/X (sky130_fd_sc_hd__o31a_1)
                                         _082_ (net)
                  0.09    0.00    1.66 v _186_/A2 (sky130_fd_sc_hd__o211ai_4)
     2    0.01    0.19    0.20    1.86 ^ _186_/Y (sky130_fd_sc_hd__o211ai_4)
                                         _084_ (net)
                  0.19    0.00    1.86 ^ _187_/A2 (sky130_fd_sc_hd__a21bo_2)
     9    0.02    0.10    0.21    2.07 ^ _187_/X (sky130_fd_sc_hd__a21bo_2)
                                         _085_ (net)
                  0.10    0.00    2.07 ^ _202_/A (sky130_fd_sc_hd__buf_2)
    10    0.02    0.09    0.16    2.24 ^ _202_/X (sky130_fd_sc_hd__buf_2)
                                         _095_ (net)
                  0.09    0.00    2.24 ^ _284_/B1 (sky130_fd_sc_hd__o211a_1)
     1    0.01    0.07    0.18    2.41 ^ _284_/X (sky130_fd_sc_hd__o211a_1)
                                         _018_ (net)
                  0.07    0.00    2.41 ^ _356_/D (sky130_fd_sc_hd__dfrtp_1)
                                  2.41   data arrival time

                         10.00   10.00   clock core_clock (rise edge)
                          0.00   10.00   clock source latency
     1    0.01    0.00    0.00   10.00 ^ clk (in)
                                         clk (net)
                  0.00    0.00   10.00 ^ clkbuf_0_clk/A (sky130_fd_sc_hd__clkbuf_16)
     4    0.03    0.05    0.12   10.12 ^ clkbuf_0_clk/X (sky130_fd_sc_hd__clkbuf_16)
                                         clknet_0_clk (net)
                  0.05    0.00   10.12 ^ clkbuf_2_0__f_clk/A (sky130_fd_sc_hd__clkbuf_16)
     9    0.02    0.04    0.13   10.25 ^ clkbuf_2_0__f_clk/X (sky130_fd_sc_hd__clkbuf_16)
                                         clknet_2_0__leaf_clk (net)
                  0.04    0.00   10.25 ^ _356_/CLK (sky130_fd_sc_hd__dfrtp_1)
                          0.00   10.25   clock reconvergence pessimism
                         -0.07   10.18   library setup time
                                 10.18   data required time
-----------------------------------------------------------------------------
                                 10.18   data required time
                                 -2.41   data arrival time
-----------------------------------------------------------------------------
                                  7.77   slack (MET)


Startpoint: _342_ (rising edge-triggered flip-flop clocked by core_clock)
Endpoint: _337_ (rising edge-triggered flip-flop clocked by core_clock)
Path Group: core_clock
Path Type: max

Fanout     Cap    Slew   Delay    Time   Description
-----------------------------------------------------------------------------
                          0.00    0.00   clock core_clock (rise edge)
                          0.00    0.00   clock source latency
     1    0.01    0.00    0.00    0.00 ^ clk (in)
                                         clk (net)
                  0.00    0.00    0.00 ^ clkbuf_0_clk/A (sky130_fd_sc_hd__clkbuf_16)
     4    0.03    0.05    0.12    0.12 ^ clkbuf_0_clk/X (sky130_fd_sc_hd__clkbuf_16)
                                         clknet_0_clk (net)
                  0.05    0.00    0.12 ^ clkbuf_2_3__f_clk/A (sky130_fd_sc_hd__clkbuf_16)
     9    0.02    0.05    0.13    0.25 ^ clkbuf_2_3__f_clk/X (sky130_fd_sc_hd__clkbuf_16)
                                         clknet_2_3__leaf_clk (net)
                  0.05    0.00    0.25 ^ _342_/CLK (sky130_fd_sc_hd__dfrtp_4)
     5    0.02    0.08    0.50    0.75 v _342_/Q (sky130_fd_sc_hd__dfrtp_4)
                                         one_second_counter[12] (net)
                  0.08    0.00    0.75 v _180_/C (sky130_fd_sc_hd__and4_1)
     2    0.00    0.04    0.20    0.95 v _180_/X (sky130_fd_sc_hd__and4_1)
                                         _078_ (net)
                  0.04    0.00    0.95 v _181_/D (sky130_fd_sc_hd__or4_1)
     1    0.00    0.09    0.41    1.36 v _181_/X (sky130_fd_sc_hd__or4_1)
                                         _079_ (net)
                  0.09    0.00    1.36 v _184_/A3 (sky130_fd_sc_hd__o31a_1)
     1    0.01    0.09    0.30    1.66 v _184_/X (sky130_fd_sc_hd__o31a_1)
                                         _082_ (net)
                  0.09    0.00    1.66 v _186_/A2 (sky130_fd_sc_hd__o211ai_4)
     2    0.01    0.19    0.20    1.86 ^ _186_/Y (sky130_fd_sc_hd__o211ai_4)
                                         _084_ (net)
                  0.19    0.00    1.86 ^ _187_/A2 (sky130_fd_sc_hd__a21bo_2)
     9    0.02    0.10    0.21    2.07 ^ _187_/X (sky130_fd_sc_hd__a21bo_2)
                                         _085_ (net)
                  0.10    0.00    2.07 ^ _188_/A (sky130_fd_sc_hd__inv_2)
     2    0.01    0.04    0.05    2.13 v _188_/Y (sky130_fd_sc_hd__inv_2)
                                         _086_ (net)
                  0.04    0.00    2.13 v _215_/B1 (sky130_fd_sc_hd__a211oi_2)
     1    0.01    0.23    0.25    2.38 ^ _215_/Y (sky130_fd_sc_hd__a211oi_2)
                                         _024_ (net)
                  0.23    0.00    2.38 ^ _337_/D (sky130_fd_sc_hd__dfrtp_1)
                                  2.38   data arrival time

                         10.00   10.00   clock core_clock (rise edge)
                          0.00   10.00   clock source latency
     1    0.01    0.00    0.00   10.00 ^ clk (in)
                                         clk (net)
                  0.00    0.00   10.00 ^ clkbuf_0_clk/A (sky130_fd_sc_hd__clkbuf_16)
     4    0.03    0.05    0.12   10.12 ^ clkbuf_0_clk/X (sky130_fd_sc_hd__clkbuf_16)
                                         clknet_0_clk (net)
                  0.05    0.00   10.12 ^ clkbuf_2_0__f_clk/A (sky130_fd_sc_hd__clkbuf_16)
     9    0.02    0.04    0.13   10.25 ^ clkbuf_2_0__f_clk/X (sky130_fd_sc_hd__clkbuf_16)
                                         clknet_2_0__leaf_clk (net)
                  0.04    0.00   10.25 ^ _337_/CLK (sky130_fd_sc_hd__dfrtp_1)
                          0.00   10.25   clock reconvergence pessimism
                         -0.10   10.15   library setup time
                                 10.15   data required time
-----------------------------------------------------------------------------
                                 10.15   data required time
                                 -2.38   data arrival time
-----------------------------------------------------------------------------
                                  7.77   slack (MET)


Startpoint: _342_ (rising edge-triggered flip-flop clocked by core_clock)
Endpoint: _333_ (rising edge-triggered flip-flop clocked by core_clock)
Path Group: core_clock
Path Type: max

Fanout     Cap    Slew   Delay    Time   Description
-----------------------------------------------------------------------------
                          0.00    0.00   clock core_clock (rise edge)
                          0.00    0.00   clock source latency
     1    0.01    0.00    0.00    0.00 ^ clk (in)
                                         clk (net)
                  0.00    0.00    0.00 ^ clkbuf_0_clk/A (sky130_fd_sc_hd__clkbuf_16)
     4    0.03    0.05    0.12    0.12 ^ clkbuf_0_clk/X (sky130_fd_sc_hd__clkbuf_16)
                                         clknet_0_clk (net)
                  0.05    0.00    0.12 ^ clkbuf_2_3__f_clk/A (sky130_fd_sc_hd__clkbuf_16)
     9    0.02    0.05    0.13    0.25 ^ clkbuf_2_3__f_clk/X (sky130_fd_sc_hd__clkbuf_16)
                                         clknet_2_3__leaf_clk (net)
                  0.05    0.00    0.25 ^ _342_/CLK (sky130_fd_sc_hd__dfrtp_4)
     5    0.02    0.08    0.50    0.75 v _342_/Q (sky130_fd_sc_hd__dfrtp_4)
                                         one_second_counter[12] (net)
                  0.08    0.00    0.75 v _180_/C (sky130_fd_sc_hd__and4_1)
     2    0.00    0.04    0.20    0.95 v _180_/X (sky130_fd_sc_hd__and4_1)
                                         _078_ (net)
                  0.04    0.00    0.95 v _181_/D (sky130_fd_sc_hd__or4_1)
     1    0.00    0.09    0.41    1.36 v _181_/X (sky130_fd_sc_hd__or4_1)
                                         _079_ (net)
                  0.09    0.00    1.36 v _184_/A3 (sky130_fd_sc_hd__o31a_1)
     1    0.01    0.09    0.30    1.66 v _184_/X (sky130_fd_sc_hd__o31a_1)
                                         _082_ (net)
                  0.09    0.00    1.66 v _186_/A2 (sky130_fd_sc_hd__o211ai_4)
     2    0.01    0.19    0.20    1.86 ^ _186_/Y (sky130_fd_sc_hd__o211ai_4)
                                         _084_ (net)
                  0.19    0.00    1.86 ^ _187_/A2 (sky130_fd_sc_hd__a21bo_2)
     9    0.02    0.10    0.21    2.07 ^ _187_/X (sky130_fd_sc_hd__a21bo_2)
                                         _085_ (net)
                  0.10    0.00    2.07 ^ _200_/B (sky130_fd_sc_hd__and3b_1)
     1    0.01    0.08    0.19    2.26 ^ _200_/X (sky130_fd_sc_hd__and3b_1)
                                         _094_ (net)
                  0.08    0.00    2.26 ^ _201_/A (sky130_fd_sc_hd__buf_1)
     1    0.01    0.11    0.14    2.40 ^ _201_/X (sky130_fd_sc_hd__buf_1)
                                         _020_ (net)
                  0.11    0.00    2.40 ^ _333_/D (sky130_fd_sc_hd__dfrtp_2)
                                  2.40   data arrival time

                         10.00   10.00   clock core_clock (rise edge)
                          0.00   10.00   clock source latency
     1    0.01    0.00    0.00   10.00 ^ clk (in)
                                         clk (net)
                  0.00    0.00   10.00 ^ clkbuf_0_clk/A (sky130_fd_sc_hd__clkbuf_16)
     4    0.03    0.05    0.12   10.12 ^ clkbuf_0_clk/X (sky130_fd_sc_hd__clkbuf_16)
                                         clknet_0_clk (net)
                  0.05    0.00   10.12 ^ clkbuf_2_3__f_clk/A (sky130_fd_sc_hd__clkbuf_16)
     9    0.02    0.05    0.13   10.25 ^ clkbuf_2_3__f_clk/X (sky130_fd_sc_hd__clkbuf_16)
                                         clknet_2_3__leaf_clk (net)
                  0.05    0.00   10.25 ^ _333_/CLK (sky130_fd_sc_hd__dfrtp_2)
                          0.00   10.25   clock reconvergence pessimism
                         -0.08   10.17   library setup time
                                 10.17   data required time
-----------------------------------------------------------------------------
                                 10.17   data required time
                                 -2.40   data arrival time
-----------------------------------------------------------------------------
                                  7.77   slack (MET)


Startpoint: _331_ (rising edge-triggered flip-flop clocked by core_clock)
Endpoint: _352_ (rising edge-triggered flip-flop clocked by core_clock)
Path Group: core_clock
Path Type: max

Fanout     Cap    Slew   Delay    Time   Description
-----------------------------------------------------------------------------
                          0.00    0.00   clock core_clock (rise edge)
                          0.00    0.00   clock source latency
     1    0.01    0.00    0.00    0.00 ^ clk (in)
                                         clk (net)
                  0.00    0.00    0.00 ^ clkbuf_0_clk/A (sky130_fd_sc_hd__clkbuf_16)
     4    0.03    0.05    0.12    0.12 ^ clkbuf_0_clk/X (sky130_fd_sc_hd__clkbuf_16)
                                         clknet_0_clk (net)
                  0.05    0.00    0.12 ^ clkbuf_2_0__f_clk/A (sky130_fd_sc_hd__clkbuf_16)
     9    0.02    0.04    0.13    0.25 ^ clkbuf_2_0__f_clk/X (sky130_fd_sc_hd__clkbuf_16)
                                         clknet_2_0__leaf_clk (net)
                  0.04    0.00    0.25 ^ _331_/CLK (sky130_fd_sc_hd__dfrtp_4)
     6    0.03    0.09    0.51    0.76 v _331_/Q (sky130_fd_sc_hd__dfrtp_4)
                                         one_second_counter[1] (net)
                  0.09    0.00    0.76 v _177_/C (sky130_fd_sc_hd__and4_4)
     7    0.03    0.07    0.24    1.00 v _177_/X (sky130_fd_sc_hd__and4_4)
                                         _075_ (net)
                  0.07    0.00    1.00 v _221_/C (sky130_fd_sc_hd__and4_2)
     6    0.01    0.06    0.25    1.26 v _221_/X (sky130_fd_sc_hd__and4_2)
                                         _109_ (net)
                  0.06    0.00    1.26 v _244_/D (sky130_fd_sc_hd__and4_1)
     1    0.01    0.08    0.25    1.50 v _244_/X (sky130_fd_sc_hd__and4_1)
                                         _126_ (net)
                  0.08    0.00    1.50 v _245_/A (sky130_fd_sc_hd__clkbuf_4)
    10    0.03    0.08    0.20    1.70 v _245_/X (sky130_fd_sc_hd__clkbuf_4)
                                         _127_ (net)
                  0.08    0.00    1.70 v _267_/C (sky130_fd_sc_hd__and4_1)
     3    0.01    0.07    0.24    1.94 v _267_/X (sky130_fd_sc_hd__and4_1)
                                         _143_ (net)
                  0.07    0.00    1.94 v _269_/B (sky130_fd_sc_hd__or2_1)
     1    0.00    0.04    0.20    2.14 v _269_/X (sky130_fd_sc_hd__or2_1)
                                         _144_ (net)
                  0.04    0.00    2.14 v _271_/B (sky130_fd_sc_hd__and3_1)
     1    0.00    0.03    0.15    2.29 v _271_/X (sky130_fd_sc_hd__and3_1)
                                         _146_ (net)
                  0.03    0.00    2.29 v _272_/A (sky130_fd_sc_hd__clkbuf_1)
     1    0.00    0.03    0.08    2.38 v _272_/X (sky130_fd_sc_hd__clkbuf_1)
                                         _014_ (net)
                  0.03    0.00    2.38 v _352_/D (sky130_fd_sc_hd__dfrtp_1)
                                  2.38   data arrival time

                         10.00   10.00   clock core_clock (rise edge)
                          0.00   10.00   clock source latency
     1    0.01    0.00    0.00   10.00 ^ clk (in)
                                         clk (net)
                  0.00    0.00   10.00 ^ clkbuf_0_clk/A (sky130_fd_sc_hd__clkbuf_16)
     4    0.03    0.05    0.12   10.12 ^ clkbuf_0_clk/X (sky130_fd_sc_hd__clkbuf_16)
                                         clknet_0_clk (net)
                  0.05    0.00   10.12 ^ clkbuf_2_1__f_clk/A (sky130_fd_sc_hd__clkbuf_16)
    10    0.03    0.05    0.14   10.26 ^ clkbuf_2_1__f_clk/X (sky130_fd_sc_hd__clkbuf_16)
                                         clknet_2_1__leaf_clk (net)
                  0.05    0.00   10.26 ^ _352_/CLK (sky130_fd_sc_hd__dfrtp_1)
                          0.00   10.26   clock reconvergence pessimism
                         -0.11   10.15   library setup time
                                 10.15   data required time
-----------------------------------------------------------------------------
                                 10.15   data required time
                                 -2.38   data arrival time
-----------------------------------------------------------------------------
                                  7.77   slack (MET)


Startpoint: _342_ (rising edge-triggered flip-flop clocked by core_clock)
Endpoint: _338_ (rising edge-triggered flip-flop clocked by core_clock)
Path Group: core_clock
Path Type: max

Fanout     Cap    Slew   Delay    Time   Description
-----------------------------------------------------------------------------
                          0.00    0.00   clock core_clock (rise edge)
                          0.00    0.00   clock source latency
     1    0.01    0.00    0.00    0.00 ^ clk (in)
                                         clk (net)
                  0.00    0.00    0.00 ^ clkbuf_0_clk/A (sky130_fd_sc_hd__clkbuf_16)
     4    0.03    0.05    0.12    0.12 ^ clkbuf_0_clk/X (sky130_fd_sc_hd__clkbuf_16)
                                         clknet_0_clk (net)
                  0.05    0.00    0.12 ^ clkbuf_2_3__f_clk/A (sky130_fd_sc_hd__clkbuf_16)
     9    0.02    0.05    0.13    0.25 ^ clkbuf_2_3__f_clk/X (sky130_fd_sc_hd__clkbuf_16)
                                         clknet_2_3__leaf_clk (net)
                  0.05    0.00    0.25 ^ _342_/CLK (sky130_fd_sc_hd__dfrtp_4)
     5    0.02    0.08    0.50    0.75 v _342_/Q (sky130_fd_sc_hd__dfrtp_4)
                                         one_second_counter[12] (net)
                  0.08    0.00    0.75 v _180_/C (sky130_fd_sc_hd__and4_1)
     2    0.00    0.04    0.20    0.95 v _180_/X (sky130_fd_sc_hd__and4_1)
                                         _078_ (net)
                  0.04    0.00    0.95 v _181_/D (sky130_fd_sc_hd__or4_1)
     1    0.00    0.09    0.41    1.36 v _181_/X (sky130_fd_sc_hd__or4_1)
                                         _079_ (net)
                  0.09    0.00    1.36 v _184_/A3 (sky130_fd_sc_hd__o31a_1)
     1    0.01    0.09    0.30    1.66 v _184_/X (sky130_fd_sc_hd__o31a_1)
                                         _082_ (net)
                  0.09    0.00    1.66 v _186_/A2 (sky130_fd_sc_hd__o211ai_4)
     2    0.01    0.19    0.20    1.86 ^ _186_/Y (sky130_fd_sc_hd__o211ai_4)
                                         _084_ (net)
                  0.19    0.00    1.86 ^ _187_/A2 (sky130_fd_sc_hd__a21bo_2)
     9    0.02    0.10    0.21    2.07 ^ _187_/X (sky130_fd_sc_hd__a21bo_2)
                                         _085_ (net)
                  0.10    0.00    2.07 ^ _218_/B (sky130_fd_sc_hd__and3_1)
     1    0.01    0.08    0.19    2.26 ^ _218_/X (sky130_fd_sc_hd__and3_1)
                                         _107_ (net)
                  0.08    0.00    2.26 ^ _219_/A (sky130_fd_sc_hd__buf_1)
     1    0.01    0.11    0.14    2.40 ^ _219_/X (sky130_fd_sc_hd__buf_1)
                                         _025_ (net)
                  0.11    0.00    2.40 ^ _338_/D (sky130_fd_sc_hd__dfrtp_4)
                                  2.40   data arrival time

                         10.00   10.00   clock core_clock (rise edge)
                          0.00   10.00   clock source latency
     1    0.01    0.00    0.00   10.00 ^ clk (in)
                                         clk (net)
                  0.00    0.00   10.00 ^ clkbuf_0_clk/A (sky130_fd_sc_hd__clkbuf_16)
     4    0.03    0.05    0.12   10.12 ^ clkbuf_0_clk/X (sky130_fd_sc_hd__clkbuf_16)
                                         clknet_0_clk (net)
                  0.05    0.00   10.12 ^ clkbuf_2_3__f_clk/A (sky130_fd_sc_hd__clkbuf_16)
     9    0.02    0.05    0.13   10.25 ^ clkbuf_2_3__f_clk/X (sky130_fd_sc_hd__clkbuf_16)
                                         clknet_2_3__leaf_clk (net)
                  0.05    0.00   10.25 ^ _338_/CLK (sky130_fd_sc_hd__dfrtp_4)
                          0.00   10.25   clock reconvergence pessimism
                         -0.08   10.18   library setup time
                                 10.18   data required time
-----------------------------------------------------------------------------
                                 10.18   data required time
                                 -2.40   data arrival time
-----------------------------------------------------------------------------
                                  7.78   slack (MET)


Startpoint: _342_ (rising edge-triggered flip-flop clocked by core_clock)
Endpoint: _332_ (rising edge-triggered flip-flop clocked by core_clock)
Path Group: core_clock
Path Type: max

Fanout     Cap    Slew   Delay    Time   Description
-----------------------------------------------------------------------------
                          0.00    0.00   clock core_clock (rise edge)
                          0.00    0.00   clock source latency
     1    0.01    0.00    0.00    0.00 ^ clk (in)
                                         clk (net)
                  0.00    0.00    0.00 ^ clkbuf_0_clk/A (sky130_fd_sc_hd__clkbuf_16)
     4    0.03    0.05    0.12    0.12 ^ clkbuf_0_clk/X (sky130_fd_sc_hd__clkbuf_16)
                                         clknet_0_clk (net)
                  0.05    0.00    0.12 ^ clkbuf_2_3__f_clk/A (sky130_fd_sc_hd__clkbuf_16)
     9    0.02    0.05    0.13    0.25 ^ clkbuf_2_3__f_clk/X (sky130_fd_sc_hd__clkbuf_16)
                                         clknet_2_3__leaf_clk (net)
                  0.05    0.00    0.25 ^ _342_/CLK (sky130_fd_sc_hd__dfrtp_4)
     5    0.02    0.08    0.50    0.75 v _342_/Q (sky130_fd_sc_hd__dfrtp_4)
                                         one_second_counter[12] (net)
                  0.08    0.00    0.75 v _180_/C (sky130_fd_sc_hd__and4_1)
     2    0.00    0.04    0.20    0.95 v _180_/X (sky130_fd_sc_hd__and4_1)
                                         _078_ (net)
                  0.04    0.00    0.95 v _181_/D (sky130_fd_sc_hd__or4_1)
     1    0.00    0.09    0.41    1.36 v _181_/X (sky130_fd_sc_hd__or4_1)
                                         _079_ (net)
                  0.09    0.00    1.36 v _184_/A3 (sky130_fd_sc_hd__o31a_1)
     1    0.01    0.09    0.30    1.66 v _184_/X (sky130_fd_sc_hd__o31a_1)
                                         _082_ (net)
                  0.09    0.00    1.66 v _186_/A2 (sky130_fd_sc_hd__o211ai_4)
     2    0.01    0.19    0.20    1.86 ^ _186_/Y (sky130_fd_sc_hd__o211ai_4)
                                         _084_ (net)
                  0.19    0.00    1.86 ^ _187_/A2 (sky130_fd_sc_hd__a21bo_2)
     9    0.02    0.10    0.21    2.07 ^ _187_/X (sky130_fd_sc_hd__a21bo_2)
                                         _085_ (net)
                  0.10    0.00    2.07 ^ _197_/B (sky130_fd_sc_hd__and3_1)
     1    0.01    0.07    0.18    2.25 ^ _197_/X (sky130_fd_sc_hd__and3_1)
                                         _092_ (net)
                  0.07    0.00    2.25 ^ _198_/A (sky130_fd_sc_hd__buf_1)
     1    0.01    0.11    0.13    2.39 ^ _198_/X (sky130_fd_sc_hd__buf_1)
                                         _019_ (net)
                  0.11    0.00    2.39 ^ _332_/D (sky130_fd_sc_hd__dfrtp_4)
                                  2.39   data arrival time

                         10.00   10.00   clock core_clock (rise edge)
                          0.00   10.00   clock source latency
     1    0.01    0.00    0.00   10.00 ^ clk (in)
                                         clk (net)
                  0.00    0.00   10.00 ^ clkbuf_0_clk/A (sky130_fd_sc_hd__clkbuf_16)
     4    0.03    0.05    0.12   10.12 ^ clkbuf_0_clk/X (sky130_fd_sc_hd__clkbuf_16)
                                         clknet_0_clk (net)
                  0.05    0.00   10.12 ^ clkbuf_2_1__f_clk/A (sky130_fd_sc_hd__clkbuf_16)
    10    0.03    0.05    0.14   10.26 ^ clkbuf_2_1__f_clk/X (sky130_fd_sc_hd__clkbuf_16)
                                         clknet_2_1__leaf_clk (net)
                  0.05    0.00   10.26 ^ _332_/CLK (sky130_fd_sc_hd__dfrtp_4)
                          0.00   10.26   clock reconvergence pessimism
                         -0.08   10.18   library setup time
                                 10.18   data required time
-----------------------------------------------------------------------------
                                 10.18   data required time
                                 -2.39   data arrival time
-----------------------------------------------------------------------------
                                  7.79   slack (MET)


Startpoint: _342_ (rising edge-triggered flip-flop clocked by core_clock)
Endpoint: _357_ (rising edge-triggered flip-flop clocked by core_clock)
Path Group: core_clock
Path Type: max

Fanout     Cap    Slew   Delay    Time   Description
-----------------------------------------------------------------------------
                          0.00    0.00   clock core_clock (rise edge)
                          0.00    0.00   clock source latency
     1    0.01    0.00    0.00    0.00 ^ clk (in)
                                         clk (net)
                  0.00    0.00    0.00 ^ clkbuf_0_clk/A (sky130_fd_sc_hd__clkbuf_16)
     4    0.03    0.05    0.12    0.12 ^ clkbuf_0_clk/X (sky130_fd_sc_hd__clkbuf_16)
                                         clknet_0_clk (net)
                  0.05    0.00    0.12 ^ clkbuf_2_3__f_clk/A (sky130_fd_sc_hd__clkbuf_16)
     9    0.02    0.05    0.13    0.25 ^ clkbuf_2_3__f_clk/X (sky130_fd_sc_hd__clkbuf_16)
                                         clknet_2_3__leaf_clk (net)
                  0.05    0.00    0.25 ^ _342_/CLK (sky130_fd_sc_hd__dfrtp_4)
     5    0.02    0.08    0.50    0.75 v _342_/Q (sky130_fd_sc_hd__dfrtp_4)
                                         one_second_counter[12] (net)
                  0.08    0.00    0.75 v _180_/C (sky130_fd_sc_hd__and4_1)
     2    0.00    0.04    0.20    0.95 v _180_/X (sky130_fd_sc_hd__and4_1)
                                         _078_ (net)
                  0.04    0.00    0.95 v _181_/D (sky130_fd_sc_hd__or4_1)
     1    0.00    0.09    0.41    1.36 v _181_/X (sky130_fd_sc_hd__or4_1)
                                         _079_ (net)
                  0.09    0.00    1.36 v _184_/A3 (sky130_fd_sc_hd__o31a_1)
     1    0.01    0.09    0.30    1.66 v _184_/X (sky130_fd_sc_hd__o31a_1)
                                         _082_ (net)
                  0.09    0.00    1.66 v _186_/A2 (sky130_fd_sc_hd__o211ai_4)
     2    0.01    0.19    0.20    1.86 ^ _186_/Y (sky130_fd_sc_hd__o211ai_4)
                                         _084_ (net)
                  0.19    0.00    1.86 ^ _187_/A2 (sky130_fd_sc_hd__a21bo_2)
     9    0.02    0.10    0.21    2.07 ^ _187_/X (sky130_fd_sc_hd__a21bo_2)
                                         _085_ (net)
                  0.10    0.00    2.07 ^ _188_/A (sky130_fd_sc_hd__inv_2)
     2    0.01    0.04    0.05    2.13 v _188_/Y (sky130_fd_sc_hd__inv_2)
                                         _086_ (net)
                  0.04    0.00    2.13 v _189_/A (sky130_fd_sc_hd__clkbuf_4)
    10    0.04    0.09    0.19    2.32 v _189_/X (sky130_fd_sc_hd__clkbuf_4)
                                         _027_ (net)
                  0.09    0.00    2.32 v _357_/D (sky130_fd_sc_hd__dfrtp_4)
                                  2.32   data arrival time

                         10.00   10.00   clock core_clock (rise edge)
                          0.00   10.00   clock source latency
     1    0.01    0.00    0.00   10.00 ^ clk (in)
                                         clk (net)
                  0.00    0.00   10.00 ^ clkbuf_0_clk/A (sky130_fd_sc_hd__clkbuf_16)
     4    0.03    0.05    0.12   10.12 ^ clkbuf_0_clk/X (sky130_fd_sc_hd__clkbuf_16)
                                         clknet_0_clk (net)
                  0.05    0.00   10.12 ^ clkbuf_2_0__f_clk/A (sky130_fd_sc_hd__clkbuf_16)
     9    0.02    0.04    0.13   10.25 ^ clkbuf_2_0__f_clk/X (sky130_fd_sc_hd__clkbuf_16)
                                         clknet_2_0__leaf_clk (net)
                  0.04    0.00   10.25 ^ _357_/CLK (sky130_fd_sc_hd__dfrtp_4)
                          0.00   10.25   clock reconvergence pessimism
                         -0.14   10.11   library setup time
                                 10.11   data required time
-----------------------------------------------------------------------------
                                 10.11   data required time
                                 -2.32   data arrival time
-----------------------------------------------------------------------------
                                  7.79   slack (MET)


Startpoint: _331_ (rising edge-triggered flip-flop clocked by core_clock)
Endpoint: _350_ (rising edge-triggered flip-flop clocked by core_clock)
Path Group: core_clock
Path Type: max

Fanout     Cap    Slew   Delay    Time   Description
-----------------------------------------------------------------------------
                          0.00    0.00   clock core_clock (rise edge)
                          0.00    0.00   clock source latency
     1    0.01    0.00    0.00    0.00 ^ clk (in)
                                         clk (net)
                  0.00    0.00    0.00 ^ clkbuf_0_clk/A (sky130_fd_sc_hd__clkbuf_16)
     4    0.03    0.05    0.12    0.12 ^ clkbuf_0_clk/X (sky130_fd_sc_hd__clkbuf_16)
                                         clknet_0_clk (net)
                  0.05    0.00    0.12 ^ clkbuf_2_0__f_clk/A (sky130_fd_sc_hd__clkbuf_16)
     9    0.02    0.04    0.13    0.25 ^ clkbuf_2_0__f_clk/X (sky130_fd_sc_hd__clkbuf_16)
                                         clknet_2_0__leaf_clk (net)
                  0.04    0.00    0.25 ^ _331_/CLK (sky130_fd_sc_hd__dfrtp_4)
     6    0.03    0.09    0.51    0.76 v _331_/Q (sky130_fd_sc_hd__dfrtp_4)
                                         one_second_counter[1] (net)
                  0.09    0.00    0.76 v _177_/C (sky130_fd_sc_hd__and4_4)
     7    0.03    0.07    0.24    1.00 v _177_/X (sky130_fd_sc_hd__and4_4)
                                         _075_ (net)
                  0.07    0.00    1.00 v _221_/C (sky130_fd_sc_hd__and4_2)
     6    0.01    0.06    0.25    1.26 v _221_/X (sky130_fd_sc_hd__and4_2)
                                         _109_ (net)
                  0.06    0.00    1.26 v _244_/D (sky130_fd_sc_hd__and4_1)
     1    0.01    0.08    0.25    1.50 v _244_/X (sky130_fd_sc_hd__and4_1)
                                         _126_ (net)
                  0.08    0.00    1.50 v _245_/A (sky130_fd_sc_hd__clkbuf_4)
    10    0.03    0.08    0.20    1.70 v _245_/X (sky130_fd_sc_hd__clkbuf_4)
                                         _127_ (net)
                  0.08    0.00    1.70 v _258_/A (sky130_fd_sc_hd__and2_1)
     3    0.01    0.06    0.17    1.87 v _258_/X (sky130_fd_sc_hd__and2_1)
                                         _136_ (net)
                  0.06    0.00    1.87 v _262_/B (sky130_fd_sc_hd__or2_1)
     1    0.01    0.07    0.23    2.10 v _262_/X (sky130_fd_sc_hd__or2_1)
                                         _139_ (net)
                  0.07    0.00    2.10 v _264_/B (sky130_fd_sc_hd__and3_1)
     1    0.00    0.04    0.17    2.28 v _264_/X (sky130_fd_sc_hd__and3_1)
                                         _141_ (net)
                  0.04    0.00    2.28 v _265_/A (sky130_fd_sc_hd__clkbuf_1)
     1    0.00    0.02    0.08    2.36 v _265_/X (sky130_fd_sc_hd__clkbuf_1)
                                         _012_ (net)
                  0.02    0.00    2.36 v _350_/D (sky130_fd_sc_hd__dfrtp_1)
                                  2.36   data arrival time

                         10.00   10.00   clock core_clock (rise edge)
                          0.00   10.00   clock source latency
     1    0.01    0.00    0.00   10.00 ^ clk (in)
                                         clk (net)
                  0.00    0.00   10.00 ^ clkbuf_0_clk/A (sky130_fd_sc_hd__clkbuf_16)
     4    0.03    0.05    0.12   10.12 ^ clkbuf_0_clk/X (sky130_fd_sc_hd__clkbuf_16)
                                         clknet_0_clk (net)
                  0.05    0.00   10.12 ^ clkbuf_2_1__f_clk/A (sky130_fd_sc_hd__clkbuf_16)
    10    0.03    0.05    0.14   10.26 ^ clkbuf_2_1__f_clk/X (sky130_fd_sc_hd__clkbuf_16)
                                         clknet_2_1__leaf_clk (net)
                  0.05    0.00   10.26 ^ _350_/CLK (sky130_fd_sc_hd__dfrtp_1)
                          0.00   10.26   clock reconvergence pessimism
                         -0.10   10.15   library setup time
                                 10.15   data required time
-----------------------------------------------------------------------------
                                 10.15   data required time
                                 -2.36   data arrival time
-----------------------------------------------------------------------------
                                  7.80   slack (MET)


Startpoint: _342_ (rising edge-triggered flip-flop clocked by core_clock)
Endpoint: _331_ (rising edge-triggered flip-flop clocked by core_clock)
Path Group: core_clock
Path Type: max

Fanout     Cap    Slew   Delay    Time   Description
-----------------------------------------------------------------------------
                          0.00    0.00   clock core_clock (rise edge)
                          0.00    0.00   clock source latency
     1    0.01    0.00    0.00    0.00 ^ clk (in)
                                         clk (net)
                  0.00    0.00    0.00 ^ clkbuf_0_clk/A (sky130_fd_sc_hd__clkbuf_16)
     4    0.03    0.05    0.12    0.12 ^ clkbuf_0_clk/X (sky130_fd_sc_hd__clkbuf_16)
                                         clknet_0_clk (net)
                  0.05    0.00    0.12 ^ clkbuf_2_3__f_clk/A (sky130_fd_sc_hd__clkbuf_16)
     9    0.02    0.05    0.13    0.25 ^ clkbuf_2_3__f_clk/X (sky130_fd_sc_hd__clkbuf_16)
                                         clknet_2_3__leaf_clk (net)
                  0.05    0.00    0.25 ^ _342_/CLK (sky130_fd_sc_hd__dfrtp_4)
     5    0.02    0.08    0.50    0.75 v _342_/Q (sky130_fd_sc_hd__dfrtp_4)
                                         one_second_counter[12] (net)
                  0.08    0.00    0.75 v _180_/C (sky130_fd_sc_hd__and4_1)
     2    0.00    0.04    0.20    0.95 v _180_/X (sky130_fd_sc_hd__and4_1)
                                         _078_ (net)
                  0.04    0.00    0.95 v _181_/D (sky130_fd_sc_hd__or4_1)
     1    0.00    0.09    0.41    1.36 v _181_/X (sky130_fd_sc_hd__or4_1)
                                         _079_ (net)
                  0.09    0.00    1.36 v _184_/A3 (sky130_fd_sc_hd__o31a_1)
     1    0.01    0.09    0.30    1.66 v _184_/X (sky130_fd_sc_hd__o31a_1)
                                         _082_ (net)
                  0.09    0.00    1.66 v _186_/A2 (sky130_fd_sc_hd__o211ai_4)
     2    0.01    0.19    0.20    1.86 ^ _186_/Y (sky130_fd_sc_hd__o211ai_4)
                                         _084_ (net)
                  0.19    0.00    1.86 ^ _187_/A2 (sky130_fd_sc_hd__a21bo_2)
     9    0.02    0.10    0.21    2.07 ^ _187_/X (sky130_fd_sc_hd__a21bo_2)
                                         _085_ (net)
                  0.10    0.00    2.07 ^ _193_/B (sky130_fd_sc_hd__and3_1)
     1    0.00    0.05    0.15    2.23 ^ _193_/X (sky130_fd_sc_hd__and3_1)
                                         _089_ (net)
                  0.05    0.00    2.23 ^ _194_/A (sky130_fd_sc_hd__buf_1)
     1    0.01    0.11    0.12    2.35 ^ _194_/X (sky130_fd_sc_hd__buf_1)
                                         _011_ (net)
                  0.11    0.00    2.35 ^ _331_/D (sky130_fd_sc_hd__dfrtp_4)
                                  2.35   data arrival time

                         10.00   10.00   clock core_clock (rise edge)
                          0.00   10.00   clock source latency
     1    0.01    0.00    0.00   10.00 ^ clk (in)
                                         clk (net)
                  0.00    0.00   10.00 ^ clkbuf_0_clk/A (sky130_fd_sc_hd__clkbuf_16)
     4    0.03    0.05    0.12   10.12 ^ clkbuf_0_clk/X (sky130_fd_sc_hd__clkbuf_16)
                                         clknet_0_clk (net)
                  0.05    0.00   10.12 ^ clkbuf_2_0__f_clk/A (sky130_fd_sc_hd__clkbuf_16)
     9    0.02    0.04    0.13   10.25 ^ clkbuf_2_0__f_clk/X (sky130_fd_sc_hd__clkbuf_16)
                                         clknet_2_0__leaf_clk (net)
                  0.04    0.00   10.25 ^ _331_/CLK (sky130_fd_sc_hd__dfrtp_4)
                          0.00   10.25   clock reconvergence pessimism
                         -0.08   10.17   library setup time
                                 10.17   data required time
-----------------------------------------------------------------------------
                                 10.17   data required time
                                 -2.35   data arrival time
-----------------------------------------------------------------------------
                                  7.82   slack (MET)


Startpoint: _342_ (rising edge-triggered flip-flop clocked by core_clock)
Endpoint: _348_ (rising edge-triggered flip-flop clocked by core_clock)
Path Group: core_clock
Path Type: max

Fanout     Cap    Slew   Delay    Time   Description
-----------------------------------------------------------------------------
                          0.00    0.00   clock core_clock (rise edge)
                          0.00    0.00   clock source latency
     1    0.01    0.00    0.00    0.00 ^ clk (in)
                                         clk (net)
                  0.00    0.00    0.00 ^ clkbuf_0_clk/A (sky130_fd_sc_hd__clkbuf_16)
     4    0.03    0.05    0.12    0.12 ^ clkbuf_0_clk/X (sky130_fd_sc_hd__clkbuf_16)
                                         clknet_0_clk (net)
                  0.05    0.00    0.12 ^ clkbuf_2_3__f_clk/A (sky130_fd_sc_hd__clkbuf_16)
     9    0.02    0.05    0.13    0.25 ^ clkbuf_2_3__f_clk/X (sky130_fd_sc_hd__clkbuf_16)
                                         clknet_2_3__leaf_clk (net)
                  0.05    0.00    0.25 ^ _342_/CLK (sky130_fd_sc_hd__dfrtp_4)
     5    0.02    0.08    0.50    0.75 v _342_/Q (sky130_fd_sc_hd__dfrtp_4)
                                         one_second_counter[12] (net)
                  0.08    0.00    0.75 v _180_/C (sky130_fd_sc_hd__and4_1)
     2    0.00    0.04    0.20    0.95 v _180_/X (sky130_fd_sc_hd__and4_1)
                                         _078_ (net)
                  0.04    0.00    0.95 v _181_/D (sky130_fd_sc_hd__or4_1)
     1    0.00    0.09    0.41    1.36 v _181_/X (sky130_fd_sc_hd__or4_1)
                                         _079_ (net)
                  0.09    0.00    1.36 v _184_/A3 (sky130_fd_sc_hd__o31a_1)
     1    0.01    0.09    0.30    1.66 v _184_/X (sky130_fd_sc_hd__o31a_1)
                                         _082_ (net)
                  0.09    0.00    1.66 v _186_/A2 (sky130_fd_sc_hd__o211ai_4)
     2    0.01    0.19    0.20    1.86 ^ _186_/Y (sky130_fd_sc_hd__o211ai_4)
                                         _084_ (net)
                  0.19    0.00    1.86 ^ _187_/A2 (sky130_fd_sc_hd__a21bo_2)
     9    0.02    0.10    0.21    2.07 ^ _187_/X (sky130_fd_sc_hd__a21bo_2)
                                         _085_ (net)
                  0.10    0.00    2.07 ^ _202_/A (sky130_fd_sc_hd__buf_2)
    10    0.02    0.09    0.16    2.24 ^ _202_/X (sky130_fd_sc_hd__buf_2)
                                         _095_ (net)
                  0.09    0.00    2.24 ^ _255_/C1 (sky130_fd_sc_hd__o211a_1)
     1    0.00    0.04    0.14    2.37 ^ _255_/X (sky130_fd_sc_hd__o211a_1)
                                         _009_ (net)
                  0.04    0.00    2.37 ^ _348_/D (sky130_fd_sc_hd__dfrtp_4)
                                  2.37   data arrival time

                         10.00   10.00   clock core_clock (rise edge)
                          0.00   10.00   clock source latency
     1    0.01    0.00    0.00   10.00 ^ clk (in)
                                         clk (net)
                  0.00    0.00   10.00 ^ clkbuf_0_clk/A (sky130_fd_sc_hd__clkbuf_16)
     4    0.03    0.05    0.12   10.12 ^ clkbuf_0_clk/X (sky130_fd_sc_hd__clkbuf_16)
                                         clknet_0_clk (net)
                  0.05    0.00   10.12 ^ clkbuf_2_1__f_clk/A (sky130_fd_sc_hd__clkbuf_16)
    10    0.03    0.05    0.14   10.26 ^ clkbuf_2_1__f_clk/X (sky130_fd_sc_hd__clkbuf_16)
                                         clknet_2_1__leaf_clk (net)
                  0.05    0.00   10.26 ^ _348_/CLK (sky130_fd_sc_hd__dfrtp_4)
                          0.00   10.26   clock reconvergence pessimism
                         -0.06   10.20   library setup time
                                 10.20   data required time
-----------------------------------------------------------------------------
                                 10.20   data required time
                                 -2.37   data arrival time
-----------------------------------------------------------------------------
                                  7.82   slack (MET)


Startpoint: _361_ (rising edge-triggered flip-flop clocked by core_clock)
Endpoint: _360_ (rising edge-triggered flip-flop clocked by core_clock)
Path Group: core_clock
Path Type: max

Fanout     Cap    Slew   Delay    Time   Description
-----------------------------------------------------------------------------
                          0.00    0.00   clock core_clock (rise edge)
                          0.00    0.00   clock source latency
     1    0.01    0.00    0.00    0.00 ^ clk (in)
                                         clk (net)
                  0.00    0.00    0.00 ^ clkbuf_0_clk/A (sky130_fd_sc_hd__clkbuf_16)
     4    0.03    0.05    0.12    0.12 ^ clkbuf_0_clk/X (sky130_fd_sc_hd__clkbuf_16)
                                         clknet_0_clk (net)
                  0.05    0.00    0.12 ^ clkbuf_2_1__f_clk/A (sky130_fd_sc_hd__clkbuf_16)
    10    0.03    0.05    0.14    0.26 ^ clkbuf_2_1__f_clk/X (sky130_fd_sc_hd__clkbuf_16)
                                         clknet_2_1__leaf_clk (net)
                  0.05    0.00    0.26 ^ _361_/CLK (sky130_fd_sc_hd__dfrtp_4)
     6    0.03    0.10    0.52    0.78 v _361_/Q (sky130_fd_sc_hd__dfrtp_4)
                                         decoder.digit[3] (net)
                  0.10    0.00    0.78 v _165_/A (sky130_fd_sc_hd__nor2_2)
     2    0.01    0.11    0.14    0.93 ^ _165_/Y (sky130_fd_sc_hd__nor2_2)
                                         _066_ (net)
                  0.11    0.00    0.93 ^ _166_/B (sky130_fd_sc_hd__nand2_2)
     3    0.01    0.04    0.07    0.99 v _166_/Y (sky130_fd_sc_hd__nand2_2)
                                         _067_ (net)
                  0.04    0.00    0.99 v _167_/B (sky130_fd_sc_hd__nor2_1)
     3    0.01    0.14    0.13    1.12 ^ _167_/Y (sky130_fd_sc_hd__nor2_1)
                                         _068_ (net)
                  0.14    0.00    1.12 ^ _168_/A2_N (sky130_fd_sc_hd__o2bb2a_1)
     1    0.00    0.05    0.22    1.34 v _168_/X (sky130_fd_sc_hd__o2bb2a_1)
                                         _069_ (net)
                  0.05    0.00    1.34 v _169_/B (sky130_fd_sc_hd__and2_1)
     1    0.01    0.05    0.16    1.50 v _169_/X (sky130_fd_sc_hd__and2_1)
                                         _070_ (net)
                  0.05    0.00    1.50 v _170_/A (sky130_fd_sc_hd__clkbuf_1)
     1    0.00    0.04    0.10    1.60 v _170_/X (sky130_fd_sc_hd__clkbuf_1)
                                         _062_ (net)
                  0.04    0.00    1.60 v _360_/D (sky130_fd_sc_hd__dfrtp_4)
                                  1.60   data arrival time

                         10.00   10.00   clock core_clock (rise edge)
                          0.00   10.00   clock source latency
     1    0.01    0.00    0.00   10.00 ^ clk (in)
                                         clk (net)
                  0.00    0.00   10.00 ^ clkbuf_0_clk/A (sky130_fd_sc_hd__clkbuf_16)
     4    0.03    0.05    0.12   10.12 ^ clkbuf_0_clk/X (sky130_fd_sc_hd__clkbuf_16)
                                         clknet_0_clk (net)
                  0.05    0.00   10.12 ^ clkbuf_2_2__f_clk/A (sky130_fd_sc_hd__clkbuf_16)
     7    0.02    0.04    0.13   10.25 ^ clkbuf_2_2__f_clk/X (sky130_fd_sc_hd__clkbuf_16)
                                         clknet_2_2__leaf_clk (net)
                  0.04    0.00   10.25 ^ _360_/CLK (sky130_fd_sc_hd__dfrtp_4)
                          0.00   10.25   clock reconvergence pessimism
                         -0.11   10.14   library setup time
                                 10.14   data required time
-----------------------------------------------------------------------------
                                 10.14   data required time
                                 -1.60   data arrival time
-----------------------------------------------------------------------------
                                  8.54   slack (MET)


Startpoint: _359_ (rising edge-triggered flip-flop clocked by core_clock)
Endpoint: _361_ (rising edge-triggered flip-flop clocked by core_clock)
Path Group: core_clock
Path Type: max

Fanout     Cap    Slew   Delay    Time   Description
-----------------------------------------------------------------------------
                          0.00    0.00   clock core_clock (rise edge)
                          0.00    0.00   clock source latency
     1    0.01    0.00    0.00    0.00 ^ clk (in)
                                         clk (net)
                  0.00    0.00    0.00 ^ clkbuf_0_clk/A (sky130_fd_sc_hd__clkbuf_16)
     4    0.03    0.05    0.12    0.12 ^ clkbuf_0_clk/X (sky130_fd_sc_hd__clkbuf_16)
                                         clknet_0_clk (net)
                  0.05    0.00    0.12 ^ clkbuf_2_2__f_clk/A (sky130_fd_sc_hd__clkbuf_16)
     7    0.02    0.04    0.13    0.25 ^ clkbuf_2_2__f_clk/X (sky130_fd_sc_hd__clkbuf_16)
                                         clknet_2_2__leaf_clk (net)
                  0.04    0.00    0.25 ^ _359_/CLK (sky130_fd_sc_hd__dfrtp_4)
     7    0.04    0.11    0.53    0.79 v _359_/Q (sky130_fd_sc_hd__dfrtp_4)
                                         decoder.digit[1] (net)
                  0.11    0.00    0.79 v _162_/B (sky130_fd_sc_hd__and3_2)
     3    0.01    0.06    0.25    1.04 v _162_/X (sky130_fd_sc_hd__and3_2)
                                         _064_ (net)
                  0.06    0.00    1.04 v _163_/B (sky130_fd_sc_hd__nand2_1)
     2    0.01    0.07    0.09    1.13 ^ _163_/Y (sky130_fd_sc_hd__nand2_1)
                                         _065_ (net)
                  0.07    0.00    1.13 ^ _164_/B (sky130_fd_sc_hd__xnor2_1)
     1    0.00    0.16    0.13    1.26 ^ _164_/Y (sky130_fd_sc_hd__xnor2_1)
                                         _063_ (net)
                  0.16    0.00    1.26 ^ _361_/D (sky130_fd_sc_hd__dfrtp_4)
                                  1.26   data arrival time

                         10.00   10.00   clock core_clock (rise edge)
                          0.00   10.00   clock source latency
     1    0.01    0.00    0.00   10.00 ^ clk (in)
                                         clk (net)
                  0.00    0.00   10.00 ^ clkbuf_0_clk/A (sky130_fd_sc_hd__clkbuf_16)
     4    0.03    0.05    0.12   10.12 ^ clkbuf_0_clk/X (sky130_fd_sc_hd__clkbuf_16)
                                         clknet_0_clk (net)
                  0.05    0.00   10.12 ^ clkbuf_2_1__f_clk/A (sky130_fd_sc_hd__clkbuf_16)
    10    0.03    0.05    0.14   10.26 ^ clkbuf_2_1__f_clk/X (sky130_fd_sc_hd__clkbuf_16)
                                         clknet_2_1__leaf_clk (net)
                  0.05    0.00   10.26 ^ _361_/CLK (sky130_fd_sc_hd__dfrtp_4)
                          0.00   10.26   clock reconvergence pessimism
                         -0.09   10.17   library setup time
                                 10.17   data required time
-----------------------------------------------------------------------------
                                 10.17   data required time
                                 -1.26   data arrival time
-----------------------------------------------------------------------------
                                  8.91   slack (MET)


Startpoint: _361_ (rising edge-triggered flip-flop clocked by core_clock)
Endpoint: _358_ (rising edge-triggered flip-flop clocked by core_clock)
Path Group: core_clock
Path Type: max

Fanout     Cap    Slew   Delay    Time   Description
-----------------------------------------------------------------------------
                          0.00    0.00   clock core_clock (rise edge)
                          0.00    0.00   clock source latency
     1    0.01    0.00    0.00    0.00 ^ clk (in)
                                         clk (net)
                  0.00    0.00    0.00 ^ clkbuf_0_clk/A (sky130_fd_sc_hd__clkbuf_16)
     4    0.03    0.05    0.12    0.12 ^ clkbuf_0_clk/X (sky130_fd_sc_hd__clkbuf_16)
                                         clknet_0_clk (net)
                  0.05    0.00    0.12 ^ clkbuf_2_1__f_clk/A (sky130_fd_sc_hd__clkbuf_16)
    10    0.03    0.05    0.14    0.26 ^ clkbuf_2_1__f_clk/X (sky130_fd_sc_hd__clkbuf_16)
                                         clknet_2_1__leaf_clk (net)
                  0.05    0.00    0.26 ^ _361_/CLK (sky130_fd_sc_hd__dfrtp_4)
     6    0.03    0.10    0.52    0.78 v _361_/Q (sky130_fd_sc_hd__dfrtp_4)
                                         decoder.digit[3] (net)
                  0.10    0.00    0.78 v _165_/A (sky130_fd_sc_hd__nor2_2)
     2    0.01    0.11    0.14    0.93 ^ _165_/Y (sky130_fd_sc_hd__nor2_2)
                                         _066_ (net)
                  0.11    0.00    0.93 ^ _166_/B (sky130_fd_sc_hd__nand2_2)
     3    0.01    0.04    0.07    0.99 v _166_/Y (sky130_fd_sc_hd__nand2_2)
                                         _067_ (net)
                  0.04    0.00    0.99 v _173_/A2 (sky130_fd_sc_hd__a21oi_1)
     1    0.00    0.13    0.15    1.15 ^ _173_/Y (sky130_fd_sc_hd__a21oi_1)
                                         _072_ (net)
                  0.13    0.00    1.15 ^ _174_/B1 (sky130_fd_sc_hd__a21oi_1)
     1    0.00    0.05    0.06    1.20 v _174_/Y (sky130_fd_sc_hd__a21oi_1)
                                         _060_ (net)
                  0.05    0.00    1.20 v _358_/D (sky130_fd_sc_hd__dfrtp_4)
                                  1.20   data arrival time

                         10.00   10.00   clock core_clock (rise edge)
                          0.00   10.00   clock source latency
     1    0.01    0.00    0.00   10.00 ^ clk (in)
                                         clk (net)
                  0.00    0.00   10.00 ^ clkbuf_0_clk/A (sky130_fd_sc_hd__clkbuf_16)
     4    0.03    0.05    0.12   10.12 ^ clkbuf_0_clk/X (sky130_fd_sc_hd__clkbuf_16)
                                         clknet_0_clk (net)
                  0.05    0.00   10.12 ^ clkbuf_2_1__f_clk/A (sky130_fd_sc_hd__clkbuf_16)
    10    0.03    0.05    0.14   10.26 ^ clkbuf_2_1__f_clk/X (sky130_fd_sc_hd__clkbuf_16)
                                         clknet_2_1__leaf_clk (net)
                  0.05    0.00   10.26 ^ _358_/CLK (sky130_fd_sc_hd__dfrtp_4)
                          0.00   10.26   clock reconvergence pessimism
                         -0.12   10.14   library setup time
                                 10.14   data required time
-----------------------------------------------------------------------------
                                 10.14   data required time
                                 -1.20   data arrival time
-----------------------------------------------------------------------------
                                  8.94   slack (MET)


Startpoint: _359_ (rising edge-triggered flip-flop clocked by core_clock)
Endpoint: _359_ (rising edge-triggered flip-flop clocked by core_clock)
Path Group: core_clock
Path Type: max

Fanout     Cap    Slew   Delay    Time   Description
-----------------------------------------------------------------------------
                          0.00    0.00   clock core_clock (rise edge)
                          0.00    0.00   clock source latency
     1    0.01    0.00    0.00    0.00 ^ clk (in)
                                         clk (net)
                  0.00    0.00    0.00 ^ clkbuf_0_clk/A (sky130_fd_sc_hd__clkbuf_16)
     4    0.03    0.05    0.12    0.12 ^ clkbuf_0_clk/X (sky130_fd_sc_hd__clkbuf_16)
                                         clknet_0_clk (net)
                  0.05    0.00    0.12 ^ clkbuf_2_2__f_clk/A (sky130_fd_sc_hd__clkbuf_16)
     7    0.02    0.04    0.13    0.25 ^ clkbuf_2_2__f_clk/X (sky130_fd_sc_hd__clkbuf_16)
                                         clknet_2_2__leaf_clk (net)
                  0.04    0.00    0.25 ^ _359_/CLK (sky130_fd_sc_hd__dfrtp_4)
     7    0.04    0.11    0.53    0.79 v _359_/Q (sky130_fd_sc_hd__dfrtp_4)
                                         decoder.digit[1] (net)
                  0.11    0.00    0.79 v _162_/B (sky130_fd_sc_hd__and3_2)
     3    0.01    0.06    0.25    1.04 v _162_/X (sky130_fd_sc_hd__and3_2)
                                         _064_ (net)
                  0.06    0.00    1.04 v _172_/A (sky130_fd_sc_hd__nor2_1)
     1    0.01    0.12    0.13    1.17 ^ _172_/Y (sky130_fd_sc_hd__nor2_1)
                                         _061_ (net)
                  0.12    0.00    1.17 ^ _359_/D (sky130_fd_sc_hd__dfrtp_4)
                                  1.17   data arrival time

                         10.00   10.00   clock core_clock (rise edge)
                          0.00   10.00   clock source latency
     1    0.01    0.00    0.00   10.00 ^ clk (in)
                                         clk (net)
                  0.00    0.00   10.00 ^ clkbuf_0_clk/A (sky130_fd_sc_hd__clkbuf_16)
     4    0.03    0.05    0.12   10.12 ^ clkbuf_0_clk/X (sky130_fd_sc_hd__clkbuf_16)
                                         clknet_0_clk (net)
                  0.05    0.00   10.12 ^ clkbuf_2_2__f_clk/A (sky130_fd_sc_hd__clkbuf_16)
     7    0.02    0.04    0.13   10.25 ^ clkbuf_2_2__f_clk/X (sky130_fd_sc_hd__clkbuf_16)
                                         clknet_2_2__leaf_clk (net)
                  0.04    0.00   10.25 ^ _359_/CLK (sky130_fd_sc_hd__dfrtp_4)
                          0.00   10.25   clock reconvergence pessimism
                         -0.08   10.17   library setup time
                                 10.17   data required time
-----------------------------------------------------------------------------
                                 10.17   data required time
                                 -1.17   data arrival time
-----------------------------------------------------------------------------
                                  9.00   slack (MET)



worst slack corner Typical: 7.4167
