
 /----------------------------------------------------------------------------\
 |                                                                            |
 |  yosys -- Yosys Open SYnthesis Suite                                       |
 |                                                                            |
 |  Copyright (C) 2012 - 2020  Claire Xenia Wolf <claire@yosyshq.com>         |
 |                                                                            |
 |  Permission to use, copy, modify, and/or distribute this software for any  |
 |  purpose with or without fee is hereby granted, provided that the above    |
 |  copyright notice and this permission notice appear in all copies.         |
 |                                                                            |
 |  THE SOFTWARE IS PROVIDED "AS IS" AND THE AUTHOR DISCLAIMS ALL WARRANTIES  |
 |  WITH REGARD TO THIS SOFTWARE INCLUDING ALL IMPLIED WARRANTIES OF          |
 |  MERCHANTABILITY AND FITNESS. IN NO EVENT SHALL THE AUTHOR BE LIABLE FOR   |
 |  ANY SPECIAL, DIRECT, INDIRECT, OR CONSEQUENTIAL DAMAGES OR ANY DAMAGES    |
 |  WHATSOEVER RESULTING FROM LOSS OF USE, DATA OR PROFITS, WHETHER IN AN     |
 |  ACTION OF CONTRACT, NEGLIGENCE OR OTHER TORTIOUS ACTION, ARISING OUT OF   |
 |  OR IN CONNECTION WITH THE USE OR PERFORMANCE OF THIS SOFTWARE.            |
 |                                                                            |
 \----------------------------------------------------------------------------/

 Yosys 0.38 (git sha1 543faed9c8c, clang++ 17.0.6 -fPIC -Os)

[TCL: yosys -import] Command name collision: found pre-existing command `cd' -> skip.
[TCL: yosys -import] Command name collision: found pre-existing command `eval' -> skip.
[TCL: yosys -import] Command name collision: found pre-existing command `exec' -> skip.
[TCL: yosys -import] Command name collision: found pre-existing command `read' -> skip.
[TCL: yosys -import] Command name collision: found pre-existing command `trace' -> skip.

1. Executing Liberty frontend: /home/omers/.volare/sky130A/libs.ref/sky130_fd_sc_hd/lib/sky130_fd_sc_hd__tt_025C_1v80.lib
Imported 428 cell types from liberty file.

2. Executing Verilog-2005 frontend: /openlane/designs/CPU/src/CPU.v
Parsing SystemVerilog input from `/openlane/designs/CPU/src/CPU.v' to AST representation.
Storing AST representation for module `$abstract\ProgramCounter'.
Storing AST representation for module `$abstract\ALU'.
Storing AST representation for module `$abstract\InstructionMemory'.
Storing AST representation for module `$abstract\RegFile'.
Storing AST representation for module `$abstract\InstructionDecoder'.
Storing AST representation for module `$abstract\SevenSegmentDisplay'.
Storing AST representation for module `$abstract\CPU'.
Successfully finished Verilog frontend.

3. Executing HIERARCHY pass (managing design hierarchy).

4. Executing AST frontend in derive mode using pre-parsed AST for module `\CPU'.
Generating RTLIL representation for module `\CPU'.

4.1. Analyzing design hierarchy..
Top module:  \CPU

4.2. Executing AST frontend in derive mode using pre-parsed AST for module `\SevenSegmentDisplay'.
Generating RTLIL representation for module `\SevenSegmentDisplay'.

4.3. Executing AST frontend in derive mode using pre-parsed AST for module `\ALU'.
Generating RTLIL representation for module `\ALU'.

4.4. Executing AST frontend in derive mode using pre-parsed AST for module `\RegFile'.
Generating RTLIL representation for module `\RegFile'.
Warning: Replacing memory \registers with list of registers. See /openlane/designs/CPU/src/CPU.v:70

4.5. Executing AST frontend in derive mode using pre-parsed AST for module `\InstructionDecoder'.
Generating RTLIL representation for module `\InstructionDecoder'.

4.6. Executing AST frontend in derive mode using pre-parsed AST for module `\InstructionMemory'.
Generating RTLIL representation for module `\InstructionMemory'.

4.7. Executing AST frontend in derive mode using pre-parsed AST for module `\ProgramCounter'.
Generating RTLIL representation for module `\ProgramCounter'.

4.8. Analyzing design hierarchy..
Top module:  \CPU
Used module:     \SevenSegmentDisplay
Used module:     \ALU
Used module:     \RegFile
Used module:     \InstructionDecoder
Used module:     \InstructionMemory
Used module:     \ProgramCounter

4.9. Analyzing design hierarchy..
Top module:  \CPU
Used module:     \SevenSegmentDisplay
Used module:     \ALU
Used module:     \RegFile
Used module:     \InstructionDecoder
Used module:     \InstructionMemory
Used module:     \ProgramCounter
Removing unused module `$abstract\CPU'.
Removing unused module `$abstract\SevenSegmentDisplay'.
Removing unused module `$abstract\InstructionDecoder'.
Removing unused module `$abstract\RegFile'.
Removing unused module `$abstract\InstructionMemory'.
Removing unused module `$abstract\ALU'.
Removing unused module `$abstract\ProgramCounter'.
Removed 7 unused modules.

5. Generating Graphviz representation of design.
Writing dot description to `/openlane/designs/CPU/runs/RUN_2025.06.11_19.06.39/tmp/synthesis/hierarchy.dot'.
Dumping module CPU to page 1.
Renaming module CPU to CPU.

6. Executing TRIBUF pass.

7. Executing HIERARCHY pass (managing design hierarchy).

7.1. Analyzing design hierarchy..
Top module:  \CPU
Used module:     \SevenSegmentDisplay
Used module:     \ALU
Used module:     \RegFile
Used module:     \InstructionDecoder
Used module:     \InstructionMemory
Used module:     \ProgramCounter

7.2. Analyzing design hierarchy..
Top module:  \CPU
Used module:     \SevenSegmentDisplay
Used module:     \ALU
Used module:     \RegFile
Used module:     \InstructionDecoder
Used module:     \InstructionMemory
Used module:     \ProgramCounter
Removed 0 unused modules.

8. Executing PROC_CLEAN pass (remove empty switches from decision trees).
Cleaned up 0 empty switches.

9. Executing PROC_RMDEAD pass (remove dead branches from decision trees).
Marked 1 switch rules as full_case in process $proc$/openlane/designs/CPU/src/CPU.v:43$60 in module InstructionMemory.
Marked 2 switch rules as full_case in process $proc$/openlane/designs/CPU/src/CPU.v:88$59 in module InstructionDecoder.
Removed 1 dead cases from process $proc$/openlane/designs/CPU/src/CPU.v:0$56 in module RegFile.
Marked 1 switch rules as full_case in process $proc$/openlane/designs/CPU/src/CPU.v:0$56 in module RegFile.
Removed 1 dead cases from process $proc$/openlane/designs/CPU/src/CPU.v:0$53 in module RegFile.
Marked 1 switch rules as full_case in process $proc$/openlane/designs/CPU/src/CPU.v:0$53 in module RegFile.
Marked 3 switch rules as full_case in process $proc$/openlane/designs/CPU/src/CPU.v:67$40 in module RegFile.
Removed 1 dead cases from process $proc$/openlane/designs/CPU/src/CPU.v:23$29 in module ALU.
Marked 1 switch rules as full_case in process $proc$/openlane/designs/CPU/src/CPU.v:23$29 in module ALU.
Removed 2 dead cases from process $proc$/openlane/designs/CPU/src/CPU.v:136$23 in module SevenSegmentDisplay.
Marked 2 switch rules as full_case in process $proc$/openlane/designs/CPU/src/CPU.v:136$23 in module SevenSegmentDisplay.
Marked 1 switch rules as full_case in process $proc$/openlane/designs/CPU/src/CPU.v:9$61 in module ProgramCounter.
Removed a total of 5 dead cases.

10. Executing PROC_PRUNE pass (remove redundant assignments in processes).
Removed 0 redundant assignments.
Promoted 21 assignments to connections.

11. Executing PROC_INIT pass (extract init attributes).
Found init rule in `\SevenSegmentDisplay.$proc$/openlane/designs/CPU/src/CPU.v:0$28'.
  Set init value: \an = 8'11111110
  Set init value: \counter = 20'00000000000000000000
  Set init value: \digit_sel = 3'000

12. Executing PROC_ARST pass (detect async resets in processes).
Found async reset \reset in `\RegFile.$proc$/openlane/designs/CPU/src/CPU.v:67$40'.
Found async reset \reset in `\ProgramCounter.$proc$/openlane/designs/CPU/src/CPU.v:9$61'.

13. Executing PROC_ROM pass (convert switches to ROMs).
Converted 1 switch.
<suppressed ~12 debug messages>

14. Executing PROC_MUX pass (convert decision trees to multiplexers).
Creating decoders for process `\CPU.$proc$/openlane/designs/CPU/src/CPU.v:190$4'.
Creating decoders for process `\InstructionMemory.$proc$/openlane/designs/CPU/src/CPU.v:43$60'.
     1/1: $1\instruction[31:0]
Creating decoders for process `\InstructionDecoder.$proc$/openlane/designs/CPU/src/CPU.v:88$59'.
     1/4: $2\ALUop[2:0]
     2/4: $1\ALUop[2:0]
     3/4: $1\imm[31:0]
     4/4: $1\pc_sel[1:0]
Creating decoders for process `\RegFile.$proc$/openlane/designs/CPU/src/CPU.v:0$56'.
     1/1: $1$mem2reg_rd$\registers$/openlane/designs/CPU/src/CPU.v:76$39_DATA[31:0]$58
Creating decoders for process `\RegFile.$proc$/openlane/designs/CPU/src/CPU.v:0$53'.
     1/1: $1$mem2reg_rd$\registers$/openlane/designs/CPU/src/CPU.v:75$38_DATA[31:0]$55
Creating decoders for process `\RegFile.$proc$/openlane/designs/CPU/src/CPU.v:67$40'.
     1/37: $2$mem2reg_wr$\registers$/openlane/designs/CPU/src/CPU.v:72$37_ADDR[4:0]$47
     2/37: $2$mem2reg_wr$\registers$/openlane/designs/CPU/src/CPU.v:72$37_DATA[31:0]$48
     3/37: $1$mem2reg_wr$\registers$/openlane/designs/CPU/src/CPU.v:72$37_DATA[31:0]$44
     4/37: $1$mem2reg_wr$\registers$/openlane/designs/CPU/src/CPU.v:72$37_ADDR[4:0]$43
     5/37: $1\i[31:0]
     6/37: $0\registers[31][31:0]
     7/37: $0\registers[30][31:0]
     8/37: $0\registers[29][31:0]
     9/37: $0\registers[28][31:0]
    10/37: $0\registers[27][31:0]
    11/37: $0\registers[26][31:0]
    12/37: $0\registers[25][31:0]
    13/37: $0\registers[24][31:0]
    14/37: $0\registers[23][31:0]
    15/37: $0\registers[22][31:0]
    16/37: $0\registers[21][31:0]
    17/37: $0\registers[20][31:0]
    18/37: $0\registers[19][31:0]
    19/37: $0\registers[18][31:0]
    20/37: $0\registers[17][31:0]
    21/37: $0\registers[16][31:0]
    22/37: $0\registers[15][31:0]
    23/37: $0\registers[14][31:0]
    24/37: $0\registers[13][31:0]
    25/37: $0\registers[12][31:0]
    26/37: $0\registers[11][31:0]
    27/37: $0\registers[10][31:0]
    28/37: $0\registers[9][31:0]
    29/37: $0\registers[8][31:0]
    30/37: $0\registers[7][31:0]
    31/37: $0\registers[6][31:0]
    32/37: $0\registers[5][31:0]
    33/37: $0\registers[4][31:0]
    34/37: $0\registers[3][31:0]
    35/37: $0\registers[2][31:0]
    36/37: $0\registers[1][31:0]
    37/37: $0\registers[0][31:0]
Creating decoders for process `\ALU.$proc$/openlane/designs/CPU/src/CPU.v:23$29'.
     1/1: $1\Result[31:0]
Creating decoders for process `\SevenSegmentDisplay.$proc$/openlane/designs/CPU/src/CPU.v:0$28'.
Creating decoders for process `\SevenSegmentDisplay.$proc$/openlane/designs/CPU/src/CPU.v:136$23'.
     1/4: $1\seg[6:0]
     2/4: $1\an[7:0]
     3/4: $1\digit[3:0]
     4/4: $0\digit_sel[2:0]
Creating decoders for process `\ProgramCounter.$proc$/openlane/designs/CPU/src/CPU.v:9$61'.
     1/1: $0\pc[31:0]

15. Executing PROC_DLATCH pass (convert process syncs to latches).
No latch inferred for signal `\InstructionMemory.\instruction' from process `\InstructionMemory.$proc$/openlane/designs/CPU/src/CPU.v:43$60'.
No latch inferred for signal `\InstructionDecoder.\rs1' from process `\InstructionDecoder.$proc$/openlane/designs/CPU/src/CPU.v:88$59'.
No latch inferred for signal `\InstructionDecoder.\rs2' from process `\InstructionDecoder.$proc$/openlane/designs/CPU/src/CPU.v:88$59'.
No latch inferred for signal `\InstructionDecoder.\rd' from process `\InstructionDecoder.$proc$/openlane/designs/CPU/src/CPU.v:88$59'.
No latch inferred for signal `\InstructionDecoder.\imm' from process `\InstructionDecoder.$proc$/openlane/designs/CPU/src/CPU.v:88$59'.
No latch inferred for signal `\InstructionDecoder.\ALUop' from process `\InstructionDecoder.$proc$/openlane/designs/CPU/src/CPU.v:88$59'.
No latch inferred for signal `\InstructionDecoder.\pc_sel' from process `\InstructionDecoder.$proc$/openlane/designs/CPU/src/CPU.v:88$59'.
No latch inferred for signal `\RegFile.$mem2reg_rd$\registers$/openlane/designs/CPU/src/CPU.v:76$39_DATA' from process `\RegFile.$proc$/openlane/designs/CPU/src/CPU.v:0$56'.
No latch inferred for signal `\RegFile.$mem2reg_rd$\registers$/openlane/designs/CPU/src/CPU.v:75$38_DATA' from process `\RegFile.$proc$/openlane/designs/CPU/src/CPU.v:0$53'.
No latch inferred for signal `\ALU.\Result' from process `\ALU.$proc$/openlane/designs/CPU/src/CPU.v:23$29'.

16. Executing PROC_DFF pass (convert process syncs to FFs).
Creating register for signal `\CPU.\prev_control' using process `\CPU.$proc$/openlane/designs/CPU/src/CPU.v:190$4'.
  created $dff cell `$procdff$861' with positive edge clock.
Creating register for signal `\RegFile.\i' using process `\RegFile.$proc$/openlane/designs/CPU/src/CPU.v:67$40'.
  created $adff cell `$procdff$862' with positive edge clock and positive level reset.
Creating register for signal `\RegFile.\registers[0]' using process `\RegFile.$proc$/openlane/designs/CPU/src/CPU.v:67$40'.
  created $adff cell `$procdff$863' with positive edge clock and positive level reset.
Creating register for signal `\RegFile.\registers[1]' using process `\RegFile.$proc$/openlane/designs/CPU/src/CPU.v:67$40'.
  created $adff cell `$procdff$864' with positive edge clock and positive level reset.
Creating register for signal `\RegFile.\registers[2]' using process `\RegFile.$proc$/openlane/designs/CPU/src/CPU.v:67$40'.
  created $adff cell `$procdff$865' with positive edge clock and positive level reset.
Creating register for signal `\RegFile.\registers[3]' using process `\RegFile.$proc$/openlane/designs/CPU/src/CPU.v:67$40'.
  created $adff cell `$procdff$866' with positive edge clock and positive level reset.
Creating register for signal `\RegFile.\registers[4]' using process `\RegFile.$proc$/openlane/designs/CPU/src/CPU.v:67$40'.
  created $adff cell `$procdff$867' with positive edge clock and positive level reset.
Creating register for signal `\RegFile.\registers[5]' using process `\RegFile.$proc$/openlane/designs/CPU/src/CPU.v:67$40'.
  created $adff cell `$procdff$868' with positive edge clock and positive level reset.
Creating register for signal `\RegFile.\registers[6]' using process `\RegFile.$proc$/openlane/designs/CPU/src/CPU.v:67$40'.
  created $adff cell `$procdff$869' with positive edge clock and positive level reset.
Creating register for signal `\RegFile.\registers[7]' using process `\RegFile.$proc$/openlane/designs/CPU/src/CPU.v:67$40'.
  created $adff cell `$procdff$870' with positive edge clock and positive level reset.
Creating register for signal `\RegFile.\registers[8]' using process `\RegFile.$proc$/openlane/designs/CPU/src/CPU.v:67$40'.
  created $adff cell `$procdff$871' with positive edge clock and positive level reset.
Creating register for signal `\RegFile.\registers[9]' using process `\RegFile.$proc$/openlane/designs/CPU/src/CPU.v:67$40'.
  created $adff cell `$procdff$872' with positive edge clock and positive level reset.
Creating register for signal `\RegFile.\registers[10]' using process `\RegFile.$proc$/openlane/designs/CPU/src/CPU.v:67$40'.
  created $adff cell `$procdff$873' with positive edge clock and positive level reset.
Creating register for signal `\RegFile.\registers[11]' using process `\RegFile.$proc$/openlane/designs/CPU/src/CPU.v:67$40'.
  created $adff cell `$procdff$874' with positive edge clock and positive level reset.
Creating register for signal `\RegFile.\registers[12]' using process `\RegFile.$proc$/openlane/designs/CPU/src/CPU.v:67$40'.
  created $adff cell `$procdff$875' with positive edge clock and positive level reset.
Creating register for signal `\RegFile.\registers[13]' using process `\RegFile.$proc$/openlane/designs/CPU/src/CPU.v:67$40'.
  created $adff cell `$procdff$876' with positive edge clock and positive level reset.
Creating register for signal `\RegFile.\registers[14]' using process `\RegFile.$proc$/openlane/designs/CPU/src/CPU.v:67$40'.
  created $adff cell `$procdff$877' with positive edge clock and positive level reset.
Creating register for signal `\RegFile.\registers[15]' using process `\RegFile.$proc$/openlane/designs/CPU/src/CPU.v:67$40'.
  created $adff cell `$procdff$878' with positive edge clock and positive level reset.
Creating register for signal `\RegFile.\registers[16]' using process `\RegFile.$proc$/openlane/designs/CPU/src/CPU.v:67$40'.
  created $adff cell `$procdff$879' with positive edge clock and positive level reset.
Creating register for signal `\RegFile.\registers[17]' using process `\RegFile.$proc$/openlane/designs/CPU/src/CPU.v:67$40'.
  created $adff cell `$procdff$880' with positive edge clock and positive level reset.
Creating register for signal `\RegFile.\registers[18]' using process `\RegFile.$proc$/openlane/designs/CPU/src/CPU.v:67$40'.
  created $adff cell `$procdff$881' with positive edge clock and positive level reset.
Creating register for signal `\RegFile.\registers[19]' using process `\RegFile.$proc$/openlane/designs/CPU/src/CPU.v:67$40'.
  created $adff cell `$procdff$882' with positive edge clock and positive level reset.
Creating register for signal `\RegFile.\registers[20]' using process `\RegFile.$proc$/openlane/designs/CPU/src/CPU.v:67$40'.
  created $adff cell `$procdff$883' with positive edge clock and positive level reset.
Creating register for signal `\RegFile.\registers[21]' using process `\RegFile.$proc$/openlane/designs/CPU/src/CPU.v:67$40'.
  created $adff cell `$procdff$884' with positive edge clock and positive level reset.
Creating register for signal `\RegFile.\registers[22]' using process `\RegFile.$proc$/openlane/designs/CPU/src/CPU.v:67$40'.
  created $adff cell `$procdff$885' with positive edge clock and positive level reset.
Creating register for signal `\RegFile.\registers[23]' using process `\RegFile.$proc$/openlane/designs/CPU/src/CPU.v:67$40'.
  created $adff cell `$procdff$886' with positive edge clock and positive level reset.
Creating register for signal `\RegFile.\registers[24]' using process `\RegFile.$proc$/openlane/designs/CPU/src/CPU.v:67$40'.
  created $adff cell `$procdff$887' with positive edge clock and positive level reset.
Creating register for signal `\RegFile.\registers[25]' using process `\RegFile.$proc$/openlane/designs/CPU/src/CPU.v:67$40'.
  created $adff cell `$procdff$888' with positive edge clock and positive level reset.
Creating register for signal `\RegFile.\registers[26]' using process `\RegFile.$proc$/openlane/designs/CPU/src/CPU.v:67$40'.
  created $adff cell `$procdff$889' with positive edge clock and positive level reset.
Creating register for signal `\RegFile.\registers[27]' using process `\RegFile.$proc$/openlane/designs/CPU/src/CPU.v:67$40'.
  created $adff cell `$procdff$890' with positive edge clock and positive level reset.
Creating register for signal `\RegFile.\registers[28]' using process `\RegFile.$proc$/openlane/designs/CPU/src/CPU.v:67$40'.
  created $adff cell `$procdff$891' with positive edge clock and positive level reset.
Creating register for signal `\RegFile.\registers[29]' using process `\RegFile.$proc$/openlane/designs/CPU/src/CPU.v:67$40'.
  created $adff cell `$procdff$892' with positive edge clock and positive level reset.
Creating register for signal `\RegFile.\registers[30]' using process `\RegFile.$proc$/openlane/designs/CPU/src/CPU.v:67$40'.
  created $adff cell `$procdff$893' with positive edge clock and positive level reset.
Creating register for signal `\RegFile.\registers[31]' using process `\RegFile.$proc$/openlane/designs/CPU/src/CPU.v:67$40'.
  created $adff cell `$procdff$894' with positive edge clock and positive level reset.
Creating register for signal `\RegFile.$mem2reg_wr$\registers$/openlane/designs/CPU/src/CPU.v:72$37_ADDR' using process `\RegFile.$proc$/openlane/designs/CPU/src/CPU.v:67$40'.
  created $adff cell `$procdff$895' with positive edge clock and positive level reset.
Creating register for signal `\RegFile.$mem2reg_wr$\registers$/openlane/designs/CPU/src/CPU.v:72$37_DATA' using process `\RegFile.$proc$/openlane/designs/CPU/src/CPU.v:67$40'.
  created $adff cell `$procdff$896' with positive edge clock and positive level reset.
Creating register for signal `\SevenSegmentDisplay.\seg' using process `\SevenSegmentDisplay.$proc$/openlane/designs/CPU/src/CPU.v:136$23'.
  created $dff cell `$procdff$897' with positive edge clock.
Creating register for signal `\SevenSegmentDisplay.\an' using process `\SevenSegmentDisplay.$proc$/openlane/designs/CPU/src/CPU.v:136$23'.
  created $dff cell `$procdff$898' with positive edge clock.
Creating register for signal `\SevenSegmentDisplay.\counter' using process `\SevenSegmentDisplay.$proc$/openlane/designs/CPU/src/CPU.v:136$23'.
  created $dff cell `$procdff$899' with positive edge clock.
Creating register for signal `\SevenSegmentDisplay.\digit' using process `\SevenSegmentDisplay.$proc$/openlane/designs/CPU/src/CPU.v:136$23'.
  created $dff cell `$procdff$900' with positive edge clock.
Creating register for signal `\SevenSegmentDisplay.\digit_sel' using process `\SevenSegmentDisplay.$proc$/openlane/designs/CPU/src/CPU.v:136$23'.
  created $dff cell `$procdff$901' with positive edge clock.
Creating register for signal `\ProgramCounter.\pc' using process `\ProgramCounter.$proc$/openlane/designs/CPU/src/CPU.v:9$61'.
  created $adff cell `$procdff$902' with positive edge clock and positive level reset.

17. Executing PROC_MEMWR pass (convert process memory writes to cells).

18. Executing PROC_CLEAN pass (remove empty switches from decision trees).
Removing empty process `CPU.$proc$/openlane/designs/CPU/src/CPU.v:190$4'.
Found and cleaned up 1 empty switch in `\InstructionMemory.$proc$/openlane/designs/CPU/src/CPU.v:43$60'.
Removing empty process `InstructionMemory.$proc$/openlane/designs/CPU/src/CPU.v:43$60'.
Found and cleaned up 2 empty switches in `\InstructionDecoder.$proc$/openlane/designs/CPU/src/CPU.v:88$59'.
Removing empty process `InstructionDecoder.$proc$/openlane/designs/CPU/src/CPU.v:88$59'.
Found and cleaned up 1 empty switch in `\RegFile.$proc$/openlane/designs/CPU/src/CPU.v:0$56'.
Removing empty process `RegFile.$proc$/openlane/designs/CPU/src/CPU.v:0$56'.
Found and cleaned up 1 empty switch in `\RegFile.$proc$/openlane/designs/CPU/src/CPU.v:0$53'.
Removing empty process `RegFile.$proc$/openlane/designs/CPU/src/CPU.v:0$53'.
Found and cleaned up 2 empty switches in `\RegFile.$proc$/openlane/designs/CPU/src/CPU.v:67$40'.
Removing empty process `RegFile.$proc$/openlane/designs/CPU/src/CPU.v:67$40'.
Found and cleaned up 1 empty switch in `\ALU.$proc$/openlane/designs/CPU/src/CPU.v:23$29'.
Removing empty process `ALU.$proc$/openlane/designs/CPU/src/CPU.v:23$29'.
Removing empty process `SevenSegmentDisplay.$proc$/openlane/designs/CPU/src/CPU.v:0$28'.
Found and cleaned up 4 empty switches in `\SevenSegmentDisplay.$proc$/openlane/designs/CPU/src/CPU.v:136$23'.
Removing empty process `SevenSegmentDisplay.$proc$/openlane/designs/CPU/src/CPU.v:136$23'.
Found and cleaned up 1 empty switch in `\ProgramCounter.$proc$/openlane/designs/CPU/src/CPU.v:9$61'.
Removing empty process `ProgramCounter.$proc$/openlane/designs/CPU/src/CPU.v:9$61'.
Cleaned up 13 empty switches.

19. Executing CHECK pass (checking for obvious problems).
Checking module CPU...
Checking module InstructionMemory...
Checking module InstructionDecoder...
Checking module RegFile...
Checking module ALU...
Checking module SevenSegmentDisplay...
Checking module ProgramCounter...
Found and reported 0 problems.

20. Executing OPT_EXPR pass (perform const folding).
Optimizing module CPU.
<suppressed ~3 debug messages>
Optimizing module InstructionMemory.
<suppressed ~1 debug messages>
Optimizing module InstructionDecoder.
<suppressed ~1 debug messages>
Optimizing module RegFile.
<suppressed ~6 debug messages>
Optimizing module ALU.
<suppressed ~2 debug messages>
Optimizing module SevenSegmentDisplay.
<suppressed ~2 debug messages>
Optimizing module ProgramCounter.

21. Executing FLATTEN pass (flatten design).
Deleting now unused module InstructionMemory.
Deleting now unused module InstructionDecoder.
Deleting now unused module RegFile.
Deleting now unused module ALU.
Deleting now unused module SevenSegmentDisplay.
Deleting now unused module ProgramCounter.
<suppressed ~6 debug messages>

22. Executing OPT_EXPR pass (perform const folding).
Optimizing module CPU.

23. Executing OPT_CLEAN pass (remove unused cells and wires).
Finding unused cells or wires in module \CPU..
Removed 6 unused cells and 129 unused wires.
<suppressed ~9 debug messages>

24. Executing OPT pass (performing simple optimizations).

24.1. Executing OPT_EXPR pass (perform const folding).
Optimizing module CPU.

24.2. Executing OPT_MERGE pass (detect identical cells).
Finding identical cells in module `\CPU'.
<suppressed ~60 debug messages>
Removed a total of 20 cells.

24.3. Executing OPT_MUXTREE pass (detect dead branches in mux trees).
Running muxtree optimizer on module \CPU..
  Creating internal representation of mux trees.
  Evaluating internal representation of mux trees.
  Analyzing evaluation results.
    dead port 2/2 on $mux $flatten\decoder.$procmux$82.
Removed 1 multiplexer ports.
<suppressed ~43 debug messages>

24.4. Executing OPT_REDUCE pass (consolidate $*mux and $reduce_* inputs).
  Optimizing cells in module \CPU.
    New ctrl vector for $pmux cell $flatten\alu.$procmux$827: { $auto$opt_reduce.cc:134:opt_pmux$908 $flatten\alu.$procmux$831_CMP $flatten\alu.$procmux$830_CMP $auto$opt_reduce.cc:134:opt_pmux$906 $auto$opt_reduce.cc:134:opt_pmux$904 }
  Optimizing cells in module \CPU.
Performed a total of 1 changes.

24.5. Executing OPT_MERGE pass (detect identical cells).
Finding identical cells in module `\CPU'.
Removed a total of 0 cells.

24.6. Executing OPT_DFF pass (perform DFF optimizations).

24.7. Executing OPT_CLEAN pass (remove unused cells and wires).
Finding unused cells or wires in module \CPU..
Removed 0 unused cells and 21 unused wires.
<suppressed ~1 debug messages>

24.8. Executing OPT_EXPR pass (perform const folding).
Optimizing module CPU.

24.9. Rerunning OPT passes. (Maybe there is more to do..)

24.10. Executing OPT_MUXTREE pass (detect dead branches in mux trees).
Running muxtree optimizer on module \CPU..
  Creating internal representation of mux trees.
  Evaluating internal representation of mux trees.
  Analyzing evaluation results.
Removed 0 multiplexer ports.
<suppressed ~43 debug messages>

24.11. Executing OPT_REDUCE pass (consolidate $*mux and $reduce_* inputs).
  Optimizing cells in module \CPU.
Performed a total of 0 changes.

24.12. Executing OPT_MERGE pass (detect identical cells).
Finding identical cells in module `\CPU'.
Removed a total of 0 cells.

24.13. Executing OPT_DFF pass (perform DFF optimizations).

24.14. Executing OPT_CLEAN pass (remove unused cells and wires).
Finding unused cells or wires in module \CPU..

24.15. Executing OPT_EXPR pass (perform const folding).
Optimizing module CPU.

24.16. Finished OPT passes. (There is nothing left to do.)

25. Executing FSM pass (extract and optimize FSM).

25.1. Executing FSM_DETECT pass (finding FSMs in design).
Not marking CPU.display.an as FSM state register:
    Register is connected to module port.
    Users of register don't seem to benefit from recoding.
    Register has an initialization value.

25.2. Executing FSM_EXTRACT pass (extracting FSM from design).

25.3. Executing FSM_OPT pass (simple optimizations of FSMs).

25.4. Executing OPT_CLEAN pass (remove unused cells and wires).
Finding unused cells or wires in module \CPU..

25.5. Executing FSM_OPT pass (simple optimizations of FSMs).

25.6. Executing FSM_RECODE pass (re-assigning FSM state encoding).

25.7. Executing FSM_INFO pass (dumping all available information on FSM cells).

25.8. Executing FSM_MAP pass (mapping FSMs to basic logic).

26. Executing OPT pass (performing simple optimizations).

26.1. Executing OPT_EXPR pass (perform const folding).
Optimizing module CPU.

26.2. Executing OPT_MERGE pass (detect identical cells).
Finding identical cells in module `\CPU'.
Removed a total of 0 cells.

26.3. Executing OPT_MUXTREE pass (detect dead branches in mux trees).
Running muxtree optimizer on module \CPU..
  Creating internal representation of mux trees.
  Evaluating internal representation of mux trees.
  Analyzing evaluation results.
Removed 0 multiplexer ports.
<suppressed ~43 debug messages>

26.4. Executing OPT_REDUCE pass (consolidate $*mux and $reduce_* inputs).
  Optimizing cells in module \CPU.
Performed a total of 0 changes.

26.5. Executing OPT_MERGE pass (detect identical cells).
Finding identical cells in module `\CPU'.
Removed a total of 0 cells.

26.6. Executing OPT_DFF pass (perform DFF optimizations).
Adding EN signal on $flatten\reg_file.$procdff$894 ($adff) from module CPU (D = \alu.Result, Q = \reg_file.registers[31]).
Adding EN signal on $flatten\reg_file.$procdff$893 ($adff) from module CPU (D = \alu.Result, Q = \reg_file.registers[30]).
Adding EN signal on $flatten\reg_file.$procdff$892 ($adff) from module CPU (D = \alu.Result, Q = \reg_file.registers[29]).
Adding EN signal on $flatten\reg_file.$procdff$891 ($adff) from module CPU (D = \alu.Result, Q = \reg_file.registers[28]).
Adding EN signal on $flatten\reg_file.$procdff$890 ($adff) from module CPU (D = \alu.Result, Q = \reg_file.registers[27]).
Adding EN signal on $flatten\reg_file.$procdff$889 ($adff) from module CPU (D = \alu.Result, Q = \reg_file.registers[26]).
Adding EN signal on $flatten\reg_file.$procdff$888 ($adff) from module CPU (D = \alu.Result, Q = \reg_file.registers[25]).
Adding EN signal on $flatten\reg_file.$procdff$887 ($adff) from module CPU (D = \alu.Result, Q = \reg_file.registers[24]).
Adding EN signal on $flatten\reg_file.$procdff$886 ($adff) from module CPU (D = \alu.Result, Q = \reg_file.registers[23]).
Adding EN signal on $flatten\reg_file.$procdff$885 ($adff) from module CPU (D = \alu.Result, Q = \reg_file.registers[22]).
Adding EN signal on $flatten\reg_file.$procdff$884 ($adff) from module CPU (D = \alu.Result, Q = \reg_file.registers[21]).
Adding EN signal on $flatten\reg_file.$procdff$883 ($adff) from module CPU (D = \alu.Result, Q = \reg_file.registers[20]).
Adding EN signal on $flatten\reg_file.$procdff$882 ($adff) from module CPU (D = \alu.Result, Q = \reg_file.registers[19]).
Adding EN signal on $flatten\reg_file.$procdff$881 ($adff) from module CPU (D = \alu.Result, Q = \reg_file.registers[18]).
Adding EN signal on $flatten\reg_file.$procdff$880 ($adff) from module CPU (D = \alu.Result, Q = \reg_file.registers[17]).
Adding EN signal on $flatten\reg_file.$procdff$879 ($adff) from module CPU (D = \alu.Result, Q = \reg_file.registers[16]).
Adding EN signal on $flatten\reg_file.$procdff$878 ($adff) from module CPU (D = \alu.Result, Q = \reg_file.registers[15]).
Adding EN signal on $flatten\reg_file.$procdff$877 ($adff) from module CPU (D = \alu.Result, Q = \reg_file.registers[14]).
Adding EN signal on $flatten\reg_file.$procdff$876 ($adff) from module CPU (D = \alu.Result, Q = \reg_file.registers[13]).
Adding EN signal on $flatten\reg_file.$procdff$875 ($adff) from module CPU (D = \alu.Result, Q = \reg_file.registers[12]).
Adding EN signal on $flatten\reg_file.$procdff$874 ($adff) from module CPU (D = \alu.Result, Q = \reg_file.registers[11]).
Adding EN signal on $flatten\reg_file.$procdff$873 ($adff) from module CPU (D = \alu.Result, Q = \reg_file.registers[10]).
Adding EN signal on $flatten\reg_file.$procdff$872 ($adff) from module CPU (D = \alu.Result, Q = \reg_file.registers[9]).
Adding EN signal on $flatten\reg_file.$procdff$871 ($adff) from module CPU (D = \alu.Result, Q = \reg_file.registers[8]).
Adding EN signal on $flatten\reg_file.$procdff$870 ($adff) from module CPU (D = \alu.Result, Q = \reg_file.registers[7]).
Adding EN signal on $flatten\reg_file.$procdff$869 ($adff) from module CPU (D = \alu.Result, Q = \reg_file.registers[6]).
Adding EN signal on $flatten\reg_file.$procdff$868 ($adff) from module CPU (D = \alu.Result, Q = \reg_file.registers[5]).
Adding EN signal on $flatten\reg_file.$procdff$867 ($adff) from module CPU (D = \alu.Result, Q = \reg_file.registers[4]).
Adding EN signal on $flatten\reg_file.$procdff$866 ($adff) from module CPU (D = \alu.Result, Q = \reg_file.registers[3]).
Adding EN signal on $flatten\reg_file.$procdff$865 ($adff) from module CPU (D = \alu.Result, Q = \reg_file.registers[2]).
Adding EN signal on $flatten\reg_file.$procdff$864 ($adff) from module CPU (D = \alu.Result, Q = \reg_file.registers[1]).
Adding EN signal on $flatten\reg_file.$procdff$863 ($adff) from module CPU (D = \alu.Result, Q = \reg_file.registers[0]).
Adding EN signal on $flatten\pc.$procdff$902 ($adff) from module CPU (D = \pc.next_pc, Q = \pc.pc).
Adding EN signal on $flatten\display.$procdff$901 ($dff) from module CPU (D = $flatten\display.$procmux$855_Y, Q = \display.digit_sel).
Adding SRST signal on $auto$ff.cc:266:slice$1006 ($dffe) from module CPU (D = $flatten\display.$add$/openlane/designs/CPU/src/CPU.v:139$26_Y [2:0], Q = \display.digit_sel, rval = 3'000).

26.7. Executing OPT_CLEAN pass (remove unused cells and wires).
Finding unused cells or wires in module \CPU..
Removed 67 unused cells and 67 unused wires.
<suppressed ~68 debug messages>

26.8. Executing OPT_EXPR pass (perform const folding).
Optimizing module CPU.

26.9. Rerunning OPT passes. (Maybe there is more to do..)

26.10. Executing OPT_MUXTREE pass (detect dead branches in mux trees).
Running muxtree optimizer on module \CPU..
  Creating internal representation of mux trees.
  Evaluating internal representation of mux trees.
  Analyzing evaluation results.
Removed 0 multiplexer ports.
<suppressed ~10 debug messages>

26.11. Executing OPT_REDUCE pass (consolidate $*mux and $reduce_* inputs).
  Optimizing cells in module \CPU.
Performed a total of 0 changes.

26.12. Executing OPT_MERGE pass (detect identical cells).
Finding identical cells in module `\CPU'.
Removed a total of 0 cells.

26.13. Executing OPT_DFF pass (perform DFF optimizations).

26.14. Executing OPT_CLEAN pass (remove unused cells and wires).
Finding unused cells or wires in module \CPU..

26.15. Executing OPT_EXPR pass (perform const folding).
Optimizing module CPU.

26.16. Finished OPT passes. (There is nothing left to do.)

27. Executing WREDUCE pass (reducing word size of cells).
Removed top 28 address bits (of 32) from memory init port CPU.$flatten\display.$auto$mem.cc:328:emit$65 ($flatten\display.$auto$proc_rom.cc:150:do_switch$63).
Removed top 1 bits (of 2) from port B of cell CPU.$eq$/openlane/designs/CPU/src/CPU.v:192$5 ($eq).
Removed top 29 bits (of 32) from port B of cell CPU.$add$/openlane/designs/CPU/src/CPU.v:194$10 ($add).
Removed top 29 bits (of 32) from port B of cell CPU.$flatten\imem.$procmux$72_CMP0 ($eq).
Removed top 28 bits (of 32) from port B of cell CPU.$flatten\imem.$procmux$71_CMP0 ($eq).
Removed top 28 bits (of 32) from port B of cell CPU.$flatten\imem.$procmux$70_CMP0 ($eq).
Removed top 27 bits (of 32) from port B of cell CPU.$flatten\imem.$procmux$69_CMP0 ($eq).
Removed top 27 bits (of 32) from port B of cell CPU.$flatten\imem.$procmux$68_CMP0 ($eq).
Removed top 2 bits (of 7) from port B of cell CPU.$flatten\decoder.$procmux$89_CMP0 ($eq).
Removed top 1 bits (of 7) from port B of cell CPU.$flatten\decoder.$procmux$83_CMP0 ($eq).
Removed top 2 bits (of 3) from port B of cell CPU.$flatten\decoder.$procmux$80_CMP0 ($eq).
Removed top 4 bits (of 5) from port B of cell CPU.$flatten\reg_file.$procmux$788_CMP0 ($eq).
Removed top 3 bits (of 5) from port B of cell CPU.$flatten\reg_file.$procmux$753_CMP0 ($eq).
Removed top 3 bits (of 5) from port B of cell CPU.$flatten\reg_file.$procmux$719_CMP0 ($eq).
Removed top 2 bits (of 5) from port B of cell CPU.$flatten\reg_file.$procmux$686_CMP0 ($eq).
Removed top 2 bits (of 5) from port B of cell CPU.$flatten\reg_file.$procmux$654_CMP0 ($eq).
Removed top 2 bits (of 5) from port B of cell CPU.$flatten\reg_file.$procmux$623_CMP0 ($eq).
Removed top 2 bits (of 5) from port B of cell CPU.$flatten\reg_file.$procmux$593_CMP0 ($eq).
Removed top 1 bits (of 5) from port B of cell CPU.$flatten\reg_file.$procmux$564_CMP0 ($eq).
Removed top 1 bits (of 5) from port B of cell CPU.$flatten\reg_file.$procmux$536_CMP0 ($eq).
Removed top 1 bits (of 5) from port B of cell CPU.$flatten\reg_file.$procmux$509_CMP0 ($eq).
Removed top 1 bits (of 5) from port B of cell CPU.$flatten\reg_file.$procmux$483_CMP0 ($eq).
Removed top 1 bits (of 5) from port B of cell CPU.$flatten\reg_file.$procmux$458_CMP0 ($eq).
Removed top 1 bits (of 5) from port B of cell CPU.$flatten\reg_file.$procmux$434_CMP0 ($eq).
Removed top 1 bits (of 5) from port B of cell CPU.$flatten\reg_file.$procmux$411_CMP0 ($eq).
Removed top 1 bits (of 5) from port B of cell CPU.$flatten\reg_file.$procmux$389_CMP0 ($eq).
Removed top 4 bits (of 5) from port B of cell CPU.$flatten\reg_file.$procmux$163_CMP0 ($eq).
Removed top 3 bits (of 5) from port B of cell CPU.$flatten\reg_file.$procmux$162_CMP0 ($eq).
Removed top 3 bits (of 5) from port B of cell CPU.$flatten\reg_file.$procmux$161_CMP0 ($eq).
Removed top 2 bits (of 5) from port B of cell CPU.$flatten\reg_file.$procmux$160_CMP0 ($eq).
Removed top 2 bits (of 5) from port B of cell CPU.$flatten\reg_file.$procmux$159_CMP0 ($eq).
Removed top 2 bits (of 5) from port B of cell CPU.$flatten\reg_file.$procmux$158_CMP0 ($eq).
Removed top 2 bits (of 5) from port B of cell CPU.$flatten\reg_file.$procmux$157_CMP0 ($eq).
Removed top 1 bits (of 5) from port B of cell CPU.$flatten\reg_file.$procmux$156_CMP0 ($eq).
Removed top 1 bits (of 5) from port B of cell CPU.$flatten\reg_file.$procmux$155_CMP0 ($eq).
Removed top 1 bits (of 5) from port B of cell CPU.$flatten\reg_file.$procmux$154_CMP0 ($eq).
Removed top 1 bits (of 5) from port B of cell CPU.$flatten\reg_file.$procmux$153_CMP0 ($eq).
Removed top 1 bits (of 5) from port B of cell CPU.$flatten\reg_file.$procmux$152_CMP0 ($eq).
Removed top 1 bits (of 5) from port B of cell CPU.$flatten\reg_file.$procmux$151_CMP0 ($eq).
Removed top 1 bits (of 5) from port B of cell CPU.$flatten\reg_file.$procmux$150_CMP0 ($eq).
Removed top 1 bits (of 5) from port B of cell CPU.$flatten\reg_file.$procmux$149_CMP0 ($eq).
Removed top 4 bits (of 5) from port B of cell CPU.$flatten\reg_file.$procmux$130_CMP0 ($eq).
Removed top 3 bits (of 5) from port B of cell CPU.$flatten\reg_file.$procmux$129_CMP0 ($eq).
Removed top 3 bits (of 5) from port B of cell CPU.$flatten\reg_file.$procmux$128_CMP0 ($eq).
Removed top 2 bits (of 5) from port B of cell CPU.$flatten\reg_file.$procmux$127_CMP0 ($eq).
Removed top 2 bits (of 5) from port B of cell CPU.$flatten\reg_file.$procmux$126_CMP0 ($eq).
Removed top 2 bits (of 5) from port B of cell CPU.$flatten\reg_file.$procmux$125_CMP0 ($eq).
Removed top 2 bits (of 5) from port B of cell CPU.$flatten\reg_file.$procmux$124_CMP0 ($eq).
Removed top 1 bits (of 5) from port B of cell CPU.$flatten\reg_file.$procmux$123_CMP0 ($eq).
Removed top 1 bits (of 5) from port B of cell CPU.$flatten\reg_file.$procmux$122_CMP0 ($eq).
Removed top 1 bits (of 5) from port B of cell CPU.$flatten\reg_file.$procmux$121_CMP0 ($eq).
Removed top 1 bits (of 5) from port B of cell CPU.$flatten\reg_file.$procmux$120_CMP0 ($eq).
Removed top 1 bits (of 5) from port B of cell CPU.$flatten\reg_file.$procmux$119_CMP0 ($eq).
Removed top 1 bits (of 5) from port B of cell CPU.$flatten\reg_file.$procmux$118_CMP0 ($eq).
Removed top 1 bits (of 5) from port B of cell CPU.$flatten\reg_file.$procmux$117_CMP0 ($eq).
Removed top 1 bits (of 5) from port B of cell CPU.$flatten\reg_file.$procmux$116_CMP0 ($eq).
Removed top 2 bits (of 3) from port B of cell CPU.$flatten\alu.$procmux$834_CMP0 ($eq).
Removed top 1 bits (of 3) from port B of cell CPU.$flatten\alu.$procmux$833_CMP0 ($eq).
Removed top 1 bits (of 3) from port B of cell CPU.$flatten\alu.$procmux$832_CMP0 ($eq).
Removed top 2 bits (of 3) from port B of cell CPU.$flatten\display.$procmux$844_CMP0 ($eq).
Removed top 1 bits (of 3) from port B of cell CPU.$flatten\display.$procmux$843_CMP0 ($eq).
Removed top 1 bits (of 3) from port B of cell CPU.$flatten\display.$procmux$842_CMP0 ($eq).
Removed top 31 bits (of 32) from port B of cell CPU.$flatten\display.$add$/openlane/designs/CPU/src/CPU.v:139$26 ($add).
Removed top 29 bits (of 32) from port Y of cell CPU.$flatten\display.$add$/openlane/designs/CPU/src/CPU.v:139$26 ($add).
Removed top 31 bits (of 32) from port B of cell CPU.$flatten\display.$add$/openlane/designs/CPU/src/CPU.v:137$24 ($add).
Removed top 12 bits (of 32) from port Y of cell CPU.$flatten\display.$add$/openlane/designs/CPU/src/CPU.v:137$24 ($add).
Removed top 29 bits (of 32) from wire CPU.$flatten\display.$add$/openlane/designs/CPU/src/CPU.v:139$26_Y.

28. Executing PEEPOPT pass (run peephole optimizers).

29. Executing OPT_CLEAN pass (remove unused cells and wires).
Finding unused cells or wires in module \CPU..
Removed 0 unused cells and 2 unused wires.
<suppressed ~1 debug messages>

30. Executing ALUMACC pass (create $alu and $macc cells).
Extracting $alu and $macc cells in module CPU:
  creating $macc model for $add$/openlane/designs/CPU/src/CPU.v:192$7 ($add).
  creating $macc model for $add$/openlane/designs/CPU/src/CPU.v:194$10 ($add).
  creating $macc model for $flatten\alu.$add$/openlane/designs/CPU/src/CPU.v:27$30 ($add).
  creating $macc model for $flatten\alu.$sub$/openlane/designs/CPU/src/CPU.v:28$31 ($sub).
  creating $macc model for $flatten\display.$add$/openlane/designs/CPU/src/CPU.v:137$24 ($add).
  creating $macc model for $flatten\display.$add$/openlane/designs/CPU/src/CPU.v:139$26 ($add).
  creating $alu model for $macc $flatten\display.$add$/openlane/designs/CPU/src/CPU.v:139$26.
  creating $alu model for $macc $flatten\display.$add$/openlane/designs/CPU/src/CPU.v:137$24.
  creating $alu model for $macc $flatten\alu.$sub$/openlane/designs/CPU/src/CPU.v:28$31.
  creating $alu model for $macc $flatten\alu.$add$/openlane/designs/CPU/src/CPU.v:27$30.
  creating $alu model for $macc $add$/openlane/designs/CPU/src/CPU.v:194$10.
  creating $alu model for $macc $add$/openlane/designs/CPU/src/CPU.v:192$7.
  creating $alu cell for $add$/openlane/designs/CPU/src/CPU.v:192$7: $auto$alumacc.cc:485:replace_alu$1009
  creating $alu cell for $add$/openlane/designs/CPU/src/CPU.v:194$10: $auto$alumacc.cc:485:replace_alu$1012
  creating $alu cell for $flatten\alu.$add$/openlane/designs/CPU/src/CPU.v:27$30: $auto$alumacc.cc:485:replace_alu$1015
  creating $alu cell for $flatten\alu.$sub$/openlane/designs/CPU/src/CPU.v:28$31: $auto$alumacc.cc:485:replace_alu$1018
  creating $alu cell for $flatten\display.$add$/openlane/designs/CPU/src/CPU.v:137$24: $auto$alumacc.cc:485:replace_alu$1021
  creating $alu cell for $flatten\display.$add$/openlane/designs/CPU/src/CPU.v:139$26: $auto$alumacc.cc:485:replace_alu$1024
  created 6 $alu and 0 $macc cells.

31. Executing SHARE pass (SAT-based resource sharing).
Found 2 cells in module CPU that may be considered for resource sharing.
  Analyzing resource sharing options for $flatten\alu.$shr$/openlane/designs/CPU/src/CPU.v:30$33 ($shr):
    Found 1 activation_patterns using ctrl signal $flatten\alu.$procmux$830_CMP.
    No candidates found.
  Analyzing resource sharing options for $flatten\alu.$shl$/openlane/designs/CPU/src/CPU.v:29$32 ($shl):
    Found 1 activation_patterns using ctrl signal $flatten\alu.$procmux$831_CMP.
    No candidates found.

32. Executing OPT pass (performing simple optimizations).

32.1. Executing OPT_EXPR pass (perform const folding).
Optimizing module CPU.

32.2. Executing OPT_MERGE pass (detect identical cells).
Finding identical cells in module `\CPU'.
Removed a total of 0 cells.

32.3. Executing OPT_MUXTREE pass (detect dead branches in mux trees).
Running muxtree optimizer on module \CPU..
  Creating internal representation of mux trees.
  Evaluating internal representation of mux trees.
  Analyzing evaluation results.
Removed 0 multiplexer ports.
<suppressed ~10 debug messages>

32.4. Executing OPT_REDUCE pass (consolidate $*mux and $reduce_* inputs).
  Optimizing cells in module \CPU.
Performed a total of 0 changes.

32.5. Executing OPT_MERGE pass (detect identical cells).
Finding identical cells in module `\CPU'.
Removed a total of 0 cells.

32.6. Executing OPT_DFF pass (perform DFF optimizations).

32.7. Executing OPT_CLEAN pass (remove unused cells and wires).
Finding unused cells or wires in module \CPU..

32.8. Executing OPT_EXPR pass (perform const folding).
Optimizing module CPU.

32.9. Finished OPT passes. (There is nothing left to do.)

33. Executing MEMORY pass.

33.1. Executing OPT_MEM pass (optimize memories).
Performed a total of 0 transformations.

33.2. Executing OPT_MEM_PRIORITY pass (removing unnecessary memory write priority relations).
Performed a total of 0 transformations.

33.3. Executing OPT_MEM_FEEDBACK pass (finding memory read-to-write feedback paths).

33.4. Executing MEMORY_BMUX2ROM pass (converting muxes to ROMs).

33.5. Executing MEMORY_DFF pass (merging $dff cells to $memrd).
Checking read port `$flatten\display.$auto$proc_rom.cc:150:do_switch$63'[0] in module `\CPU': merging output FF to cell.

33.6. Executing OPT_CLEAN pass (remove unused cells and wires).
Finding unused cells or wires in module \CPU..
Removed 1 unused cells and 8 unused wires.
<suppressed ~2 debug messages>

33.7. Executing MEMORY_SHARE pass (consolidating $memrd/$memwr cells).

33.8. Executing OPT_MEM_WIDEN pass (optimize memories where all ports are wide).
Performed a total of 0 transformations.

33.9. Executing OPT_CLEAN pass (remove unused cells and wires).
Finding unused cells or wires in module \CPU..

33.10. Executing MEMORY_COLLECT pass (generating $mem cells).

34. Executing OPT_CLEAN pass (remove unused cells and wires).
Finding unused cells or wires in module \CPU..

35. Executing OPT pass (performing simple optimizations).

35.1. Executing OPT_EXPR pass (perform const folding).
Optimizing module CPU.
<suppressed ~6 debug messages>

35.2. Executing OPT_MERGE pass (detect identical cells).
Finding identical cells in module `\CPU'.
Removed a total of 0 cells.

35.3. Executing OPT_DFF pass (perform DFF optimizations).
Adding EN signal on $auto$ff.cc:266:slice$1005 ($adffe) from module CPU (D = \pc.next_pc [1:0], Q = \pc.pc [1:0]).

35.4. Executing OPT_CLEAN pass (remove unused cells and wires).
Finding unused cells or wires in module \CPU..
Removed 6 unused cells and 6 unused wires.
<suppressed ~7 debug messages>

35.5. Rerunning OPT passes. (Removed registers in this run.)

35.6. Executing OPT_EXPR pass (perform const folding).
Optimizing module CPU.
<suppressed ~1 debug messages>

35.7. Executing OPT_MERGE pass (detect identical cells).
Finding identical cells in module `\CPU'.
Removed a total of 0 cells.

35.8. Executing OPT_DFF pass (perform DFF optimizations).

35.9. Executing OPT_CLEAN pass (remove unused cells and wires).
Finding unused cells or wires in module \CPU..

35.10. Finished fast OPT passes.

36. Executing MEMORY_MAP pass (converting memories to logic and flip-flops).
Mapping memory $flatten\display.$auto$proc_rom.cc:150:do_switch$63 in module \CPU:
  created 16 $dff cells and 0 static cells of width 7.
Extracted data FF from read port 0 of CPU.$flatten\display.$auto$proc_rom.cc:150:do_switch$63: $$flatten\display.$auto$proc_rom.cc:150:do_switch$63$rdreg[0]
  read interface: 1 $dff and 15 $mux cells.
  write interface: 0 write mux blocks.

37. Executing OPT pass (performing simple optimizations).

37.1. Executing OPT_EXPR pass (perform const folding).
Optimizing module CPU.

37.2. Executing OPT_MERGE pass (detect identical cells).
Finding identical cells in module `\CPU'.
Removed a total of 0 cells.

37.3. Executing OPT_MUXTREE pass (detect dead branches in mux trees).
Running muxtree optimizer on module \CPU..
  Creating internal representation of mux trees.
  Evaluating internal representation of mux trees.
  Analyzing evaluation results.
Removed 0 multiplexer ports.
<suppressed ~11 debug messages>

37.4. Executing OPT_REDUCE pass (consolidate $*mux and $reduce_* inputs).
  Optimizing cells in module \CPU.
    Consolidated identical input bits for $mux cell $memory$flatten\display.$auto$proc_rom.cc:150:do_switch$63$rdmux[0][3][6]$1080:
      Old ports: A=7'1000110, B=7'0100001, Y=$memory$flatten\display.$auto$proc_rom.cc:150:do_switch$63$rdmux[0][2][3]$a$1060
      New ports: A=2'10, B=2'01, Y=$memory$flatten\display.$auto$proc_rom.cc:150:do_switch$63$rdmux[0][2][3]$a$1060 [1:0]
      New connections: $memory$flatten\display.$auto$proc_rom.cc:150:do_switch$63$rdmux[0][2][3]$a$1060 [6:2] = { $memory$flatten\display.$auto$proc_rom.cc:150:do_switch$63$rdmux[0][2][3]$a$1060 [1:0] 2'00 $memory$flatten\display.$auto$proc_rom.cc:150:do_switch$63$rdmux[0][2][3]$a$1060 [1] }
    Consolidated identical input bits for $mux cell $memory$flatten\display.$auto$proc_rom.cc:150:do_switch$63$rdmux[0][3][5]$1077:
      Old ports: A=7'0001000, B=7'0000011, Y=$memory$flatten\display.$auto$proc_rom.cc:150:do_switch$63$rdmux[0][2][2]$b$1058
      New ports: A=2'10, B=2'01, Y={ $memory$flatten\display.$auto$proc_rom.cc:150:do_switch$63$rdmux[0][2][2]$b$1058 [3] $memory$flatten\display.$auto$proc_rom.cc:150:do_switch$63$rdmux[0][2][2]$b$1058 [0] }
      New connections: { $memory$flatten\display.$auto$proc_rom.cc:150:do_switch$63$rdmux[0][2][2]$b$1058 [6:4] $memory$flatten\display.$auto$proc_rom.cc:150:do_switch$63$rdmux[0][2][2]$b$1058 [2:1] } = { 4'0000 $memory$flatten\display.$auto$proc_rom.cc:150:do_switch$63$rdmux[0][2][2]$b$1058 [0] }
    Consolidated identical input bits for $mux cell $memory$flatten\display.$auto$proc_rom.cc:150:do_switch$63$rdmux[0][3][4]$1074:
      Old ports: A=7'0000000, B=7'0010000, Y=$memory$flatten\display.$auto$proc_rom.cc:150:do_switch$63$rdmux[0][2][2]$a$1057
      New ports: A=1'0, B=1'1, Y=$memory$flatten\display.$auto$proc_rom.cc:150:do_switch$63$rdmux[0][2][2]$a$1057 [4]
      New connections: { $memory$flatten\display.$auto$proc_rom.cc:150:do_switch$63$rdmux[0][2][2]$a$1057 [6:5] $memory$flatten\display.$auto$proc_rom.cc:150:do_switch$63$rdmux[0][2][2]$a$1057 [3:0] } = 6'000000
    Consolidated identical input bits for $mux cell $memory$flatten\display.$auto$proc_rom.cc:150:do_switch$63$rdmux[0][3][3]$1071:
      Old ports: A=7'0000010, B=7'1111000, Y=$memory$flatten\display.$auto$proc_rom.cc:150:do_switch$63$rdmux[0][2][1]$b$1055
      New ports: A=2'01, B=2'10, Y={ $memory$flatten\display.$auto$proc_rom.cc:150:do_switch$63$rdmux[0][2][1]$b$1055 [3] $memory$flatten\display.$auto$proc_rom.cc:150:do_switch$63$rdmux[0][2][1]$b$1055 [1] }
      New connections: { $memory$flatten\display.$auto$proc_rom.cc:150:do_switch$63$rdmux[0][2][1]$b$1055 [6:4] $memory$flatten\display.$auto$proc_rom.cc:150:do_switch$63$rdmux[0][2][1]$b$1055 [2] $memory$flatten\display.$auto$proc_rom.cc:150:do_switch$63$rdmux[0][2][1]$b$1055 [0] } = { $memory$flatten\display.$auto$proc_rom.cc:150:do_switch$63$rdmux[0][2][1]$b$1055 [3] $memory$flatten\display.$auto$proc_rom.cc:150:do_switch$63$rdmux[0][2][1]$b$1055 [3] $memory$flatten\display.$auto$proc_rom.cc:150:do_switch$63$rdmux[0][2][1]$b$1055 [3] 2'00 }
    Consolidated identical input bits for $mux cell $memory$flatten\display.$auto$proc_rom.cc:150:do_switch$63$rdmux[0][3][2]$1068:
      Old ports: A=7'0011001, B=7'0010010, Y=$memory$flatten\display.$auto$proc_rom.cc:150:do_switch$63$rdmux[0][2][1]$a$1054
      New ports: A=2'01, B=2'10, Y=$memory$flatten\display.$auto$proc_rom.cc:150:do_switch$63$rdmux[0][2][1]$a$1054 [1:0]
      New connections: $memory$flatten\display.$auto$proc_rom.cc:150:do_switch$63$rdmux[0][2][1]$a$1054 [6:2] = { 3'001 $memory$flatten\display.$auto$proc_rom.cc:150:do_switch$63$rdmux[0][2][1]$a$1054 [0] 1'0 }
    Consolidated identical input bits for $mux cell $memory$flatten\display.$auto$proc_rom.cc:150:do_switch$63$rdmux[0][3][1]$1065:
      Old ports: A=7'0100100, B=7'0110000, Y=$memory$flatten\display.$auto$proc_rom.cc:150:do_switch$63$rdmux[0][2][0]$b$1052
      New ports: A=2'01, B=2'10, Y={ $memory$flatten\display.$auto$proc_rom.cc:150:do_switch$63$rdmux[0][2][0]$b$1052 [4] $memory$flatten\display.$auto$proc_rom.cc:150:do_switch$63$rdmux[0][2][0]$b$1052 [2] }
      New connections: { $memory$flatten\display.$auto$proc_rom.cc:150:do_switch$63$rdmux[0][2][0]$b$1052 [6:5] $memory$flatten\display.$auto$proc_rom.cc:150:do_switch$63$rdmux[0][2][0]$b$1052 [3] $memory$flatten\display.$auto$proc_rom.cc:150:do_switch$63$rdmux[0][2][0]$b$1052 [1:0] } = 5'01000
    Consolidated identical input bits for $mux cell $memory$flatten\display.$auto$proc_rom.cc:150:do_switch$63$rdmux[0][3][0]$1062:
      Old ports: A=7'1000000, B=7'1111001, Y=$memory$flatten\display.$auto$proc_rom.cc:150:do_switch$63$rdmux[0][2][0]$a$1051
      New ports: A=1'0, B=1'1, Y=$memory$flatten\display.$auto$proc_rom.cc:150:do_switch$63$rdmux[0][2][0]$a$1051 [0]
      New connections: $memory$flatten\display.$auto$proc_rom.cc:150:do_switch$63$rdmux[0][2][0]$a$1051 [6:1] = { 1'1 $memory$flatten\display.$auto$proc_rom.cc:150:do_switch$63$rdmux[0][2][0]$a$1051 [0] $memory$flatten\display.$auto$proc_rom.cc:150:do_switch$63$rdmux[0][2][0]$a$1051 [0] $memory$flatten\display.$auto$proc_rom.cc:150:do_switch$63$rdmux[0][2][0]$a$1051 [0] 2'00 }
    Consolidated identical input bits for $pmux cell $flatten\decoder.$procmux$91:
      Old ports: A=0, B={ \decoder.instruction [31] \decoder.instruction [31] \decoder.instruction [31] \decoder.instruction [31] \decoder.instruction [31] \decoder.instruction [31] \decoder.instruction [31] \decoder.instruction [31] \decoder.instruction [31] \decoder.instruction [31] \decoder.instruction [31] \decoder.instruction [31] \decoder.instruction [31] \decoder.instruction [31] \decoder.instruction [31] \decoder.instruction [31] \decoder.instruction [31] \decoder.instruction [31] \decoder.instruction [31] \decoder.instruction [31] \decoder.instruction [31:20] \decoder.instruction [31] \decoder.instruction [31] \decoder.instruction [31] \decoder.instruction [31] \decoder.instruction [31] \decoder.instruction [31] \decoder.instruction [31] \decoder.instruction [31] \decoder.instruction [31] \decoder.instruction [31] \decoder.instruction [31] \decoder.instruction [31] \decoder.instruction [31] \decoder.instruction [31] \decoder.instruction [31] \decoder.instruction [31] \decoder.instruction [31] \decoder.instruction [31] \decoder.instruction [31] \decoder.instruction [31] \decoder.instruction [7] \decoder.instruction [30:25] \decoder.instruction [11:8] 1'0 \decoder.instruction [31] \decoder.instruction [31] \decoder.instruction [31] \decoder.instruction [31] \decoder.instruction [31] \decoder.instruction [31] \decoder.instruction [31] \decoder.instruction [31] \decoder.instruction [31] \decoder.instruction [31] \decoder.instruction [31] \decoder.instruction [31] \decoder.instruction [19:12] \decoder.instruction [20] \decoder.instruction [30:21] 1'0 }, Y=\imm
      New ports: A=21'000000000000000000000, B={ \decoder.instruction [31] \decoder.instruction [31] \decoder.instruction [31] \decoder.instruction [31] \decoder.instruction [31] \decoder.instruction [31] \decoder.instruction [31] \decoder.instruction [31] \decoder.instruction [31] \decoder.instruction [31:20] \decoder.instruction [31] \decoder.instruction [31] \decoder.instruction [31] \decoder.instruction [31] \decoder.instruction [31] \decoder.instruction [31] \decoder.instruction [31] \decoder.instruction [31] \decoder.instruction [31] \decoder.instruction [7] \decoder.instruction [30:25] \decoder.instruction [11:8] 1'0 \decoder.instruction [31] \decoder.instruction [19:12] \decoder.instruction [20] \decoder.instruction [30:21] 1'0 }, Y=\imm [20:0]
      New connections: \imm [31:21] = { \imm [20] \imm [20] \imm [20] \imm [20] \imm [20] \imm [20] \imm [20] \imm [20] \imm [20] \imm [20] \imm [20] }
    Consolidated identical input bits for $mux cell $memory$flatten\display.$auto$proc_rom.cc:150:do_switch$63$rdmux[0][3][7]$1083:
      Old ports: A=7'0000110, B=7'0001110, Y=$memory$flatten\display.$auto$proc_rom.cc:150:do_switch$63$rdmux[0][2][3]$b$1061
      New ports: A=1'0, B=1'1, Y=$memory$flatten\display.$auto$proc_rom.cc:150:do_switch$63$rdmux[0][2][3]$b$1061 [3]
      New connections: { $memory$flatten\display.$auto$proc_rom.cc:150:do_switch$63$rdmux[0][2][3]$b$1061 [6:4] $memory$flatten\display.$auto$proc_rom.cc:150:do_switch$63$rdmux[0][2][3]$b$1061 [2:0] } = 6'000110
    Consolidated identical input bits for $pmux cell $flatten\imem.$procmux$67:
      Old ports: A=0, B=192'000000001010000000000101000100110000000011110000000001111001001100000000111101010000010110110011111111111011010110000110000100110000000000100000000000101001001100000000010101011001011010110011, Y={ \decoder.instruction [31:7] \instruction [6:0] }
      New ports: A=14'00000000000000, B=84'010100001010010111100011110101111100101111110111101100010001000001010100101111110111, Y={ \decoder.instruction [24:20] \decoder.instruction [16:15] \decoder.instruction [12] \decoder.instruction [10:7] \instruction [5] \instruction [0] }
      New connections: { \decoder.instruction [31:25] \decoder.instruction [19:17] \decoder.instruction [14:13] \decoder.instruction [11] \instruction [6] \instruction [4:1] } = { \decoder.instruction [24] \decoder.instruction [24] \decoder.instruction [24] \decoder.instruction [24] \decoder.instruction [24] \decoder.instruction [24] \decoder.instruction [24] 1'0 \decoder.instruction [16] 5'00000 \instruction [0] 2'00 \instruction [0] }
  Optimizing cells in module \CPU.
    Consolidated identical input bits for $mux cell $memory$flatten\display.$auto$proc_rom.cc:150:do_switch$63$rdmux[0][2][3]$1059:
      Old ports: A=$memory$flatten\display.$auto$proc_rom.cc:150:do_switch$63$rdmux[0][2][3]$a$1060, B=$memory$flatten\display.$auto$proc_rom.cc:150:do_switch$63$rdmux[0][2][3]$b$1061, Y=$memory$flatten\display.$auto$proc_rom.cc:150:do_switch$63$rdmux[0][1][1]$b$1049
      New ports: A={ $memory$flatten\display.$auto$proc_rom.cc:150:do_switch$63$rdmux[0][2][3]$a$1060 [1] 1'0 $memory$flatten\display.$auto$proc_rom.cc:150:do_switch$63$rdmux[0][2][3]$a$1060 [1:0] }, B={ 1'0 $memory$flatten\display.$auto$proc_rom.cc:150:do_switch$63$rdmux[0][2][3]$b$1061 [3] 2'10 }, Y={ $memory$flatten\display.$auto$proc_rom.cc:150:do_switch$63$rdmux[0][1][1]$b$1049 [6] $memory$flatten\display.$auto$proc_rom.cc:150:do_switch$63$rdmux[0][1][1]$b$1049 [3] $memory$flatten\display.$auto$proc_rom.cc:150:do_switch$63$rdmux[0][1][1]$b$1049 [1:0] }
      New connections: { $memory$flatten\display.$auto$proc_rom.cc:150:do_switch$63$rdmux[0][1][1]$b$1049 [5:4] $memory$flatten\display.$auto$proc_rom.cc:150:do_switch$63$rdmux[0][1][1]$b$1049 [2] } = { $memory$flatten\display.$auto$proc_rom.cc:150:do_switch$63$rdmux[0][1][1]$b$1049 [0] 1'0 $memory$flatten\display.$auto$proc_rom.cc:150:do_switch$63$rdmux[0][1][1]$b$1049 [1] }
    Consolidated identical input bits for $mux cell $memory$flatten\display.$auto$proc_rom.cc:150:do_switch$63$rdmux[0][2][2]$1056:
      Old ports: A=$memory$flatten\display.$auto$proc_rom.cc:150:do_switch$63$rdmux[0][2][2]$a$1057, B=$memory$flatten\display.$auto$proc_rom.cc:150:do_switch$63$rdmux[0][2][2]$b$1058, Y=$memory$flatten\display.$auto$proc_rom.cc:150:do_switch$63$rdmux[0][1][1]$a$1048
      New ports: A={ $memory$flatten\display.$auto$proc_rom.cc:150:do_switch$63$rdmux[0][2][2]$a$1057 [4] 2'00 }, B={ 1'0 $memory$flatten\display.$auto$proc_rom.cc:150:do_switch$63$rdmux[0][2][2]$b$1058 [3] $memory$flatten\display.$auto$proc_rom.cc:150:do_switch$63$rdmux[0][2][2]$b$1058 [0] }, Y={ $memory$flatten\display.$auto$proc_rom.cc:150:do_switch$63$rdmux[0][1][1]$a$1048 [4:3] $memory$flatten\display.$auto$proc_rom.cc:150:do_switch$63$rdmux[0][1][1]$a$1048 [0] }
      New connections: { $memory$flatten\display.$auto$proc_rom.cc:150:do_switch$63$rdmux[0][1][1]$a$1048 [6:5] $memory$flatten\display.$auto$proc_rom.cc:150:do_switch$63$rdmux[0][1][1]$a$1048 [2:1] } = { 3'000 $memory$flatten\display.$auto$proc_rom.cc:150:do_switch$63$rdmux[0][1][1]$a$1048 [0] }
    Consolidated identical input bits for $mux cell $memory$flatten\display.$auto$proc_rom.cc:150:do_switch$63$rdmux[0][2][1]$1053:
      Old ports: A=$memory$flatten\display.$auto$proc_rom.cc:150:do_switch$63$rdmux[0][2][1]$a$1054, B=$memory$flatten\display.$auto$proc_rom.cc:150:do_switch$63$rdmux[0][2][1]$b$1055, Y=$memory$flatten\display.$auto$proc_rom.cc:150:do_switch$63$rdmux[0][1][0]$b$1046
      New ports: A={ 2'01 $memory$flatten\display.$auto$proc_rom.cc:150:do_switch$63$rdmux[0][2][1]$a$1054 [0] $memory$flatten\display.$auto$proc_rom.cc:150:do_switch$63$rdmux[0][2][1]$a$1054 [1:0] }, B={ $memory$flatten\display.$auto$proc_rom.cc:150:do_switch$63$rdmux[0][2][1]$b$1055 [3] $memory$flatten\display.$auto$proc_rom.cc:150:do_switch$63$rdmux[0][2][1]$b$1055 [3] $memory$flatten\display.$auto$proc_rom.cc:150:do_switch$63$rdmux[0][2][1]$b$1055 [3] $memory$flatten\display.$auto$proc_rom.cc:150:do_switch$63$rdmux[0][2][1]$b$1055 [1] 1'0 }, Y={ $memory$flatten\display.$auto$proc_rom.cc:150:do_switch$63$rdmux[0][1][0]$b$1046 [5:3] $memory$flatten\display.$auto$proc_rom.cc:150:do_switch$63$rdmux[0][1][0]$b$1046 [1:0] }
      New connections: { $memory$flatten\display.$auto$proc_rom.cc:150:do_switch$63$rdmux[0][1][0]$b$1046 [6] $memory$flatten\display.$auto$proc_rom.cc:150:do_switch$63$rdmux[0][1][0]$b$1046 [2] } = { $memory$flatten\display.$auto$proc_rom.cc:150:do_switch$63$rdmux[0][1][0]$b$1046 [5] 1'0 }
    Consolidated identical input bits for $mux cell $memory$flatten\display.$auto$proc_rom.cc:150:do_switch$63$rdmux[0][2][0]$1050:
      Old ports: A=$memory$flatten\display.$auto$proc_rom.cc:150:do_switch$63$rdmux[0][2][0]$a$1051, B=$memory$flatten\display.$auto$proc_rom.cc:150:do_switch$63$rdmux[0][2][0]$b$1052, Y=$memory$flatten\display.$auto$proc_rom.cc:150:do_switch$63$rdmux[0][1][0]$a$1045
      New ports: A={ 1'1 $memory$flatten\display.$auto$proc_rom.cc:150:do_switch$63$rdmux[0][2][0]$a$1051 [0] $memory$flatten\display.$auto$proc_rom.cc:150:do_switch$63$rdmux[0][2][0]$a$1051 [0] 1'0 $memory$flatten\display.$auto$proc_rom.cc:150:do_switch$63$rdmux[0][2][0]$a$1051 [0] }, B={ 2'01 $memory$flatten\display.$auto$proc_rom.cc:150:do_switch$63$rdmux[0][2][0]$b$1052 [4] $memory$flatten\display.$auto$proc_rom.cc:150:do_switch$63$rdmux[0][2][0]$b$1052 [2] 1'0 }, Y={ $memory$flatten\display.$auto$proc_rom.cc:150:do_switch$63$rdmux[0][1][0]$a$1045 [6:4] $memory$flatten\display.$auto$proc_rom.cc:150:do_switch$63$rdmux[0][1][0]$a$1045 [2] $memory$flatten\display.$auto$proc_rom.cc:150:do_switch$63$rdmux[0][1][0]$a$1045 [0] }
      New connections: { $memory$flatten\display.$auto$proc_rom.cc:150:do_switch$63$rdmux[0][1][0]$a$1045 [3] $memory$flatten\display.$auto$proc_rom.cc:150:do_switch$63$rdmux[0][1][0]$a$1045 [1] } = { $memory$flatten\display.$auto$proc_rom.cc:150:do_switch$63$rdmux[0][1][0]$a$1045 [0] 1'0 }
    Consolidated identical input bits for $pmux cell $flatten\decoder.$procmux$91:
      Old ports: A=21'000000000000000000000, B={ \decoder.instruction [31] \decoder.instruction [31] \decoder.instruction [31] \decoder.instruction [31] \decoder.instruction [31] \decoder.instruction [31] \decoder.instruction [31] \decoder.instruction [31] \decoder.instruction [31] \decoder.instruction [31:20] \decoder.instruction [31] \decoder.instruction [31] \decoder.instruction [31] \decoder.instruction [31] \decoder.instruction [31] \decoder.instruction [31] \decoder.instruction [31] \decoder.instruction [31] \decoder.instruction [31] \decoder.instruction [7] \decoder.instruction [30:25] \decoder.instruction [11:8] 1'0 \decoder.instruction [31] \decoder.instruction [19:12] \decoder.instruction [20] \decoder.instruction [30:21] 1'0 }, Y=\imm [20:0]
      New ports: A=11'00000000000, B={ \decoder.instruction [24] \decoder.instruction [24] \decoder.instruction [24] \decoder.instruction [24] \decoder.instruction [24] \decoder.instruction [24] \decoder.instruction [24:20] \decoder.instruction [24] \decoder.instruction [24] \decoder.instruction [24] \decoder.instruction [24] \decoder.instruction [7] \decoder.instruction [24] 1'0 \decoder.instruction [10:8] 1'0 \decoder.instruction [16:15] 1'0 \decoder.instruction [12] \decoder.instruction [20] \decoder.instruction [24] \decoder.instruction [24:21] 1'0 }, Y={ \imm [16:15] \imm [13:11] \imm [5:0] }
      New connections: { \imm [20:17] \imm [14] \imm [10:6] } = { \imm [5] \imm [13] \imm [16] \imm [13] \imm [13] \imm [5] \imm [5] \imm [5] \imm [5] \imm [5] }
  Optimizing cells in module \CPU.
Performed a total of 15 changes.

37.5. Executing OPT_MERGE pass (detect identical cells).
Finding identical cells in module `\CPU'.
<suppressed ~15 debug messages>
Removed a total of 5 cells.

37.6. Executing OPT_SHARE pass.
    Found cells that share an operand and can be merged by moving the $pmux $flatten\alu.$procmux$827 in front of them:
        $auto$alumacc.cc:485:replace_alu$1018
        $auto$alumacc.cc:485:replace_alu$1015

37.7. Executing OPT_DFF pass (perform DFF optimizations).

37.8. Executing OPT_CLEAN pass (remove unused cells and wires).
Finding unused cells or wires in module \CPU..
Removed 0 unused cells and 27 unused wires.
<suppressed ~1 debug messages>

37.9. Executing OPT_EXPR pass (perform const folding).
Optimizing module CPU.
<suppressed ~91 debug messages>

37.10. Rerunning OPT passes. (Maybe there is more to do..)

37.11. Executing OPT_MUXTREE pass (detect dead branches in mux trees).
Running muxtree optimizer on module \CPU..
  Creating internal representation of mux trees.
  Evaluating internal representation of mux trees.
  Analyzing evaluation results.
    dead port 1/4 on $pmux $flatten\decoder.$procmux$78.
    dead port 1/4 on $pmux $flatten\decoder.$procmux$86.
    dead port 1/4 on $pmux $flatten\decoder.$procmux$91.
    dead port 2/4 on $pmux $flatten\decoder.$procmux$91.
    dead port 1/32 on $pmux $flatten\reg_file.$procmux$132.
    dead port 2/32 on $pmux $flatten\reg_file.$procmux$132.
    dead port 3/32 on $pmux $flatten\reg_file.$procmux$132.
    dead port 4/32 on $pmux $flatten\reg_file.$procmux$132.
    dead port 5/32 on $pmux $flatten\reg_file.$procmux$132.
    dead port 6/32 on $pmux $flatten\reg_file.$procmux$132.
    dead port 7/32 on $pmux $flatten\reg_file.$procmux$132.
    dead port 8/32 on $pmux $flatten\reg_file.$procmux$132.
    dead port 9/32 on $pmux $flatten\reg_file.$procmux$132.
    dead port 10/32 on $pmux $flatten\reg_file.$procmux$132.
    dead port 11/32 on $pmux $flatten\reg_file.$procmux$132.
    dead port 12/32 on $pmux $flatten\reg_file.$procmux$132.
    dead port 13/32 on $pmux $flatten\reg_file.$procmux$132.
    dead port 14/32 on $pmux $flatten\reg_file.$procmux$132.
    dead port 15/32 on $pmux $flatten\reg_file.$procmux$132.
    dead port 16/32 on $pmux $flatten\reg_file.$procmux$132.
    dead port 17/32 on $pmux $flatten\reg_file.$procmux$132.
    dead port 18/32 on $pmux $flatten\reg_file.$procmux$132.
    dead port 19/32 on $pmux $flatten\reg_file.$procmux$132.
    dead port 20/32 on $pmux $flatten\reg_file.$procmux$132.
    dead port 23/32 on $pmux $flatten\reg_file.$procmux$132.
    dead port 24/32 on $pmux $flatten\reg_file.$procmux$132.
    dead port 25/32 on $pmux $flatten\reg_file.$procmux$132.
    dead port 26/32 on $pmux $flatten\reg_file.$procmux$132.
    dead port 27/32 on $pmux $flatten\reg_file.$procmux$132.
    dead port 28/32 on $pmux $flatten\reg_file.$procmux$132.
    dead port 29/32 on $pmux $flatten\reg_file.$procmux$132.
    dead port 30/32 on $pmux $flatten\reg_file.$procmux$132.
Removed 32 multiplexer ports.
<suppressed ~12 debug messages>

37.12. Executing OPT_REDUCE pass (consolidate $*mux and $reduce_* inputs).
  Optimizing cells in module \CPU.
    New ctrl vector for $pmux cell $flatten\alu.$procmux$827: { $flatten\alu.$procmux$831_CMP $flatten\alu.$procmux$830_CMP $auto$opt_reduce.cc:134:opt_pmux$1094 }
    Consolidated identical input bits for $pmux cell $flatten\decoder.$procmux$78:
      Old ports: A=3'000, B=6'010100, Y=$flatten\decoder.$2\ALUop[2:0]
      New ports: A=2'00, B=4'0110, Y=$flatten\decoder.$2\ALUop[2:0] [2:1]
      New connections: $flatten\decoder.$2\ALUop[2:0] [0] = 1'0
    Consolidated identical input bits for $mux cell $flatten\decoder.$procmux$91:
      Old ports: A=11'00000000000, B={ \decoder.instruction [31] \decoder.instruction [31] \decoder.instruction [31] \decoder.instruction [31] \decoder.instruction [31] \decoder.instruction [31] \decoder.instruction [31] \decoder.instruction [23:20] }, Y={ \imm [18] \imm [15] \imm [19] \imm [12:11] \imm [31] \imm [4:0] }
      New ports: A=5'00000, B={ \decoder.instruction [31] \decoder.instruction [23:20] }, Y=\imm [4:0]
      New connections: { \imm [18] \imm [15] \imm [19] \imm [12:11] \imm [31] } = { \imm [4] \imm [4] \imm [4] \imm [4] \imm [4] \imm [4] }
    New input vector for $reduce_or cell $auto$opt_reduce.cc:128:opt_pmux$1093: { $flatten\alu.$procmux$833_CMP $flatten\alu.$procmux$832_CMP $eq$/openlane/designs/CPU/src/CPU.v:201$20_Y $eq$/openlane/designs/CPU/src/CPU.v:201$19_Y }
  Optimizing cells in module \CPU.
    Consolidated identical input bits for $pmux cell $flatten\decoder.$procmux$86:
      Old ports: A=3'000, B={ 3'110 $flatten\decoder.$2\ALUop[2:0] }, Y=\alu.ALUop
      New ports: A=2'00, B={ 2'11 $flatten\decoder.$2\ALUop[2:0] [2:1] }, Y=\alu.ALUop [2:1]
      New connections: \alu.ALUop [0] = 1'0
  Optimizing cells in module \CPU.
Performed a total of 5 changes.

37.13. Executing OPT_MERGE pass (detect identical cells).
Finding identical cells in module `\CPU'.
<suppressed ~45 debug messages>
Removed a total of 15 cells.

37.14. Executing OPT_SHARE pass.

37.15. Executing OPT_DFF pass (perform DFF optimizations).
Handling never-active EN on $auto$ff.cc:266:slice$1035 ($adffe) from module CPU (removing D path).
Handling never-active EN on $auto$ff.cc:266:slice$954 ($adffe) from module CPU (removing D path).
Setting constant 0-bit at position 0 on $auto$ff.cc:266:slice$954 ($dlatch) from module CPU.
Setting constant 0-bit at position 1 on $auto$ff.cc:266:slice$954 ($dlatch) from module CPU.
Setting constant 0-bit at position 2 on $auto$ff.cc:266:slice$954 ($dlatch) from module CPU.
Setting constant 0-bit at position 3 on $auto$ff.cc:266:slice$954 ($dlatch) from module CPU.
Setting constant 0-bit at position 4 on $auto$ff.cc:266:slice$954 ($dlatch) from module CPU.
Setting constant 0-bit at position 5 on $auto$ff.cc:266:slice$954 ($dlatch) from module CPU.
Setting constant 0-bit at position 6 on $auto$ff.cc:266:slice$954 ($dlatch) from module CPU.
Setting constant 0-bit at position 7 on $auto$ff.cc:266:slice$954 ($dlatch) from module CPU.
Setting constant 0-bit at position 8 on $auto$ff.cc:266:slice$954 ($dlatch) from module CPU.
Setting constant 0-bit at position 9 on $auto$ff.cc:266:slice$954 ($dlatch) from module CPU.
Setting constant 0-bit at position 10 on $auto$ff.cc:266:slice$954 ($dlatch) from module CPU.
Setting constant 0-bit at position 11 on $auto$ff.cc:266:slice$954 ($dlatch) from module CPU.
Setting constant 0-bit at position 12 on $auto$ff.cc:266:slice$954 ($dlatch) from module CPU.
Setting constant 0-bit at position 13 on $auto$ff.cc:266:slice$954 ($dlatch) from module CPU.
Setting constant 0-bit at position 14 on $auto$ff.cc:266:slice$954 ($dlatch) from module CPU.
Setting constant 0-bit at position 15 on $auto$ff.cc:266:slice$954 ($dlatch) from module CPU.
Setting constant 0-bit at position 16 on $auto$ff.cc:266:slice$954 ($dlatch) from module CPU.
Setting constant 0-bit at position 17 on $auto$ff.cc:266:slice$954 ($dlatch) from module CPU.
Setting constant 0-bit at position 18 on $auto$ff.cc:266:slice$954 ($dlatch) from module CPU.
Setting constant 0-bit at position 19 on $auto$ff.cc:266:slice$954 ($dlatch) from module CPU.
Setting constant 0-bit at position 20 on $auto$ff.cc:266:slice$954 ($dlatch) from module CPU.
Setting constant 0-bit at position 21 on $auto$ff.cc:266:slice$954 ($dlatch) from module CPU.
Setting constant 0-bit at position 22 on $auto$ff.cc:266:slice$954 ($dlatch) from module CPU.
Setting constant 0-bit at position 23 on $auto$ff.cc:266:slice$954 ($dlatch) from module CPU.
Setting constant 0-bit at position 24 on $auto$ff.cc:266:slice$954 ($dlatch) from module CPU.
Setting constant 0-bit at position 25 on $auto$ff.cc:266:slice$954 ($dlatch) from module CPU.
Setting constant 0-bit at position 26 on $auto$ff.cc:266:slice$954 ($dlatch) from module CPU.
Setting constant 0-bit at position 27 on $auto$ff.cc:266:slice$954 ($dlatch) from module CPU.
Setting constant 0-bit at position 28 on $auto$ff.cc:266:slice$954 ($dlatch) from module CPU.
Setting constant 0-bit at position 29 on $auto$ff.cc:266:slice$954 ($dlatch) from module CPU.
Setting constant 0-bit at position 30 on $auto$ff.cc:266:slice$954 ($dlatch) from module CPU.
Setting constant 0-bit at position 31 on $auto$ff.cc:266:slice$954 ($dlatch) from module CPU.
Setting constant 0-bit at position 0 on $auto$ff.cc:266:slice$1035 ($dlatch) from module CPU.
Setting constant 0-bit at position 1 on $auto$ff.cc:266:slice$1035 ($dlatch) from module CPU.

37.16. Executing OPT_CLEAN pass (remove unused cells and wires).
Finding unused cells or wires in module \CPU..
Removed 3 unused cells and 80 unused wires.
<suppressed ~6 debug messages>

37.17. Executing OPT_EXPR pass (perform const folding).
Optimizing module CPU.
<suppressed ~9 debug messages>

37.18. Rerunning OPT passes. (Maybe there is more to do..)

37.19. Executing OPT_MUXTREE pass (detect dead branches in mux trees).
Running muxtree optimizer on module \CPU..
  Creating internal representation of mux trees.
  Evaluating internal representation of mux trees.
  Analyzing evaluation results.
    dead port 2/4 on $pmux $flatten\alu.$procmux$827.
Removed 1 multiplexer ports.
<suppressed ~10 debug messages>

37.20. Executing OPT_REDUCE pass (consolidate $*mux and $reduce_* inputs).
  Optimizing cells in module \CPU.
    New ctrl vector for $pmux cell $flatten\reg_file.$procmux$99: { $flatten\reg_file.$procmux$130_CMP $flatten\reg_file.$procmux$129_CMP $flatten\reg_file.$procmux$128_CMP $flatten\reg_file.$procmux$127_CMP $flatten\reg_file.$procmux$126_CMP $flatten\reg_file.$procmux$125_CMP $flatten\reg_file.$procmux$124_CMP $flatten\reg_file.$procmux$123_CMP $flatten\reg_file.$procmux$122_CMP $flatten\reg_file.$procmux$121_CMP $flatten\reg_file.$procmux$120_CMP $flatten\reg_file.$procmux$119_CMP $flatten\reg_file.$procmux$118_CMP $flatten\reg_file.$procmux$117_CMP $flatten\reg_file.$procmux$116_CMP $auto$opt_reduce.cc:134:opt_pmux$1096 }
  Optimizing cells in module \CPU.
Performed a total of 1 changes.

37.21. Executing OPT_MERGE pass (detect identical cells).
Finding identical cells in module `\CPU'.
Removed a total of 0 cells.

37.22. Executing OPT_SHARE pass.

37.23. Executing OPT_DFF pass (perform DFF optimizations).

37.24. Executing OPT_CLEAN pass (remove unused cells and wires).
Finding unused cells or wires in module \CPU..
Removed 1 unused cells and 7 unused wires.
<suppressed ~2 debug messages>

37.25. Executing OPT_EXPR pass (perform const folding).
Optimizing module CPU.

37.26. Rerunning OPT passes. (Maybe there is more to do..)

37.27. Executing OPT_MUXTREE pass (detect dead branches in mux trees).
Running muxtree optimizer on module \CPU..
  Creating internal representation of mux trees.
  Evaluating internal representation of mux trees.
  Analyzing evaluation results.
Removed 0 multiplexer ports.
<suppressed ~10 debug messages>

37.28. Executing OPT_REDUCE pass (consolidate $*mux and $reduce_* inputs).
  Optimizing cells in module \CPU.
Performed a total of 0 changes.

37.29. Executing OPT_MERGE pass (detect identical cells).
Finding identical cells in module `\CPU'.
Removed a total of 0 cells.

37.30. Executing OPT_SHARE pass.

37.31. Executing OPT_DFF pass (perform DFF optimizations).

37.32. Executing OPT_CLEAN pass (remove unused cells and wires).
Finding unused cells or wires in module \CPU..

37.33. Executing OPT_EXPR pass (perform const folding).
Optimizing module CPU.

37.34. Finished OPT passes. (There is nothing left to do.)

38. Executing TECHMAP pass (map to technology primitives).

38.1. Executing Verilog-2005 frontend: /nix/store/sx2v0i73mn1ih2z1nk61pm9n5gjgpidy-yosys/bin/../share/yosys/techmap.v
Parsing Verilog input from `/nix/store/sx2v0i73mn1ih2z1nk61pm9n5gjgpidy-yosys/bin/../share/yosys/techmap.v' to AST representation.
Generating RTLIL representation for module `\_90_simplemap_bool_ops'.
Generating RTLIL representation for module `\_90_simplemap_reduce_ops'.
Generating RTLIL representation for module `\_90_simplemap_logic_ops'.
Generating RTLIL representation for module `\_90_simplemap_compare_ops'.
Generating RTLIL representation for module `\_90_simplemap_various'.
Generating RTLIL representation for module `\_90_simplemap_registers'.
Generating RTLIL representation for module `\_90_shift_ops_shr_shl_sshl_sshr'.
Generating RTLIL representation for module `\_90_shift_shiftx'.
Generating RTLIL representation for module `\_90_fa'.
Generating RTLIL representation for module `\_90_lcu'.
Generating RTLIL representation for module `\_90_alu'.
Generating RTLIL representation for module `\_90_macc'.
Generating RTLIL representation for module `\_90_alumacc'.
Generating RTLIL representation for module `\$__div_mod_u'.
Generating RTLIL representation for module `\$__div_mod_trunc'.
Generating RTLIL representation for module `\_90_div'.
Generating RTLIL representation for module `\_90_mod'.
Generating RTLIL representation for module `\$__div_mod_floor'.
Generating RTLIL representation for module `\_90_divfloor'.
Generating RTLIL representation for module `\_90_modfloor'.
Generating RTLIL representation for module `\_90_pow'.
Generating RTLIL representation for module `\_90_pmux'.
Generating RTLIL representation for module `\_90_demux'.
Generating RTLIL representation for module `\_90_lut'.
Successfully finished Verilog frontend.

38.2. Continuing TECHMAP pass.
Using extmapper simplemap for cells of type $logic_not.
Using extmapper simplemap for cells of type $logic_and.
Using template $paramod$44a13d10af618e7fbe7b9aad2f6151ffcee1e2fa\_90_alu for cells of type $alu.
Using extmapper simplemap for cells of type $reduce_bool.
Using extmapper simplemap for cells of type $eq.
Using extmapper simplemap for cells of type $mux.
Using extmapper simplemap for cells of type $dff.
Using template $paramod$661999b8ebc8b4b81aa840f2824545b2035f8a4b\_90_pmux for cells of type $pmux.
Using template $paramod$521ce43182eecb9f60c72393a788160d2c356bf5\_90_pmux for cells of type $pmux.
Running "alumacc" on wrapper $extern:wrap:$neg:A_SIGNED=0:A_WIDTH=32:Y_WIDTH=32:394426c56d1a028ba8fdd5469b163e04011def47.
Using template $extern:wrap:$neg:A_SIGNED=0:A_WIDTH=32:Y_WIDTH=32:394426c56d1a028ba8fdd5469b163e04011def47 for cells of type $extern:wrap:$neg:A_SIGNED=0:A_WIDTH=32:Y_WIDTH=32:394426c56d1a028ba8fdd5469b163e04011def47.
Using extmapper simplemap for cells of type $reduce_and.
Using extmapper simplemap for cells of type $reduce_or.
Using extmapper simplemap for cells of type $adffe.
Using template $paramod$54d740639e1393b22262823179ff783ea9f17a35\_90_pmux for cells of type $pmux.
Using template $paramod$8d502f02b5b0b72663c46788e07dcce65ffb9a1e\_90_pmux for cells of type $pmux.
Using template $paramod$constmap:4621fcf06a436d1e2a4080e2ed9866a7d07a6e07$paramod$335cfd09f1afa8139c4aafcbbe5f361887b79c5e\_90_shift_ops_shr_shl_sshl_sshr for cells of type $shl.
Using template $paramod$fbc7873bff55778c0b3173955b7e4bce1d9d6834\_90_alu for cells of type $alu.
Using template $paramod$8fabc56b80a569262acfc42757a02ca0b8e91278\_90_pmux for cells of type $pmux.
Using template $paramod$ce0ec84be7047712840b0952f343ee9e63ef75d1\_90_alu for cells of type $alu.
Using extmapper simplemap for cells of type $sdffce.
Using template $paramod$33afdd83bf3811dac2de7a968d39eea5718691bc\_90_pmux for cells of type $pmux.
Using template $paramod$d7387fdb214042e5ef2d69a3f74948694b4bb65e\_90_pmux for cells of type $pmux.
Using template $paramod$3ef7d3dd227da7627a99c5e5a6a4deb817573e39\_90_alu for cells of type $alu.
Using extmapper simplemap for cells of type $and.
Using template $paramod$c6baa65225090ac0a120feab1b920965244aa496\_90_alu for cells of type $alu.
Using extmapper simplemap for cells of type $not.
Using extmapper simplemap for cells of type $pos.
Using template $paramod\_90_lcu\WIDTH=32'00000000000000000000000000011110 for cells of type $lcu.
Using extmapper simplemap for cells of type $xor.
Using template $paramod\_90_lcu\WIDTH=32'00000000000000000000000000100000 for cells of type $lcu.
Using template $paramod\_90_lcu\WIDTH=32'00000000000000000000000000010100 for cells of type $lcu.
Using template $paramod\_90_lcu\WIDTH=32'00000000000000000000000000000011 for cells of type $lcu.
Using extmapper simplemap for cells of type $or.
No more expansions possible.
<suppressed ~1941 debug messages>

39. Executing OPT pass (performing simple optimizations).

39.1. Executing OPT_EXPR pass (perform const folding).
Optimizing module CPU.
<suppressed ~1248 debug messages>

39.2. Executing OPT_MERGE pass (detect identical cells).
Finding identical cells in module `\CPU'.
<suppressed ~1320 debug messages>
Removed a total of 440 cells.

39.3. Executing OPT_DFF pass (perform DFF optimizations).

39.4. Executing OPT_CLEAN pass (remove unused cells and wires).
Finding unused cells or wires in module \CPU..
Removed 54 unused cells and 1257 unused wires.
<suppressed ~55 debug messages>

39.5. Finished fast OPT passes.

40. Executing ABC pass (technology mapping using ABC).

40.1. Extracting gate netlist of module `\CPU' to `<abc-temp-dir>/input.blif'..
Extracted 2540 gates and 3109 wires to a netlist network with 567 inputs and 119 outputs.

40.1.1. Executing ABC.
Running ABC command: "/nix/store/wq2q0njg3sx8wvj2akz7x1qxwyrv9xlr-yosys-abc/bin/abc" -s -f <abc-temp-dir>/abc.script 2>&1
ABC: ABC command line: "source <abc-temp-dir>/abc.script".
ABC: 
ABC: + read_blif <abc-temp-dir>/input.blif 
ABC: + read_library <abc-temp-dir>/stdcells.genlib 
ABC: Entered genlib library with 13 gates from file "<abc-temp-dir>/stdcells.genlib".
ABC: + strash 
ABC: + dretime 
ABC: + map 
ABC: + write_blif <abc-temp-dir>/output.blif 

40.1.2. Re-integrating ABC results.
ABC RESULTS:               MUX cells:      244
ABC RESULTS:               NOT cells:       77
ABC RESULTS:                OR cells:      660
ABC RESULTS:             ORNOT cells:      123
ABC RESULTS:              XNOR cells:       22
ABC RESULTS:            ANDNOT cells:      962
ABC RESULTS:               NOR cells:      100
ABC RESULTS:               AND cells:       45
ABC RESULTS:              NAND cells:       52
ABC RESULTS:               XOR cells:      122
ABC RESULTS:        internal signals:     2423
ABC RESULTS:           input signals:      567
ABC RESULTS:          output signals:      119
Removing temp directory.

41. Executing OPT pass (performing simple optimizations).

41.1. Executing OPT_EXPR pass (perform const folding).
Optimizing module CPU.
<suppressed ~3 debug messages>

41.2. Executing OPT_MERGE pass (detect identical cells).
Finding identical cells in module `\CPU'.
<suppressed ~12 debug messages>
Removed a total of 4 cells.

41.3. Executing OPT_DFF pass (perform DFF optimizations).

41.4. Executing OPT_CLEAN pass (remove unused cells and wires).
Finding unused cells or wires in module \CPU..
Removed 0 unused cells and 1257 unused wires.
<suppressed ~6 debug messages>

41.5. Finished fast OPT passes.

42. Executing HIERARCHY pass (managing design hierarchy).

42.1. Analyzing design hierarchy..
Top module:  \CPU

42.2. Analyzing design hierarchy..
Top module:  \CPU
Removed 0 unused modules.

43. Printing statistics.

=== CPU ===

   Number of wires:               2389
   Number of wire bits:           4031
   Number of public wires:          81
   Number of public wire bits:    1668
   Number of memories:               0
   Number of memory bits:            0
   Number of processes:              0
   Number of cells:               2984
     $_ANDNOT_                     959
     $_AND_                         45
     $_DFFE_PP0P_                  542
     $_DFF_P_                       36
     $_MUX_                        244
     $_NAND_                        52
     $_NOR_                        100
     $_NOT_                         77
     $_ORNOT_                      123
     $_OR_                         660
     $_SDFFCE_PP0N_                  3
     $_XNOR_                        22
     $_XOR_                        121

44. Executing CHECK pass (checking for obvious problems).
Checking module CPU...
Found and reported 0 problems.

45. Generating Graphviz representation of design.
Writing dot description to `/openlane/designs/CPU/runs/RUN_2025.06.11_19.06.39/tmp/synthesis/post_techmap.dot'.
Dumping module CPU to page 1.

46. Executing SHARE pass (SAT-based resource sharing).

47. Executing OPT pass (performing simple optimizations).

47.1. Executing OPT_EXPR pass (perform const folding).
Optimizing module CPU.

47.2. Executing OPT_MERGE pass (detect identical cells).
Finding identical cells in module `\CPU'.
Removed a total of 0 cells.

47.3. Executing OPT_MUXTREE pass (detect dead branches in mux trees).
Running muxtree optimizer on module \CPU..
  Creating internal representation of mux trees.
  No muxes found in this module.
Removed 0 multiplexer ports.

47.4. Executing OPT_REDUCE pass (consolidate $*mux and $reduce_* inputs).
  Optimizing cells in module \CPU.
Performed a total of 0 changes.

47.5. Executing OPT_MERGE pass (detect identical cells).
Finding identical cells in module `\CPU'.
Removed a total of 0 cells.

47.6. Executing OPT_DFF pass (perform DFF optimizations).

47.7. Executing OPT_CLEAN pass (remove unused cells and wires).
Finding unused cells or wires in module \CPU..

47.8. Executing OPT_EXPR pass (perform const folding).
Optimizing module CPU.

47.9. Finished OPT passes. (There is nothing left to do.)

48. Executing OPT_CLEAN pass (remove unused cells and wires).
Finding unused cells or wires in module \CPU..
Removed 0 unused cells and 53 unused wires.
<suppressed ~53 debug messages>

49. Printing statistics.

=== CPU ===

   Number of wires:               2336
   Number of wire bits:           3014
   Number of public wires:          28
   Number of public wire bits:     651
   Number of memories:               0
   Number of memory bits:            0
   Number of processes:              0
   Number of cells:               2984
     $_ANDNOT_                     959
     $_AND_                         45
     $_DFFE_PP0P_                  542
     $_DFF_P_                       36
     $_MUX_                        244
     $_NAND_                        52
     $_NOR_                        100
     $_NOT_                         77
     $_ORNOT_                      123
     $_OR_                         660
     $_SDFFCE_PP0N_                  3
     $_XNOR_                        22
     $_XOR_                        121

mapping tbuf

50. Executing TECHMAP pass (map to technology primitives).

50.1. Executing Verilog-2005 frontend: /home/omers/.volare/sky130A/libs.tech/openlane/sky130_fd_sc_hd/tribuff_map.v
Parsing Verilog input from `/home/omers/.volare/sky130A/libs.tech/openlane/sky130_fd_sc_hd/tribuff_map.v' to AST representation.
Generating RTLIL representation for module `\$_TBUF_'.
Successfully finished Verilog frontend.

50.2. Continuing TECHMAP pass.
No more expansions possible.
<suppressed ~3 debug messages>

51. Executing SIMPLEMAP pass (map simple cells to gate primitives).

52. Executing TECHMAP pass (map to technology primitives).

52.1. Executing Verilog-2005 frontend: /home/omers/.volare/sky130A/libs.tech/openlane/sky130_fd_sc_hd/latch_map.v
Parsing Verilog input from `/home/omers/.volare/sky130A/libs.tech/openlane/sky130_fd_sc_hd/latch_map.v' to AST representation.
Generating RTLIL representation for module `\$_DLATCH_P_'.
Generating RTLIL representation for module `\$_DLATCH_N_'.
Successfully finished Verilog frontend.

52.2. Continuing TECHMAP pass.
No more expansions possible.
<suppressed ~4 debug messages>

53. Executing SIMPLEMAP pass (map simple cells to gate primitives).

54. Executing DFFLIBMAP pass (mapping DFF cells to sequential cells from liberty file).
  cell sky130_fd_sc_hd__dfxtp_2 (noninv, pins=3, area=21.27) is a direct match for cell type $_DFF_P_.
  cell sky130_fd_sc_hd__dfrtp_2 (noninv, pins=4, area=26.28) is a direct match for cell type $_DFF_PN0_.
  cell sky130_fd_sc_hd__dfstp_2 (noninv, pins=4, area=26.28) is a direct match for cell type $_DFF_PN1_.
  cell sky130_fd_sc_hd__dfbbn_2 (noninv, pins=6, area=35.03) is a direct match for cell type $_DFFSR_NNN_.
  final dff cell mappings:
    unmapped dff cell: $_DFF_N_
    \sky130_fd_sc_hd__dfxtp_2 _DFF_P_ (.CLK( C), .D( D), .Q( Q));
    unmapped dff cell: $_DFF_NN0_
    unmapped dff cell: $_DFF_NN1_
    unmapped dff cell: $_DFF_NP0_
    unmapped dff cell: $_DFF_NP1_
    \sky130_fd_sc_hd__dfrtp_2 _DFF_PN0_ (.CLK( C), .D( D), .Q( Q), .RESET_B( R));
    \sky130_fd_sc_hd__dfstp_2 _DFF_PN1_ (.CLK( C), .D( D), .Q( Q), .SET_B( R));
    unmapped dff cell: $_DFF_PP0_
    unmapped dff cell: $_DFF_PP1_
    \sky130_fd_sc_hd__dfbbn_2 _DFFSR_NNN_ (.CLK_N( C), .D( D), .Q( Q), .Q_N(~Q), .RESET_B( R), .SET_B( S));
    unmapped dff cell: $_DFFSR_NNP_
    unmapped dff cell: $_DFFSR_NPN_
    unmapped dff cell: $_DFFSR_NPP_
    unmapped dff cell: $_DFFSR_PNN_
    unmapped dff cell: $_DFFSR_PNP_
    unmapped dff cell: $_DFFSR_PPN_
    unmapped dff cell: $_DFFSR_PPP_

54.1. Executing DFFLEGALIZE pass (convert FFs to types supported by the target).
Mapping DFF cells in module `\CPU':
  mapped 542 $_DFF_PN0_ cells to \sky130_fd_sc_hd__dfrtp_2 cells.
  mapped 39 $_DFF_P_ cells to \sky130_fd_sc_hd__dfxtp_2 cells.

55. Printing statistics.

=== CPU ===

   Number of wires:               3426
   Number of wire bits:           4104
   Number of public wires:          28
   Number of public wire bits:     651
   Number of memories:               0
   Number of memory bits:            0
   Number of processes:              0
   Number of cells:               4074
     $_ANDNOT_                     959
     $_AND_                         45
     $_MUX_                        792
     $_NAND_                        52
     $_NOR_                        100
     $_NOT_                        619
     $_ORNOT_                      123
     $_OR_                         660
     $_XNOR_                        22
     $_XOR_                        121
     sky130_fd_sc_hd__dfrtp_2      542
     sky130_fd_sc_hd__dfxtp_2       39

[INFO]: USING STRATEGY AREA 0

56. Executing ABC pass (technology mapping using ABC).

56.1. Extracting gate netlist of module `\CPU' to `/tmp/yosys-abc-hE36IX/input.blif'..
Extracted 3493 gates and 4062 wires to a netlist network with 568 inputs and 1122 outputs.

56.1.1. Executing ABC.
Running ABC command: "/nix/store/wq2q0njg3sx8wvj2akz7x1qxwyrv9xlr-yosys-abc/bin/abc" -s -f /tmp/yosys-abc-hE36IX/abc.script 2>&1
ABC: ABC command line: "source /tmp/yosys-abc-hE36IX/abc.script".
ABC: 
ABC: + read_blif /tmp/yosys-abc-hE36IX/input.blif 
ABC: + read_lib -w /openlane/designs/CPU/runs/RUN_2025.06.11_19.06.39/tmp/synthesis/trimmed.lib 
ABC: Parsing finished successfully.  Parsing time =     0.04 sec
ABC: Scl_LibertyReadGenlib() skipped sequential cell "sky130_fd_sc_hd__dfbbn_2".
ABC: Scl_LibertyReadGenlib() skipped sequential cell "sky130_fd_sc_hd__dfrbp_2".
ABC: Scl_LibertyReadGenlib() skipped sequential cell "sky130_fd_sc_hd__dfrtp_2".
ABC: Scl_LibertyReadGenlib() skipped sequential cell "sky130_fd_sc_hd__dfrtp_4".
ABC: Scl_LibertyReadGenlib() skipped sequential cell "sky130_fd_sc_hd__dfsbp_2".
ABC: Scl_LibertyReadGenlib() skipped sequential cell "sky130_fd_sc_hd__dfstp_2".
ABC: Scl_LibertyReadGenlib() skipped sequential cell "sky130_fd_sc_hd__dfstp_4".
ABC: Scl_LibertyReadGenlib() skipped sequential cell "sky130_fd_sc_hd__dfxbp_2".
ABC: Scl_LibertyReadGenlib() skipped sequential cell "sky130_fd_sc_hd__dfxtp_2".
ABC: Scl_LibertyReadGenlib() skipped sequential cell "sky130_fd_sc_hd__dfxtp_4".
ABC: Scl_LibertyReadGenlib() skipped sequential cell "sky130_fd_sc_hd__dlxtn_1".
ABC: Scl_LibertyReadGenlib() skipped sequential cell "sky130_fd_sc_hd__dlxtn_2".
ABC: Scl_LibertyReadGenlib() skipped sequential cell "sky130_fd_sc_hd__dlxtn_4".
ABC: Scl_LibertyReadGenlib() skipped sequential cell "sky130_fd_sc_hd__dlxtp_1".
ABC: Scl_LibertyReadGenlib() skipped three-state cell "sky130_fd_sc_hd__ebufn_2".
ABC: Scl_LibertyReadGenlib() skipped three-state cell "sky130_fd_sc_hd__ebufn_4".
ABC: Scl_LibertyReadGenlib() skipped three-state cell "sky130_fd_sc_hd__ebufn_8".
ABC: Library "sky130A_merged" from "/openlane/designs/CPU/runs/RUN_2025.06.11_19.06.39/tmp/synthesis/trimmed.lib" has 175 cells (17 skipped: 14 seq; 3 tri-state; 0 no func; 0 dont_use).  Time =     0.05 sec
ABC: Memory =    9.54 MB. Time =     0.05 sec
ABC: Warning: Detected 2 multi-output gates (for example, "sky130_fd_sc_hd__fa_1").
ABC: + read_constr -v /openlane/designs/CPU/runs/RUN_2025.06.11_19.06.39/tmp/synthesis/synthesis.sdc 
ABC: Setting driving cell to be "sky130_fd_sc_hd__inv_2".
ABC: Setting output load to be 33.442001.
ABC: + read_constr /openlane/designs/CPU/runs/RUN_2025.06.11_19.06.39/tmp/synthesis/synthesis.sdc 
ABC: + fx 
ABC: + mfs 
ABC: + strash 
ABC: + drf -l 
ABC: + balance 
ABC: + drw -l 
ABC: + drf -l 
ABC: + balance 
ABC: + drw -l 
ABC: + drw -l -z 
ABC: + balance 
ABC: + drf -l -z 
ABC: + drw -l -z 
ABC: + balance 
ABC: + retime -D -D 10000 -M 5 
ABC: + scleanup 
ABC: Error: The network is combinational.
ABC: + fraig_store 
ABC: + balance 
ABC: + fraig_store 
ABC: + balance 
ABC: + drw -l 
ABC: + drf -l 
ABC: + balance 
ABC: + drw -l 
ABC: + drw -l -z 
ABC: + balance 
ABC: + drf -l -z 
ABC: + drw -l -z 
ABC: + balance 
ABC: + fraig_store 
ABC: + balance 
ABC: + drw -l 
ABC: + drf -l 
ABC: + balance 
ABC: + drw -l 
ABC: + drw -l -z 
ABC: + balance 
ABC: + drf -l -z 
ABC: + drw -l -z 
ABC: + balance 
ABC: + fraig_store 
ABC: + balance 
ABC: + drw -l 
ABC: + drf -l 
ABC: + balance 
ABC: + drw -l 
ABC: + drw -l -z 
ABC: + balance 
ABC: + drf -l -z 
ABC: + drw -l -z 
ABC: + balance 
ABC: + fraig_store 
ABC: + fraig_restore 
ABC: + amap -m -Q 0.1 -F 20 -A 20 -C 5000 
ABC: + retime -D -D 10000 
ABC: + &get -n 
ABC: + &st 
ABC: + &dch 
ABC: + &nf 
ABC: + &put 
ABC: + buffer -N 10 -S 750.0 
ABC: + upsize -D 10000 
ABC: Current delay (9434.10 ps) does not exceed the target delay (10000.00 ps). Upsizing is not performed.
ABC: + dnsize -D 10000 
ABC: + stime -p 
ABC: WireLoad = "none"  Gates =   2657 ( 58.1 %)   Cap = 15.8 ff ( 11.9 %)   Area =    16205.54 ( 41.9 %)   Delay =  9961.06 ps  (  3.3 %)               
ABC: Path  0 --     531 : 0    4 pi                        A =   0.00  Df =  56.2  -30.9 ps  S =  84.1 ps  Cin =  0.0 ff  Cout =  17.0 ff  Cmax =   0.0 ff  G =    0  
ABC: Path  1 --    2021 : 4    3 sky130_fd_sc_hd__or4_2    A =   8.76  Df = 725.1 -520.2 ps  S = 131.3 ps  Cin =  1.5 ff  Cout =  10.8 ff  Cmax = 310.4 ff  G =  684  
ABC: Path  2 --    2025 : 4    9 sky130_fd_sc_hd__and4bb_2 A =  12.51  Df =1096.5 -617.5 ps  S = 112.2 ps  Cin =  1.5 ff  Cout =  13.9 ff  Cmax = 270.1 ff  G =  905  
ABC: Path  3 --    2026 : 2    1 sky130_fd_sc_hd__and2_2   A =   7.51  Df =1242.7 -573.6 ps  S =  40.4 ps  Cin =  1.5 ff  Cout =   2.5 ff  Cmax = 303.0 ff  G =  164  
ABC: Path  4 --    2027 : 1    8 sky130_fd_sc_hd__buf_4    A =   7.51  Df =1381.2 -558.5 ps  S =  83.2 ps  Cin =  2.4 ff  Cout =  25.9 ff  Cmax = 561.2 ff  G = 1052  
ABC: Path  5 --    2028 : 3    4 sky130_fd_sc_hd__o21ai_2  A =   8.76  Df =1445.7 -558.1 ps  S = 127.0 ps  Cin =  4.5 ff  Cout =   6.7 ff  Cmax = 139.2 ff  G =  139  
ABC: Path  6 --    2029 : 1   10 sky130_fd_sc_hd__buf_2    A =   5.00  Df =1636.3 -514.6 ps  S = 181.3 ps  Cin =  1.7 ff  Cout =  36.0 ff  Cmax = 315.9 ff  G = 1984  
ABC: Path  7 --    2475 : 3    7 sky130_fd_sc_hd__or3_2    A =   7.51  Df =2195.4 -261.0 ps  S = 129.8 ps  Cin =  1.5 ff  Cout =  20.6 ff  Cmax = 310.4 ff  G = 1318  
ABC: Path  8 --    2485 : 3    1 sky130_fd_sc_hd__a21o_2   A =   8.76  Df =2402.4 -346.5 ps  S =  29.1 ps  Cin =  2.4 ff  Cout =   1.4 ff  Cmax = 309.5 ff  G =   57  
ABC: Path  9 --    2486 : 4    4 sky130_fd_sc_hd__or4_2    A =   8.76  Df =2990.0 -680.3 ps  S = 137.1 ps  Cin =  1.5 ff  Cout =  12.1 ff  Cmax = 310.4 ff  G =  777  
ABC: Path 10 --    2495 : 4    5 sky130_fd_sc_hd__or4_2    A =   8.76  Df =3756.6-1274.4 ps  S = 155.0 ps  Cin =  1.5 ff  Cout =  18.8 ff  Cmax = 310.4 ff  G = 1192  
ABC: Path 11 --    2501 : 4   10 sky130_fd_sc_hd__nor4_2   A =  12.51  Df =4554.2-1953.6 ps  S = 891.1 ps  Cin =  4.3 ff  Cout =  36.6 ff  Cmax =  64.1 ff  G =  820  
ABC: Path 12 --    2518 : 3    4 sky130_fd_sc_hd__nand3_2  A =  10.01  Df =4811.5-2076.5 ps  S = 257.0 ps  Cin =  4.4 ff  Cout =  19.8 ff  Cmax = 260.0 ff  G =  428  
ABC: Path 13 --    2524 : 3    5 sky130_fd_sc_hd__or3_2    A =   7.51  Df =5429.2-2495.7 ps  S = 131.0 ps  Cin =  1.5 ff  Cout =  21.6 ff  Cmax = 310.4 ff  G = 1366  
ABC: Path 14 --    2534 : 4    4 sky130_fd_sc_hd__or4bb_2  A =  12.51  Df =6128.8-3029.7 ps  S = 128.4 ps  Cin =  1.5 ff  Cout =  11.7 ff  Cmax = 312.2 ff  G =  750  
ABC: Path 15 --    2542 : 3    4 sky130_fd_sc_hd__or3_2    A =   7.51  Df =6690.1-3426.9 ps  S = 121.2 ps  Cin =  1.5 ff  Cout =  17.5 ff  Cmax = 310.4 ff  G = 1105  
ABC: Path 16 --    2548 : 3    5 sky130_fd_sc_hd__or3_4    A =  11.26  Df =7135.4-3711.6 ps  S =  90.0 ps  Cin =  2.4 ff  Cout =  19.1 ff  Cmax = 531.9 ff  G =  781  
ABC: Path 17 --    2551 : 2    3 sky130_fd_sc_hd__or2_2    A =   6.26  Df =7459.6-3912.3 ps  S =  68.5 ps  Cin =  1.5 ff  Cout =   7.6 ff  Cmax = 299.4 ff  G =  505  
ABC: Path 18 --    2554 : 2    2 sky130_fd_sc_hd__or2_2    A =   6.26  Df =7800.3-4112.7 ps  S =  85.3 ps  Cin =  1.5 ff  Cout =  13.9 ff  Cmax = 299.4 ff  G =  924  
ABC: Path 19 --    2561 : 2    2 sky130_fd_sc_hd__xor2_2   A =  16.27  Df =7987.0-4123.3 ps  S = 128.5 ps  Cin =  8.6 ff  Cout =   6.1 ff  Cmax = 130.0 ff  G =   69  
ABC: Path 20 --    2812 : 2    1 sky130_fd_sc_hd__or2_2    A =   6.26  Df =8284.7-4287.5 ps  S =  60.9 ps  Cin =  1.5 ff  Cout =   4.6 ff  Cmax = 299.4 ff  G =  305  
ABC: Path 21 --    2813 : 2    2 sky130_fd_sc_hd__nand2_2  A =   6.26  Df =8354.9 -224.9 ps  S =  59.2 ps  Cin =  4.4 ff  Cout =   7.3 ff  Cmax = 295.7 ff  G =  155  
ABC: Path 22 --    2895 : 3    1 sky130_fd_sc_hd__nand3_2  A =  10.01  Df =8417.9 -178.2 ps  S =  49.8 ps  Cin =  4.4 ff  Cout =   2.5 ff  Cmax = 260.0 ff  G =   53  
ABC: Path 23 --    2943 : 4    4 sky130_fd_sc_hd__a31o_2   A =   8.76  Df =8673.5  -42.5 ps  S =  67.2 ps  Cin =  2.4 ff  Cout =   8.0 ff  Cmax = 271.9 ff  G =  324  
ABC: Path 24 --    3642 : 4    5 sky130_fd_sc_hd__a31o_2   A =   8.76  Df =8935.9 -108.1 ps  S =  98.9 ps  Cin =  2.4 ff  Cout =  14.5 ff  Cmax = 271.9 ff  G =  595  
ABC: Path 25 --    3644 : 2    1 sky130_fd_sc_hd__and2_2   A =   7.51  Df =9101.4 -136.4 ps  S =  33.6 ps  Cin =  1.5 ff  Cout =   1.8 ff  Cmax = 303.0 ff  G =  118  
ABC: Path 26 --    3645 : 1   10 sky130_fd_sc_hd__buf_2    A =   5.00  Df =9263.0 -122.8 ps  S = 146.6 ps  Cin =  1.7 ff  Cout =  28.7 ff  Cmax = 315.9 ff  G = 1605  
ABC: Path 27 --    3677 : 4    1 sky130_fd_sc_hd__a22o_2   A =  10.01  Df =9496.1 -201.1 ps  S =  36.5 ps  Cin =  2.3 ff  Cout =   2.0 ff  Cmax = 301.2 ff  G =   79  
ABC: Path 28 --    3680 : 3    1 sky130_fd_sc_hd__mux2_2   A =  11.26  Df =9742.2 -211.1 ps  S =  45.5 ps  Cin =  2.3 ff  Cout =   2.2 ff  Cmax = 297.6 ff  G =   92  
ABC: Path 29 --    3681 : 1    1 sky130_fd_sc_hd__buf_1    A =   3.75  Df =9961.1 -110.0 ps  S = 396.3 ps  Cin =  2.1 ff  Cout =  33.4 ff  Cmax = 130.0 ff  G = 1590  
ABC: Start-point = pi530 (\imem.address [13]).  End-point = po545 ($$flatten\display.$auto$proc_rom.cc:150:do_switch$63$rdreg[0]$d [3]).
ABC: + print_stats -m 
ABC: netlist                       : i/o =  568/ 1122  lat =    0  nd =  2657  edge =   4797  area =16201.58  delay =30.00  lev = 30
ABC: + write_blif /tmp/yosys-abc-hE36IX/output.blif 

56.1.2. Re-integrating ABC results.
ABC RESULTS:   sky130_fd_sc_hd__buf_4 cells:        1
ABC RESULTS:   sky130_fd_sc_hd__nor4b_2 cells:        1
ABC RESULTS:   sky130_fd_sc_hd__o22a_2 cells:        2
ABC RESULTS:   sky130_fd_sc_hd__or3_4 cells:        1
ABC RESULTS:   sky130_fd_sc_hd__a21boi_2 cells:        2
ABC RESULTS:   sky130_fd_sc_hd__nand4_2 cells:        1
ABC RESULTS:   sky130_fd_sc_hd__or4b_2 cells:        1
ABC RESULTS:   sky130_fd_sc_hd__o2bb2a_2 cells:        1
ABC RESULTS:   sky130_fd_sc_hd__o32a_2 cells:        1
ABC RESULTS:   sky130_fd_sc_hd__o221ai_2 cells:        1
ABC RESULTS:   sky130_fd_sc_hd__nor3_2 cells:        3
ABC RESULTS:   sky130_fd_sc_hd__o21ba_2 cells:        2
ABC RESULTS:   sky130_fd_sc_hd__a221oi_2 cells:        2
ABC RESULTS:   sky130_fd_sc_hd__or4bb_2 cells:        2
ABC RESULTS:   sky130_fd_sc_hd__o221a_2 cells:        1
ABC RESULTS:   sky130_fd_sc_hd__o22ai_2 cells:        3
ABC RESULTS:   sky130_fd_sc_hd__a211oi_2 cells:        2
ABC RESULTS:   sky130_fd_sc_hd__a2111oi_2 cells:        1
ABC RESULTS:   sky130_fd_sc_hd__a311oi_2 cells:        1
ABC RESULTS:   sky130_fd_sc_hd__nor4_2 cells:        6
ABC RESULTS:   sky130_fd_sc_hd__o211a_2 cells:       10
ABC RESULTS:   sky130_fd_sc_hd__a2111o_2 cells:        1
ABC RESULTS:   sky130_fd_sc_hd__a21bo_2 cells:        5
ABC RESULTS:   sky130_fd_sc_hd__nand3_2 cells:       12
ABC RESULTS:   sky130_fd_sc_hd__o211ai_2 cells:        5
ABC RESULTS:   sky130_fd_sc_hd__or3_2 cells:       15
ABC RESULTS:   sky130_fd_sc_hd__or4_2 cells:       11
ABC RESULTS:   sky130_fd_sc_hd__or2b_2 cells:       12
ABC RESULTS:   sky130_fd_sc_hd__and3b_2 cells:        9
ABC RESULTS:   sky130_fd_sc_hd__nand3b_2 cells:        2
ABC RESULTS:   sky130_fd_sc_hd__or3b_2 cells:        7
ABC RESULTS:   sky130_fd_sc_hd__nor3b_2 cells:        2
ABC RESULTS:   sky130_fd_sc_hd__and2b_2 cells:        4
ABC RESULTS:   sky130_fd_sc_hd__buf_2 cells:        2
ABC RESULTS:   sky130_fd_sc_hd__a32o_2 cells:       18
ABC RESULTS:   sky130_fd_sc_hd__a221o_2 cells:       21
ABC RESULTS:   sky130_fd_sc_hd__o21ai_2 cells:       22
ABC RESULTS:   sky130_fd_sc_hd__a21o_2 cells:       40
ABC RESULTS:   sky130_fd_sc_hd__o21bai_2 cells:        3
ABC RESULTS:   sky130_fd_sc_hd__and4b_2 cells:        2
ABC RESULTS:   sky130_fd_sc_hd__and4bb_2 cells:        2
ABC RESULTS:   sky130_fd_sc_hd__a211o_2 cells:       18
ABC RESULTS:   sky130_fd_sc_hd__and4_2 cells:       12
ABC RESULTS:   sky130_fd_sc_hd__a311o_2 cells:        1
ABC RESULTS:   sky130_fd_sc_hd__a22o_2 cells:      120
ABC RESULTS:   sky130_fd_sc_hd__a22oi_2 cells:        5
ABC RESULTS:   sky130_fd_sc_hd__a31oi_2 cells:        2
ABC RESULTS:   sky130_fd_sc_hd__a2bb2o_2 cells:        2
ABC RESULTS:   sky130_fd_sc_hd__mux2_2 cells:      219
ABC RESULTS:   sky130_fd_sc_hd__xor2_2 cells:       23
ABC RESULTS:   sky130_fd_sc_hd__and3_2 cells:       28
ABC RESULTS:   sky130_fd_sc_hd__a21oi_2 cells:       33
ABC RESULTS:   sky130_fd_sc_hd__nand2_2 cells:       65
ABC RESULTS:   sky130_fd_sc_hd__and2_2 cells:      150
ABC RESULTS:   sky130_fd_sc_hd__buf_1 cells:      972
ABC RESULTS:   sky130_fd_sc_hd__inv_2 cells:      569
ABC RESULTS:   sky130_fd_sc_hd__xnor2_2 cells:       21
ABC RESULTS:   sky130_fd_sc_hd__a31o_2 cells:       26
ABC RESULTS:   sky130_fd_sc_hd__nor2_2 cells:       90
ABC RESULTS:   sky130_fd_sc_hd__or2_2 cells:       51
ABC RESULTS:   sky130_fd_sc_hd__o21a_2 cells:       10
ABC RESULTS:        internal signals:     2372
ABC RESULTS:           input signals:      568
ABC RESULTS:          output signals:     1122
Removing temp directory.

57. Executing SETUNDEF pass (replace undef values with defined constants).

58. Executing HILOMAP pass (mapping to constant drivers).

59. Executing SPLITNETS pass (splitting up multi-bit signals).

60. Executing OPT_CLEAN pass (remove unused cells and wires).
Finding unused cells or wires in module \CPU..
Removed 1559 unused cells and 5647 unused wires.
<suppressed ~2005 debug messages>

61. Executing INSBUF pass (insert buffer cells for connected wires).

62. Executing CHECK pass (checking for obvious problems).
Checking module CPU...
Found and reported 0 problems.

63. Printing statistics.

=== CPU ===

   Number of wires:               1673
   Number of wire bits:           1686
   Number of public wires:         193
   Number of public wire bits:     206
   Number of memories:               0
   Number of memory bits:            0
   Number of processes:              0
   Number of cells:               1683
     sky130_fd_sc_hd__a2111o_2       1
     sky130_fd_sc_hd__a2111oi_2      1
     sky130_fd_sc_hd__a211o_2       18
     sky130_fd_sc_hd__a211oi_2       2
     sky130_fd_sc_hd__a21bo_2        5
     sky130_fd_sc_hd__a21boi_2       2
     sky130_fd_sc_hd__a21o_2        40
     sky130_fd_sc_hd__a21oi_2       33
     sky130_fd_sc_hd__a221o_2       21
     sky130_fd_sc_hd__a221oi_2       2
     sky130_fd_sc_hd__a22o_2       120
     sky130_fd_sc_hd__a22oi_2        5
     sky130_fd_sc_hd__a2bb2o_2       2
     sky130_fd_sc_hd__a311o_2        1
     sky130_fd_sc_hd__a311oi_2       1
     sky130_fd_sc_hd__a31o_2        26
     sky130_fd_sc_hd__a31oi_2        2
     sky130_fd_sc_hd__a32o_2        18
     sky130_fd_sc_hd__and2_2       149
     sky130_fd_sc_hd__and2b_2        4
     sky130_fd_sc_hd__and3_2        28
     sky130_fd_sc_hd__and3b_2        8
     sky130_fd_sc_hd__and4_2        11
     sky130_fd_sc_hd__and4b_2        2
     sky130_fd_sc_hd__and4bb_2       2
     sky130_fd_sc_hd__buf_1        242
     sky130_fd_sc_hd__buf_2          2
     sky130_fd_sc_hd__buf_4          1
     sky130_fd_sc_hd__dfrtp_2      164
     sky130_fd_sc_hd__dfxtp_2       39
     sky130_fd_sc_hd__inv_2        191
     sky130_fd_sc_hd__mux2_2       155
     sky130_fd_sc_hd__nand2_2       65
     sky130_fd_sc_hd__nand3_2       12
     sky130_fd_sc_hd__nand3b_2       2
     sky130_fd_sc_hd__nand4_2        1
     sky130_fd_sc_hd__nor2_2        90
     sky130_fd_sc_hd__nor3_2         3
     sky130_fd_sc_hd__nor3b_2        2
     sky130_fd_sc_hd__nor4_2         6
     sky130_fd_sc_hd__nor4b_2        1
     sky130_fd_sc_hd__o211a_2       10
     sky130_fd_sc_hd__o211ai_2       5
     sky130_fd_sc_hd__o21a_2        10
     sky130_fd_sc_hd__o21ai_2       22
     sky130_fd_sc_hd__o21ba_2        2
     sky130_fd_sc_hd__o21bai_2       3
     sky130_fd_sc_hd__o221a_2        1
     sky130_fd_sc_hd__o221ai_2       1
     sky130_fd_sc_hd__o22a_2         2
     sky130_fd_sc_hd__o22ai_2        3
     sky130_fd_sc_hd__o2bb2a_2       1
     sky130_fd_sc_hd__o32a_2         1
     sky130_fd_sc_hd__or2_2         51
     sky130_fd_sc_hd__or2b_2        12
     sky130_fd_sc_hd__or3_2         13
     sky130_fd_sc_hd__or3_4          1
     sky130_fd_sc_hd__or3b_2         7
     sky130_fd_sc_hd__or4_2         11
     sky130_fd_sc_hd__or4b_2         1
     sky130_fd_sc_hd__or4bb_2        2
     sky130_fd_sc_hd__xnor2_2       21
     sky130_fd_sc_hd__xor2_2        23

   Chip area for module '\CPU': 16422.000000

64. Executing Verilog backend.
Dumping module `\CPU'.

65. Executing JSON backend.

Warnings: 1 unique messages, 1 total
End of script. Logfile hash: 664749c3e4, CPU: user 1.31s system 0.05s, MEM: 43.46 MB peak
Yosys 0.38 (git sha1 543faed9c8c, clang++ 17.0.6 -fPIC -Os)
Time spent: 60% 2x abc (1 sec), 7% 31x opt_expr (0 sec), ...
