
===========================================================================
report_checks -path_delay min (Hold)
============================================================================
======================= Fastest Corner ===================================

Startpoint: _356_ (rising edge-triggered flip-flop clocked by core_clock)
Endpoint: _356_ (rising edge-triggered flip-flop clocked by core_clock)
Path Group: core_clock
Path Type: min
Corner: Fastest

Fanout     Cap    Slew   Delay    Time   Description
-----------------------------------------------------------------------------
                          0.00    0.00   clock core_clock (rise edge)
                          0.00    0.00   clock source latency
     1    0.03    0.00    0.00    0.00 ^ clk (in)
                                         clk (net)
                  0.00    0.00    0.00 ^ clkbuf_0_clk/A (sky130_fd_sc_hd__clkbuf_16)
     4    0.05    0.05    0.09    0.09 ^ clkbuf_0_clk/X (sky130_fd_sc_hd__clkbuf_16)
                                         clknet_0_clk (net)
                  0.05    0.00    0.10 ^ clkbuf_2_0__f_clk/A (sky130_fd_sc_hd__clkbuf_16)
     9    0.04    0.05    0.10    0.20 ^ clkbuf_2_0__f_clk/X (sky130_fd_sc_hd__clkbuf_16)
                                         clknet_2_0__leaf_clk (net)
                  0.05    0.00    0.20 ^ _356_/CLK (sky130_fd_sc_hd__dfrtp_1)
     2    0.02    0.13    0.28    0.48 ^ _356_/Q (sky130_fd_sc_hd__dfrtp_1)
                                         one_second_counter[26] (net)
                  0.13    0.00    0.48 ^ _284_/A1 (sky130_fd_sc_hd__o211a_1)
     1    0.01    0.07    0.14    0.62 ^ _284_/X (sky130_fd_sc_hd__o211a_1)
                                         _018_ (net)
                  0.07    0.00    0.62 ^ _356_/D (sky130_fd_sc_hd__dfrtp_1)
                                  0.62   data arrival time

                          0.00    0.00   clock core_clock (rise edge)
                          0.00    0.00   clock source latency
     1    0.03    0.00    0.00    0.00 ^ clk (in)
                                         clk (net)
                  0.00    0.00    0.00 ^ clkbuf_0_clk/A (sky130_fd_sc_hd__clkbuf_16)
     4    0.05    0.05    0.09    0.09 ^ clkbuf_0_clk/X (sky130_fd_sc_hd__clkbuf_16)
                                         clknet_0_clk (net)
                  0.05    0.00    0.10 ^ clkbuf_2_0__f_clk/A (sky130_fd_sc_hd__clkbuf_16)
     9    0.04    0.05    0.10    0.20 ^ clkbuf_2_0__f_clk/X (sky130_fd_sc_hd__clkbuf_16)
                                         clknet_2_0__leaf_clk (net)
                  0.05    0.00    0.20 ^ _356_/CLK (sky130_fd_sc_hd__dfrtp_1)
                          0.00    0.20   clock reconvergence pessimism
                         -0.02    0.18   library hold time
                                  0.18   data required time
-----------------------------------------------------------------------------
                                  0.18   data required time
                                 -0.62   data arrival time
-----------------------------------------------------------------------------
                                  0.44   slack (MET)


Startpoint: _357_ (rising edge-triggered flip-flop clocked by core_clock)
Endpoint: _358_ (rising edge-triggered flip-flop clocked by core_clock)
Path Group: core_clock
Path Type: min
Corner: Fastest

Fanout     Cap    Slew   Delay    Time   Description
-----------------------------------------------------------------------------
                          0.00    0.00   clock core_clock (rise edge)
                          0.00    0.00   clock source latency
     1    0.03    0.00    0.00    0.00 ^ clk (in)
                                         clk (net)
                  0.00    0.00    0.00 ^ clkbuf_0_clk/A (sky130_fd_sc_hd__clkbuf_16)
     4    0.05    0.05    0.09    0.09 ^ clkbuf_0_clk/X (sky130_fd_sc_hd__clkbuf_16)
                                         clknet_0_clk (net)
                  0.05    0.00    0.10 ^ clkbuf_2_0__f_clk/A (sky130_fd_sc_hd__clkbuf_16)
     9    0.04    0.05    0.10    0.20 ^ clkbuf_2_0__f_clk/X (sky130_fd_sc_hd__clkbuf_16)
                                         clknet_2_0__leaf_clk (net)
                  0.05    0.00    0.20 ^ _357_/CLK (sky130_fd_sc_hd__dfrtp_4)
     5    0.05    0.12    0.32    0.52 ^ _357_/Q (sky130_fd_sc_hd__dfrtp_4)
                                         one_second_enable (net)
                  0.12    0.00    0.53 ^ _174_/A1 (sky130_fd_sc_hd__a21oi_1)
     1    0.01    0.06    0.09    0.61 v _174_/Y (sky130_fd_sc_hd__a21oi_1)
                                         _060_ (net)
                  0.06    0.00    0.62 v _358_/D (sky130_fd_sc_hd__dfrtp_4)
                                  0.62   data arrival time

                          0.00    0.00   clock core_clock (rise edge)
                          0.00    0.00   clock source latency
     1    0.03    0.00    0.00    0.00 ^ clk (in)
                                         clk (net)
                  0.00    0.00    0.00 ^ clkbuf_0_clk/A (sky130_fd_sc_hd__clkbuf_16)
     4    0.05    0.05    0.09    0.09 ^ clkbuf_0_clk/X (sky130_fd_sc_hd__clkbuf_16)
                                         clknet_0_clk (net)
                  0.05    0.00    0.10 ^ clkbuf_2_1__f_clk/A (sky130_fd_sc_hd__clkbuf_16)
    10    0.04    0.04    0.10    0.20 ^ clkbuf_2_1__f_clk/X (sky130_fd_sc_hd__clkbuf_16)
                                         clknet_2_1__leaf_clk (net)
                  0.04    0.00    0.20 ^ _358_/CLK (sky130_fd_sc_hd__dfrtp_4)
                          0.00    0.20   clock reconvergence pessimism
                         -0.04    0.16   library hold time
                                  0.16   data required time
-----------------------------------------------------------------------------
                                  0.16   data required time
                                 -0.62   data arrival time
-----------------------------------------------------------------------------
                                  0.45   slack (MET)


Startpoint: _361_ (rising edge-triggered flip-flop clocked by core_clock)
Endpoint: _361_ (rising edge-triggered flip-flop clocked by core_clock)
Path Group: core_clock
Path Type: min
Corner: Fastest

Fanout     Cap    Slew   Delay    Time   Description
-----------------------------------------------------------------------------
                          0.00    0.00   clock core_clock (rise edge)
                          0.00    0.00   clock source latency
     1    0.03    0.00    0.00    0.00 ^ clk (in)
                                         clk (net)
                  0.00    0.00    0.00 ^ clkbuf_0_clk/A (sky130_fd_sc_hd__clkbuf_16)
     4    0.05    0.05    0.09    0.09 ^ clkbuf_0_clk/X (sky130_fd_sc_hd__clkbuf_16)
                                         clknet_0_clk (net)
                  0.05    0.00    0.10 ^ clkbuf_2_1__f_clk/A (sky130_fd_sc_hd__clkbuf_16)
    10    0.04    0.04    0.10    0.20 ^ clkbuf_2_1__f_clk/X (sky130_fd_sc_hd__clkbuf_16)
                                         clknet_2_1__leaf_clk (net)
                  0.04    0.00    0.20 ^ _361_/CLK (sky130_fd_sc_hd__dfrtp_4)
     6    0.06    0.14    0.34    0.54 ^ _361_/Q (sky130_fd_sc_hd__dfrtp_4)
                                         decoder.digit[3] (net)
                  0.14    0.00    0.54 ^ _164_/A (sky130_fd_sc_hd__xnor2_1)
     1    0.01    0.05    0.08    0.63 v _164_/Y (sky130_fd_sc_hd__xnor2_1)
                                         _063_ (net)
                  0.05    0.00    0.63 v _361_/D (sky130_fd_sc_hd__dfrtp_4)
                                  0.63   data arrival time

                          0.00    0.00   clock core_clock (rise edge)
                          0.00    0.00   clock source latency
     1    0.03    0.00    0.00    0.00 ^ clk (in)
                                         clk (net)
                  0.00    0.00    0.00 ^ clkbuf_0_clk/A (sky130_fd_sc_hd__clkbuf_16)
     4    0.05    0.05    0.09    0.09 ^ clkbuf_0_clk/X (sky130_fd_sc_hd__clkbuf_16)
                                         clknet_0_clk (net)
                  0.05    0.00    0.10 ^ clkbuf_2_1__f_clk/A (sky130_fd_sc_hd__clkbuf_16)
    10    0.04    0.04    0.10    0.20 ^ clkbuf_2_1__f_clk/X (sky130_fd_sc_hd__clkbuf_16)
                                         clknet_2_1__leaf_clk (net)
                  0.04    0.00    0.20 ^ _361_/CLK (sky130_fd_sc_hd__dfrtp_4)
                          0.00    0.20   clock reconvergence pessimism
                         -0.03    0.17   library hold time
                                  0.17   data required time
-----------------------------------------------------------------------------
                                  0.17   data required time
                                 -0.63   data arrival time
-----------------------------------------------------------------------------
                                  0.46   slack (MET)


Startpoint: _330_ (rising edge-triggered flip-flop clocked by core_clock)
Endpoint: _330_ (rising edge-triggered flip-flop clocked by core_clock)
Path Group: core_clock
Path Type: min
Corner: Fastest

Fanout     Cap    Slew   Delay    Time   Description
-----------------------------------------------------------------------------
                          0.00    0.00   clock core_clock (rise edge)
                          0.00    0.00   clock source latency
     1    0.03    0.00    0.00    0.00 ^ clk (in)
                                         clk (net)
                  0.00    0.00    0.00 ^ clkbuf_0_clk/A (sky130_fd_sc_hd__clkbuf_16)
     4    0.05    0.05    0.09    0.09 ^ clkbuf_0_clk/X (sky130_fd_sc_hd__clkbuf_16)
                                         clknet_0_clk (net)
                  0.05    0.00    0.10 ^ clkbuf_2_3__f_clk/A (sky130_fd_sc_hd__clkbuf_16)
     9    0.04    0.04    0.10    0.20 ^ clkbuf_2_3__f_clk/X (sky130_fd_sc_hd__clkbuf_16)
                                         clknet_2_3__leaf_clk (net)
                  0.04    0.00    0.20 ^ _330_/CLK (sky130_fd_sc_hd__dfrtp_4)
     7    0.06    0.13    0.33    0.53 ^ _330_/Q (sky130_fd_sc_hd__dfrtp_4)
                                         one_second_counter[0] (net)
                  0.13    0.01    0.54 ^ _190_/A (sky130_fd_sc_hd__nor2_1)
     1    0.02    0.08    0.09    0.63 v _190_/Y (sky130_fd_sc_hd__nor2_1)
                                         _000_ (net)
                  0.08    0.00    0.63 v _330_/D (sky130_fd_sc_hd__dfrtp_4)
                                  0.63   data arrival time

                          0.00    0.00   clock core_clock (rise edge)
                          0.00    0.00   clock source latency
     1    0.03    0.00    0.00    0.00 ^ clk (in)
                                         clk (net)
                  0.00    0.00    0.00 ^ clkbuf_0_clk/A (sky130_fd_sc_hd__clkbuf_16)
     4    0.05    0.05    0.09    0.09 ^ clkbuf_0_clk/X (sky130_fd_sc_hd__clkbuf_16)
                                         clknet_0_clk (net)
                  0.05    0.00    0.10 ^ clkbuf_2_3__f_clk/A (sky130_fd_sc_hd__clkbuf_16)
     9    0.04    0.04    0.10    0.20 ^ clkbuf_2_3__f_clk/X (sky130_fd_sc_hd__clkbuf_16)
                                         clknet_2_3__leaf_clk (net)
                  0.04    0.00    0.20 ^ _330_/CLK (sky130_fd_sc_hd__dfrtp_4)
                          0.00    0.20   clock reconvergence pessimism
                         -0.04    0.15   library hold time
                                  0.15   data required time
-----------------------------------------------------------------------------
                                  0.15   data required time
                                 -0.63   data arrival time
-----------------------------------------------------------------------------
                                  0.48   slack (MET)


Startpoint: _353_ (rising edge-triggered flip-flop clocked by core_clock)
Endpoint: _353_ (rising edge-triggered flip-flop clocked by core_clock)
Path Group: core_clock
Path Type: min
Corner: Fastest

Fanout     Cap    Slew   Delay    Time   Description
-----------------------------------------------------------------------------
                          0.00    0.00   clock core_clock (rise edge)
                          0.00    0.00   clock source latency
     1    0.03    0.00    0.00    0.00 ^ clk (in)
                                         clk (net)
                  0.00    0.00    0.00 ^ clkbuf_0_clk/A (sky130_fd_sc_hd__clkbuf_16)
     4    0.05    0.05    0.09    0.09 ^ clkbuf_0_clk/X (sky130_fd_sc_hd__clkbuf_16)
                                         clknet_0_clk (net)
                  0.05    0.00    0.10 ^ clkbuf_2_2__f_clk/A (sky130_fd_sc_hd__clkbuf_16)
     7    0.03    0.04    0.10    0.20 ^ clkbuf_2_2__f_clk/X (sky130_fd_sc_hd__clkbuf_16)
                                         clknet_2_2__leaf_clk (net)
                  0.04    0.00    0.20 ^ _353_/CLK (sky130_fd_sc_hd__dfrtp_2)
     2    0.03    0.08    0.30    0.49 v _353_/Q (sky130_fd_sc_hd__dfrtp_2)
                                         one_second_counter[23] (net)
                  0.08    0.01    0.50 v _273_/A (sky130_fd_sc_hd__inv_2)
     1    0.02    0.07    0.09    0.59 ^ _273_/Y (sky130_fd_sc_hd__inv_2)
                                         _147_ (net)
                  0.07    0.00    0.59 ^ _275_/A1 (sky130_fd_sc_hd__a221oi_1)
     1    0.01    0.06    0.07    0.65 v _275_/Y (sky130_fd_sc_hd__a221oi_1)
                                         _015_ (net)
                  0.06    0.00    0.65 v _353_/D (sky130_fd_sc_hd__dfrtp_2)
                                  0.65   data arrival time

                          0.00    0.00   clock core_clock (rise edge)
                          0.00    0.00   clock source latency
     1    0.03    0.00    0.00    0.00 ^ clk (in)
                                         clk (net)
                  0.00    0.00    0.00 ^ clkbuf_0_clk/A (sky130_fd_sc_hd__clkbuf_16)
     4    0.05    0.05    0.09    0.09 ^ clkbuf_0_clk/X (sky130_fd_sc_hd__clkbuf_16)
                                         clknet_0_clk (net)
                  0.05    0.00    0.10 ^ clkbuf_2_2__f_clk/A (sky130_fd_sc_hd__clkbuf_16)
     7    0.03    0.04    0.10    0.20 ^ clkbuf_2_2__f_clk/X (sky130_fd_sc_hd__clkbuf_16)
                                         clknet_2_2__leaf_clk (net)
                  0.04    0.00    0.20 ^ _353_/CLK (sky130_fd_sc_hd__dfrtp_2)
                          0.00    0.20   clock reconvergence pessimism
                         -0.04    0.16   library hold time
                                  0.16   data required time
-----------------------------------------------------------------------------
                                  0.16   data required time
                                 -0.65   data arrival time
-----------------------------------------------------------------------------
                                  0.49   slack (MET)


Startpoint: _345_ (rising edge-triggered flip-flop clocked by core_clock)
Endpoint: _345_ (rising edge-triggered flip-flop clocked by core_clock)
Path Group: core_clock
Path Type: min
Corner: Fastest

Fanout     Cap    Slew   Delay    Time   Description
-----------------------------------------------------------------------------
                          0.00    0.00   clock core_clock (rise edge)
                          0.00    0.00   clock source latency
     1    0.03    0.00    0.00    0.00 ^ clk (in)
                                         clk (net)
                  0.00    0.00    0.00 ^ clkbuf_0_clk/A (sky130_fd_sc_hd__clkbuf_16)
     4    0.05    0.05    0.09    0.09 ^ clkbuf_0_clk/X (sky130_fd_sc_hd__clkbuf_16)
                                         clknet_0_clk (net)
                  0.05    0.00    0.10 ^ clkbuf_2_3__f_clk/A (sky130_fd_sc_hd__clkbuf_16)
     9    0.04    0.04    0.10    0.20 ^ clkbuf_2_3__f_clk/X (sky130_fd_sc_hd__clkbuf_16)
                                         clknet_2_3__leaf_clk (net)
                  0.04    0.00    0.20 ^ _345_/CLK (sky130_fd_sc_hd__dfrtp_2)
     3    0.04    0.08    0.30    0.50 v _345_/Q (sky130_fd_sc_hd__dfrtp_2)
                                         one_second_counter[15] (net)
                  0.08    0.00    0.50 v _243_/A (sky130_fd_sc_hd__inv_2)
     1    0.01    0.05    0.06    0.57 ^ _243_/Y (sky130_fd_sc_hd__inv_2)
                                         _125_ (net)
                  0.05    0.00    0.57 ^ _246_/A1 (sky130_fd_sc_hd__a211oi_1)
     1    0.02    0.08    0.08    0.65 v _246_/Y (sky130_fd_sc_hd__a211oi_1)
                                         _006_ (net)
                  0.08    0.00    0.65 v _345_/D (sky130_fd_sc_hd__dfrtp_2)
                                  0.65   data arrival time

                          0.00    0.00   clock core_clock (rise edge)
                          0.00    0.00   clock source latency
     1    0.03    0.00    0.00    0.00 ^ clk (in)
                                         clk (net)
                  0.00    0.00    0.00 ^ clkbuf_0_clk/A (sky130_fd_sc_hd__clkbuf_16)
     4    0.05    0.05    0.09    0.09 ^ clkbuf_0_clk/X (sky130_fd_sc_hd__clkbuf_16)
                                         clknet_0_clk (net)
                  0.05    0.00    0.10 ^ clkbuf_2_3__f_clk/A (sky130_fd_sc_hd__clkbuf_16)
     9    0.04    0.04    0.10    0.20 ^ clkbuf_2_3__f_clk/X (sky130_fd_sc_hd__clkbuf_16)
                                         clknet_2_3__leaf_clk (net)
                  0.04    0.00    0.20 ^ _345_/CLK (sky130_fd_sc_hd__dfrtp_2)
                          0.00    0.20   clock reconvergence pessimism
                         -0.05    0.15   library hold time
                                  0.15   data required time
-----------------------------------------------------------------------------
                                  0.15   data required time
                                 -0.65   data arrival time
-----------------------------------------------------------------------------
                                  0.50   slack (MET)


Startpoint: _351_ (rising edge-triggered flip-flop clocked by core_clock)
Endpoint: _351_ (rising edge-triggered flip-flop clocked by core_clock)
Path Group: core_clock
Path Type: min
Corner: Fastest

Fanout     Cap    Slew   Delay    Time   Description
-----------------------------------------------------------------------------
                          0.00    0.00   clock core_clock (rise edge)
                          0.00    0.00   clock source latency
     1    0.03    0.00    0.00    0.00 ^ clk (in)
                                         clk (net)
                  0.00    0.00    0.00 ^ clkbuf_0_clk/A (sky130_fd_sc_hd__clkbuf_16)
     4    0.05    0.05    0.09    0.09 ^ clkbuf_0_clk/X (sky130_fd_sc_hd__clkbuf_16)
                                         clknet_0_clk (net)
                  0.05    0.00    0.10 ^ clkbuf_2_1__f_clk/A (sky130_fd_sc_hd__clkbuf_16)
    10    0.04    0.04    0.10    0.20 ^ clkbuf_2_1__f_clk/X (sky130_fd_sc_hd__clkbuf_16)
                                         clknet_2_1__leaf_clk (net)
                  0.04    0.00    0.20 ^ _351_/CLK (sky130_fd_sc_hd__dfrtp_2)
     3    0.03    0.07    0.29    0.49 v _351_/Q (sky130_fd_sc_hd__dfrtp_2)
                                         one_second_counter[21] (net)
                  0.07    0.00    0.50 v _266_/A (sky130_fd_sc_hd__inv_2)
     1    0.03    0.09    0.10    0.59 ^ _266_/Y (sky130_fd_sc_hd__inv_2)
                                         _142_ (net)
                  0.09    0.00    0.60 ^ _268_/A1 (sky130_fd_sc_hd__a211oi_1)
     1    0.01    0.06    0.07    0.67 v _268_/Y (sky130_fd_sc_hd__a211oi_1)
                                         _013_ (net)
                  0.06    0.00    0.67 v _351_/D (sky130_fd_sc_hd__dfrtp_2)
                                  0.67   data arrival time

                          0.00    0.00   clock core_clock (rise edge)
                          0.00    0.00   clock source latency
     1    0.03    0.00    0.00    0.00 ^ clk (in)
                                         clk (net)
                  0.00    0.00    0.00 ^ clkbuf_0_clk/A (sky130_fd_sc_hd__clkbuf_16)
     4    0.05    0.05    0.09    0.09 ^ clkbuf_0_clk/X (sky130_fd_sc_hd__clkbuf_16)
                                         clknet_0_clk (net)
                  0.05    0.00    0.10 ^ clkbuf_2_1__f_clk/A (sky130_fd_sc_hd__clkbuf_16)
    10    0.04    0.04    0.10    0.20 ^ clkbuf_2_1__f_clk/X (sky130_fd_sc_hd__clkbuf_16)
                                         clknet_2_1__leaf_clk (net)
                  0.04    0.00    0.20 ^ _351_/CLK (sky130_fd_sc_hd__dfrtp_2)
                          0.00    0.20   clock reconvergence pessimism
                         -0.04    0.16   library hold time
                                  0.16   data required time
-----------------------------------------------------------------------------
                                  0.16   data required time
                                 -0.67   data arrival time
-----------------------------------------------------------------------------
                                  0.50   slack (MET)


Startpoint: _336_ (rising edge-triggered flip-flop clocked by core_clock)
Endpoint: _337_ (rising edge-triggered flip-flop clocked by core_clock)
Path Group: core_clock
Path Type: min
Corner: Fastest

Fanout     Cap    Slew   Delay    Time   Description
-----------------------------------------------------------------------------
                          0.00    0.00   clock core_clock (rise edge)
                          0.00    0.00   clock source latency
     1    0.03    0.00    0.00    0.00 ^ clk (in)
                                         clk (net)
                  0.00    0.00    0.00 ^ clkbuf_0_clk/A (sky130_fd_sc_hd__clkbuf_16)
     4    0.05    0.05    0.09    0.09 ^ clkbuf_0_clk/X (sky130_fd_sc_hd__clkbuf_16)
                                         clknet_0_clk (net)
                  0.05    0.00    0.10 ^ clkbuf_2_0__f_clk/A (sky130_fd_sc_hd__clkbuf_16)
     9    0.04    0.05    0.10    0.20 ^ clkbuf_2_0__f_clk/X (sky130_fd_sc_hd__clkbuf_16)
                                         clknet_2_0__leaf_clk (net)
                  0.05    0.00    0.20 ^ _336_/CLK (sky130_fd_sc_hd__dfrtp_1)
     3    0.02    0.08    0.28    0.48 v _336_/Q (sky130_fd_sc_hd__dfrtp_1)
                                         one_second_counter[6] (net)
                  0.08    0.00    0.48 v _211_/A (sky130_fd_sc_hd__nand2_1)
     2    0.01    0.10    0.11    0.59 ^ _211_/Y (sky130_fd_sc_hd__nand2_1)
                                         _102_ (net)
                  0.10    0.00    0.59 ^ _215_/A2 (sky130_fd_sc_hd__a211oi_2)
     1    0.02    0.05    0.08    0.67 v _215_/Y (sky130_fd_sc_hd__a211oi_2)
                                         _024_ (net)
                  0.05    0.00    0.67 v _337_/D (sky130_fd_sc_hd__dfrtp_1)
                                  0.67   data arrival time

                          0.00    0.00   clock core_clock (rise edge)
                          0.00    0.00   clock source latency
     1    0.03    0.00    0.00    0.00 ^ clk (in)
                                         clk (net)
                  0.00    0.00    0.00 ^ clkbuf_0_clk/A (sky130_fd_sc_hd__clkbuf_16)
     4    0.05    0.05    0.09    0.09 ^ clkbuf_0_clk/X (sky130_fd_sc_hd__clkbuf_16)
                                         clknet_0_clk (net)
                  0.05    0.00    0.10 ^ clkbuf_2_0__f_clk/A (sky130_fd_sc_hd__clkbuf_16)
     9    0.04    0.05    0.10    0.20 ^ clkbuf_2_0__f_clk/X (sky130_fd_sc_hd__clkbuf_16)
                                         clknet_2_0__leaf_clk (net)
                  0.05    0.00    0.20 ^ _337_/CLK (sky130_fd_sc_hd__dfrtp_1)
                          0.00    0.20   clock reconvergence pessimism
                         -0.04    0.17   library hold time
                                  0.17   data required time
-----------------------------------------------------------------------------
                                  0.17   data required time
                                 -0.67   data arrival time
-----------------------------------------------------------------------------
                                  0.51   slack (MET)


Startpoint: _357_ (rising edge-triggered flip-flop clocked by core_clock)
Endpoint: _359_ (rising edge-triggered flip-flop clocked by core_clock)
Path Group: core_clock
Path Type: min
Corner: Fastest

Fanout     Cap    Slew   Delay    Time   Description
-----------------------------------------------------------------------------
                          0.00    0.00   clock core_clock (rise edge)
                          0.00    0.00   clock source latency
     1    0.03    0.00    0.00    0.00 ^ clk (in)
                                         clk (net)
                  0.00    0.00    0.00 ^ clkbuf_0_clk/A (sky130_fd_sc_hd__clkbuf_16)
     4    0.05    0.05    0.09    0.09 ^ clkbuf_0_clk/X (sky130_fd_sc_hd__clkbuf_16)
                                         clknet_0_clk (net)
                  0.05    0.00    0.10 ^ clkbuf_2_0__f_clk/A (sky130_fd_sc_hd__clkbuf_16)
     9    0.04    0.05    0.10    0.20 ^ clkbuf_2_0__f_clk/X (sky130_fd_sc_hd__clkbuf_16)
                                         clknet_2_0__leaf_clk (net)
                  0.05    0.00    0.20 ^ _357_/CLK (sky130_fd_sc_hd__dfrtp_4)
     5    0.05    0.12    0.32    0.52 ^ _357_/Q (sky130_fd_sc_hd__dfrtp_4)
                                         one_second_enable (net)
                  0.12    0.00    0.52 ^ _171_/A1 (sky130_fd_sc_hd__a21oi_1)
     1    0.01    0.06    0.07    0.60 v _171_/Y (sky130_fd_sc_hd__a21oi_1)
                                         _071_ (net)
                  0.06    0.00    0.60 v _172_/B (sky130_fd_sc_hd__nor2_1)
     1    0.01    0.12    0.12    0.71 ^ _172_/Y (sky130_fd_sc_hd__nor2_1)
                                         _061_ (net)
                  0.12    0.00    0.71 ^ _359_/D (sky130_fd_sc_hd__dfrtp_4)
                                  0.71   data arrival time

                          0.00    0.00   clock core_clock (rise edge)
                          0.00    0.00   clock source latency
     1    0.03    0.00    0.00    0.00 ^ clk (in)
                                         clk (net)
                  0.00    0.00    0.00 ^ clkbuf_0_clk/A (sky130_fd_sc_hd__clkbuf_16)
     4    0.05    0.05    0.09    0.09 ^ clkbuf_0_clk/X (sky130_fd_sc_hd__clkbuf_16)
                                         clknet_0_clk (net)
                  0.05    0.00    0.10 ^ clkbuf_2_2__f_clk/A (sky130_fd_sc_hd__clkbuf_16)
     7    0.03    0.04    0.10    0.20 ^ clkbuf_2_2__f_clk/X (sky130_fd_sc_hd__clkbuf_16)
                                         clknet_2_2__leaf_clk (net)
                  0.04    0.00    0.20 ^ _359_/CLK (sky130_fd_sc_hd__dfrtp_4)
                          0.00    0.20   clock reconvergence pessimism
                         -0.03    0.17   library hold time
                                  0.17   data required time
-----------------------------------------------------------------------------
                                  0.17   data required time
                                 -0.71   data arrival time
-----------------------------------------------------------------------------
                                  0.54   slack (MET)


Startpoint: _339_ (rising edge-triggered flip-flop clocked by core_clock)
Endpoint: _339_ (rising edge-triggered flip-flop clocked by core_clock)
Path Group: core_clock
Path Type: min
Corner: Fastest

Fanout     Cap    Slew   Delay    Time   Description
-----------------------------------------------------------------------------
                          0.00    0.00   clock core_clock (rise edge)
                          0.00    0.00   clock source latency
     1    0.03    0.00    0.00    0.00 ^ clk (in)
                                         clk (net)
                  0.00    0.00    0.00 ^ clkbuf_0_clk/A (sky130_fd_sc_hd__clkbuf_16)
     4    0.05    0.05    0.09    0.09 ^ clkbuf_0_clk/X (sky130_fd_sc_hd__clkbuf_16)
                                         clknet_0_clk (net)
                  0.05    0.00    0.10 ^ clkbuf_2_0__f_clk/A (sky130_fd_sc_hd__clkbuf_16)
     9    0.04    0.05    0.10    0.20 ^ clkbuf_2_0__f_clk/X (sky130_fd_sc_hd__clkbuf_16)
                                         clknet_2_0__leaf_clk (net)
                  0.05    0.00    0.20 ^ _339_/CLK (sky130_fd_sc_hd__dfrtp_1)
     3    0.03    0.12    0.32    0.52 v _339_/Q (sky130_fd_sc_hd__dfrtp_1)
                                         one_second_counter[9] (net)
                  0.12    0.00    0.52 v _220_/B1 (sky130_fd_sc_hd__a21oi_1)
     1    0.01    0.15    0.16    0.68 ^ _220_/Y (sky130_fd_sc_hd__a21oi_1)
                                         _108_ (net)
                  0.15    0.00    0.68 ^ _222_/B (sky130_fd_sc_hd__nor3_1)
     1    0.01    0.05    0.05    0.74 v _222_/Y (sky130_fd_sc_hd__nor3_1)
                                         _026_ (net)
                  0.05    0.00    0.74 v _339_/D (sky130_fd_sc_hd__dfrtp_1)
                                  0.74   data arrival time

                          0.00    0.00   clock core_clock (rise edge)
                          0.00    0.00   clock source latency
     1    0.03    0.00    0.00    0.00 ^ clk (in)
                                         clk (net)
                  0.00    0.00    0.00 ^ clkbuf_0_clk/A (sky130_fd_sc_hd__clkbuf_16)
     4    0.05    0.05    0.09    0.09 ^ clkbuf_0_clk/X (sky130_fd_sc_hd__clkbuf_16)
                                         clknet_0_clk (net)
                  0.05    0.00    0.10 ^ clkbuf_2_0__f_clk/A (sky130_fd_sc_hd__clkbuf_16)
     9    0.04    0.05    0.10    0.20 ^ clkbuf_2_0__f_clk/X (sky130_fd_sc_hd__clkbuf_16)
                                         clknet_2_0__leaf_clk (net)
                  0.05    0.00    0.20 ^ _339_/CLK (sky130_fd_sc_hd__dfrtp_1)
                          0.00    0.20   clock reconvergence pessimism
                         -0.04    0.16   library hold time
                                  0.16   data required time
-----------------------------------------------------------------------------
                                  0.16   data required time
                                 -0.74   data arrival time
-----------------------------------------------------------------------------
                                  0.57   slack (MET)


Startpoint: _335_ (rising edge-triggered flip-flop clocked by core_clock)
Endpoint: _335_ (rising edge-triggered flip-flop clocked by core_clock)
Path Group: core_clock
Path Type: min
Corner: Fastest

Fanout     Cap    Slew   Delay    Time   Description
-----------------------------------------------------------------------------
                          0.00    0.00   clock core_clock (rise edge)
                          0.00    0.00   clock source latency
     1    0.03    0.00    0.00    0.00 ^ clk (in)
                                         clk (net)
                  0.00    0.00    0.00 ^ clkbuf_0_clk/A (sky130_fd_sc_hd__clkbuf_16)
     4    0.05    0.05    0.09    0.09 ^ clkbuf_0_clk/X (sky130_fd_sc_hd__clkbuf_16)
                                         clknet_0_clk (net)
                  0.05    0.00    0.10 ^ clkbuf_2_1__f_clk/A (sky130_fd_sc_hd__clkbuf_16)
    10    0.04    0.04    0.10    0.20 ^ clkbuf_2_1__f_clk/X (sky130_fd_sc_hd__clkbuf_16)
                                         clknet_2_1__leaf_clk (net)
                  0.04    0.00    0.20 ^ _335_/CLK (sky130_fd_sc_hd__dfrtp_2)
     3    0.03    0.08    0.30    0.50 v _335_/Q (sky130_fd_sc_hd__dfrtp_2)
                                         one_second_counter[5] (net)
                  0.08    0.00    0.50 v _207_/B1 (sky130_fd_sc_hd__a21oi_1)
     1    0.01    0.15    0.15    0.64 ^ _207_/Y (sky130_fd_sc_hd__a21oi_1)
                                         _099_ (net)
                  0.15    0.00    0.65 ^ _209_/B (sky130_fd_sc_hd__nor3_1)
     1    0.02    0.08    0.09    0.73 v _209_/Y (sky130_fd_sc_hd__nor3_1)
                                         _022_ (net)
                  0.08    0.00    0.74 v _335_/D (sky130_fd_sc_hd__dfrtp_2)
                                  0.74   data arrival time

                          0.00    0.00   clock core_clock (rise edge)
                          0.00    0.00   clock source latency
     1    0.03    0.00    0.00    0.00 ^ clk (in)
                                         clk (net)
                  0.00    0.00    0.00 ^ clkbuf_0_clk/A (sky130_fd_sc_hd__clkbuf_16)
     4    0.05    0.05    0.09    0.09 ^ clkbuf_0_clk/X (sky130_fd_sc_hd__clkbuf_16)
                                         clknet_0_clk (net)
                  0.05    0.00    0.10 ^ clkbuf_2_1__f_clk/A (sky130_fd_sc_hd__clkbuf_16)
    10    0.04    0.04    0.10    0.20 ^ clkbuf_2_1__f_clk/X (sky130_fd_sc_hd__clkbuf_16)
                                         clknet_2_1__leaf_clk (net)
                  0.04    0.00    0.20 ^ _335_/CLK (sky130_fd_sc_hd__dfrtp_2)
                          0.00    0.20   clock reconvergence pessimism
                         -0.04    0.15   library hold time
                                  0.15   data required time
-----------------------------------------------------------------------------
                                  0.15   data required time
                                 -0.74   data arrival time
-----------------------------------------------------------------------------
                                  0.58   slack (MET)


Startpoint: _341_ (rising edge-triggered flip-flop clocked by core_clock)
Endpoint: _341_ (rising edge-triggered flip-flop clocked by core_clock)
Path Group: core_clock
Path Type: min
Corner: Fastest

Fanout     Cap    Slew   Delay    Time   Description
-----------------------------------------------------------------------------
                          0.00    0.00   clock core_clock (rise edge)
                          0.00    0.00   clock source latency
     1    0.03    0.00    0.00    0.00 ^ clk (in)
                                         clk (net)
                  0.00    0.00    0.00 ^ clkbuf_0_clk/A (sky130_fd_sc_hd__clkbuf_16)
     4    0.05    0.05    0.09    0.09 ^ clkbuf_0_clk/X (sky130_fd_sc_hd__clkbuf_16)
                                         clknet_0_clk (net)
                  0.05    0.00    0.10 ^ clkbuf_2_1__f_clk/A (sky130_fd_sc_hd__clkbuf_16)
    10    0.04    0.04    0.10    0.20 ^ clkbuf_2_1__f_clk/X (sky130_fd_sc_hd__clkbuf_16)
                                         clknet_2_1__leaf_clk (net)
                  0.04    0.00    0.20 ^ _341_/CLK (sky130_fd_sc_hd__dfrtp_2)
     4    0.03    0.08    0.30    0.50 v _341_/Q (sky130_fd_sc_hd__dfrtp_2)
                                         one_second_counter[11] (net)
                  0.08    0.00    0.50 v _227_/B1 (sky130_fd_sc_hd__a21oi_1)
     1    0.01    0.16    0.15    0.65 ^ _227_/Y (sky130_fd_sc_hd__a21oi_1)
                                         _113_ (net)
                  0.16    0.00    0.65 ^ _229_/B (sky130_fd_sc_hd__nor3_1)
     1    0.02    0.09    0.10    0.75 v _229_/Y (sky130_fd_sc_hd__nor3_1)
                                         _002_ (net)
                  0.09    0.00    0.75 v _341_/D (sky130_fd_sc_hd__dfrtp_2)
                                  0.75   data arrival time

                          0.00    0.00   clock core_clock (rise edge)
                          0.00    0.00   clock source latency
     1    0.03    0.00    0.00    0.00 ^ clk (in)
                                         clk (net)
                  0.00    0.00    0.00 ^ clkbuf_0_clk/A (sky130_fd_sc_hd__clkbuf_16)
     4    0.05    0.05    0.09    0.09 ^ clkbuf_0_clk/X (sky130_fd_sc_hd__clkbuf_16)
                                         clknet_0_clk (net)
                  0.05    0.00    0.10 ^ clkbuf_2_1__f_clk/A (sky130_fd_sc_hd__clkbuf_16)
    10    0.04    0.04    0.10    0.20 ^ clkbuf_2_1__f_clk/X (sky130_fd_sc_hd__clkbuf_16)
                                         clknet_2_1__leaf_clk (net)
                  0.04    0.00    0.20 ^ _341_/CLK (sky130_fd_sc_hd__dfrtp_2)
                          0.00    0.20   clock reconvergence pessimism
                         -0.05    0.15   library hold time
                                  0.15   data required time
-----------------------------------------------------------------------------
                                  0.15   data required time
                                 -0.75   data arrival time
-----------------------------------------------------------------------------
                                  0.60   slack (MET)


Startpoint: _348_ (rising edge-triggered flip-flop clocked by core_clock)
Endpoint: _348_ (rising edge-triggered flip-flop clocked by core_clock)
Path Group: core_clock
Path Type: min
Corner: Fastest

Fanout     Cap    Slew   Delay    Time   Description
-----------------------------------------------------------------------------
                          0.00    0.00   clock core_clock (rise edge)
                          0.00    0.00   clock source latency
     1    0.03    0.00    0.00    0.00 ^ clk (in)
                                         clk (net)
                  0.00    0.00    0.00 ^ clkbuf_0_clk/A (sky130_fd_sc_hd__clkbuf_16)
     4    0.05    0.05    0.09    0.09 ^ clkbuf_0_clk/X (sky130_fd_sc_hd__clkbuf_16)
                                         clknet_0_clk (net)
                  0.05    0.00    0.10 ^ clkbuf_2_1__f_clk/A (sky130_fd_sc_hd__clkbuf_16)
    10    0.04    0.04    0.10    0.20 ^ clkbuf_2_1__f_clk/X (sky130_fd_sc_hd__clkbuf_16)
                                         clknet_2_1__leaf_clk (net)
                  0.04    0.00    0.20 ^ _348_/CLK (sky130_fd_sc_hd__dfrtp_4)
     6    0.06    0.15    0.34    0.54 ^ _348_/Q (sky130_fd_sc_hd__dfrtp_4)
                                         one_second_counter[18] (net)
                  0.15    0.01    0.55 ^ _253_/A (sky130_fd_sc_hd__nand2_1)
     1    0.01    0.06    0.07    0.62 v _253_/Y (sky130_fd_sc_hd__nand2_1)
                                         _132_ (net)
                  0.06    0.00    0.62 v _255_/A1 (sky130_fd_sc_hd__o211a_1)
     1    0.01    0.05    0.19    0.80 v _255_/X (sky130_fd_sc_hd__o211a_1)
                                         _009_ (net)
                  0.05    0.00    0.81 v _348_/D (sky130_fd_sc_hd__dfrtp_4)
                                  0.81   data arrival time

                          0.00    0.00   clock core_clock (rise edge)
                          0.00    0.00   clock source latency
     1    0.03    0.00    0.00    0.00 ^ clk (in)
                                         clk (net)
                  0.00    0.00    0.00 ^ clkbuf_0_clk/A (sky130_fd_sc_hd__clkbuf_16)
     4    0.05    0.05    0.09    0.09 ^ clkbuf_0_clk/X (sky130_fd_sc_hd__clkbuf_16)
                                         clknet_0_clk (net)
                  0.05    0.00    0.10 ^ clkbuf_2_1__f_clk/A (sky130_fd_sc_hd__clkbuf_16)
    10    0.04    0.04    0.10    0.20 ^ clkbuf_2_1__f_clk/X (sky130_fd_sc_hd__clkbuf_16)
                                         clknet_2_1__leaf_clk (net)
                  0.04    0.00    0.20 ^ _348_/CLK (sky130_fd_sc_hd__dfrtp_4)
                          0.00    0.20   clock reconvergence pessimism
                         -0.03    0.17   library hold time
                                  0.17   data required time
-----------------------------------------------------------------------------
                                  0.17   data required time
                                 -0.81   data arrival time
-----------------------------------------------------------------------------
                                  0.64   slack (MET)


Startpoint: _354_ (rising edge-triggered flip-flop clocked by core_clock)
Endpoint: _354_ (rising edge-triggered flip-flop clocked by core_clock)
Path Group: core_clock
Path Type: min
Corner: Fastest

Fanout     Cap    Slew   Delay    Time   Description
-----------------------------------------------------------------------------
                          0.00    0.00   clock core_clock (rise edge)
                          0.00    0.00   clock source latency
     1    0.03    0.00    0.00    0.00 ^ clk (in)
                                         clk (net)
                  0.00    0.00    0.00 ^ clkbuf_0_clk/A (sky130_fd_sc_hd__clkbuf_16)
     4    0.05    0.05    0.09    0.09 ^ clkbuf_0_clk/X (sky130_fd_sc_hd__clkbuf_16)
                                         clknet_0_clk (net)
                  0.05    0.00    0.10 ^ clkbuf_2_0__f_clk/A (sky130_fd_sc_hd__clkbuf_16)
     9    0.04    0.05    0.10    0.20 ^ clkbuf_2_0__f_clk/X (sky130_fd_sc_hd__clkbuf_16)
                                         clknet_2_0__leaf_clk (net)
                  0.05    0.00    0.20 ^ _354_/CLK (sky130_fd_sc_hd__dfrtp_4)
     3    0.03    0.07    0.33    0.53 v _354_/Q (sky130_fd_sc_hd__dfrtp_4)
                                         one_second_counter[24] (net)
                  0.07    0.00    0.54 v _276_/B1 (sky130_fd_sc_hd__a21oi_2)
     1    0.03    0.18    0.16    0.70 ^ _276_/Y (sky130_fd_sc_hd__a21oi_2)
                                         _149_ (net)
                  0.18    0.00    0.70 ^ _278_/B (sky130_fd_sc_hd__nor3_1)
     1    0.02    0.09    0.10    0.80 v _278_/Y (sky130_fd_sc_hd__nor3_1)
                                         _016_ (net)
                  0.09    0.00    0.80 v _354_/D (sky130_fd_sc_hd__dfrtp_4)
                                  0.80   data arrival time

                          0.00    0.00   clock core_clock (rise edge)
                          0.00    0.00   clock source latency
     1    0.03    0.00    0.00    0.00 ^ clk (in)
                                         clk (net)
                  0.00    0.00    0.00 ^ clkbuf_0_clk/A (sky130_fd_sc_hd__clkbuf_16)
     4    0.05    0.05    0.09    0.09 ^ clkbuf_0_clk/X (sky130_fd_sc_hd__clkbuf_16)
                                         clknet_0_clk (net)
                  0.05    0.00    0.10 ^ clkbuf_2_0__f_clk/A (sky130_fd_sc_hd__clkbuf_16)
     9    0.04    0.05    0.10    0.20 ^ clkbuf_2_0__f_clk/X (sky130_fd_sc_hd__clkbuf_16)
                                         clknet_2_0__leaf_clk (net)
                  0.05    0.00    0.20 ^ _354_/CLK (sky130_fd_sc_hd__dfrtp_4)
                          0.00    0.20   clock reconvergence pessimism
                         -0.05    0.16   library hold time
                                  0.16   data required time
-----------------------------------------------------------------------------
                                  0.16   data required time
                                 -0.80   data arrival time
-----------------------------------------------------------------------------
                                  0.64   slack (MET)


Startpoint: _347_ (rising edge-triggered flip-flop clocked by core_clock)
Endpoint: _347_ (rising edge-triggered flip-flop clocked by core_clock)
Path Group: core_clock
Path Type: min
Corner: Fastest

Fanout     Cap    Slew   Delay    Time   Description
-----------------------------------------------------------------------------
                          0.00    0.00   clock core_clock (rise edge)
                          0.00    0.00   clock source latency
     1    0.03    0.00    0.00    0.00 ^ clk (in)
                                         clk (net)
                  0.00    0.00    0.00 ^ clkbuf_0_clk/A (sky130_fd_sc_hd__clkbuf_16)
     4    0.05    0.05    0.09    0.09 ^ clkbuf_0_clk/X (sky130_fd_sc_hd__clkbuf_16)
                                         clknet_0_clk (net)
                  0.05    0.00    0.10 ^ clkbuf_2_3__f_clk/A (sky130_fd_sc_hd__clkbuf_16)
     9    0.04    0.04    0.10    0.20 ^ clkbuf_2_3__f_clk/X (sky130_fd_sc_hd__clkbuf_16)
                                         clknet_2_3__leaf_clk (net)
                  0.04    0.00    0.20 ^ _347_/CLK (sky130_fd_sc_hd__dfrtp_4)
     8    0.07    0.15    0.34    0.54 ^ _347_/Q (sky130_fd_sc_hd__dfrtp_4)
                                         one_second_counter[17] (net)
                  0.15    0.01    0.55 ^ _251_/A (sky130_fd_sc_hd__xor2_1)
     1    0.01    0.06    0.10    0.64 v _251_/X (sky130_fd_sc_hd__xor2_1)
                                         _131_ (net)
                  0.06    0.00    0.64 v _252_/B (sky130_fd_sc_hd__nor2_1)
     1    0.02    0.21    0.18    0.83 ^ _252_/Y (sky130_fd_sc_hd__nor2_1)
                                         _008_ (net)
                  0.21    0.00    0.83 ^ _347_/D (sky130_fd_sc_hd__dfrtp_4)
                                  0.83   data arrival time

                          0.00    0.00   clock core_clock (rise edge)
                          0.00    0.00   clock source latency
     1    0.03    0.00    0.00    0.00 ^ clk (in)
                                         clk (net)
                  0.00    0.00    0.00 ^ clkbuf_0_clk/A (sky130_fd_sc_hd__clkbuf_16)
     4    0.05    0.05    0.09    0.09 ^ clkbuf_0_clk/X (sky130_fd_sc_hd__clkbuf_16)
                                         clknet_0_clk (net)
                  0.05    0.00    0.10 ^ clkbuf_2_3__f_clk/A (sky130_fd_sc_hd__clkbuf_16)
     9    0.04    0.04    0.10    0.20 ^ clkbuf_2_3__f_clk/X (sky130_fd_sc_hd__clkbuf_16)
                                         clknet_2_3__leaf_clk (net)
                  0.04    0.00    0.20 ^ _347_/CLK (sky130_fd_sc_hd__dfrtp_4)
                          0.00    0.20   clock reconvergence pessimism
                         -0.03    0.17   library hold time
                                  0.17   data required time
-----------------------------------------------------------------------------
                                  0.17   data required time
                                 -0.83   data arrival time
-----------------------------------------------------------------------------
                                  0.66   slack (MET)


Startpoint: _352_ (rising edge-triggered flip-flop clocked by core_clock)
Endpoint: _352_ (rising edge-triggered flip-flop clocked by core_clock)
Path Group: core_clock
Path Type: min
Corner: Fastest

Fanout     Cap    Slew   Delay    Time   Description
-----------------------------------------------------------------------------
                          0.00    0.00   clock core_clock (rise edge)
                          0.00    0.00   clock source latency
     1    0.03    0.00    0.00    0.00 ^ clk (in)
                                         clk (net)
                  0.00    0.00    0.00 ^ clkbuf_0_clk/A (sky130_fd_sc_hd__clkbuf_16)
     4    0.05    0.05    0.09    0.09 ^ clkbuf_0_clk/X (sky130_fd_sc_hd__clkbuf_16)
                                         clknet_0_clk (net)
                  0.05    0.00    0.10 ^ clkbuf_2_1__f_clk/A (sky130_fd_sc_hd__clkbuf_16)
    10    0.04    0.04    0.10    0.20 ^ clkbuf_2_1__f_clk/X (sky130_fd_sc_hd__clkbuf_16)
                                         clknet_2_1__leaf_clk (net)
                  0.04    0.00    0.20 ^ _352_/CLK (sky130_fd_sc_hd__dfrtp_1)
     3    0.03    0.17    0.30    0.50 ^ _352_/Q (sky130_fd_sc_hd__dfrtp_1)
                                         one_second_counter[22] (net)
                  0.17    0.00    0.50 ^ _269_/A (sky130_fd_sc_hd__or2_1)
     1    0.01    0.09    0.12    0.63 ^ _269_/X (sky130_fd_sc_hd__or2_1)
                                         _144_ (net)
                  0.09    0.00    0.63 ^ _271_/B (sky130_fd_sc_hd__and3_1)
     1    0.01    0.11    0.15    0.78 ^ _271_/X (sky130_fd_sc_hd__and3_1)
                                         _146_ (net)
                  0.11    0.00    0.78 ^ _272_/A (sky130_fd_sc_hd__clkbuf_1)
     1    0.00    0.04    0.06    0.84 ^ _272_/X (sky130_fd_sc_hd__clkbuf_1)
                                         _014_ (net)
                  0.04    0.00    0.84 ^ _352_/D (sky130_fd_sc_hd__dfrtp_1)
                                  0.84   data arrival time

                          0.00    0.00   clock core_clock (rise edge)
                          0.00    0.00   clock source latency
     1    0.03    0.00    0.00    0.00 ^ clk (in)
                                         clk (net)
                  0.00    0.00    0.00 ^ clkbuf_0_clk/A (sky130_fd_sc_hd__clkbuf_16)
     4    0.05    0.05    0.09    0.09 ^ clkbuf_0_clk/X (sky130_fd_sc_hd__clkbuf_16)
                                         clknet_0_clk (net)
                  0.05    0.00    0.10 ^ clkbuf_2_1__f_clk/A (sky130_fd_sc_hd__clkbuf_16)
    10    0.04    0.04    0.10    0.20 ^ clkbuf_2_1__f_clk/X (sky130_fd_sc_hd__clkbuf_16)
                                         clknet_2_1__leaf_clk (net)
                  0.04    0.00    0.20 ^ _352_/CLK (sky130_fd_sc_hd__dfrtp_1)
                          0.00    0.20   clock reconvergence pessimism
                         -0.02    0.18   library hold time
                                  0.18   data required time
-----------------------------------------------------------------------------
                                  0.18   data required time
                                 -0.84   data arrival time
-----------------------------------------------------------------------------
                                  0.66   slack (MET)


Startpoint: _343_ (rising edge-triggered flip-flop clocked by core_clock)
Endpoint: _343_ (rising edge-triggered flip-flop clocked by core_clock)
Path Group: core_clock
Path Type: min
Corner: Fastest

Fanout     Cap    Slew   Delay    Time   Description
-----------------------------------------------------------------------------
                          0.00    0.00   clock core_clock (rise edge)
                          0.00    0.00   clock source latency
     1    0.03    0.00    0.00    0.00 ^ clk (in)
                                         clk (net)
                  0.00    0.00    0.00 ^ clkbuf_0_clk/A (sky130_fd_sc_hd__clkbuf_16)
     4    0.05    0.05    0.09    0.09 ^ clkbuf_0_clk/X (sky130_fd_sc_hd__clkbuf_16)
                                         clknet_0_clk (net)
                  0.05    0.00    0.10 ^ clkbuf_2_2__f_clk/A (sky130_fd_sc_hd__clkbuf_16)
     7    0.03    0.04    0.10    0.20 ^ clkbuf_2_2__f_clk/X (sky130_fd_sc_hd__clkbuf_16)
                                         clknet_2_2__leaf_clk (net)
                  0.04    0.00    0.20 ^ _343_/CLK (sky130_fd_sc_hd__dfrtp_2)
     4    0.04    0.16    0.32    0.51 ^ _343_/Q (sky130_fd_sc_hd__dfrtp_2)
                                         one_second_counter[13] (net)
                  0.16    0.00    0.52 ^ _234_/B1 (sky130_fd_sc_hd__a21o_1)
     1    0.02    0.12    0.12    0.63 ^ _234_/X (sky130_fd_sc_hd__a21o_1)
                                         _118_ (net)
                  0.12    0.00    0.63 ^ _236_/B (sky130_fd_sc_hd__and3_1)
     1    0.01    0.10    0.15    0.79 ^ _236_/X (sky130_fd_sc_hd__and3_1)
                                         _120_ (net)
                  0.10    0.00    0.79 ^ _237_/A (sky130_fd_sc_hd__clkbuf_1)
     1    0.00    0.03    0.06    0.85 ^ _237_/X (sky130_fd_sc_hd__clkbuf_1)
                                         _004_ (net)
                  0.03    0.00    0.85 ^ _343_/D (sky130_fd_sc_hd__dfrtp_2)
                                  0.85   data arrival time

                          0.00    0.00   clock core_clock (rise edge)
                          0.00    0.00   clock source latency
     1    0.03    0.00    0.00    0.00 ^ clk (in)
                                         clk (net)
                  0.00    0.00    0.00 ^ clkbuf_0_clk/A (sky130_fd_sc_hd__clkbuf_16)
     4    0.05    0.05    0.09    0.09 ^ clkbuf_0_clk/X (sky130_fd_sc_hd__clkbuf_16)
                                         clknet_0_clk (net)
                  0.05    0.00    0.10 ^ clkbuf_2_2__f_clk/A (sky130_fd_sc_hd__clkbuf_16)
     7    0.03    0.04    0.10    0.20 ^ clkbuf_2_2__f_clk/X (sky130_fd_sc_hd__clkbuf_16)
                                         clknet_2_2__leaf_clk (net)
                  0.04    0.00    0.20 ^ _343_/CLK (sky130_fd_sc_hd__dfrtp_2)
                          0.00    0.20   clock reconvergence pessimism
                         -0.02    0.18   library hold time
                                  0.18   data required time
-----------------------------------------------------------------------------
                                  0.18   data required time
                                 -0.85   data arrival time
-----------------------------------------------------------------------------
                                  0.67   slack (MET)


Startpoint: _336_ (rising edge-triggered flip-flop clocked by core_clock)
Endpoint: _336_ (rising edge-triggered flip-flop clocked by core_clock)
Path Group: core_clock
Path Type: min
Corner: Fastest

Fanout     Cap    Slew   Delay    Time   Description
-----------------------------------------------------------------------------
                          0.00    0.00   clock core_clock (rise edge)
                          0.00    0.00   clock source latency
     1    0.03    0.00    0.00    0.00 ^ clk (in)
                                         clk (net)
                  0.00    0.00    0.00 ^ clkbuf_0_clk/A (sky130_fd_sc_hd__clkbuf_16)
     4    0.05    0.05    0.09    0.09 ^ clkbuf_0_clk/X (sky130_fd_sc_hd__clkbuf_16)
                                         clknet_0_clk (net)
                  0.05    0.00    0.10 ^ clkbuf_2_0__f_clk/A (sky130_fd_sc_hd__clkbuf_16)
     9    0.04    0.05    0.10    0.20 ^ clkbuf_2_0__f_clk/X (sky130_fd_sc_hd__clkbuf_16)
                                         clknet_2_0__leaf_clk (net)
                  0.05    0.00    0.20 ^ _336_/CLK (sky130_fd_sc_hd__dfrtp_1)
     3    0.02    0.14    0.28    0.48 ^ _336_/Q (sky130_fd_sc_hd__dfrtp_1)
                                         one_second_counter[6] (net)
                  0.14    0.00    0.49 ^ _211_/A (sky130_fd_sc_hd__nand2_1)
     2    0.01    0.08    0.08    0.57 v _211_/Y (sky130_fd_sc_hd__nand2_1)
                                         _102_ (net)
                  0.08    0.00    0.57 v _212_/C (sky130_fd_sc_hd__and3_1)
     1    0.01    0.04    0.15    0.72 v _212_/X (sky130_fd_sc_hd__and3_1)
                                         _103_ (net)
                  0.04    0.00    0.72 v _213_/A (sky130_fd_sc_hd__buf_1)
     2    0.02    0.08    0.11    0.83 v _213_/X (sky130_fd_sc_hd__buf_1)
                                         _023_ (net)
                  0.08    0.00    0.83 v _336_/D (sky130_fd_sc_hd__dfrtp_1)
                                  0.83   data arrival time

                          0.00    0.00   clock core_clock (rise edge)
                          0.00    0.00   clock source latency
     1    0.03    0.00    0.00    0.00 ^ clk (in)
                                         clk (net)
                  0.00    0.00    0.00 ^ clkbuf_0_clk/A (sky130_fd_sc_hd__clkbuf_16)
     4    0.05    0.05    0.09    0.09 ^ clkbuf_0_clk/X (sky130_fd_sc_hd__clkbuf_16)
                                         clknet_0_clk (net)
                  0.05    0.00    0.10 ^ clkbuf_2_0__f_clk/A (sky130_fd_sc_hd__clkbuf_16)
     9    0.04    0.05    0.10    0.20 ^ clkbuf_2_0__f_clk/X (sky130_fd_sc_hd__clkbuf_16)
                                         clknet_2_0__leaf_clk (net)
                  0.05    0.00    0.20 ^ _336_/CLK (sky130_fd_sc_hd__dfrtp_1)
                          0.00    0.20   clock reconvergence pessimism
                         -0.05    0.16   library hold time
                                  0.16   data required time
-----------------------------------------------------------------------------
                                  0.16   data required time
                                 -0.83   data arrival time
-----------------------------------------------------------------------------
                                  0.67   slack (MET)


Startpoint: _342_ (rising edge-triggered flip-flop clocked by core_clock)
Endpoint: _342_ (rising edge-triggered flip-flop clocked by core_clock)
Path Group: core_clock
Path Type: min
Corner: Fastest

Fanout     Cap    Slew   Delay    Time   Description
-----------------------------------------------------------------------------
                          0.00    0.00   clock core_clock (rise edge)
                          0.00    0.00   clock source latency
     1    0.03    0.00    0.00    0.00 ^ clk (in)
                                         clk (net)
                  0.00    0.00    0.00 ^ clkbuf_0_clk/A (sky130_fd_sc_hd__clkbuf_16)
     4    0.05    0.05    0.09    0.09 ^ clkbuf_0_clk/X (sky130_fd_sc_hd__clkbuf_16)
                                         clknet_0_clk (net)
                  0.05    0.00    0.10 ^ clkbuf_2_3__f_clk/A (sky130_fd_sc_hd__clkbuf_16)
     9    0.04    0.04    0.10    0.20 ^ clkbuf_2_3__f_clk/X (sky130_fd_sc_hd__clkbuf_16)
                                         clknet_2_3__leaf_clk (net)
                  0.04    0.00    0.20 ^ _342_/CLK (sky130_fd_sc_hd__dfrtp_4)
     5    0.04    0.10    0.31    0.51 ^ _342_/Q (sky130_fd_sc_hd__dfrtp_4)
                                         one_second_counter[12] (net)
                  0.10    0.00    0.51 ^ _231_/A (sky130_fd_sc_hd__nand2_1)
     1    0.01    0.07    0.07    0.58 v _231_/Y (sky130_fd_sc_hd__nand2_1)
                                         _116_ (net)
                  0.07    0.00    0.58 v _232_/C (sky130_fd_sc_hd__and3_1)
     1    0.01    0.06    0.16    0.74 v _232_/X (sky130_fd_sc_hd__and3_1)
                                         _117_ (net)
                  0.06    0.00    0.74 v _233_/A (sky130_fd_sc_hd__buf_1)
     1    0.02    0.06    0.10    0.85 v _233_/X (sky130_fd_sc_hd__buf_1)
                                         _003_ (net)
                  0.06    0.00    0.85 v _342_/D (sky130_fd_sc_hd__dfrtp_4)
                                  0.85   data arrival time

                          0.00    0.00   clock core_clock (rise edge)
                          0.00    0.00   clock source latency
     1    0.03    0.00    0.00    0.00 ^ clk (in)
                                         clk (net)
                  0.00    0.00    0.00 ^ clkbuf_0_clk/A (sky130_fd_sc_hd__clkbuf_16)
     4    0.05    0.05    0.09    0.09 ^ clkbuf_0_clk/X (sky130_fd_sc_hd__clkbuf_16)
                                         clknet_0_clk (net)
                  0.05    0.00    0.10 ^ clkbuf_2_3__f_clk/A (sky130_fd_sc_hd__clkbuf_16)
     9    0.04    0.04    0.10    0.20 ^ clkbuf_2_3__f_clk/X (sky130_fd_sc_hd__clkbuf_16)
                                         clknet_2_3__leaf_clk (net)
                  0.04    0.00    0.20 ^ _342_/CLK (sky130_fd_sc_hd__dfrtp_4)
                          0.00    0.20   clock reconvergence pessimism
                         -0.04    0.16   library hold time
                                  0.16   data required time
-----------------------------------------------------------------------------
                                  0.16   data required time
                                 -0.85   data arrival time
-----------------------------------------------------------------------------
                                  0.69   slack (MET)


Startpoint: _360_ (rising edge-triggered flip-flop clocked by core_clock)
Endpoint: _360_ (rising edge-triggered flip-flop clocked by core_clock)
Path Group: core_clock
Path Type: min
Corner: Fastest

Fanout     Cap    Slew   Delay    Time   Description
-----------------------------------------------------------------------------
                          0.00    0.00   clock core_clock (rise edge)
                          0.00    0.00   clock source latency
     1    0.03    0.00    0.00    0.00 ^ clk (in)
                                         clk (net)
                  0.00    0.00    0.00 ^ clkbuf_0_clk/A (sky130_fd_sc_hd__clkbuf_16)
     4    0.05    0.05    0.09    0.09 ^ clkbuf_0_clk/X (sky130_fd_sc_hd__clkbuf_16)
                                         clknet_0_clk (net)
                  0.05    0.00    0.10 ^ clkbuf_2_2__f_clk/A (sky130_fd_sc_hd__clkbuf_16)
     7    0.03    0.04    0.10    0.20 ^ clkbuf_2_2__f_clk/X (sky130_fd_sc_hd__clkbuf_16)
                                         clknet_2_2__leaf_clk (net)
                  0.04    0.00    0.20 ^ _360_/CLK (sky130_fd_sc_hd__dfrtp_4)
     6    0.06    0.14    0.34    0.54 ^ _360_/Q (sky130_fd_sc_hd__dfrtp_4)
                                         decoder.digit[2] (net)
                  0.14    0.00    0.54 ^ _163_/A (sky130_fd_sc_hd__nand2_1)
     2    0.02    0.12    0.12    0.66 v _163_/Y (sky130_fd_sc_hd__nand2_1)
                                         _065_ (net)
                  0.12    0.00    0.66 v _169_/A (sky130_fd_sc_hd__and2_1)
     1    0.01    0.04    0.14    0.80 v _169_/X (sky130_fd_sc_hd__and2_1)
                                         _070_ (net)
                  0.04    0.00    0.80 v _170_/A (sky130_fd_sc_hd__clkbuf_1)
     1    0.01    0.04    0.08    0.87 v _170_/X (sky130_fd_sc_hd__clkbuf_1)
                                         _062_ (net)
                  0.04    0.00    0.88 v _360_/D (sky130_fd_sc_hd__dfrtp_4)
                                  0.88   data arrival time

                          0.00    0.00   clock core_clock (rise edge)
                          0.00    0.00   clock source latency
     1    0.03    0.00    0.00    0.00 ^ clk (in)
                                         clk (net)
                  0.00    0.00    0.00 ^ clkbuf_0_clk/A (sky130_fd_sc_hd__clkbuf_16)
     4    0.05    0.05    0.09    0.09 ^ clkbuf_0_clk/X (sky130_fd_sc_hd__clkbuf_16)
                                         clknet_0_clk (net)
                  0.05    0.00    0.10 ^ clkbuf_2_2__f_clk/A (sky130_fd_sc_hd__clkbuf_16)
     7    0.03    0.04    0.10    0.20 ^ clkbuf_2_2__f_clk/X (sky130_fd_sc_hd__clkbuf_16)
                                         clknet_2_2__leaf_clk (net)
                  0.04    0.00    0.20 ^ _360_/CLK (sky130_fd_sc_hd__dfrtp_4)
                          0.00    0.20   clock reconvergence pessimism
                         -0.03    0.17   library hold time
                                  0.17   data required time
-----------------------------------------------------------------------------
                                  0.17   data required time
                                 -0.88   data arrival time
-----------------------------------------------------------------------------
                                  0.71   slack (MET)


Startpoint: _340_ (rising edge-triggered flip-flop clocked by core_clock)
Endpoint: _340_ (rising edge-triggered flip-flop clocked by core_clock)
Path Group: core_clock
Path Type: min
Corner: Fastest

Fanout     Cap    Slew   Delay    Time   Description
-----------------------------------------------------------------------------
                          0.00    0.00   clock core_clock (rise edge)
                          0.00    0.00   clock source latency
     1    0.03    0.00    0.00    0.00 ^ clk (in)
                                         clk (net)
                  0.00    0.00    0.00 ^ clkbuf_0_clk/A (sky130_fd_sc_hd__clkbuf_16)
     4    0.05    0.05    0.09    0.09 ^ clkbuf_0_clk/X (sky130_fd_sc_hd__clkbuf_16)
                                         clknet_0_clk (net)
                  0.05    0.00    0.10 ^ clkbuf_2_2__f_clk/A (sky130_fd_sc_hd__clkbuf_16)
     7    0.03    0.04    0.10    0.20 ^ clkbuf_2_2__f_clk/X (sky130_fd_sc_hd__clkbuf_16)
                                         clknet_2_2__leaf_clk (net)
                  0.04    0.00    0.20 ^ _340_/CLK (sky130_fd_sc_hd__dfrtp_4)
     6    0.05    0.12    0.31    0.51 ^ _340_/Q (sky130_fd_sc_hd__dfrtp_4)
                                         one_second_counter[10] (net)
                  0.12    0.01    0.52 ^ _224_/A (sky130_fd_sc_hd__nand2_1)
     1    0.02    0.10    0.11    0.63 v _224_/Y (sky130_fd_sc_hd__nand2_1)
                                         _111_ (net)
                  0.10    0.00    0.63 v _225_/C (sky130_fd_sc_hd__and3_1)
     1    0.01    0.04    0.16    0.79 v _225_/X (sky130_fd_sc_hd__and3_1)
                                         _112_ (net)
                  0.04    0.00    0.79 v _226_/A (sky130_fd_sc_hd__clkbuf_1)
     1    0.01    0.04    0.08    0.88 v _226_/X (sky130_fd_sc_hd__clkbuf_1)
                                         _001_ (net)
                  0.04    0.00    0.88 v _340_/D (sky130_fd_sc_hd__dfrtp_4)
                                  0.88   data arrival time

                          0.00    0.00   clock core_clock (rise edge)
                          0.00    0.00   clock source latency
     1    0.03    0.00    0.00    0.00 ^ clk (in)
                                         clk (net)
                  0.00    0.00    0.00 ^ clkbuf_0_clk/A (sky130_fd_sc_hd__clkbuf_16)
     4    0.05    0.05    0.09    0.09 ^ clkbuf_0_clk/X (sky130_fd_sc_hd__clkbuf_16)
                                         clknet_0_clk (net)
                  0.05    0.00    0.10 ^ clkbuf_2_2__f_clk/A (sky130_fd_sc_hd__clkbuf_16)
     7    0.03    0.04    0.10    0.20 ^ clkbuf_2_2__f_clk/X (sky130_fd_sc_hd__clkbuf_16)
                                         clknet_2_2__leaf_clk (net)
                  0.04    0.00    0.20 ^ _340_/CLK (sky130_fd_sc_hd__dfrtp_4)
                          0.00    0.20   clock reconvergence pessimism
                         -0.03    0.17   library hold time
                                  0.17   data required time
-----------------------------------------------------------------------------
                                  0.17   data required time
                                 -0.88   data arrival time
-----------------------------------------------------------------------------
                                  0.71   slack (MET)


Startpoint: _355_ (rising edge-triggered flip-flop clocked by core_clock)
Endpoint: _355_ (rising edge-triggered flip-flop clocked by core_clock)
Path Group: core_clock
Path Type: min
Corner: Fastest

Fanout     Cap    Slew   Delay    Time   Description
-----------------------------------------------------------------------------
                          0.00    0.00   clock core_clock (rise edge)
                          0.00    0.00   clock source latency
     1    0.03    0.00    0.00    0.00 ^ clk (in)
                                         clk (net)
                  0.00    0.00    0.00 ^ clkbuf_0_clk/A (sky130_fd_sc_hd__clkbuf_16)
     4    0.05    0.05    0.09    0.09 ^ clkbuf_0_clk/X (sky130_fd_sc_hd__clkbuf_16)
                                         clknet_0_clk (net)
                  0.05    0.00    0.10 ^ clkbuf_2_2__f_clk/A (sky130_fd_sc_hd__clkbuf_16)
     7    0.03    0.04    0.10    0.20 ^ clkbuf_2_2__f_clk/X (sky130_fd_sc_hd__clkbuf_16)
                                         clknet_2_2__leaf_clk (net)
                  0.04    0.00    0.20 ^ _355_/CLK (sky130_fd_sc_hd__dfrtp_4)
     4    0.05    0.12    0.32    0.51 ^ _355_/Q (sky130_fd_sc_hd__dfrtp_4)
                                         one_second_counter[25] (net)
                  0.12    0.01    0.52 ^ _280_/A (sky130_fd_sc_hd__nand2_1)
     1    0.02    0.09    0.10    0.62 v _280_/Y (sky130_fd_sc_hd__nand2_1)
                                         _152_ (net)
                  0.09    0.00    0.62 v _281_/C (sky130_fd_sc_hd__and3_1)
     1    0.01    0.05    0.16    0.79 v _281_/X (sky130_fd_sc_hd__and3_1)
                                         _153_ (net)
                  0.05    0.00    0.79 v _282_/A (sky130_fd_sc_hd__clkbuf_1)
     1    0.01    0.05    0.09    0.88 v _282_/X (sky130_fd_sc_hd__clkbuf_1)
                                         _017_ (net)
                  0.05    0.00    0.88 v _355_/D (sky130_fd_sc_hd__dfrtp_4)
                                  0.88   data arrival time

                          0.00    0.00   clock core_clock (rise edge)
                          0.00    0.00   clock source latency
     1    0.03    0.00    0.00    0.00 ^ clk (in)
                                         clk (net)
                  0.00    0.00    0.00 ^ clkbuf_0_clk/A (sky130_fd_sc_hd__clkbuf_16)
     4    0.05    0.05    0.09    0.09 ^ clkbuf_0_clk/X (sky130_fd_sc_hd__clkbuf_16)
                                         clknet_0_clk (net)
                  0.05    0.00    0.10 ^ clkbuf_2_2__f_clk/A (sky130_fd_sc_hd__clkbuf_16)
     7    0.03    0.04    0.10    0.20 ^ clkbuf_2_2__f_clk/X (sky130_fd_sc_hd__clkbuf_16)
                                         clknet_2_2__leaf_clk (net)
                  0.04    0.00    0.20 ^ _355_/CLK (sky130_fd_sc_hd__dfrtp_4)
                          0.00    0.20   clock reconvergence pessimism
                         -0.03    0.16   library hold time
                                  0.16   data required time
-----------------------------------------------------------------------------
                                  0.16   data required time
                                 -0.88   data arrival time
-----------------------------------------------------------------------------
                                  0.72   slack (MET)


Startpoint: _338_ (rising edge-triggered flip-flop clocked by core_clock)
Endpoint: _338_ (rising edge-triggered flip-flop clocked by core_clock)
Path Group: core_clock
Path Type: min
Corner: Fastest

Fanout     Cap    Slew   Delay    Time   Description
-----------------------------------------------------------------------------
                          0.00    0.00   clock core_clock (rise edge)
                          0.00    0.00   clock source latency
     1    0.03    0.00    0.00    0.00 ^ clk (in)
                                         clk (net)
                  0.00    0.00    0.00 ^ clkbuf_0_clk/A (sky130_fd_sc_hd__clkbuf_16)
     4    0.05    0.05    0.09    0.09 ^ clkbuf_0_clk/X (sky130_fd_sc_hd__clkbuf_16)
                                         clknet_0_clk (net)
                  0.05    0.00    0.10 ^ clkbuf_2_3__f_clk/A (sky130_fd_sc_hd__clkbuf_16)
     9    0.04    0.04    0.10    0.20 ^ clkbuf_2_3__f_clk/X (sky130_fd_sc_hd__clkbuf_16)
                                         clknet_2_3__leaf_clk (net)
                  0.04    0.00    0.20 ^ _338_/CLK (sky130_fd_sc_hd__dfrtp_4)
     5    0.04    0.11    0.31    0.51 ^ _338_/Q (sky130_fd_sc_hd__dfrtp_4)
                                         one_second_counter[8] (net)
                  0.11    0.01    0.52 ^ _217_/A (sky130_fd_sc_hd__nand2_1)
     1    0.02    0.09    0.09    0.60 v _217_/Y (sky130_fd_sc_hd__nand2_1)
                                         _106_ (net)
                  0.09    0.00    0.61 v _218_/C (sky130_fd_sc_hd__and3_1)
     1    0.01    0.05    0.16    0.77 v _218_/X (sky130_fd_sc_hd__and3_1)
                                         _107_ (net)
                  0.05    0.00    0.77 v _219_/A (sky130_fd_sc_hd__buf_1)
     1    0.02    0.09    0.12    0.89 v _219_/X (sky130_fd_sc_hd__buf_1)
                                         _025_ (net)
                  0.09    0.00    0.89 v _338_/D (sky130_fd_sc_hd__dfrtp_4)
                                  0.89   data arrival time

                          0.00    0.00   clock core_clock (rise edge)
                          0.00    0.00   clock source latency
     1    0.03    0.00    0.00    0.00 ^ clk (in)
                                         clk (net)
                  0.00    0.00    0.00 ^ clkbuf_0_clk/A (sky130_fd_sc_hd__clkbuf_16)
     4    0.05    0.05    0.09    0.09 ^ clkbuf_0_clk/X (sky130_fd_sc_hd__clkbuf_16)
                                         clknet_0_clk (net)
                  0.05    0.00    0.10 ^ clkbuf_2_3__f_clk/A (sky130_fd_sc_hd__clkbuf_16)
     9    0.04    0.04    0.10    0.20 ^ clkbuf_2_3__f_clk/X (sky130_fd_sc_hd__clkbuf_16)
                                         clknet_2_3__leaf_clk (net)
                  0.04    0.00    0.20 ^ _338_/CLK (sky130_fd_sc_hd__dfrtp_4)
                          0.00    0.20   clock reconvergence pessimism
                         -0.05    0.15   library hold time
                                  0.15   data required time
-----------------------------------------------------------------------------
                                  0.15   data required time
                                 -0.89   data arrival time
-----------------------------------------------------------------------------
                                  0.74   slack (MET)


Startpoint: _333_ (rising edge-triggered flip-flop clocked by core_clock)
Endpoint: _333_ (rising edge-triggered flip-flop clocked by core_clock)
Path Group: core_clock
Path Type: min
Corner: Fastest

Fanout     Cap    Slew   Delay    Time   Description
-----------------------------------------------------------------------------
                          0.00    0.00   clock core_clock (rise edge)
                          0.00    0.00   clock source latency
     1    0.03    0.00    0.00    0.00 ^ clk (in)
                                         clk (net)
                  0.00    0.00    0.00 ^ clkbuf_0_clk/A (sky130_fd_sc_hd__clkbuf_16)
     4    0.05    0.05    0.09    0.09 ^ clkbuf_0_clk/X (sky130_fd_sc_hd__clkbuf_16)
                                         clknet_0_clk (net)
                  0.05    0.00    0.10 ^ clkbuf_2_3__f_clk/A (sky130_fd_sc_hd__clkbuf_16)
     9    0.04    0.04    0.10    0.20 ^ clkbuf_2_3__f_clk/X (sky130_fd_sc_hd__clkbuf_16)
                                         clknet_2_3__leaf_clk (net)
                  0.04    0.00    0.20 ^ _333_/CLK (sky130_fd_sc_hd__dfrtp_2)
     3    0.04    0.09    0.31    0.51 v _333_/Q (sky130_fd_sc_hd__dfrtp_2)
                                         one_second_counter[3] (net)
                  0.09    0.00    0.51 v _199_/B1 (sky130_fd_sc_hd__a31o_1)
     1    0.02    0.07    0.14    0.65 v _199_/X (sky130_fd_sc_hd__a31o_1)
                                         _093_ (net)
                  0.07    0.00    0.65 v _200_/C (sky130_fd_sc_hd__and3b_1)
     1    0.01    0.04    0.14    0.79 v _200_/X (sky130_fd_sc_hd__and3b_1)
                                         _094_ (net)
                  0.04    0.00    0.79 v _201_/A (sky130_fd_sc_hd__buf_1)
     1    0.02    0.08    0.11    0.90 v _201_/X (sky130_fd_sc_hd__buf_1)
                                         _020_ (net)
                  0.08    0.00    0.90 v _333_/D (sky130_fd_sc_hd__dfrtp_2)
                                  0.90   data arrival time

                          0.00    0.00   clock core_clock (rise edge)
                          0.00    0.00   clock source latency
     1    0.03    0.00    0.00    0.00 ^ clk (in)
                                         clk (net)
                  0.00    0.00    0.00 ^ clkbuf_0_clk/A (sky130_fd_sc_hd__clkbuf_16)
     4    0.05    0.05    0.09    0.09 ^ clkbuf_0_clk/X (sky130_fd_sc_hd__clkbuf_16)
                                         clknet_0_clk (net)
                  0.05    0.00    0.10 ^ clkbuf_2_3__f_clk/A (sky130_fd_sc_hd__clkbuf_16)
     9    0.04    0.04    0.10    0.20 ^ clkbuf_2_3__f_clk/X (sky130_fd_sc_hd__clkbuf_16)
                                         clknet_2_3__leaf_clk (net)
                  0.04    0.00    0.20 ^ _333_/CLK (sky130_fd_sc_hd__dfrtp_2)
                          0.00    0.20   clock reconvergence pessimism
                         -0.04    0.16   library hold time
                                  0.16   data required time
-----------------------------------------------------------------------------
                                  0.16   data required time
                                 -0.90   data arrival time
-----------------------------------------------------------------------------
                                  0.74   slack (MET)


Startpoint: _350_ (rising edge-triggered flip-flop clocked by core_clock)
Endpoint: _350_ (rising edge-triggered flip-flop clocked by core_clock)
Path Group: core_clock
Path Type: min
Corner: Fastest

Fanout     Cap    Slew   Delay    Time   Description
-----------------------------------------------------------------------------
                          0.00    0.00   clock core_clock (rise edge)
                          0.00    0.00   clock source latency
     1    0.03    0.00    0.00    0.00 ^ clk (in)
                                         clk (net)
                  0.00    0.00    0.00 ^ clkbuf_0_clk/A (sky130_fd_sc_hd__clkbuf_16)
     4    0.05    0.05    0.09    0.09 ^ clkbuf_0_clk/X (sky130_fd_sc_hd__clkbuf_16)
                                         clknet_0_clk (net)
                  0.05    0.00    0.10 ^ clkbuf_2_1__f_clk/A (sky130_fd_sc_hd__clkbuf_16)
    10    0.04    0.04    0.10    0.20 ^ clkbuf_2_1__f_clk/X (sky130_fd_sc_hd__clkbuf_16)
                                         clknet_2_1__leaf_clk (net)
                  0.04    0.00    0.20 ^ _350_/CLK (sky130_fd_sc_hd__dfrtp_1)
     4    0.03    0.20    0.33    0.53 ^ _350_/Q (sky130_fd_sc_hd__dfrtp_1)
                                         one_second_counter[20] (net)
                  0.20    0.00    0.53 ^ _263_/A (sky130_fd_sc_hd__nand2_1)
     2    0.02    0.11    0.11    0.64 v _263_/Y (sky130_fd_sc_hd__nand2_1)
                                         _140_ (net)
                  0.11    0.00    0.65 v _264_/C (sky130_fd_sc_hd__and3_1)
     1    0.01    0.03    0.15    0.80 v _264_/X (sky130_fd_sc_hd__and3_1)
                                         _141_ (net)
                  0.03    0.00    0.80 v _265_/A (sky130_fd_sc_hd__clkbuf_1)
     1    0.02    0.08    0.10    0.90 v _265_/X (sky130_fd_sc_hd__clkbuf_1)
                                         _012_ (net)
                  0.08    0.00    0.91 v _350_/D (sky130_fd_sc_hd__dfrtp_1)
                                  0.91   data arrival time

                          0.00    0.00   clock core_clock (rise edge)
                          0.00    0.00   clock source latency
     1    0.03    0.00    0.00    0.00 ^ clk (in)
                                         clk (net)
                  0.00    0.00    0.00 ^ clkbuf_0_clk/A (sky130_fd_sc_hd__clkbuf_16)
     4    0.05    0.05    0.09    0.09 ^ clkbuf_0_clk/X (sky130_fd_sc_hd__clkbuf_16)
                                         clknet_0_clk (net)
                  0.05    0.00    0.10 ^ clkbuf_2_1__f_clk/A (sky130_fd_sc_hd__clkbuf_16)
    10    0.04    0.04    0.10    0.20 ^ clkbuf_2_1__f_clk/X (sky130_fd_sc_hd__clkbuf_16)
                                         clknet_2_1__leaf_clk (net)
                  0.04    0.00    0.20 ^ _350_/CLK (sky130_fd_sc_hd__dfrtp_1)
                          0.00    0.20   clock reconvergence pessimism
                         -0.05    0.15   library hold time
                                  0.15   data required time
-----------------------------------------------------------------------------
                                  0.15   data required time
                                 -0.91   data arrival time
-----------------------------------------------------------------------------
                                  0.75   slack (MET)


Startpoint: _349_ (rising edge-triggered flip-flop clocked by core_clock)
Endpoint: _349_ (rising edge-triggered flip-flop clocked by core_clock)
Path Group: core_clock
Path Type: min
Corner: Fastest

Fanout     Cap    Slew   Delay    Time   Description
-----------------------------------------------------------------------------
                          0.00    0.00   clock core_clock (rise edge)
                          0.00    0.00   clock source latency
     1    0.03    0.00    0.00    0.00 ^ clk (in)
                                         clk (net)
                  0.00    0.00    0.00 ^ clkbuf_0_clk/A (sky130_fd_sc_hd__clkbuf_16)
     4    0.05    0.05    0.09    0.09 ^ clkbuf_0_clk/X (sky130_fd_sc_hd__clkbuf_16)
                                         clknet_0_clk (net)
                  0.05    0.00    0.10 ^ clkbuf_2_0__f_clk/A (sky130_fd_sc_hd__clkbuf_16)
     9    0.04    0.05    0.10    0.20 ^ clkbuf_2_0__f_clk/X (sky130_fd_sc_hd__clkbuf_16)
                                         clknet_2_0__leaf_clk (net)
                  0.05    0.00    0.20 ^ _349_/CLK (sky130_fd_sc_hd__dfrtp_4)
     4    0.04    0.08    0.34    0.54 v _349_/Q (sky130_fd_sc_hd__dfrtp_4)
                                         one_second_counter[19] (net)
                  0.08    0.00    0.55 v _256_/B1 (sky130_fd_sc_hd__a41o_1)
     1    0.02    0.07    0.13    0.68 v _256_/X (sky130_fd_sc_hd__a41o_1)
                                         _134_ (net)
                  0.07    0.00    0.68 v _260_/B (sky130_fd_sc_hd__and3_1)
     1    0.02    0.06    0.15    0.83 v _260_/X (sky130_fd_sc_hd__and3_1)
                                         _138_ (net)
                  0.06    0.00    0.83 v _261_/A (sky130_fd_sc_hd__buf_1)
     1    0.01    0.05    0.10    0.93 v _261_/X (sky130_fd_sc_hd__buf_1)
                                         _010_ (net)
                  0.05    0.00    0.93 v _349_/D (sky130_fd_sc_hd__dfrtp_4)
                                  0.93   data arrival time

                          0.00    0.00   clock core_clock (rise edge)
                          0.00    0.00   clock source latency
     1    0.03    0.00    0.00    0.00 ^ clk (in)
                                         clk (net)
                  0.00    0.00    0.00 ^ clkbuf_0_clk/A (sky130_fd_sc_hd__clkbuf_16)
     4    0.05    0.05    0.09    0.09 ^ clkbuf_0_clk/X (sky130_fd_sc_hd__clkbuf_16)
                                         clknet_0_clk (net)
                  0.05    0.00    0.10 ^ clkbuf_2_0__f_clk/A (sky130_fd_sc_hd__clkbuf_16)
     9    0.04    0.05    0.10    0.20 ^ clkbuf_2_0__f_clk/X (sky130_fd_sc_hd__clkbuf_16)
                                         clknet_2_0__leaf_clk (net)
                  0.05    0.00    0.20 ^ _349_/CLK (sky130_fd_sc_hd__dfrtp_4)
                          0.00    0.20   clock reconvergence pessimism
                         -0.03    0.17   library hold time
                                  0.17   data required time
-----------------------------------------------------------------------------
                                  0.17   data required time
                                 -0.93   data arrival time
-----------------------------------------------------------------------------
                                  0.76   slack (MET)


Startpoint: _332_ (rising edge-triggered flip-flop clocked by core_clock)
Endpoint: _332_ (rising edge-triggered flip-flop clocked by core_clock)
Path Group: core_clock
Path Type: min
Corner: Fastest

Fanout     Cap    Slew   Delay    Time   Description
-----------------------------------------------------------------------------
                          0.00    0.00   clock core_clock (rise edge)
                          0.00    0.00   clock source latency
     1    0.03    0.00    0.00    0.00 ^ clk (in)
                                         clk (net)
                  0.00    0.00    0.00 ^ clkbuf_0_clk/A (sky130_fd_sc_hd__clkbuf_16)
     4    0.05    0.05    0.09    0.09 ^ clkbuf_0_clk/X (sky130_fd_sc_hd__clkbuf_16)
                                         clknet_0_clk (net)
                  0.05    0.00    0.10 ^ clkbuf_2_1__f_clk/A (sky130_fd_sc_hd__clkbuf_16)
    10    0.04    0.04    0.10    0.20 ^ clkbuf_2_1__f_clk/X (sky130_fd_sc_hd__clkbuf_16)
                                         clknet_2_1__leaf_clk (net)
                  0.04    0.00    0.20 ^ _332_/CLK (sky130_fd_sc_hd__dfrtp_4)
     4    0.05    0.12    0.32    0.52 ^ _332_/Q (sky130_fd_sc_hd__dfrtp_4)
                                         one_second_counter[2] (net)
                  0.12    0.01    0.53 ^ _196_/B1 (sky130_fd_sc_hd__a21o_1)
     1    0.01    0.07    0.08    0.61 ^ _196_/X (sky130_fd_sc_hd__a21o_1)
                                         _091_ (net)
                  0.07    0.00    0.61 ^ _197_/C (sky130_fd_sc_hd__and3_1)
     1    0.01    0.07    0.12    0.73 ^ _197_/X (sky130_fd_sc_hd__and3_1)
                                         _092_ (net)
                  0.07    0.00    0.74 ^ _198_/A (sky130_fd_sc_hd__buf_1)
     2    0.03    0.23    0.19    0.93 ^ _198_/X (sky130_fd_sc_hd__buf_1)
                                         _019_ (net)
                  0.23    0.00    0.93 ^ _332_/D (sky130_fd_sc_hd__dfrtp_4)
                                  0.93   data arrival time

                          0.00    0.00   clock core_clock (rise edge)
                          0.00    0.00   clock source latency
     1    0.03    0.00    0.00    0.00 ^ clk (in)
                                         clk (net)
                  0.00    0.00    0.00 ^ clkbuf_0_clk/A (sky130_fd_sc_hd__clkbuf_16)
     4    0.05    0.05    0.09    0.09 ^ clkbuf_0_clk/X (sky130_fd_sc_hd__clkbuf_16)
                                         clknet_0_clk (net)
                  0.05    0.00    0.10 ^ clkbuf_2_1__f_clk/A (sky130_fd_sc_hd__clkbuf_16)
    10    0.04    0.04    0.10    0.20 ^ clkbuf_2_1__f_clk/X (sky130_fd_sc_hd__clkbuf_16)
                                         clknet_2_1__leaf_clk (net)
                  0.04    0.00    0.20 ^ _332_/CLK (sky130_fd_sc_hd__dfrtp_4)
                          0.00    0.20   clock reconvergence pessimism
                         -0.03    0.16   library hold time
                                  0.16   data required time
-----------------------------------------------------------------------------
                                  0.16   data required time
                                 -0.93   data arrival time
-----------------------------------------------------------------------------
                                  0.77   slack (MET)


Startpoint: _346_ (rising edge-triggered flip-flop clocked by core_clock)
Endpoint: _346_ (rising edge-triggered flip-flop clocked by core_clock)
Path Group: core_clock
Path Type: min
Corner: Fastest

Fanout     Cap    Slew   Delay    Time   Description
-----------------------------------------------------------------------------
                          0.00    0.00   clock core_clock (rise edge)
                          0.00    0.00   clock source latency
     1    0.03    0.00    0.00    0.00 ^ clk (in)
                                         clk (net)
                  0.00    0.00    0.00 ^ clkbuf_0_clk/A (sky130_fd_sc_hd__clkbuf_16)
     4    0.05    0.05    0.09    0.09 ^ clkbuf_0_clk/X (sky130_fd_sc_hd__clkbuf_16)
                                         clknet_0_clk (net)
                  0.05    0.00    0.10 ^ clkbuf_2_3__f_clk/A (sky130_fd_sc_hd__clkbuf_16)
     9    0.04    0.04    0.10    0.20 ^ clkbuf_2_3__f_clk/X (sky130_fd_sc_hd__clkbuf_16)
                                         clknet_2_3__leaf_clk (net)
                  0.04    0.00    0.20 ^ _346_/CLK (sky130_fd_sc_hd__dfrtp_4)
     6    0.05    0.12    0.32    0.52 ^ _346_/Q (sky130_fd_sc_hd__dfrtp_4)
                                         one_second_counter[16] (net)
                  0.12    0.00    0.52 ^ _248_/A (sky130_fd_sc_hd__nand2_2)
     3    0.04    0.11    0.10    0.63 v _248_/Y (sky130_fd_sc_hd__nand2_2)
                                         _129_ (net)
                  0.11    0.00    0.63 v _249_/C (sky130_fd_sc_hd__and3_1)
     1    0.03    0.09    0.20    0.84 v _249_/X (sky130_fd_sc_hd__and3_1)
                                         _130_ (net)
                  0.09    0.00    0.84 v _250_/A (sky130_fd_sc_hd__clkbuf_1)
     1    0.01    0.04    0.10    0.94 v _250_/X (sky130_fd_sc_hd__clkbuf_1)
                                         _007_ (net)
                  0.04    0.00    0.94 v _346_/D (sky130_fd_sc_hd__dfrtp_4)
                                  0.94   data arrival time

                          0.00    0.00   clock core_clock (rise edge)
                          0.00    0.00   clock source latency
     1    0.03    0.00    0.00    0.00 ^ clk (in)
                                         clk (net)
                  0.00    0.00    0.00 ^ clkbuf_0_clk/A (sky130_fd_sc_hd__clkbuf_16)
     4    0.05    0.05    0.09    0.09 ^ clkbuf_0_clk/X (sky130_fd_sc_hd__clkbuf_16)
                                         clknet_0_clk (net)
                  0.05    0.00    0.10 ^ clkbuf_2_3__f_clk/A (sky130_fd_sc_hd__clkbuf_16)
     9    0.04    0.04    0.10    0.20 ^ clkbuf_2_3__f_clk/X (sky130_fd_sc_hd__clkbuf_16)
                                         clknet_2_3__leaf_clk (net)
                  0.04    0.00    0.20 ^ _346_/CLK (sky130_fd_sc_hd__dfrtp_4)
                          0.00    0.20   clock reconvergence pessimism
                         -0.03    0.17   library hold time
                                  0.17   data required time
-----------------------------------------------------------------------------
                                  0.17   data required time
                                 -0.94   data arrival time
-----------------------------------------------------------------------------
                                  0.77   slack (MET)


Startpoint: _334_ (rising edge-triggered flip-flop clocked by core_clock)
Endpoint: _334_ (rising edge-triggered flip-flop clocked by core_clock)
Path Group: core_clock
Path Type: min
Corner: Fastest

Fanout     Cap    Slew   Delay    Time   Description
-----------------------------------------------------------------------------
                          0.00    0.00   clock core_clock (rise edge)
                          0.00    0.00   clock source latency
     1    0.03    0.00    0.00    0.00 ^ clk (in)
                                         clk (net)
                  0.00    0.00    0.00 ^ clkbuf_0_clk/A (sky130_fd_sc_hd__clkbuf_16)
     4    0.05    0.05    0.09    0.09 ^ clkbuf_0_clk/X (sky130_fd_sc_hd__clkbuf_16)
                                         clknet_0_clk (net)
                  0.05    0.00    0.10 ^ clkbuf_2_0__f_clk/A (sky130_fd_sc_hd__clkbuf_16)
     9    0.04    0.05    0.10    0.20 ^ clkbuf_2_0__f_clk/X (sky130_fd_sc_hd__clkbuf_16)
                                         clknet_2_0__leaf_clk (net)
                  0.05    0.00    0.20 ^ _334_/CLK (sky130_fd_sc_hd__dfrtp_4)
     5    0.05    0.12    0.32    0.52 ^ _334_/Q (sky130_fd_sc_hd__dfrtp_4)
                                         one_second_counter[4] (net)
                  0.12    0.01    0.53 ^ _203_/A (sky130_fd_sc_hd__nand2_1)
     1    0.01    0.06    0.07    0.60 v _203_/Y (sky130_fd_sc_hd__nand2_1)
                                         _096_ (net)
                  0.06    0.00    0.60 v _205_/B (sky130_fd_sc_hd__and3_1)
     1    0.03    0.10    0.19    0.78 v _205_/X (sky130_fd_sc_hd__and3_1)
                                         _098_ (net)
                  0.10    0.00    0.79 v _206_/A (sky130_fd_sc_hd__buf_1)
     1    0.02    0.09    0.14    0.93 v _206_/X (sky130_fd_sc_hd__buf_1)
                                         _021_ (net)
                  0.09    0.00    0.93 v _334_/D (sky130_fd_sc_hd__dfrtp_4)
                                  0.93   data arrival time

                          0.00    0.00   clock core_clock (rise edge)
                          0.00    0.00   clock source latency
     1    0.03    0.00    0.00    0.00 ^ clk (in)
                                         clk (net)
                  0.00    0.00    0.00 ^ clkbuf_0_clk/A (sky130_fd_sc_hd__clkbuf_16)
     4    0.05    0.05    0.09    0.09 ^ clkbuf_0_clk/X (sky130_fd_sc_hd__clkbuf_16)
                                         clknet_0_clk (net)
                  0.05    0.00    0.10 ^ clkbuf_2_0__f_clk/A (sky130_fd_sc_hd__clkbuf_16)
     9    0.04    0.05    0.10    0.20 ^ clkbuf_2_0__f_clk/X (sky130_fd_sc_hd__clkbuf_16)
                                         clknet_2_0__leaf_clk (net)
                  0.05    0.00    0.20 ^ _334_/CLK (sky130_fd_sc_hd__dfrtp_4)
                          0.00    0.20   clock reconvergence pessimism
                         -0.04    0.16   library hold time
                                  0.16   data required time
-----------------------------------------------------------------------------
                                  0.16   data required time
                                 -0.93   data arrival time
-----------------------------------------------------------------------------
                                  0.77   slack (MET)


Startpoint: _331_ (rising edge-triggered flip-flop clocked by core_clock)
Endpoint: _331_ (rising edge-triggered flip-flop clocked by core_clock)
Path Group: core_clock
Path Type: min
Corner: Fastest

Fanout     Cap    Slew   Delay    Time   Description
-----------------------------------------------------------------------------
                          0.00    0.00   clock core_clock (rise edge)
                          0.00    0.00   clock source latency
     1    0.03    0.00    0.00    0.00 ^ clk (in)
                                         clk (net)
                  0.00    0.00    0.00 ^ clkbuf_0_clk/A (sky130_fd_sc_hd__clkbuf_16)
     4    0.05    0.05    0.09    0.09 ^ clkbuf_0_clk/X (sky130_fd_sc_hd__clkbuf_16)
                                         clknet_0_clk (net)
                  0.05    0.00    0.10 ^ clkbuf_2_0__f_clk/A (sky130_fd_sc_hd__clkbuf_16)
     9    0.04    0.05    0.10    0.20 ^ clkbuf_2_0__f_clk/X (sky130_fd_sc_hd__clkbuf_16)
                                         clknet_2_0__leaf_clk (net)
                  0.05    0.00    0.20 ^ _331_/CLK (sky130_fd_sc_hd__dfrtp_4)
     6    0.05    0.12    0.32    0.52 ^ _331_/Q (sky130_fd_sc_hd__dfrtp_4)
                                         one_second_counter[1] (net)
                  0.12    0.01    0.53 ^ _191_/A (sky130_fd_sc_hd__nand2_1)
     2    0.02    0.11    0.11    0.64 v _191_/Y (sky130_fd_sc_hd__nand2_1)
                                         _087_ (net)
                  0.11    0.00    0.64 v _193_/A (sky130_fd_sc_hd__and3_1)
     1    0.03    0.10    0.19    0.83 v _193_/X (sky130_fd_sc_hd__and3_1)
                                         _089_ (net)
                  0.10    0.00    0.84 v _194_/A (sky130_fd_sc_hd__buf_1)
     1    0.01    0.06    0.12    0.95 v _194_/X (sky130_fd_sc_hd__buf_1)
                                         _011_ (net)
                  0.06    0.00    0.96 v _331_/D (sky130_fd_sc_hd__dfrtp_4)
                                  0.96   data arrival time

                          0.00    0.00   clock core_clock (rise edge)
                          0.00    0.00   clock source latency
     1    0.03    0.00    0.00    0.00 ^ clk (in)
                                         clk (net)
                  0.00    0.00    0.00 ^ clkbuf_0_clk/A (sky130_fd_sc_hd__clkbuf_16)
     4    0.05    0.05    0.09    0.09 ^ clkbuf_0_clk/X (sky130_fd_sc_hd__clkbuf_16)
                                         clknet_0_clk (net)
                  0.05    0.00    0.10 ^ clkbuf_2_0__f_clk/A (sky130_fd_sc_hd__clkbuf_16)
     9    0.04    0.05    0.10    0.20 ^ clkbuf_2_0__f_clk/X (sky130_fd_sc_hd__clkbuf_16)
                                         clknet_2_0__leaf_clk (net)
                  0.05    0.00    0.20 ^ _331_/CLK (sky130_fd_sc_hd__dfrtp_4)
                          0.00    0.20   clock reconvergence pessimism
                         -0.04    0.17   library hold time
                                  0.17   data required time
-----------------------------------------------------------------------------
                                  0.17   data required time
                                 -0.96   data arrival time
-----------------------------------------------------------------------------
                                  0.79   slack (MET)


Startpoint: _356_ (rising edge-triggered flip-flop clocked by core_clock)
Endpoint: _357_ (rising edge-triggered flip-flop clocked by core_clock)
Path Group: core_clock
Path Type: min
Corner: Fastest

Fanout     Cap    Slew   Delay    Time   Description
-----------------------------------------------------------------------------
                          0.00    0.00   clock core_clock (rise edge)
                          0.00    0.00   clock source latency
     1    0.03    0.00    0.00    0.00 ^ clk (in)
                                         clk (net)
                  0.00    0.00    0.00 ^ clkbuf_0_clk/A (sky130_fd_sc_hd__clkbuf_16)
     4    0.05    0.05    0.09    0.09 ^ clkbuf_0_clk/X (sky130_fd_sc_hd__clkbuf_16)
                                         clknet_0_clk (net)
                  0.05    0.00    0.10 ^ clkbuf_2_0__f_clk/A (sky130_fd_sc_hd__clkbuf_16)
     9    0.04    0.05    0.10    0.20 ^ clkbuf_2_0__f_clk/X (sky130_fd_sc_hd__clkbuf_16)
                                         clknet_2_0__leaf_clk (net)
                  0.05    0.00    0.20 ^ _356_/CLK (sky130_fd_sc_hd__dfrtp_1)
     2    0.02    0.13    0.28    0.48 ^ _356_/Q (sky130_fd_sc_hd__dfrtp_1)
                                         one_second_counter[26] (net)
                  0.13    0.00    0.48 ^ _187_/B1_N (sky130_fd_sc_hd__a21bo_2)
     9    0.06    0.10    0.19    0.67 v _187_/X (sky130_fd_sc_hd__a21bo_2)
                                         _085_ (net)
                  0.11    0.01    0.68 v _188_/A (sky130_fd_sc_hd__inv_2)
     2    0.03    0.10    0.11    0.79 ^ _188_/Y (sky130_fd_sc_hd__inv_2)
                                         _086_ (net)
                  0.10    0.00    0.79 ^ _189_/A (sky130_fd_sc_hd__clkbuf_4)
    10    0.08    0.19    0.21    1.01 ^ _189_/X (sky130_fd_sc_hd__clkbuf_4)
                                         _027_ (net)
                  0.19    0.01    1.01 ^ _357_/D (sky130_fd_sc_hd__dfrtp_4)
                                  1.01   data arrival time

                          0.00    0.00   clock core_clock (rise edge)
                          0.00    0.00   clock source latency
     1    0.03    0.00    0.00    0.00 ^ clk (in)
                                         clk (net)
                  0.00    0.00    0.00 ^ clkbuf_0_clk/A (sky130_fd_sc_hd__clkbuf_16)
     4    0.05    0.05    0.09    0.09 ^ clkbuf_0_clk/X (sky130_fd_sc_hd__clkbuf_16)
                                         clknet_0_clk (net)
                  0.05    0.00    0.10 ^ clkbuf_2_0__f_clk/A (sky130_fd_sc_hd__clkbuf_16)
     9    0.04    0.05    0.10    0.20 ^ clkbuf_2_0__f_clk/X (sky130_fd_sc_hd__clkbuf_16)
                                         clknet_2_0__leaf_clk (net)
                  0.05    0.00    0.20 ^ _357_/CLK (sky130_fd_sc_hd__dfrtp_4)
                          0.00    0.20   clock reconvergence pessimism
                         -0.03    0.17   library hold time
                                  0.17   data required time
-----------------------------------------------------------------------------
                                  0.17   data required time
                                 -1.01   data arrival time
-----------------------------------------------------------------------------
                                  0.84   slack (MET)


Startpoint: _344_ (rising edge-triggered flip-flop clocked by core_clock)
Endpoint: _344_ (rising edge-triggered flip-flop clocked by core_clock)
Path Group: core_clock
Path Type: min
Corner: Fastest

Fanout     Cap    Slew   Delay    Time   Description
-----------------------------------------------------------------------------
                          0.00    0.00   clock core_clock (rise edge)
                          0.00    0.00   clock source latency
     1    0.03    0.00    0.00    0.00 ^ clk (in)
                                         clk (net)
                  0.00    0.00    0.00 ^ clkbuf_0_clk/A (sky130_fd_sc_hd__clkbuf_16)
     4    0.05    0.05    0.09    0.09 ^ clkbuf_0_clk/X (sky130_fd_sc_hd__clkbuf_16)
                                         clknet_0_clk (net)
                  0.05    0.00    0.10 ^ clkbuf_2_3__f_clk/A (sky130_fd_sc_hd__clkbuf_16)
     9    0.04    0.04    0.10    0.20 ^ clkbuf_2_3__f_clk/X (sky130_fd_sc_hd__clkbuf_16)
                                         clknet_2_3__leaf_clk (net)
                  0.04    0.00    0.20 ^ _344_/CLK (sky130_fd_sc_hd__dfrtp_2)
     3    0.04    0.08    0.30    0.50 v _344_/Q (sky130_fd_sc_hd__dfrtp_2)
                                         one_second_counter[14] (net)
                  0.08    0.00    0.51 v _238_/A (sky130_fd_sc_hd__inv_2)
     2    0.03    0.11    0.11    0.62 ^ _238_/Y (sky130_fd_sc_hd__inv_2)
                                         _121_ (net)
                  0.11    0.00    0.62 ^ _239_/A (sky130_fd_sc_hd__nand2_1)
     1    0.01    0.07    0.08    0.70 v _239_/Y (sky130_fd_sc_hd__nand2_1)
                                         _122_ (net)
                  0.07    0.00    0.70 v _241_/B (sky130_fd_sc_hd__and3_1)
     1    0.02    0.07    0.16    0.86 v _241_/X (sky130_fd_sc_hd__and3_1)
                                         _124_ (net)
                  0.07    0.00    0.86 v _242_/A (sky130_fd_sc_hd__buf_1)
     1    0.02    0.10    0.14    1.00 v _242_/X (sky130_fd_sc_hd__buf_1)
                                         _005_ (net)
                  0.10    0.00    1.00 v _344_/D (sky130_fd_sc_hd__dfrtp_2)
                                  1.00   data arrival time

                          0.00    0.00   clock core_clock (rise edge)
                          0.00    0.00   clock source latency
     1    0.03    0.00    0.00    0.00 ^ clk (in)
                                         clk (net)
                  0.00    0.00    0.00 ^ clkbuf_0_clk/A (sky130_fd_sc_hd__clkbuf_16)
     4    0.05    0.05    0.09    0.09 ^ clkbuf_0_clk/X (sky130_fd_sc_hd__clkbuf_16)
                                         clknet_0_clk (net)
                  0.05    0.00    0.10 ^ clkbuf_2_3__f_clk/A (sky130_fd_sc_hd__clkbuf_16)
     9    0.04    0.04    0.10    0.20 ^ clkbuf_2_3__f_clk/X (sky130_fd_sc_hd__clkbuf_16)
                                         clknet_2_3__leaf_clk (net)
                  0.04    0.00    0.20 ^ _344_/CLK (sky130_fd_sc_hd__dfrtp_2)
                          0.00    0.20   clock reconvergence pessimism
                         -0.05    0.15   library hold time
                                  0.15   data required time
-----------------------------------------------------------------------------
                                  0.15   data required time
                                 -1.00   data arrival time
-----------------------------------------------------------------------------
                                  0.85   slack (MET)



worst slack corner Fastest: 0.4384
======================= Slowest Corner ===================================

Startpoint: _356_ (rising edge-triggered flip-flop clocked by core_clock)
Endpoint: _356_ (rising edge-triggered flip-flop clocked by core_clock)
Path Group: core_clock
Path Type: min
Corner: Slowest

Fanout     Cap    Slew   Delay    Time   Description
-----------------------------------------------------------------------------
                          0.00    0.00   clock core_clock (rise edge)
                          0.00    0.00   clock source latency
     1    0.03    0.00    0.00    0.00 ^ clk (in)
                                         clk (net)
                  0.00    0.00    0.00 ^ clkbuf_0_clk/A (sky130_fd_sc_hd__clkbuf_16)
     4    0.05    0.11    0.23    0.23 ^ clkbuf_0_clk/X (sky130_fd_sc_hd__clkbuf_16)
                                         clknet_0_clk (net)
                  0.11    0.00    0.23 ^ clkbuf_2_0__f_clk/A (sky130_fd_sc_hd__clkbuf_16)
     9    0.04    0.09    0.26    0.50 ^ clkbuf_2_0__f_clk/X (sky130_fd_sc_hd__clkbuf_16)
                                         clknet_2_0__leaf_clk (net)
                  0.09    0.00    0.50 ^ _356_/CLK (sky130_fd_sc_hd__dfrtp_1)
     2    0.02    0.28    0.81    1.32 ^ _356_/Q (sky130_fd_sc_hd__dfrtp_1)
                                         one_second_counter[26] (net)
                  0.28    0.00    1.32 ^ _284_/A1 (sky130_fd_sc_hd__o211a_1)
     1    0.01    0.16    0.47    1.79 ^ _284_/X (sky130_fd_sc_hd__o211a_1)
                                         _018_ (net)
                  0.16    0.00    1.79 ^ _356_/D (sky130_fd_sc_hd__dfrtp_1)
                                  1.79   data arrival time

                          0.00    0.00   clock core_clock (rise edge)
                          0.00    0.00   clock source latency
     1    0.03    0.00    0.00    0.00 ^ clk (in)
                                         clk (net)
                  0.00    0.00    0.00 ^ clkbuf_0_clk/A (sky130_fd_sc_hd__clkbuf_16)
     4    0.05    0.11    0.23    0.23 ^ clkbuf_0_clk/X (sky130_fd_sc_hd__clkbuf_16)
                                         clknet_0_clk (net)
                  0.11    0.00    0.23 ^ clkbuf_2_0__f_clk/A (sky130_fd_sc_hd__clkbuf_16)
     9    0.04    0.09    0.26    0.50 ^ clkbuf_2_0__f_clk/X (sky130_fd_sc_hd__clkbuf_16)
                                         clknet_2_0__leaf_clk (net)
                  0.09    0.00    0.50 ^ _356_/CLK (sky130_fd_sc_hd__dfrtp_1)
                          0.00    0.50   clock reconvergence pessimism
                         -0.09    0.41   library hold time
                                  0.41   data required time
-----------------------------------------------------------------------------
                                  0.41   data required time
                                 -1.79   data arrival time
-----------------------------------------------------------------------------
                                  1.38   slack (MET)


Startpoint: _357_ (rising edge-triggered flip-flop clocked by core_clock)
Endpoint: _358_ (rising edge-triggered flip-flop clocked by core_clock)
Path Group: core_clock
Path Type: min
Corner: Slowest

Fanout     Cap    Slew   Delay    Time   Description
-----------------------------------------------------------------------------
                          0.00    0.00   clock core_clock (rise edge)
                          0.00    0.00   clock source latency
     1    0.03    0.00    0.00    0.00 ^ clk (in)
                                         clk (net)
                  0.00    0.00    0.00 ^ clkbuf_0_clk/A (sky130_fd_sc_hd__clkbuf_16)
     4    0.05    0.11    0.23    0.23 ^ clkbuf_0_clk/X (sky130_fd_sc_hd__clkbuf_16)
                                         clknet_0_clk (net)
                  0.11    0.00    0.23 ^ clkbuf_2_0__f_clk/A (sky130_fd_sc_hd__clkbuf_16)
     9    0.04    0.09    0.26    0.50 ^ clkbuf_2_0__f_clk/X (sky130_fd_sc_hd__clkbuf_16)
                                         clknet_2_0__leaf_clk (net)
                  0.09    0.00    0.50 ^ _357_/CLK (sky130_fd_sc_hd__dfrtp_4)
     5    0.05    0.27    0.99    1.49 ^ _357_/Q (sky130_fd_sc_hd__dfrtp_4)
                                         one_second_enable (net)
                  0.27    0.00    1.49 ^ _174_/A1 (sky130_fd_sc_hd__a21oi_1)
     1    0.01    0.14    0.33    1.82 v _174_/Y (sky130_fd_sc_hd__a21oi_1)
                                         _060_ (net)
                  0.14    0.00    1.82 v _358_/D (sky130_fd_sc_hd__dfrtp_4)
                                  1.82   data arrival time

                          0.00    0.00   clock core_clock (rise edge)
                          0.00    0.00   clock source latency
     1    0.03    0.00    0.00    0.00 ^ clk (in)
                                         clk (net)
                  0.00    0.00    0.00 ^ clkbuf_0_clk/A (sky130_fd_sc_hd__clkbuf_16)
     4    0.05    0.11    0.23    0.23 ^ clkbuf_0_clk/X (sky130_fd_sc_hd__clkbuf_16)
                                         clknet_0_clk (net)
                  0.11    0.00    0.23 ^ clkbuf_2_1__f_clk/A (sky130_fd_sc_hd__clkbuf_16)
    10    0.03    0.09    0.26    0.49 ^ clkbuf_2_1__f_clk/X (sky130_fd_sc_hd__clkbuf_16)
                                         clknet_2_1__leaf_clk (net)
                  0.09    0.00    0.49 ^ _358_/CLK (sky130_fd_sc_hd__dfrtp_4)
                          0.00    0.49   clock reconvergence pessimism
                         -0.11    0.38   library hold time
                                  0.38   data required time
-----------------------------------------------------------------------------
                                  0.38   data required time
                                 -1.82   data arrival time
-----------------------------------------------------------------------------
                                  1.44   slack (MET)


Startpoint: _330_ (rising edge-triggered flip-flop clocked by core_clock)
Endpoint: _330_ (rising edge-triggered flip-flop clocked by core_clock)
Path Group: core_clock
Path Type: min
Corner: Slowest

Fanout     Cap    Slew   Delay    Time   Description
-----------------------------------------------------------------------------
                          0.00    0.00   clock core_clock (rise edge)
                          0.00    0.00   clock source latency
     1    0.03    0.00    0.00    0.00 ^ clk (in)
                                         clk (net)
                  0.00    0.00    0.00 ^ clkbuf_0_clk/A (sky130_fd_sc_hd__clkbuf_16)
     4    0.05    0.11    0.23    0.23 ^ clkbuf_0_clk/X (sky130_fd_sc_hd__clkbuf_16)
                                         clknet_0_clk (net)
                  0.11    0.00    0.23 ^ clkbuf_2_3__f_clk/A (sky130_fd_sc_hd__clkbuf_16)
     9    0.03    0.09    0.26    0.49 ^ clkbuf_2_3__f_clk/X (sky130_fd_sc_hd__clkbuf_16)
                                         clknet_2_3__leaf_clk (net)
                  0.09    0.00    0.49 ^ _330_/CLK (sky130_fd_sc_hd__dfrtp_4)
     7    0.06    0.30    1.01    1.50 ^ _330_/Q (sky130_fd_sc_hd__dfrtp_4)
                                         one_second_counter[0] (net)
                  0.30    0.01    1.51 ^ _190_/A (sky130_fd_sc_hd__nor2_1)
     1    0.02    0.21    0.30    1.81 v _190_/Y (sky130_fd_sc_hd__nor2_1)
                                         _000_ (net)
                  0.21    0.00    1.81 v _330_/D (sky130_fd_sc_hd__dfrtp_4)
                                  1.81   data arrival time

                          0.00    0.00   clock core_clock (rise edge)
                          0.00    0.00   clock source latency
     1    0.03    0.00    0.00    0.00 ^ clk (in)
                                         clk (net)
                  0.00    0.00    0.00 ^ clkbuf_0_clk/A (sky130_fd_sc_hd__clkbuf_16)
     4    0.05    0.11    0.23    0.23 ^ clkbuf_0_clk/X (sky130_fd_sc_hd__clkbuf_16)
                                         clknet_0_clk (net)
                  0.11    0.00    0.23 ^ clkbuf_2_3__f_clk/A (sky130_fd_sc_hd__clkbuf_16)
     9    0.03    0.09    0.26    0.49 ^ clkbuf_2_3__f_clk/X (sky130_fd_sc_hd__clkbuf_16)
                                         clknet_2_3__leaf_clk (net)
                  0.09    0.00    0.49 ^ _330_/CLK (sky130_fd_sc_hd__dfrtp_4)
                          0.00    0.49   clock reconvergence pessimism
                         -0.14    0.36   library hold time
                                  0.36   data required time
-----------------------------------------------------------------------------
                                  0.36   data required time
                                 -1.81   data arrival time
-----------------------------------------------------------------------------
                                  1.46   slack (MET)


Startpoint: _361_ (rising edge-triggered flip-flop clocked by core_clock)
Endpoint: _361_ (rising edge-triggered flip-flop clocked by core_clock)
Path Group: core_clock
Path Type: min
Corner: Slowest

Fanout     Cap    Slew   Delay    Time   Description
-----------------------------------------------------------------------------
                          0.00    0.00   clock core_clock (rise edge)
                          0.00    0.00   clock source latency
     1    0.03    0.00    0.00    0.00 ^ clk (in)
                                         clk (net)
                  0.00    0.00    0.00 ^ clkbuf_0_clk/A (sky130_fd_sc_hd__clkbuf_16)
     4    0.05    0.11    0.23    0.23 ^ clkbuf_0_clk/X (sky130_fd_sc_hd__clkbuf_16)
                                         clknet_0_clk (net)
                  0.11    0.00    0.23 ^ clkbuf_2_1__f_clk/A (sky130_fd_sc_hd__clkbuf_16)
    10    0.03    0.09    0.26    0.49 ^ clkbuf_2_1__f_clk/X (sky130_fd_sc_hd__clkbuf_16)
                                         clknet_2_1__leaf_clk (net)
                  0.09    0.00    0.49 ^ _361_/CLK (sky130_fd_sc_hd__dfrtp_4)
     6    0.06    0.32    1.03    1.53 ^ _361_/Q (sky130_fd_sc_hd__dfrtp_4)
                                         decoder.digit[3] (net)
                  0.32    0.00    1.53 ^ _164_/A (sky130_fd_sc_hd__xnor2_1)
     1    0.01    0.17    0.31    1.84 v _164_/Y (sky130_fd_sc_hd__xnor2_1)
                                         _063_ (net)
                  0.17    0.00    1.84 v _361_/D (sky130_fd_sc_hd__dfrtp_4)
                                  1.84   data arrival time

                          0.00    0.00   clock core_clock (rise edge)
                          0.00    0.00   clock source latency
     1    0.03    0.00    0.00    0.00 ^ clk (in)
                                         clk (net)
                  0.00    0.00    0.00 ^ clkbuf_0_clk/A (sky130_fd_sc_hd__clkbuf_16)
     4    0.05    0.11    0.23    0.23 ^ clkbuf_0_clk/X (sky130_fd_sc_hd__clkbuf_16)
                                         clknet_0_clk (net)
                  0.11    0.00    0.23 ^ clkbuf_2_1__f_clk/A (sky130_fd_sc_hd__clkbuf_16)
    10    0.03    0.09    0.26    0.49 ^ clkbuf_2_1__f_clk/X (sky130_fd_sc_hd__clkbuf_16)
                                         clknet_2_1__leaf_clk (net)
                  0.09    0.00    0.49 ^ _361_/CLK (sky130_fd_sc_hd__dfrtp_4)
                          0.00    0.49   clock reconvergence pessimism
                         -0.12    0.37   library hold time
                                  0.37   data required time
-----------------------------------------------------------------------------
                                  0.37   data required time
                                 -1.84   data arrival time
-----------------------------------------------------------------------------
                                  1.47   slack (MET)


Startpoint: _336_ (rising edge-triggered flip-flop clocked by core_clock)
Endpoint: _337_ (rising edge-triggered flip-flop clocked by core_clock)
Path Group: core_clock
Path Type: min
Corner: Slowest

Fanout     Cap    Slew   Delay    Time   Description
-----------------------------------------------------------------------------
                          0.00    0.00   clock core_clock (rise edge)
                          0.00    0.00   clock source latency
     1    0.03    0.00    0.00    0.00 ^ clk (in)
                                         clk (net)
                  0.00    0.00    0.00 ^ clkbuf_0_clk/A (sky130_fd_sc_hd__clkbuf_16)
     4    0.05    0.11    0.23    0.23 ^ clkbuf_0_clk/X (sky130_fd_sc_hd__clkbuf_16)
                                         clknet_0_clk (net)
                  0.11    0.00    0.23 ^ clkbuf_2_0__f_clk/A (sky130_fd_sc_hd__clkbuf_16)
     9    0.04    0.09    0.26    0.50 ^ clkbuf_2_0__f_clk/X (sky130_fd_sc_hd__clkbuf_16)
                                         clknet_2_0__leaf_clk (net)
                  0.09    0.00    0.50 ^ _336_/CLK (sky130_fd_sc_hd__dfrtp_1)
     3    0.02    0.21    0.89    1.39 v _336_/Q (sky130_fd_sc_hd__dfrtp_1)
                                         one_second_counter[6] (net)
                  0.21    0.00    1.39 v _211_/A (sky130_fd_sc_hd__nand2_1)
     2    0.01    0.22    0.27    1.66 ^ _211_/Y (sky130_fd_sc_hd__nand2_1)
                                         _102_ (net)
                  0.22    0.00    1.66 ^ _215_/A2 (sky130_fd_sc_hd__a211oi_2)
     1    0.02    0.11    0.28    1.94 v _215_/Y (sky130_fd_sc_hd__a211oi_2)
                                         _024_ (net)
                  0.11    0.00    1.94 v _337_/D (sky130_fd_sc_hd__dfrtp_1)
                                  1.94   data arrival time

                          0.00    0.00   clock core_clock (rise edge)
                          0.00    0.00   clock source latency
     1    0.03    0.00    0.00    0.00 ^ clk (in)
                                         clk (net)
                  0.00    0.00    0.00 ^ clkbuf_0_clk/A (sky130_fd_sc_hd__clkbuf_16)
     4    0.05    0.11    0.23    0.23 ^ clkbuf_0_clk/X (sky130_fd_sc_hd__clkbuf_16)
                                         clknet_0_clk (net)
                  0.11    0.00    0.23 ^ clkbuf_2_0__f_clk/A (sky130_fd_sc_hd__clkbuf_16)
     9    0.04    0.09    0.26    0.50 ^ clkbuf_2_0__f_clk/X (sky130_fd_sc_hd__clkbuf_16)
                                         clknet_2_0__leaf_clk (net)
                  0.09    0.00    0.50 ^ _337_/CLK (sky130_fd_sc_hd__dfrtp_1)
                          0.00    0.50   clock reconvergence pessimism
                         -0.11    0.39   library hold time
                                  0.39   data required time
-----------------------------------------------------------------------------
                                  0.39   data required time
                                 -1.94   data arrival time
-----------------------------------------------------------------------------
                                  1.55   slack (MET)


Startpoint: _353_ (rising edge-triggered flip-flop clocked by core_clock)
Endpoint: _353_ (rising edge-triggered flip-flop clocked by core_clock)
Path Group: core_clock
Path Type: min
Corner: Slowest

Fanout     Cap    Slew   Delay    Time   Description
-----------------------------------------------------------------------------
                          0.00    0.00   clock core_clock (rise edge)
                          0.00    0.00   clock source latency
     1    0.03    0.00    0.00    0.00 ^ clk (in)
                                         clk (net)
                  0.00    0.00    0.00 ^ clkbuf_0_clk/A (sky130_fd_sc_hd__clkbuf_16)
     4    0.05    0.11    0.23    0.23 ^ clkbuf_0_clk/X (sky130_fd_sc_hd__clkbuf_16)
                                         clknet_0_clk (net)
                  0.11    0.00    0.23 ^ clkbuf_2_2__f_clk/A (sky130_fd_sc_hd__clkbuf_16)
     7    0.03    0.08    0.26    0.49 ^ clkbuf_2_2__f_clk/X (sky130_fd_sc_hd__clkbuf_16)
                                         clknet_2_2__leaf_clk (net)
                  0.08    0.00    0.49 ^ _353_/CLK (sky130_fd_sc_hd__dfrtp_2)
     2    0.03    0.20    0.96    1.45 v _353_/Q (sky130_fd_sc_hd__dfrtp_2)
                                         one_second_counter[23] (net)
                  0.20    0.01    1.45 v _273_/A (sky130_fd_sc_hd__inv_2)
     1    0.02    0.15    0.21    1.67 ^ _273_/Y (sky130_fd_sc_hd__inv_2)
                                         _147_ (net)
                  0.15    0.00    1.67 ^ _275_/A1 (sky130_fd_sc_hd__a221oi_1)
     1    0.01    0.15    0.26    1.93 v _275_/Y (sky130_fd_sc_hd__a221oi_1)
                                         _015_ (net)
                  0.15    0.00    1.93 v _353_/D (sky130_fd_sc_hd__dfrtp_2)
                                  1.93   data arrival time

                          0.00    0.00   clock core_clock (rise edge)
                          0.00    0.00   clock source latency
     1    0.03    0.00    0.00    0.00 ^ clk (in)
                                         clk (net)
                  0.00    0.00    0.00 ^ clkbuf_0_clk/A (sky130_fd_sc_hd__clkbuf_16)
     4    0.05    0.11    0.23    0.23 ^ clkbuf_0_clk/X (sky130_fd_sc_hd__clkbuf_16)
                                         clknet_0_clk (net)
                  0.11    0.00    0.23 ^ clkbuf_2_2__f_clk/A (sky130_fd_sc_hd__clkbuf_16)
     7    0.03    0.08    0.26    0.49 ^ clkbuf_2_2__f_clk/X (sky130_fd_sc_hd__clkbuf_16)
                                         clknet_2_2__leaf_clk (net)
                  0.08    0.00    0.49 ^ _353_/CLK (sky130_fd_sc_hd__dfrtp_2)
                          0.00    0.49   clock reconvergence pessimism
                         -0.12    0.37   library hold time
                                  0.37   data required time
-----------------------------------------------------------------------------
                                  0.37   data required time
                                 -1.93   data arrival time
-----------------------------------------------------------------------------
                                  1.55   slack (MET)


Startpoint: _351_ (rising edge-triggered flip-flop clocked by core_clock)
Endpoint: _351_ (rising edge-triggered flip-flop clocked by core_clock)
Path Group: core_clock
Path Type: min
Corner: Slowest

Fanout     Cap    Slew   Delay    Time   Description
-----------------------------------------------------------------------------
                          0.00    0.00   clock core_clock (rise edge)
                          0.00    0.00   clock source latency
     1    0.03    0.00    0.00    0.00 ^ clk (in)
                                         clk (net)
                  0.00    0.00    0.00 ^ clkbuf_0_clk/A (sky130_fd_sc_hd__clkbuf_16)
     4    0.05    0.11    0.23    0.23 ^ clkbuf_0_clk/X (sky130_fd_sc_hd__clkbuf_16)
                                         clknet_0_clk (net)
                  0.11    0.00    0.23 ^ clkbuf_2_1__f_clk/A (sky130_fd_sc_hd__clkbuf_16)
    10    0.03    0.09    0.26    0.49 ^ clkbuf_2_1__f_clk/X (sky130_fd_sc_hd__clkbuf_16)
                                         clknet_2_1__leaf_clk (net)
                  0.09    0.00    0.49 ^ _351_/CLK (sky130_fd_sc_hd__dfrtp_2)
     3    0.03    0.19    0.95    1.45 v _351_/Q (sky130_fd_sc_hd__dfrtp_2)
                                         one_second_counter[21] (net)
                  0.19    0.00    1.45 v _266_/A (sky130_fd_sc_hd__inv_2)
     1    0.03    0.19    0.24    1.68 ^ _266_/Y (sky130_fd_sc_hd__inv_2)
                                         _142_ (net)
                  0.19    0.00    1.69 ^ _268_/A1 (sky130_fd_sc_hd__a211oi_1)
     1    0.01    0.14    0.25    1.94 v _268_/Y (sky130_fd_sc_hd__a211oi_1)
                                         _013_ (net)
                  0.14    0.00    1.94 v _351_/D (sky130_fd_sc_hd__dfrtp_2)
                                  1.94   data arrival time

                          0.00    0.00   clock core_clock (rise edge)
                          0.00    0.00   clock source latency
     1    0.03    0.00    0.00    0.00 ^ clk (in)
                                         clk (net)
                  0.00    0.00    0.00 ^ clkbuf_0_clk/A (sky130_fd_sc_hd__clkbuf_16)
     4    0.05    0.11    0.23    0.23 ^ clkbuf_0_clk/X (sky130_fd_sc_hd__clkbuf_16)
                                         clknet_0_clk (net)
                  0.11    0.00    0.23 ^ clkbuf_2_1__f_clk/A (sky130_fd_sc_hd__clkbuf_16)
    10    0.03    0.09    0.26    0.49 ^ clkbuf_2_1__f_clk/X (sky130_fd_sc_hd__clkbuf_16)
                                         clknet_2_1__leaf_clk (net)
                  0.09    0.00    0.49 ^ _351_/CLK (sky130_fd_sc_hd__dfrtp_2)
                          0.00    0.49   clock reconvergence pessimism
                         -0.11    0.38   library hold time
                                  0.38   data required time
-----------------------------------------------------------------------------
                                  0.38   data required time
                                 -1.94   data arrival time
-----------------------------------------------------------------------------
                                  1.56   slack (MET)


Startpoint: _345_ (rising edge-triggered flip-flop clocked by core_clock)
Endpoint: _345_ (rising edge-triggered flip-flop clocked by core_clock)
Path Group: core_clock
Path Type: min
Corner: Slowest

Fanout     Cap    Slew   Delay    Time   Description
-----------------------------------------------------------------------------
                          0.00    0.00   clock core_clock (rise edge)
                          0.00    0.00   clock source latency
     1    0.03    0.00    0.00    0.00 ^ clk (in)
                                         clk (net)
                  0.00    0.00    0.00 ^ clkbuf_0_clk/A (sky130_fd_sc_hd__clkbuf_16)
     4    0.05    0.11    0.23    0.23 ^ clkbuf_0_clk/X (sky130_fd_sc_hd__clkbuf_16)
                                         clknet_0_clk (net)
                  0.11    0.00    0.23 ^ clkbuf_2_3__f_clk/A (sky130_fd_sc_hd__clkbuf_16)
     9    0.03    0.09    0.26    0.49 ^ clkbuf_2_3__f_clk/X (sky130_fd_sc_hd__clkbuf_16)
                                         clknet_2_3__leaf_clk (net)
                  0.09    0.00    0.49 ^ _345_/CLK (sky130_fd_sc_hd__dfrtp_2)
     3    0.04    0.21    0.97    1.46 v _345_/Q (sky130_fd_sc_hd__dfrtp_2)
                                         one_second_counter[15] (net)
                  0.21    0.00    1.47 v _243_/A (sky130_fd_sc_hd__inv_2)
     1    0.01    0.10    0.17    1.63 ^ _243_/Y (sky130_fd_sc_hd__inv_2)
                                         _125_ (net)
                  0.10    0.00    1.63 ^ _246_/A1 (sky130_fd_sc_hd__a211oi_1)
     1    0.02    0.18    0.31    1.94 v _246_/Y (sky130_fd_sc_hd__a211oi_1)
                                         _006_ (net)
                  0.18    0.00    1.94 v _345_/D (sky130_fd_sc_hd__dfrtp_2)
                                  1.94   data arrival time

                          0.00    0.00   clock core_clock (rise edge)
                          0.00    0.00   clock source latency
     1    0.03    0.00    0.00    0.00 ^ clk (in)
                                         clk (net)
                  0.00    0.00    0.00 ^ clkbuf_0_clk/A (sky130_fd_sc_hd__clkbuf_16)
     4    0.05    0.11    0.23    0.23 ^ clkbuf_0_clk/X (sky130_fd_sc_hd__clkbuf_16)
                                         clknet_0_clk (net)
                  0.11    0.00    0.23 ^ clkbuf_2_3__f_clk/A (sky130_fd_sc_hd__clkbuf_16)
     9    0.03    0.09    0.26    0.49 ^ clkbuf_2_3__f_clk/X (sky130_fd_sc_hd__clkbuf_16)
                                         clknet_2_3__leaf_clk (net)
                  0.09    0.00    0.49 ^ _345_/CLK (sky130_fd_sc_hd__dfrtp_2)
                          0.00    0.49   clock reconvergence pessimism
                         -0.13    0.37   library hold time
                                  0.37   data required time
-----------------------------------------------------------------------------
                                  0.37   data required time
                                 -1.94   data arrival time
-----------------------------------------------------------------------------
                                  1.57   slack (MET)


Startpoint: _357_ (rising edge-triggered flip-flop clocked by core_clock)
Endpoint: _359_ (rising edge-triggered flip-flop clocked by core_clock)
Path Group: core_clock
Path Type: min
Corner: Slowest

Fanout     Cap    Slew   Delay    Time   Description
-----------------------------------------------------------------------------
                          0.00    0.00   clock core_clock (rise edge)
                          0.00    0.00   clock source latency
     1    0.03    0.00    0.00    0.00 ^ clk (in)
                                         clk (net)
                  0.00    0.00    0.00 ^ clkbuf_0_clk/A (sky130_fd_sc_hd__clkbuf_16)
     4    0.05    0.11    0.23    0.23 ^ clkbuf_0_clk/X (sky130_fd_sc_hd__clkbuf_16)
                                         clknet_0_clk (net)
                  0.11    0.00    0.23 ^ clkbuf_2_0__f_clk/A (sky130_fd_sc_hd__clkbuf_16)
     9    0.04    0.09    0.26    0.50 ^ clkbuf_2_0__f_clk/X (sky130_fd_sc_hd__clkbuf_16)
                                         clknet_2_0__leaf_clk (net)
                  0.09    0.00    0.50 ^ _357_/CLK (sky130_fd_sc_hd__dfrtp_4)
     5    0.05    0.27    0.99    1.49 ^ _357_/Q (sky130_fd_sc_hd__dfrtp_4)
                                         one_second_enable (net)
                  0.27    0.00    1.49 ^ _171_/A1 (sky130_fd_sc_hd__a21oi_1)
     1    0.01    0.14    0.28    1.77 v _171_/Y (sky130_fd_sc_hd__a21oi_1)
                                         _071_ (net)
                  0.14    0.00    1.77 v _172_/B (sky130_fd_sc_hd__nor2_1)
     1    0.01    0.28    0.29    2.06 ^ _172_/Y (sky130_fd_sc_hd__nor2_1)
                                         _061_ (net)
                  0.28    0.00    2.06 ^ _359_/D (sky130_fd_sc_hd__dfrtp_4)
                                  2.06   data arrival time

                          0.00    0.00   clock core_clock (rise edge)
                          0.00    0.00   clock source latency
     1    0.03    0.00    0.00    0.00 ^ clk (in)
                                         clk (net)
                  0.00    0.00    0.00 ^ clkbuf_0_clk/A (sky130_fd_sc_hd__clkbuf_16)
     4    0.05    0.11    0.23    0.23 ^ clkbuf_0_clk/X (sky130_fd_sc_hd__clkbuf_16)
                                         clknet_0_clk (net)
                  0.11    0.00    0.23 ^ clkbuf_2_2__f_clk/A (sky130_fd_sc_hd__clkbuf_16)
     7    0.03    0.08    0.26    0.49 ^ clkbuf_2_2__f_clk/X (sky130_fd_sc_hd__clkbuf_16)
                                         clknet_2_2__leaf_clk (net)
                  0.08    0.00    0.49 ^ _359_/CLK (sky130_fd_sc_hd__dfrtp_4)
                          0.00    0.49   clock reconvergence pessimism
                         -0.12    0.37   library hold time
                                  0.37   data required time
-----------------------------------------------------------------------------
                                  0.37   data required time
                                 -2.06   data arrival time
-----------------------------------------------------------------------------
                                  1.69   slack (MET)


Startpoint: _339_ (rising edge-triggered flip-flop clocked by core_clock)
Endpoint: _339_ (rising edge-triggered flip-flop clocked by core_clock)
Path Group: core_clock
Path Type: min
Corner: Slowest

Fanout     Cap    Slew   Delay    Time   Description
-----------------------------------------------------------------------------
                          0.00    0.00   clock core_clock (rise edge)
                          0.00    0.00   clock source latency
     1    0.03    0.00    0.00    0.00 ^ clk (in)
                                         clk (net)
                  0.00    0.00    0.00 ^ clkbuf_0_clk/A (sky130_fd_sc_hd__clkbuf_16)
     4    0.05    0.11    0.23    0.23 ^ clkbuf_0_clk/X (sky130_fd_sc_hd__clkbuf_16)
                                         clknet_0_clk (net)
                  0.11    0.00    0.23 ^ clkbuf_2_0__f_clk/A (sky130_fd_sc_hd__clkbuf_16)
     9    0.04    0.09    0.26    0.50 ^ clkbuf_2_0__f_clk/X (sky130_fd_sc_hd__clkbuf_16)
                                         clknet_2_0__leaf_clk (net)
                  0.09    0.00    0.50 ^ _339_/CLK (sky130_fd_sc_hd__dfrtp_1)
     3    0.04    0.49    0.97    1.47 ^ _339_/Q (sky130_fd_sc_hd__dfrtp_1)
                                         one_second_counter[9] (net)
                  0.49    0.00    1.47 ^ _220_/B1 (sky130_fd_sc_hd__a21oi_1)
     1    0.01    0.18    0.30    1.77 v _220_/Y (sky130_fd_sc_hd__a21oi_1)
                                         _108_ (net)
                  0.18    0.00    1.77 v _222_/B (sky130_fd_sc_hd__nor3_1)
     1    0.01    0.40    0.45    2.22 ^ _222_/Y (sky130_fd_sc_hd__nor3_1)
                                         _026_ (net)
                  0.40    0.00    2.22 ^ _339_/D (sky130_fd_sc_hd__dfrtp_1)
                                  2.22   data arrival time

                          0.00    0.00   clock core_clock (rise edge)
                          0.00    0.00   clock source latency
     1    0.03    0.00    0.00    0.00 ^ clk (in)
                                         clk (net)
                  0.00    0.00    0.00 ^ clkbuf_0_clk/A (sky130_fd_sc_hd__clkbuf_16)
     4    0.05    0.11    0.23    0.23 ^ clkbuf_0_clk/X (sky130_fd_sc_hd__clkbuf_16)
                                         clknet_0_clk (net)
                  0.11    0.00    0.23 ^ clkbuf_2_0__f_clk/A (sky130_fd_sc_hd__clkbuf_16)
     9    0.04    0.09    0.26    0.50 ^ clkbuf_2_0__f_clk/X (sky130_fd_sc_hd__clkbuf_16)
                                         clknet_2_0__leaf_clk (net)
                  0.09    0.00    0.50 ^ _339_/CLK (sky130_fd_sc_hd__dfrtp_1)
                          0.00    0.50   clock reconvergence pessimism
                         -0.15    0.35   library hold time
                                  0.35   data required time
-----------------------------------------------------------------------------
                                  0.35   data required time
                                 -2.22   data arrival time
-----------------------------------------------------------------------------
                                  1.87   slack (MET)


Startpoint: _335_ (rising edge-triggered flip-flop clocked by core_clock)
Endpoint: _335_ (rising edge-triggered flip-flop clocked by core_clock)
Path Group: core_clock
Path Type: min
Corner: Slowest

Fanout     Cap    Slew   Delay    Time   Description
-----------------------------------------------------------------------------
                          0.00    0.00   clock core_clock (rise edge)
                          0.00    0.00   clock source latency
     1    0.03    0.00    0.00    0.00 ^ clk (in)
                                         clk (net)
                  0.00    0.00    0.00 ^ clkbuf_0_clk/A (sky130_fd_sc_hd__clkbuf_16)
     4    0.05    0.11    0.23    0.23 ^ clkbuf_0_clk/X (sky130_fd_sc_hd__clkbuf_16)
                                         clknet_0_clk (net)
                  0.11    0.00    0.23 ^ clkbuf_2_1__f_clk/A (sky130_fd_sc_hd__clkbuf_16)
    10    0.03    0.09    0.26    0.49 ^ clkbuf_2_1__f_clk/X (sky130_fd_sc_hd__clkbuf_16)
                                         clknet_2_1__leaf_clk (net)
                  0.09    0.00    0.49 ^ _335_/CLK (sky130_fd_sc_hd__dfrtp_2)
     3    0.03    0.20    0.96    1.45 v _335_/Q (sky130_fd_sc_hd__dfrtp_2)
                                         one_second_counter[5] (net)
                  0.20    0.00    1.46 v _207_/B1 (sky130_fd_sc_hd__a21oi_1)
     1    0.01    0.46    0.47    1.93 ^ _207_/Y (sky130_fd_sc_hd__a21oi_1)
                                         _099_ (net)
                  0.46    0.00    1.93 ^ _209_/B (sky130_fd_sc_hd__nor3_1)
     1    0.02    0.19    0.34    2.27 v _209_/Y (sky130_fd_sc_hd__nor3_1)
                                         _022_ (net)
                  0.19    0.00    2.28 v _335_/D (sky130_fd_sc_hd__dfrtp_2)
                                  2.28   data arrival time

                          0.00    0.00   clock core_clock (rise edge)
                          0.00    0.00   clock source latency
     1    0.03    0.00    0.00    0.00 ^ clk (in)
                                         clk (net)
                  0.00    0.00    0.00 ^ clkbuf_0_clk/A (sky130_fd_sc_hd__clkbuf_16)
     4    0.05    0.11    0.23    0.23 ^ clkbuf_0_clk/X (sky130_fd_sc_hd__clkbuf_16)
                                         clknet_0_clk (net)
                  0.11    0.00    0.23 ^ clkbuf_2_1__f_clk/A (sky130_fd_sc_hd__clkbuf_16)
    10    0.03    0.09    0.26    0.49 ^ clkbuf_2_1__f_clk/X (sky130_fd_sc_hd__clkbuf_16)
                                         clknet_2_1__leaf_clk (net)
                  0.09    0.00    0.49 ^ _335_/CLK (sky130_fd_sc_hd__dfrtp_2)
                          0.00    0.49   clock reconvergence pessimism
                         -0.13    0.36   library hold time
                                  0.36   data required time
-----------------------------------------------------------------------------
                                  0.36   data required time
                                 -2.28   data arrival time
-----------------------------------------------------------------------------
                                  1.91   slack (MET)


Startpoint: _341_ (rising edge-triggered flip-flop clocked by core_clock)
Endpoint: _341_ (rising edge-triggered flip-flop clocked by core_clock)
Path Group: core_clock
Path Type: min
Corner: Slowest

Fanout     Cap    Slew   Delay    Time   Description
-----------------------------------------------------------------------------
                          0.00    0.00   clock core_clock (rise edge)
                          0.00    0.00   clock source latency
     1    0.03    0.00    0.00    0.00 ^ clk (in)
                                         clk (net)
                  0.00    0.00    0.00 ^ clkbuf_0_clk/A (sky130_fd_sc_hd__clkbuf_16)
     4    0.05    0.11    0.23    0.23 ^ clkbuf_0_clk/X (sky130_fd_sc_hd__clkbuf_16)
                                         clknet_0_clk (net)
                  0.11    0.00    0.23 ^ clkbuf_2_1__f_clk/A (sky130_fd_sc_hd__clkbuf_16)
    10    0.03    0.09    0.26    0.49 ^ clkbuf_2_1__f_clk/X (sky130_fd_sc_hd__clkbuf_16)
                                         clknet_2_1__leaf_clk (net)
                  0.09    0.00    0.49 ^ _341_/CLK (sky130_fd_sc_hd__dfrtp_2)
     4    0.03    0.21    0.96    1.46 v _341_/Q (sky130_fd_sc_hd__dfrtp_2)
                                         one_second_counter[11] (net)
                  0.21    0.00    1.46 v _227_/B1 (sky130_fd_sc_hd__a21oi_1)
     1    0.01    0.47    0.48    1.94 ^ _227_/Y (sky130_fd_sc_hd__a21oi_1)
                                         _113_ (net)
                  0.47    0.00    1.94 ^ _229_/B (sky130_fd_sc_hd__nor3_1)
     1    0.02    0.21    0.37    2.31 v _229_/Y (sky130_fd_sc_hd__nor3_1)
                                         _002_ (net)
                  0.21    0.00    2.31 v _341_/D (sky130_fd_sc_hd__dfrtp_2)
                                  2.31   data arrival time

                          0.00    0.00   clock core_clock (rise edge)
                          0.00    0.00   clock source latency
     1    0.03    0.00    0.00    0.00 ^ clk (in)
                                         clk (net)
                  0.00    0.00    0.00 ^ clkbuf_0_clk/A (sky130_fd_sc_hd__clkbuf_16)
     4    0.05    0.11    0.23    0.23 ^ clkbuf_0_clk/X (sky130_fd_sc_hd__clkbuf_16)
                                         clknet_0_clk (net)
                  0.11    0.00    0.23 ^ clkbuf_2_1__f_clk/A (sky130_fd_sc_hd__clkbuf_16)
    10    0.03    0.09    0.26    0.49 ^ clkbuf_2_1__f_clk/X (sky130_fd_sc_hd__clkbuf_16)
                                         clknet_2_1__leaf_clk (net)
                  0.09    0.00    0.49 ^ _341_/CLK (sky130_fd_sc_hd__dfrtp_2)
                          0.00    0.49   clock reconvergence pessimism
                         -0.14    0.36   library hold time
                                  0.36   data required time
-----------------------------------------------------------------------------
                                  0.36   data required time
                                 -2.31   data arrival time
-----------------------------------------------------------------------------
                                  1.95   slack (MET)


Startpoint: _352_ (rising edge-triggered flip-flop clocked by core_clock)
Endpoint: _352_ (rising edge-triggered flip-flop clocked by core_clock)
Path Group: core_clock
Path Type: min
Corner: Slowest

Fanout     Cap    Slew   Delay    Time   Description
-----------------------------------------------------------------------------
                          0.00    0.00   clock core_clock (rise edge)
                          0.00    0.00   clock source latency
     1    0.03    0.00    0.00    0.00 ^ clk (in)
                                         clk (net)
                  0.00    0.00    0.00 ^ clkbuf_0_clk/A (sky130_fd_sc_hd__clkbuf_16)
     4    0.05    0.11    0.23    0.23 ^ clkbuf_0_clk/X (sky130_fd_sc_hd__clkbuf_16)
                                         clknet_0_clk (net)
                  0.11    0.00    0.23 ^ clkbuf_2_1__f_clk/A (sky130_fd_sc_hd__clkbuf_16)
    10    0.03    0.09    0.26    0.49 ^ clkbuf_2_1__f_clk/X (sky130_fd_sc_hd__clkbuf_16)
                                         clknet_2_1__leaf_clk (net)
                  0.09    0.00    0.49 ^ _352_/CLK (sky130_fd_sc_hd__dfrtp_1)
     3    0.02    0.35    0.87    1.36 ^ _352_/Q (sky130_fd_sc_hd__dfrtp_1)
                                         one_second_counter[22] (net)
                  0.35    0.00    1.36 ^ _269_/A (sky130_fd_sc_hd__or2_1)
     1    0.01    0.19    0.37    1.73 ^ _269_/X (sky130_fd_sc_hd__or2_1)
                                         _144_ (net)
                  0.19    0.00    1.73 ^ _271_/B (sky130_fd_sc_hd__and3_1)
     1    0.01    0.23    0.46    2.19 ^ _271_/X (sky130_fd_sc_hd__and3_1)
                                         _146_ (net)
                  0.23    0.00    2.19 ^ _272_/A (sky130_fd_sc_hd__clkbuf_1)
     1    0.00    0.08    0.22    2.41 ^ _272_/X (sky130_fd_sc_hd__clkbuf_1)
                                         _014_ (net)
                  0.08    0.00    2.41 ^ _352_/D (sky130_fd_sc_hd__dfrtp_1)
                                  2.41   data arrival time

                          0.00    0.00   clock core_clock (rise edge)
                          0.00    0.00   clock source latency
     1    0.03    0.00    0.00    0.00 ^ clk (in)
                                         clk (net)
                  0.00    0.00    0.00 ^ clkbuf_0_clk/A (sky130_fd_sc_hd__clkbuf_16)
     4    0.05    0.11    0.23    0.23 ^ clkbuf_0_clk/X (sky130_fd_sc_hd__clkbuf_16)
                                         clknet_0_clk (net)
                  0.11    0.00    0.23 ^ clkbuf_2_1__f_clk/A (sky130_fd_sc_hd__clkbuf_16)
    10    0.03    0.09    0.26    0.49 ^ clkbuf_2_1__f_clk/X (sky130_fd_sc_hd__clkbuf_16)
                                         clknet_2_1__leaf_clk (net)
                  0.09    0.00    0.49 ^ _352_/CLK (sky130_fd_sc_hd__dfrtp_1)
                          0.00    0.49   clock reconvergence pessimism
                         -0.08    0.42   library hold time
                                  0.42   data required time
-----------------------------------------------------------------------------
                                  0.42   data required time
                                 -2.41   data arrival time
-----------------------------------------------------------------------------
                                  1.99   slack (MET)


Startpoint: _348_ (rising edge-triggered flip-flop clocked by core_clock)
Endpoint: _348_ (rising edge-triggered flip-flop clocked by core_clock)
Path Group: core_clock
Path Type: min
Corner: Slowest

Fanout     Cap    Slew   Delay    Time   Description
-----------------------------------------------------------------------------
                          0.00    0.00   clock core_clock (rise edge)
                          0.00    0.00   clock source latency
     1    0.03    0.00    0.00    0.00 ^ clk (in)
                                         clk (net)
                  0.00    0.00    0.00 ^ clkbuf_0_clk/A (sky130_fd_sc_hd__clkbuf_16)
     4    0.05    0.11    0.23    0.23 ^ clkbuf_0_clk/X (sky130_fd_sc_hd__clkbuf_16)
                                         clknet_0_clk (net)
                  0.11    0.00    0.23 ^ clkbuf_2_1__f_clk/A (sky130_fd_sc_hd__clkbuf_16)
    10    0.03    0.09    0.26    0.49 ^ clkbuf_2_1__f_clk/X (sky130_fd_sc_hd__clkbuf_16)
                                         clknet_2_1__leaf_clk (net)
                  0.09    0.00    0.49 ^ _348_/CLK (sky130_fd_sc_hd__dfrtp_4)
     6    0.06    0.33    1.04    1.53 ^ _348_/Q (sky130_fd_sc_hd__dfrtp_4)
                                         one_second_counter[18] (net)
                  0.33    0.01    1.54 ^ _253_/A (sky130_fd_sc_hd__nand2_1)
     1    0.01    0.19    0.28    1.82 v _253_/Y (sky130_fd_sc_hd__nand2_1)
                                         _132_ (net)
                  0.19    0.00    1.82 v _255_/A1 (sky130_fd_sc_hd__o211a_1)
     1    0.01    0.15    0.55    2.38 v _255_/X (sky130_fd_sc_hd__o211a_1)
                                         _009_ (net)
                  0.15    0.00    2.38 v _348_/D (sky130_fd_sc_hd__dfrtp_4)
                                  2.38   data arrival time

                          0.00    0.00   clock core_clock (rise edge)
                          0.00    0.00   clock source latency
     1    0.03    0.00    0.00    0.00 ^ clk (in)
                                         clk (net)
                  0.00    0.00    0.00 ^ clkbuf_0_clk/A (sky130_fd_sc_hd__clkbuf_16)
     4    0.05    0.11    0.23    0.23 ^ clkbuf_0_clk/X (sky130_fd_sc_hd__clkbuf_16)
                                         clknet_0_clk (net)
                  0.11    0.00    0.23 ^ clkbuf_2_1__f_clk/A (sky130_fd_sc_hd__clkbuf_16)
    10    0.03    0.09    0.26    0.49 ^ clkbuf_2_1__f_clk/X (sky130_fd_sc_hd__clkbuf_16)
                                         clknet_2_1__leaf_clk (net)
                  0.09    0.00    0.49 ^ _348_/CLK (sky130_fd_sc_hd__dfrtp_4)
                          0.00    0.49   clock reconvergence pessimism
                         -0.12    0.38   library hold time
                                  0.38   data required time
-----------------------------------------------------------------------------
                                  0.38   data required time
                                 -2.38   data arrival time
-----------------------------------------------------------------------------
                                  2.00   slack (MET)


Startpoint: _347_ (rising edge-triggered flip-flop clocked by core_clock)
Endpoint: _347_ (rising edge-triggered flip-flop clocked by core_clock)
Path Group: core_clock
Path Type: min
Corner: Slowest

Fanout     Cap    Slew   Delay    Time   Description
-----------------------------------------------------------------------------
                          0.00    0.00   clock core_clock (rise edge)
                          0.00    0.00   clock source latency
     1    0.03    0.00    0.00    0.00 ^ clk (in)
                                         clk (net)
                  0.00    0.00    0.00 ^ clkbuf_0_clk/A (sky130_fd_sc_hd__clkbuf_16)
     4    0.05    0.11    0.23    0.23 ^ clkbuf_0_clk/X (sky130_fd_sc_hd__clkbuf_16)
                                         clknet_0_clk (net)
                  0.11    0.00    0.23 ^ clkbuf_2_3__f_clk/A (sky130_fd_sc_hd__clkbuf_16)
     9    0.03    0.09    0.26    0.49 ^ clkbuf_2_3__f_clk/X (sky130_fd_sc_hd__clkbuf_16)
                                         clknet_2_3__leaf_clk (net)
                  0.09    0.00    0.49 ^ _347_/CLK (sky130_fd_sc_hd__dfrtp_4)
     8    0.07    0.33    1.04    1.53 ^ _347_/Q (sky130_fd_sc_hd__dfrtp_4)
                                         one_second_counter[17] (net)
                  0.33    0.01    1.54 ^ _251_/A (sky130_fd_sc_hd__xor2_1)
     1    0.01    0.16    0.36    1.89 v _251_/X (sky130_fd_sc_hd__xor2_1)
                                         _131_ (net)
                  0.16    0.00    1.90 v _252_/B (sky130_fd_sc_hd__nor2_1)
     1    0.02    0.50    0.45    2.35 ^ _252_/Y (sky130_fd_sc_hd__nor2_1)
                                         _008_ (net)
                  0.50    0.00    2.35 ^ _347_/D (sky130_fd_sc_hd__dfrtp_4)
                                  2.35   data arrival time

                          0.00    0.00   clock core_clock (rise edge)
                          0.00    0.00   clock source latency
     1    0.03    0.00    0.00    0.00 ^ clk (in)
                                         clk (net)
                  0.00    0.00    0.00 ^ clkbuf_0_clk/A (sky130_fd_sc_hd__clkbuf_16)
     4    0.05    0.11    0.23    0.23 ^ clkbuf_0_clk/X (sky130_fd_sc_hd__clkbuf_16)
                                         clknet_0_clk (net)
                  0.11    0.00    0.23 ^ clkbuf_2_3__f_clk/A (sky130_fd_sc_hd__clkbuf_16)
     9    0.03    0.09    0.26    0.49 ^ clkbuf_2_3__f_clk/X (sky130_fd_sc_hd__clkbuf_16)
                                         clknet_2_3__leaf_clk (net)
                  0.09    0.00    0.49 ^ _347_/CLK (sky130_fd_sc_hd__dfrtp_4)
                          0.00    0.49   clock reconvergence pessimism
                         -0.17    0.32   library hold time
                                  0.32   data required time
-----------------------------------------------------------------------------
                                  0.32   data required time
                                 -2.35   data arrival time
-----------------------------------------------------------------------------
                                  2.03   slack (MET)


Startpoint: _343_ (rising edge-triggered flip-flop clocked by core_clock)
Endpoint: _343_ (rising edge-triggered flip-flop clocked by core_clock)
Path Group: core_clock
Path Type: min
Corner: Slowest

Fanout     Cap    Slew   Delay    Time   Description
-----------------------------------------------------------------------------
                          0.00    0.00   clock core_clock (rise edge)
                          0.00    0.00   clock source latency
     1    0.03    0.00    0.00    0.00 ^ clk (in)
                                         clk (net)
                  0.00    0.00    0.00 ^ clkbuf_0_clk/A (sky130_fd_sc_hd__clkbuf_16)
     4    0.05    0.11    0.23    0.23 ^ clkbuf_0_clk/X (sky130_fd_sc_hd__clkbuf_16)
                                         clknet_0_clk (net)
                  0.11    0.00    0.23 ^ clkbuf_2_2__f_clk/A (sky130_fd_sc_hd__clkbuf_16)
     7    0.03    0.08    0.26    0.49 ^ clkbuf_2_2__f_clk/X (sky130_fd_sc_hd__clkbuf_16)
                                         clknet_2_2__leaf_clk (net)
                  0.08    0.00    0.49 ^ _343_/CLK (sky130_fd_sc_hd__dfrtp_2)
     4    0.04    0.35    0.93    1.42 ^ _343_/Q (sky130_fd_sc_hd__dfrtp_2)
                                         one_second_counter[13] (net)
                  0.35    0.00    1.42 ^ _234_/B1 (sky130_fd_sc_hd__a21o_1)
     1    0.02    0.24    0.37    1.80 ^ _234_/X (sky130_fd_sc_hd__a21o_1)
                                         _118_ (net)
                  0.24    0.00    1.80 ^ _236_/B (sky130_fd_sc_hd__and3_1)
     1    0.01    0.22    0.47    2.27 ^ _236_/X (sky130_fd_sc_hd__and3_1)
                                         _120_ (net)
                  0.22    0.00    2.27 ^ _237_/A (sky130_fd_sc_hd__clkbuf_1)
     1    0.00    0.07    0.20    2.47 ^ _237_/X (sky130_fd_sc_hd__clkbuf_1)
                                         _004_ (net)
                  0.07    0.00    2.47 ^ _343_/D (sky130_fd_sc_hd__dfrtp_2)
                                  2.47   data arrival time

                          0.00    0.00   clock core_clock (rise edge)
                          0.00    0.00   clock source latency
     1    0.03    0.00    0.00    0.00 ^ clk (in)
                                         clk (net)
                  0.00    0.00    0.00 ^ clkbuf_0_clk/A (sky130_fd_sc_hd__clkbuf_16)
     4    0.05    0.11    0.23    0.23 ^ clkbuf_0_clk/X (sky130_fd_sc_hd__clkbuf_16)
                                         clknet_0_clk (net)
                  0.11    0.00    0.23 ^ clkbuf_2_2__f_clk/A (sky130_fd_sc_hd__clkbuf_16)
     7    0.03    0.08    0.26    0.49 ^ clkbuf_2_2__f_clk/X (sky130_fd_sc_hd__clkbuf_16)
                                         clknet_2_2__leaf_clk (net)
                  0.08    0.00    0.49 ^ _343_/CLK (sky130_fd_sc_hd__dfrtp_2)
                          0.00    0.49   clock reconvergence pessimism
                         -0.07    0.42   library hold time
                                  0.42   data required time
-----------------------------------------------------------------------------
                                  0.42   data required time
                                 -2.47   data arrival time
-----------------------------------------------------------------------------
                                  2.05   slack (MET)


Startpoint: _354_ (rising edge-triggered flip-flop clocked by core_clock)
Endpoint: _354_ (rising edge-triggered flip-flop clocked by core_clock)
Path Group: core_clock
Path Type: min
Corner: Slowest

Fanout     Cap    Slew   Delay    Time   Description
-----------------------------------------------------------------------------
                          0.00    0.00   clock core_clock (rise edge)
                          0.00    0.00   clock source latency
     1    0.03    0.00    0.00    0.00 ^ clk (in)
                                         clk (net)
                  0.00    0.00    0.00 ^ clkbuf_0_clk/A (sky130_fd_sc_hd__clkbuf_16)
     4    0.05    0.11    0.23    0.23 ^ clkbuf_0_clk/X (sky130_fd_sc_hd__clkbuf_16)
                                         clknet_0_clk (net)
                  0.11    0.00    0.23 ^ clkbuf_2_0__f_clk/A (sky130_fd_sc_hd__clkbuf_16)
     9    0.04    0.09    0.26    0.50 ^ clkbuf_2_0__f_clk/X (sky130_fd_sc_hd__clkbuf_16)
                                         clknet_2_0__leaf_clk (net)
                  0.09    0.00    0.50 ^ _354_/CLK (sky130_fd_sc_hd__dfrtp_4)
     3    0.03    0.21    0.94    1.44 ^ _354_/Q (sky130_fd_sc_hd__dfrtp_4)
                                         one_second_counter[24] (net)
                  0.21    0.00    1.45 ^ _277_/A (sky130_fd_sc_hd__and3_2)
     4    0.05    0.39    0.67    2.11 ^ _277_/X (sky130_fd_sc_hd__and3_2)
                                         _150_ (net)
                  0.39    0.00    2.12 ^ _278_/C (sky130_fd_sc_hd__nor3_1)
     1    0.02    0.21    0.32    2.44 v _278_/Y (sky130_fd_sc_hd__nor3_1)
                                         _016_ (net)
                  0.21    0.00    2.44 v _354_/D (sky130_fd_sc_hd__dfrtp_4)
                                  2.44   data arrival time

                          0.00    0.00   clock core_clock (rise edge)
                          0.00    0.00   clock source latency
     1    0.03    0.00    0.00    0.00 ^ clk (in)
                                         clk (net)
                  0.00    0.00    0.00 ^ clkbuf_0_clk/A (sky130_fd_sc_hd__clkbuf_16)
     4    0.05    0.11    0.23    0.23 ^ clkbuf_0_clk/X (sky130_fd_sc_hd__clkbuf_16)
                                         clknet_0_clk (net)
                  0.11    0.00    0.23 ^ clkbuf_2_0__f_clk/A (sky130_fd_sc_hd__clkbuf_16)
     9    0.04    0.09    0.26    0.50 ^ clkbuf_2_0__f_clk/X (sky130_fd_sc_hd__clkbuf_16)
                                         clknet_2_0__leaf_clk (net)
                  0.09    0.00    0.50 ^ _354_/CLK (sky130_fd_sc_hd__dfrtp_4)
                          0.00    0.50   clock reconvergence pessimism
                         -0.14    0.37   library hold time
                                  0.37   data required time
-----------------------------------------------------------------------------
                                  0.37   data required time
                                 -2.44   data arrival time
-----------------------------------------------------------------------------
                                  2.08   slack (MET)


Startpoint: _336_ (rising edge-triggered flip-flop clocked by core_clock)
Endpoint: _336_ (rising edge-triggered flip-flop clocked by core_clock)
Path Group: core_clock
Path Type: min
Corner: Slowest

Fanout     Cap    Slew   Delay    Time   Description
-----------------------------------------------------------------------------
                          0.00    0.00   clock core_clock (rise edge)
                          0.00    0.00   clock source latency
     1    0.03    0.00    0.00    0.00 ^ clk (in)
                                         clk (net)
                  0.00    0.00    0.00 ^ clkbuf_0_clk/A (sky130_fd_sc_hd__clkbuf_16)
     4    0.05    0.11    0.23    0.23 ^ clkbuf_0_clk/X (sky130_fd_sc_hd__clkbuf_16)
                                         clknet_0_clk (net)
                  0.11    0.00    0.23 ^ clkbuf_2_0__f_clk/A (sky130_fd_sc_hd__clkbuf_16)
     9    0.04    0.09    0.26    0.50 ^ clkbuf_2_0__f_clk/X (sky130_fd_sc_hd__clkbuf_16)
                                         clknet_2_0__leaf_clk (net)
                  0.09    0.00    0.50 ^ _336_/CLK (sky130_fd_sc_hd__dfrtp_1)
     3    0.02    0.29    0.82    1.32 ^ _336_/Q (sky130_fd_sc_hd__dfrtp_1)
                                         one_second_counter[6] (net)
                  0.29    0.00    1.32 ^ _211_/A (sky130_fd_sc_hd__nand2_1)
     2    0.01    0.24    0.32    1.64 v _211_/Y (sky130_fd_sc_hd__nand2_1)
                                         _102_ (net)
                  0.24    0.00    1.64 v _212_/C (sky130_fd_sc_hd__and3_1)
     1    0.01    0.11    0.50    2.14 v _212_/X (sky130_fd_sc_hd__and3_1)
                                         _103_ (net)
                  0.11    0.00    2.14 v _213_/A (sky130_fd_sc_hd__buf_1)
     2    0.02    0.22    0.31    2.45 v _213_/X (sky130_fd_sc_hd__buf_1)
                                         _023_ (net)
                  0.22    0.00    2.45 v _336_/D (sky130_fd_sc_hd__dfrtp_1)
                                  2.45   data arrival time

                          0.00    0.00   clock core_clock (rise edge)
                          0.00    0.00   clock source latency
     1    0.03    0.00    0.00    0.00 ^ clk (in)
                                         clk (net)
                  0.00    0.00    0.00 ^ clkbuf_0_clk/A (sky130_fd_sc_hd__clkbuf_16)
     4    0.05    0.11    0.23    0.23 ^ clkbuf_0_clk/X (sky130_fd_sc_hd__clkbuf_16)
                                         clknet_0_clk (net)
                  0.11    0.00    0.23 ^ clkbuf_2_0__f_clk/A (sky130_fd_sc_hd__clkbuf_16)
     9    0.04    0.09    0.26    0.50 ^ clkbuf_2_0__f_clk/X (sky130_fd_sc_hd__clkbuf_16)
                                         clknet_2_0__leaf_clk (net)
                  0.09    0.00    0.50 ^ _336_/CLK (sky130_fd_sc_hd__dfrtp_1)
                          0.00    0.50   clock reconvergence pessimism
                         -0.15    0.35   library hold time
                                  0.35   data required time
-----------------------------------------------------------------------------
                                  0.35   data required time
                                 -2.45   data arrival time
-----------------------------------------------------------------------------
                                  2.10   slack (MET)


Startpoint: _342_ (rising edge-triggered flip-flop clocked by core_clock)
Endpoint: _342_ (rising edge-triggered flip-flop clocked by core_clock)
Path Group: core_clock
Path Type: min
Corner: Slowest

Fanout     Cap    Slew   Delay    Time   Description
-----------------------------------------------------------------------------
                          0.00    0.00   clock core_clock (rise edge)
                          0.00    0.00   clock source latency
     1    0.03    0.00    0.00    0.00 ^ clk (in)
                                         clk (net)
                  0.00    0.00    0.00 ^ clkbuf_0_clk/A (sky130_fd_sc_hd__clkbuf_16)
     4    0.05    0.11    0.23    0.23 ^ clkbuf_0_clk/X (sky130_fd_sc_hd__clkbuf_16)
                                         clknet_0_clk (net)
                  0.11    0.00    0.23 ^ clkbuf_2_3__f_clk/A (sky130_fd_sc_hd__clkbuf_16)
     9    0.03    0.09    0.26    0.49 ^ clkbuf_2_3__f_clk/X (sky130_fd_sc_hd__clkbuf_16)
                                         clknet_2_3__leaf_clk (net)
                  0.09    0.00    0.49 ^ _342_/CLK (sky130_fd_sc_hd__dfrtp_4)
     5    0.04    0.24    0.96    1.45 ^ _342_/Q (sky130_fd_sc_hd__dfrtp_4)
                                         one_second_counter[12] (net)
                  0.24    0.00    1.45 ^ _231_/A (sky130_fd_sc_hd__nand2_1)
     1    0.01    0.21    0.27    1.73 v _231_/Y (sky130_fd_sc_hd__nand2_1)
                                         _116_ (net)
                  0.21    0.00    1.73 v _232_/C (sky130_fd_sc_hd__and3_1)
     1    0.01    0.16    0.53    2.26 v _232_/X (sky130_fd_sc_hd__and3_1)
                                         _117_ (net)
                  0.16    0.00    2.26 v _233_/A (sky130_fd_sc_hd__buf_1)
     1    0.01    0.18    0.30    2.56 v _233_/X (sky130_fd_sc_hd__buf_1)
                                         _003_ (net)
                  0.18    0.00    2.56 v _342_/D (sky130_fd_sc_hd__dfrtp_4)
                                  2.56   data arrival time

                          0.00    0.00   clock core_clock (rise edge)
                          0.00    0.00   clock source latency
     1    0.03    0.00    0.00    0.00 ^ clk (in)
                                         clk (net)
                  0.00    0.00    0.00 ^ clkbuf_0_clk/A (sky130_fd_sc_hd__clkbuf_16)
     4    0.05    0.11    0.23    0.23 ^ clkbuf_0_clk/X (sky130_fd_sc_hd__clkbuf_16)
                                         clknet_0_clk (net)
                  0.11    0.00    0.23 ^ clkbuf_2_3__f_clk/A (sky130_fd_sc_hd__clkbuf_16)
     9    0.03    0.09    0.26    0.49 ^ clkbuf_2_3__f_clk/X (sky130_fd_sc_hd__clkbuf_16)
                                         clknet_2_3__leaf_clk (net)
                  0.09    0.00    0.49 ^ _342_/CLK (sky130_fd_sc_hd__dfrtp_4)
                          0.00    0.49   clock reconvergence pessimism
                         -0.13    0.37   library hold time
                                  0.37   data required time
-----------------------------------------------------------------------------
                                  0.37   data required time
                                 -2.56   data arrival time
-----------------------------------------------------------------------------
                                  2.20   slack (MET)


Startpoint: _360_ (rising edge-triggered flip-flop clocked by core_clock)
Endpoint: _360_ (rising edge-triggered flip-flop clocked by core_clock)
Path Group: core_clock
Path Type: min
Corner: Slowest

Fanout     Cap    Slew   Delay    Time   Description
-----------------------------------------------------------------------------
                          0.00    0.00   clock core_clock (rise edge)
                          0.00    0.00   clock source latency
     1    0.03    0.00    0.00    0.00 ^ clk (in)
                                         clk (net)
                  0.00    0.00    0.00 ^ clkbuf_0_clk/A (sky130_fd_sc_hd__clkbuf_16)
     4    0.05    0.11    0.23    0.23 ^ clkbuf_0_clk/X (sky130_fd_sc_hd__clkbuf_16)
                                         clknet_0_clk (net)
                  0.11    0.00    0.23 ^ clkbuf_2_2__f_clk/A (sky130_fd_sc_hd__clkbuf_16)
     7    0.03    0.08    0.26    0.49 ^ clkbuf_2_2__f_clk/X (sky130_fd_sc_hd__clkbuf_16)
                                         clknet_2_2__leaf_clk (net)
                  0.08    0.00    0.49 ^ _360_/CLK (sky130_fd_sc_hd__dfrtp_4)
     6    0.06    0.32    1.03    1.52 ^ _360_/Q (sky130_fd_sc_hd__dfrtp_4)
                                         decoder.digit[2] (net)
                  0.32    0.00    1.52 ^ _168_/B2 (sky130_fd_sc_hd__o2bb2a_1)
     1    0.01    0.23    0.47    1.99 ^ _168_/X (sky130_fd_sc_hd__o2bb2a_1)
                                         _069_ (net)
                  0.23    0.00    1.99 ^ _169_/B (sky130_fd_sc_hd__and2_1)
     1    0.01    0.16    0.35    2.34 ^ _169_/X (sky130_fd_sc_hd__and2_1)
                                         _070_ (net)
                  0.16    0.00    2.34 ^ _170_/A (sky130_fd_sc_hd__clkbuf_1)
     1    0.01    0.17    0.26    2.60 ^ _170_/X (sky130_fd_sc_hd__clkbuf_1)
                                         _062_ (net)
                  0.17    0.00    2.60 ^ _360_/D (sky130_fd_sc_hd__dfrtp_4)
                                  2.60   data arrival time

                          0.00    0.00   clock core_clock (rise edge)
                          0.00    0.00   clock source latency
     1    0.03    0.00    0.00    0.00 ^ clk (in)
                                         clk (net)
                  0.00    0.00    0.00 ^ clkbuf_0_clk/A (sky130_fd_sc_hd__clkbuf_16)
     4    0.05    0.11    0.23    0.23 ^ clkbuf_0_clk/X (sky130_fd_sc_hd__clkbuf_16)
                                         clknet_0_clk (net)
                  0.11    0.00    0.23 ^ clkbuf_2_2__f_clk/A (sky130_fd_sc_hd__clkbuf_16)
     7    0.03    0.08    0.26    0.49 ^ clkbuf_2_2__f_clk/X (sky130_fd_sc_hd__clkbuf_16)
                                         clknet_2_2__leaf_clk (net)
                  0.08    0.00    0.49 ^ _360_/CLK (sky130_fd_sc_hd__dfrtp_4)
                          0.00    0.49   clock reconvergence pessimism
                         -0.10    0.39   library hold time
                                  0.39   data required time
-----------------------------------------------------------------------------
                                  0.39   data required time
                                 -2.60   data arrival time
-----------------------------------------------------------------------------
                                  2.21   slack (MET)


Startpoint: _350_ (rising edge-triggered flip-flop clocked by core_clock)
Endpoint: _350_ (rising edge-triggered flip-flop clocked by core_clock)
Path Group: core_clock
Path Type: min
Corner: Slowest

Fanout     Cap    Slew   Delay    Time   Description
-----------------------------------------------------------------------------
                          0.00    0.00   clock core_clock (rise edge)
                          0.00    0.00   clock source latency
     1    0.03    0.00    0.00    0.00 ^ clk (in)
                                         clk (net)
                  0.00    0.00    0.00 ^ clkbuf_0_clk/A (sky130_fd_sc_hd__clkbuf_16)
     4    0.05    0.11    0.23    0.23 ^ clkbuf_0_clk/X (sky130_fd_sc_hd__clkbuf_16)
                                         clknet_0_clk (net)
                  0.11    0.00    0.23 ^ clkbuf_2_1__f_clk/A (sky130_fd_sc_hd__clkbuf_16)
    10    0.03    0.09    0.26    0.49 ^ clkbuf_2_1__f_clk/X (sky130_fd_sc_hd__clkbuf_16)
                                         clknet_2_1__leaf_clk (net)
                  0.09    0.00    0.49 ^ _350_/CLK (sky130_fd_sc_hd__dfrtp_1)
     4    0.03    0.42    0.92    1.41 ^ _350_/Q (sky130_fd_sc_hd__dfrtp_1)
                                         one_second_counter[20] (net)
                  0.42    0.00    1.41 ^ _262_/A (sky130_fd_sc_hd__or2_1)
     1    0.01    0.21    0.41    1.82 ^ _262_/X (sky130_fd_sc_hd__or2_1)
                                         _139_ (net)
                  0.21    0.00    1.82 ^ _264_/B (sky130_fd_sc_hd__and3_1)
     1    0.01    0.12    0.38    2.20 ^ _264_/X (sky130_fd_sc_hd__and3_1)
                                         _141_ (net)
                  0.12    0.00    2.20 ^ _265_/A (sky130_fd_sc_hd__clkbuf_1)
     1    0.02    0.36    0.38    2.58 ^ _265_/X (sky130_fd_sc_hd__clkbuf_1)
                                         _012_ (net)
                  0.36    0.00    2.58 ^ _350_/D (sky130_fd_sc_hd__dfrtp_1)
                                  2.58   data arrival time

                          0.00    0.00   clock core_clock (rise edge)
                          0.00    0.00   clock source latency
     1    0.03    0.00    0.00    0.00 ^ clk (in)
                                         clk (net)
                  0.00    0.00    0.00 ^ clkbuf_0_clk/A (sky130_fd_sc_hd__clkbuf_16)
     4    0.05    0.11    0.23    0.23 ^ clkbuf_0_clk/X (sky130_fd_sc_hd__clkbuf_16)
                                         clknet_0_clk (net)
                  0.11    0.00    0.23 ^ clkbuf_2_1__f_clk/A (sky130_fd_sc_hd__clkbuf_16)
    10    0.03    0.09    0.26    0.49 ^ clkbuf_2_1__f_clk/X (sky130_fd_sc_hd__clkbuf_16)
                                         clknet_2_1__leaf_clk (net)
                  0.09    0.00    0.49 ^ _350_/CLK (sky130_fd_sc_hd__dfrtp_1)
                          0.00    0.49   clock reconvergence pessimism
                         -0.14    0.36   library hold time
                                  0.36   data required time
-----------------------------------------------------------------------------
                                  0.36   data required time
                                 -2.58   data arrival time
-----------------------------------------------------------------------------
                                  2.23   slack (MET)


Startpoint: _340_ (rising edge-triggered flip-flop clocked by core_clock)
Endpoint: _340_ (rising edge-triggered flip-flop clocked by core_clock)
Path Group: core_clock
Path Type: min
Corner: Slowest

Fanout     Cap    Slew   Delay    Time   Description
-----------------------------------------------------------------------------
                          0.00    0.00   clock core_clock (rise edge)
                          0.00    0.00   clock source latency
     1    0.03    0.00    0.00    0.00 ^ clk (in)
                                         clk (net)
                  0.00    0.00    0.00 ^ clkbuf_0_clk/A (sky130_fd_sc_hd__clkbuf_16)
     4    0.05    0.11    0.23    0.23 ^ clkbuf_0_clk/X (sky130_fd_sc_hd__clkbuf_16)
                                         clknet_0_clk (net)
                  0.11    0.00    0.23 ^ clkbuf_2_2__f_clk/A (sky130_fd_sc_hd__clkbuf_16)
     7    0.03    0.08    0.26    0.49 ^ clkbuf_2_2__f_clk/X (sky130_fd_sc_hd__clkbuf_16)
                                         clknet_2_2__leaf_clk (net)
                  0.08    0.00    0.49 ^ _340_/CLK (sky130_fd_sc_hd__dfrtp_4)
     6    0.05    0.26    0.98    1.47 ^ _340_/Q (sky130_fd_sc_hd__dfrtp_4)
                                         one_second_counter[10] (net)
                  0.26    0.01    1.48 ^ _223_/A (sky130_fd_sc_hd__or2_1)
     1    0.02    0.29    0.41    1.89 ^ _223_/X (sky130_fd_sc_hd__or2_1)
                                         _110_ (net)
                  0.29    0.00    1.89 ^ _225_/B (sky130_fd_sc_hd__and3_1)
     1    0.01    0.17    0.44    2.33 ^ _225_/X (sky130_fd_sc_hd__and3_1)
                                         _112_ (net)
                  0.17    0.00    2.33 ^ _226_/A (sky130_fd_sc_hd__clkbuf_1)
     1    0.01    0.20    0.28    2.62 ^ _226_/X (sky130_fd_sc_hd__clkbuf_1)
                                         _001_ (net)
                  0.20    0.00    2.62 ^ _340_/D (sky130_fd_sc_hd__dfrtp_4)
                                  2.62   data arrival time

                          0.00    0.00   clock core_clock (rise edge)
                          0.00    0.00   clock source latency
     1    0.03    0.00    0.00    0.00 ^ clk (in)
                                         clk (net)
                  0.00    0.00    0.00 ^ clkbuf_0_clk/A (sky130_fd_sc_hd__clkbuf_16)
     4    0.05    0.11    0.23    0.23 ^ clkbuf_0_clk/X (sky130_fd_sc_hd__clkbuf_16)
                                         clknet_0_clk (net)
                  0.11    0.00    0.23 ^ clkbuf_2_2__f_clk/A (sky130_fd_sc_hd__clkbuf_16)
     7    0.03    0.08    0.26    0.49 ^ clkbuf_2_2__f_clk/X (sky130_fd_sc_hd__clkbuf_16)
                                         clknet_2_2__leaf_clk (net)
                  0.08    0.00    0.49 ^ _340_/CLK (sky130_fd_sc_hd__dfrtp_4)
                          0.00    0.49   clock reconvergence pessimism
                         -0.11    0.39   library hold time
                                  0.39   data required time
-----------------------------------------------------------------------------
                                  0.39   data required time
                                 -2.62   data arrival time
-----------------------------------------------------------------------------
                                  2.23   slack (MET)


Startpoint: _355_ (rising edge-triggered flip-flop clocked by core_clock)
Endpoint: _355_ (rising edge-triggered flip-flop clocked by core_clock)
Path Group: core_clock
Path Type: min
Corner: Slowest

Fanout     Cap    Slew   Delay    Time   Description
-----------------------------------------------------------------------------
                          0.00    0.00   clock core_clock (rise edge)
                          0.00    0.00   clock source latency
     1    0.03    0.00    0.00    0.00 ^ clk (in)
                                         clk (net)
                  0.00    0.00    0.00 ^ clkbuf_0_clk/A (sky130_fd_sc_hd__clkbuf_16)
     4    0.05    0.11    0.23    0.23 ^ clkbuf_0_clk/X (sky130_fd_sc_hd__clkbuf_16)
                                         clknet_0_clk (net)
                  0.11    0.00    0.23 ^ clkbuf_2_2__f_clk/A (sky130_fd_sc_hd__clkbuf_16)
     7    0.03    0.08    0.26    0.49 ^ clkbuf_2_2__f_clk/X (sky130_fd_sc_hd__clkbuf_16)
                                         clknet_2_2__leaf_clk (net)
                  0.08    0.00    0.49 ^ _355_/CLK (sky130_fd_sc_hd__dfrtp_4)
     4    0.05    0.27    0.98    1.47 ^ _355_/Q (sky130_fd_sc_hd__dfrtp_4)
                                         one_second_counter[25] (net)
                  0.27    0.01    1.48 ^ _279_/A (sky130_fd_sc_hd__or2_1)
     1    0.01    0.22    0.36    1.84 ^ _279_/X (sky130_fd_sc_hd__or2_1)
                                         _151_ (net)
                  0.22    0.00    1.84 ^ _281_/B (sky130_fd_sc_hd__and3_1)
     1    0.01    0.20    0.44    2.29 ^ _281_/X (sky130_fd_sc_hd__and3_1)
                                         _153_ (net)
                  0.20    0.00    2.29 ^ _282_/A (sky130_fd_sc_hd__clkbuf_1)
     1    0.01    0.24    0.32    2.61 ^ _282_/X (sky130_fd_sc_hd__clkbuf_1)
                                         _017_ (net)
                  0.24    0.00    2.61 ^ _355_/D (sky130_fd_sc_hd__dfrtp_4)
                                  2.61   data arrival time

                          0.00    0.00   clock core_clock (rise edge)
                          0.00    0.00   clock source latency
     1    0.03    0.00    0.00    0.00 ^ clk (in)
                                         clk (net)
                  0.00    0.00    0.00 ^ clkbuf_0_clk/A (sky130_fd_sc_hd__clkbuf_16)
     4    0.05    0.11    0.23    0.23 ^ clkbuf_0_clk/X (sky130_fd_sc_hd__clkbuf_16)
                                         clknet_0_clk (net)
                  0.11    0.00    0.23 ^ clkbuf_2_2__f_clk/A (sky130_fd_sc_hd__clkbuf_16)
     7    0.03    0.08    0.26    0.49 ^ clkbuf_2_2__f_clk/X (sky130_fd_sc_hd__clkbuf_16)
                                         clknet_2_2__leaf_clk (net)
                  0.08    0.00    0.49 ^ _355_/CLK (sky130_fd_sc_hd__dfrtp_4)
                          0.00    0.49   clock reconvergence pessimism
                         -0.11    0.38   library hold time
                                  0.38   data required time
-----------------------------------------------------------------------------
                                  0.38   data required time
                                 -2.61   data arrival time
-----------------------------------------------------------------------------
                                  2.23   slack (MET)


Startpoint: _338_ (rising edge-triggered flip-flop clocked by core_clock)
Endpoint: _338_ (rising edge-triggered flip-flop clocked by core_clock)
Path Group: core_clock
Path Type: min
Corner: Slowest

Fanout     Cap    Slew   Delay    Time   Description
-----------------------------------------------------------------------------
                          0.00    0.00   clock core_clock (rise edge)
                          0.00    0.00   clock source latency
     1    0.03    0.00    0.00    0.00 ^ clk (in)
                                         clk (net)
                  0.00    0.00    0.00 ^ clkbuf_0_clk/A (sky130_fd_sc_hd__clkbuf_16)
     4    0.05    0.11    0.23    0.23 ^ clkbuf_0_clk/X (sky130_fd_sc_hd__clkbuf_16)
                                         clknet_0_clk (net)
                  0.11    0.00    0.23 ^ clkbuf_2_3__f_clk/A (sky130_fd_sc_hd__clkbuf_16)
     9    0.03    0.09    0.26    0.49 ^ clkbuf_2_3__f_clk/X (sky130_fd_sc_hd__clkbuf_16)
                                         clknet_2_3__leaf_clk (net)
                  0.09    0.00    0.49 ^ _338_/CLK (sky130_fd_sc_hd__dfrtp_4)
     5    0.04    0.25    0.97    1.46 ^ _338_/Q (sky130_fd_sc_hd__dfrtp_4)
                                         one_second_counter[8] (net)
                  0.25    0.00    1.46 ^ _216_/A (sky130_fd_sc_hd__or2_1)
     1    0.01    0.15    0.30    1.77 ^ _216_/X (sky130_fd_sc_hd__or2_1)
                                         _105_ (net)
                  0.15    0.00    1.77 ^ _218_/A (sky130_fd_sc_hd__and3_1)
     1    0.01    0.20    0.41    2.18 ^ _218_/X (sky130_fd_sc_hd__and3_1)
                                         _107_ (net)
                  0.20    0.00    2.18 ^ _219_/A (sky130_fd_sc_hd__buf_1)
     1    0.02    0.42    0.45    2.64 ^ _219_/X (sky130_fd_sc_hd__buf_1)
                                         _025_ (net)
                  0.42    0.00    2.64 ^ _338_/D (sky130_fd_sc_hd__dfrtp_4)
                                  2.64   data arrival time

                          0.00    0.00   clock core_clock (rise edge)
                          0.00    0.00   clock source latency
     1    0.03    0.00    0.00    0.00 ^ clk (in)
                                         clk (net)
                  0.00    0.00    0.00 ^ clkbuf_0_clk/A (sky130_fd_sc_hd__clkbuf_16)
     4    0.05    0.11    0.23    0.23 ^ clkbuf_0_clk/X (sky130_fd_sc_hd__clkbuf_16)
                                         clknet_0_clk (net)
                  0.11    0.00    0.23 ^ clkbuf_2_3__f_clk/A (sky130_fd_sc_hd__clkbuf_16)
     9    0.03    0.09    0.26    0.49 ^ clkbuf_2_3__f_clk/X (sky130_fd_sc_hd__clkbuf_16)
                                         clknet_2_3__leaf_clk (net)
                  0.09    0.00    0.49 ^ _338_/CLK (sky130_fd_sc_hd__dfrtp_4)
                          0.00    0.49   clock reconvergence pessimism
                         -0.16    0.34   library hold time
                                  0.34   data required time
-----------------------------------------------------------------------------
                                  0.34   data required time
                                 -2.64   data arrival time
-----------------------------------------------------------------------------
                                  2.30   slack (MET)


Startpoint: _332_ (rising edge-triggered flip-flop clocked by core_clock)
Endpoint: _332_ (rising edge-triggered flip-flop clocked by core_clock)
Path Group: core_clock
Path Type: min
Corner: Slowest

Fanout     Cap    Slew   Delay    Time   Description
-----------------------------------------------------------------------------
                          0.00    0.00   clock core_clock (rise edge)
                          0.00    0.00   clock source latency
     1    0.03    0.00    0.00    0.00 ^ clk (in)
                                         clk (net)
                  0.00    0.00    0.00 ^ clkbuf_0_clk/A (sky130_fd_sc_hd__clkbuf_16)
     4    0.05    0.11    0.23    0.23 ^ clkbuf_0_clk/X (sky130_fd_sc_hd__clkbuf_16)
                                         clknet_0_clk (net)
                  0.11    0.00    0.23 ^ clkbuf_2_1__f_clk/A (sky130_fd_sc_hd__clkbuf_16)
    10    0.03    0.09    0.26    0.49 ^ clkbuf_2_1__f_clk/X (sky130_fd_sc_hd__clkbuf_16)
                                         clknet_2_1__leaf_clk (net)
                  0.09    0.00    0.49 ^ _332_/CLK (sky130_fd_sc_hd__dfrtp_4)
     4    0.05    0.28    0.99    1.49 ^ _332_/Q (sky130_fd_sc_hd__dfrtp_4)
                                         one_second_counter[2] (net)
                  0.28    0.01    1.49 ^ _196_/B1 (sky130_fd_sc_hd__a21o_1)
     1    0.01    0.14    0.28    1.77 ^ _196_/X (sky130_fd_sc_hd__a21o_1)
                                         _091_ (net)
                  0.14    0.00    1.77 ^ _197_/C (sky130_fd_sc_hd__and3_1)
     1    0.01    0.16    0.40    2.17 ^ _197_/X (sky130_fd_sc_hd__and3_1)
                                         _092_ (net)
                  0.16    0.00    2.17 ^ _198_/A (sky130_fd_sc_hd__buf_1)
     2    0.03    0.50    0.49    2.66 ^ _198_/X (sky130_fd_sc_hd__buf_1)
                                         _019_ (net)
                  0.50    0.00    2.67 ^ _332_/D (sky130_fd_sc_hd__dfrtp_4)
                                  2.67   data arrival time

                          0.00    0.00   clock core_clock (rise edge)
                          0.00    0.00   clock source latency
     1    0.03    0.00    0.00    0.00 ^ clk (in)
                                         clk (net)
                  0.00    0.00    0.00 ^ clkbuf_0_clk/A (sky130_fd_sc_hd__clkbuf_16)
     4    0.05    0.11    0.23    0.23 ^ clkbuf_0_clk/X (sky130_fd_sc_hd__clkbuf_16)
                                         clknet_0_clk (net)
                  0.11    0.00    0.23 ^ clkbuf_2_1__f_clk/A (sky130_fd_sc_hd__clkbuf_16)
    10    0.03    0.09    0.26    0.49 ^ clkbuf_2_1__f_clk/X (sky130_fd_sc_hd__clkbuf_16)
                                         clknet_2_1__leaf_clk (net)
                  0.09    0.00    0.49 ^ _332_/CLK (sky130_fd_sc_hd__dfrtp_4)
                          0.00    0.49   clock reconvergence pessimism
                         -0.17    0.32   library hold time
                                  0.32   data required time
-----------------------------------------------------------------------------
                                  0.32   data required time
                                 -2.67   data arrival time
-----------------------------------------------------------------------------
                                  2.34   slack (MET)


Startpoint: _333_ (rising edge-triggered flip-flop clocked by core_clock)
Endpoint: _333_ (rising edge-triggered flip-flop clocked by core_clock)
Path Group: core_clock
Path Type: min
Corner: Slowest

Fanout     Cap    Slew   Delay    Time   Description
-----------------------------------------------------------------------------
                          0.00    0.00   clock core_clock (rise edge)
                          0.00    0.00   clock source latency
     1    0.03    0.00    0.00    0.00 ^ clk (in)
                                         clk (net)
                  0.00    0.00    0.00 ^ clkbuf_0_clk/A (sky130_fd_sc_hd__clkbuf_16)
     4    0.05    0.11    0.23    0.23 ^ clkbuf_0_clk/X (sky130_fd_sc_hd__clkbuf_16)
                                         clknet_0_clk (net)
                  0.11    0.00    0.23 ^ clkbuf_2_3__f_clk/A (sky130_fd_sc_hd__clkbuf_16)
     9    0.03    0.09    0.26    0.49 ^ clkbuf_2_3__f_clk/X (sky130_fd_sc_hd__clkbuf_16)
                                         clknet_2_3__leaf_clk (net)
                  0.09    0.00    0.49 ^ _333_/CLK (sky130_fd_sc_hd__dfrtp_2)
     3    0.04    0.32    0.91    1.40 ^ _333_/Q (sky130_fd_sc_hd__dfrtp_2)
                                         one_second_counter[3] (net)
                  0.32    0.00    1.40 ^ _199_/B1 (sky130_fd_sc_hd__a31o_1)
     1    0.02    0.34    0.46    1.86 ^ _199_/X (sky130_fd_sc_hd__a31o_1)
                                         _093_ (net)
                  0.34    0.00    1.87 ^ _200_/C (sky130_fd_sc_hd__and3b_1)
     1    0.01    0.14    0.45    2.32 ^ _200_/X (sky130_fd_sc_hd__and3b_1)
                                         _094_ (net)
                  0.14    0.00    2.32 ^ _201_/A (sky130_fd_sc_hd__buf_1)
     1    0.02    0.36    0.38    2.70 ^ _201_/X (sky130_fd_sc_hd__buf_1)
                                         _020_ (net)
                  0.36    0.00    2.70 ^ _333_/D (sky130_fd_sc_hd__dfrtp_2)
                                  2.70   data arrival time

                          0.00    0.00   clock core_clock (rise edge)
                          0.00    0.00   clock source latency
     1    0.03    0.00    0.00    0.00 ^ clk (in)
                                         clk (net)
                  0.00    0.00    0.00 ^ clkbuf_0_clk/A (sky130_fd_sc_hd__clkbuf_16)
     4    0.05    0.11    0.23    0.23 ^ clkbuf_0_clk/X (sky130_fd_sc_hd__clkbuf_16)
                                         clknet_0_clk (net)
                  0.11    0.00    0.23 ^ clkbuf_2_3__f_clk/A (sky130_fd_sc_hd__clkbuf_16)
     9    0.03    0.09    0.26    0.49 ^ clkbuf_2_3__f_clk/X (sky130_fd_sc_hd__clkbuf_16)
                                         clknet_2_3__leaf_clk (net)
                  0.09    0.00    0.49 ^ _333_/CLK (sky130_fd_sc_hd__dfrtp_2)
                          0.00    0.49   clock reconvergence pessimism
                         -0.14    0.35   library hold time
                                  0.35   data required time
-----------------------------------------------------------------------------
                                  0.35   data required time
                                 -2.70   data arrival time
-----------------------------------------------------------------------------
                                  2.35   slack (MET)


Startpoint: _349_ (rising edge-triggered flip-flop clocked by core_clock)
Endpoint: _349_ (rising edge-triggered flip-flop clocked by core_clock)
Path Group: core_clock
Path Type: min
Corner: Slowest

Fanout     Cap    Slew   Delay    Time   Description
-----------------------------------------------------------------------------
                          0.00    0.00   clock core_clock (rise edge)
                          0.00    0.00   clock source latency
     1    0.03    0.00    0.00    0.00 ^ clk (in)
                                         clk (net)
                  0.00    0.00    0.00 ^ clkbuf_0_clk/A (sky130_fd_sc_hd__clkbuf_16)
     4    0.05    0.11    0.23    0.23 ^ clkbuf_0_clk/X (sky130_fd_sc_hd__clkbuf_16)
                                         clknet_0_clk (net)
                  0.11    0.00    0.23 ^ clkbuf_2_0__f_clk/A (sky130_fd_sc_hd__clkbuf_16)
     9    0.04    0.09    0.26    0.50 ^ clkbuf_2_0__f_clk/X (sky130_fd_sc_hd__clkbuf_16)
                                         clknet_2_0__leaf_clk (net)
                  0.09    0.00    0.50 ^ _349_/CLK (sky130_fd_sc_hd__dfrtp_4)
     4    0.04    0.25    0.97    1.47 ^ _349_/Q (sky130_fd_sc_hd__dfrtp_4)
                                         one_second_counter[19] (net)
                  0.25    0.00    1.48 ^ _256_/B1 (sky130_fd_sc_hd__a41o_1)
     1    0.02    0.29    0.39    1.87 ^ _256_/X (sky130_fd_sc_hd__a41o_1)
                                         _134_ (net)
                  0.29    0.00    1.87 ^ _260_/B (sky130_fd_sc_hd__and3_1)
     1    0.02    0.25    0.51    2.39 ^ _260_/X (sky130_fd_sc_hd__and3_1)
                                         _138_ (net)
                  0.25    0.00    2.39 ^ _261_/A (sky130_fd_sc_hd__buf_1)
     1    0.01    0.25    0.35    2.74 ^ _261_/X (sky130_fd_sc_hd__buf_1)
                                         _010_ (net)
                  0.25    0.00    2.74 ^ _349_/D (sky130_fd_sc_hd__dfrtp_4)
                                  2.74   data arrival time

                          0.00    0.00   clock core_clock (rise edge)
                          0.00    0.00   clock source latency
     1    0.03    0.00    0.00    0.00 ^ clk (in)
                                         clk (net)
                  0.00    0.00    0.00 ^ clkbuf_0_clk/A (sky130_fd_sc_hd__clkbuf_16)
     4    0.05    0.11    0.23    0.23 ^ clkbuf_0_clk/X (sky130_fd_sc_hd__clkbuf_16)
                                         clknet_0_clk (net)
                  0.11    0.00    0.23 ^ clkbuf_2_0__f_clk/A (sky130_fd_sc_hd__clkbuf_16)
     9    0.04    0.09    0.26    0.50 ^ clkbuf_2_0__f_clk/X (sky130_fd_sc_hd__clkbuf_16)
                                         clknet_2_0__leaf_clk (net)
                  0.09    0.00    0.50 ^ _349_/CLK (sky130_fd_sc_hd__dfrtp_4)
                          0.00    0.50   clock reconvergence pessimism
                         -0.12    0.39   library hold time
                                  0.39   data required time
-----------------------------------------------------------------------------
                                  0.39   data required time
                                 -2.74   data arrival time
-----------------------------------------------------------------------------
                                  2.35   slack (MET)


Startpoint: _334_ (rising edge-triggered flip-flop clocked by core_clock)
Endpoint: _334_ (rising edge-triggered flip-flop clocked by core_clock)
Path Group: core_clock
Path Type: min
Corner: Slowest

Fanout     Cap    Slew   Delay    Time   Description
-----------------------------------------------------------------------------
                          0.00    0.00   clock core_clock (rise edge)
                          0.00    0.00   clock source latency
     1    0.03    0.00    0.00    0.00 ^ clk (in)
                                         clk (net)
                  0.00    0.00    0.00 ^ clkbuf_0_clk/A (sky130_fd_sc_hd__clkbuf_16)
     4    0.05    0.11    0.23    0.23 ^ clkbuf_0_clk/X (sky130_fd_sc_hd__clkbuf_16)
                                         clknet_0_clk (net)
                  0.11    0.00    0.23 ^ clkbuf_2_0__f_clk/A (sky130_fd_sc_hd__clkbuf_16)
     9    0.04    0.09    0.26    0.50 ^ clkbuf_2_0__f_clk/X (sky130_fd_sc_hd__clkbuf_16)
                                         clknet_2_0__leaf_clk (net)
                  0.09    0.00    0.50 ^ _334_/CLK (sky130_fd_sc_hd__dfrtp_4)
     5    0.05    0.28    0.99    1.50 ^ _334_/Q (sky130_fd_sc_hd__dfrtp_4)
                                         one_second_counter[4] (net)
                  0.28    0.01    1.50 ^ _203_/A (sky130_fd_sc_hd__nand2_1)
     1    0.01    0.19    0.26    1.76 v _203_/Y (sky130_fd_sc_hd__nand2_1)
                                         _096_ (net)
                  0.19    0.00    1.76 v _205_/B (sky130_fd_sc_hd__and3_1)
     1    0.03    0.29    0.59    2.35 v _205_/X (sky130_fd_sc_hd__and3_1)
                                         _098_ (net)
                  0.29    0.00    2.36 v _206_/A (sky130_fd_sc_hd__buf_1)
     1    0.02    0.24    0.40    2.76 v _206_/X (sky130_fd_sc_hd__buf_1)
                                         _021_ (net)
                  0.24    0.00    2.76 v _334_/D (sky130_fd_sc_hd__dfrtp_4)
                                  2.76   data arrival time

                          0.00    0.00   clock core_clock (rise edge)
                          0.00    0.00   clock source latency
     1    0.03    0.00    0.00    0.00 ^ clk (in)
                                         clk (net)
                  0.00    0.00    0.00 ^ clkbuf_0_clk/A (sky130_fd_sc_hd__clkbuf_16)
     4    0.05    0.11    0.23    0.23 ^ clkbuf_0_clk/X (sky130_fd_sc_hd__clkbuf_16)
                                         clknet_0_clk (net)
                  0.11    0.00    0.23 ^ clkbuf_2_0__f_clk/A (sky130_fd_sc_hd__clkbuf_16)
     9    0.04    0.09    0.26    0.50 ^ clkbuf_2_0__f_clk/X (sky130_fd_sc_hd__clkbuf_16)
                                         clknet_2_0__leaf_clk (net)
                  0.09    0.00    0.50 ^ _334_/CLK (sky130_fd_sc_hd__dfrtp_4)
                          0.00    0.50   clock reconvergence pessimism
                         -0.15    0.35   library hold time
                                  0.35   data required time
-----------------------------------------------------------------------------
                                  0.35   data required time
                                 -2.76   data arrival time
-----------------------------------------------------------------------------
                                  2.41   slack (MET)


Startpoint: _346_ (rising edge-triggered flip-flop clocked by core_clock)
Endpoint: _346_ (rising edge-triggered flip-flop clocked by core_clock)
Path Group: core_clock
Path Type: min
Corner: Slowest

Fanout     Cap    Slew   Delay    Time   Description
-----------------------------------------------------------------------------
                          0.00    0.00   clock core_clock (rise edge)
                          0.00    0.00   clock source latency
     1    0.03    0.00    0.00    0.00 ^ clk (in)
                                         clk (net)
                  0.00    0.00    0.00 ^ clkbuf_0_clk/A (sky130_fd_sc_hd__clkbuf_16)
     4    0.05    0.11    0.23    0.23 ^ clkbuf_0_clk/X (sky130_fd_sc_hd__clkbuf_16)
                                         clknet_0_clk (net)
                  0.11    0.00    0.23 ^ clkbuf_2_3__f_clk/A (sky130_fd_sc_hd__clkbuf_16)
     9    0.03    0.09    0.26    0.49 ^ clkbuf_2_3__f_clk/X (sky130_fd_sc_hd__clkbuf_16)
                                         clknet_2_3__leaf_clk (net)
                  0.09    0.00    0.49 ^ _346_/CLK (sky130_fd_sc_hd__dfrtp_4)
     6    0.05    0.27    0.99    1.48 ^ _346_/Q (sky130_fd_sc_hd__dfrtp_4)
                                         one_second_counter[16] (net)
                  0.27    0.00    1.49 ^ _248_/A (sky130_fd_sc_hd__nand2_2)
     3    0.04    0.33    0.37    1.85 v _248_/Y (sky130_fd_sc_hd__nand2_2)
                                         _129_ (net)
                  0.33    0.00    1.86 v _249_/C (sky130_fd_sc_hd__and3_1)
     1    0.03    0.25    0.66    2.52 v _249_/X (sky130_fd_sc_hd__and3_1)
                                         _130_ (net)
                  0.25    0.00    2.52 v _250_/A (sky130_fd_sc_hd__clkbuf_1)
     1    0.01    0.11    0.29    2.81 v _250_/X (sky130_fd_sc_hd__clkbuf_1)
                                         _007_ (net)
                  0.11    0.00    2.81 v _346_/D (sky130_fd_sc_hd__dfrtp_4)
                                  2.81   data arrival time

                          0.00    0.00   clock core_clock (rise edge)
                          0.00    0.00   clock source latency
     1    0.03    0.00    0.00    0.00 ^ clk (in)
                                         clk (net)
                  0.00    0.00    0.00 ^ clkbuf_0_clk/A (sky130_fd_sc_hd__clkbuf_16)
     4    0.05    0.11    0.23    0.23 ^ clkbuf_0_clk/X (sky130_fd_sc_hd__clkbuf_16)
                                         clknet_0_clk (net)
                  0.11    0.00    0.23 ^ clkbuf_2_3__f_clk/A (sky130_fd_sc_hd__clkbuf_16)
     9    0.03    0.09    0.26    0.49 ^ clkbuf_2_3__f_clk/X (sky130_fd_sc_hd__clkbuf_16)
                                         clknet_2_3__leaf_clk (net)
                  0.09    0.00    0.49 ^ _346_/CLK (sky130_fd_sc_hd__dfrtp_4)
                          0.00    0.49   clock reconvergence pessimism
                         -0.10    0.39   library hold time
                                  0.39   data required time
-----------------------------------------------------------------------------
                                  0.39   data required time
                                 -2.81   data arrival time
-----------------------------------------------------------------------------
                                  2.42   slack (MET)


Startpoint: _356_ (rising edge-triggered flip-flop clocked by core_clock)
Endpoint: _357_ (rising edge-triggered flip-flop clocked by core_clock)
Path Group: core_clock
Path Type: min
Corner: Slowest

Fanout     Cap    Slew   Delay    Time   Description
-----------------------------------------------------------------------------
                          0.00    0.00   clock core_clock (rise edge)
                          0.00    0.00   clock source latency
     1    0.03    0.00    0.00    0.00 ^ clk (in)
                                         clk (net)
                  0.00    0.00    0.00 ^ clkbuf_0_clk/A (sky130_fd_sc_hd__clkbuf_16)
     4    0.05    0.11    0.23    0.23 ^ clkbuf_0_clk/X (sky130_fd_sc_hd__clkbuf_16)
                                         clknet_0_clk (net)
                  0.11    0.00    0.23 ^ clkbuf_2_0__f_clk/A (sky130_fd_sc_hd__clkbuf_16)
     9    0.04    0.09    0.26    0.50 ^ clkbuf_2_0__f_clk/X (sky130_fd_sc_hd__clkbuf_16)
                                         clknet_2_0__leaf_clk (net)
                  0.09    0.00    0.50 ^ _356_/CLK (sky130_fd_sc_hd__dfrtp_1)
     2    0.02    0.28    0.81    1.32 ^ _356_/Q (sky130_fd_sc_hd__dfrtp_1)
                                         one_second_counter[26] (net)
                  0.28    0.00    1.32 ^ _187_/B1_N (sky130_fd_sc_hd__a21bo_2)
     9    0.06    0.28    0.70    2.02 v _187_/X (sky130_fd_sc_hd__a21bo_2)
                                         _085_ (net)
                  0.28    0.01    2.03 v _188_/A (sky130_fd_sc_hd__inv_2)
     2    0.03    0.21    0.28    2.31 ^ _188_/Y (sky130_fd_sc_hd__inv_2)
                                         _086_ (net)
                  0.21    0.00    2.31 ^ _189_/A (sky130_fd_sc_hd__clkbuf_4)
    10    0.08    0.38    0.54    2.85 ^ _189_/X (sky130_fd_sc_hd__clkbuf_4)
                                         _027_ (net)
                  0.38    0.01    2.85 ^ _357_/D (sky130_fd_sc_hd__dfrtp_4)
                                  2.85   data arrival time

                          0.00    0.00   clock core_clock (rise edge)
                          0.00    0.00   clock source latency
     1    0.03    0.00    0.00    0.00 ^ clk (in)
                                         clk (net)
                  0.00    0.00    0.00 ^ clkbuf_0_clk/A (sky130_fd_sc_hd__clkbuf_16)
     4    0.05    0.11    0.23    0.23 ^ clkbuf_0_clk/X (sky130_fd_sc_hd__clkbuf_16)
                                         clknet_0_clk (net)
                  0.11    0.00    0.23 ^ clkbuf_2_0__f_clk/A (sky130_fd_sc_hd__clkbuf_16)
     9    0.04    0.09    0.26    0.50 ^ clkbuf_2_0__f_clk/X (sky130_fd_sc_hd__clkbuf_16)
                                         clknet_2_0__leaf_clk (net)
                  0.09    0.00    0.50 ^ _357_/CLK (sky130_fd_sc_hd__dfrtp_4)
                          0.00    0.50   clock reconvergence pessimism
                         -0.15    0.35   library hold time
                                  0.35   data required time
-----------------------------------------------------------------------------
                                  0.35   data required time
                                 -2.85   data arrival time
-----------------------------------------------------------------------------
                                  2.50   slack (MET)


Startpoint: _331_ (rising edge-triggered flip-flop clocked by core_clock)
Endpoint: _331_ (rising edge-triggered flip-flop clocked by core_clock)
Path Group: core_clock
Path Type: min
Corner: Slowest

Fanout     Cap    Slew   Delay    Time   Description
-----------------------------------------------------------------------------
                          0.00    0.00   clock core_clock (rise edge)
                          0.00    0.00   clock source latency
     1    0.03    0.00    0.00    0.00 ^ clk (in)
                                         clk (net)
                  0.00    0.00    0.00 ^ clkbuf_0_clk/A (sky130_fd_sc_hd__clkbuf_16)
     4    0.05    0.11    0.23    0.23 ^ clkbuf_0_clk/X (sky130_fd_sc_hd__clkbuf_16)
                                         clknet_0_clk (net)
                  0.11    0.00    0.23 ^ clkbuf_2_0__f_clk/A (sky130_fd_sc_hd__clkbuf_16)
     9    0.04    0.09    0.26    0.50 ^ clkbuf_2_0__f_clk/X (sky130_fd_sc_hd__clkbuf_16)
                                         clknet_2_0__leaf_clk (net)
                  0.09    0.00    0.50 ^ _331_/CLK (sky130_fd_sc_hd__dfrtp_4)
     6    0.05    0.27    0.99    1.49 ^ _331_/Q (sky130_fd_sc_hd__dfrtp_4)
                                         one_second_counter[1] (net)
                  0.27    0.01    1.50 ^ _191_/A (sky130_fd_sc_hd__nand2_1)
     2    0.02    0.39    0.42    1.92 v _191_/Y (sky130_fd_sc_hd__nand2_1)
                                         _087_ (net)
                  0.39    0.00    1.93 v _193_/A (sky130_fd_sc_hd__and3_1)
     1    0.03    0.28    0.64    2.57 v _193_/X (sky130_fd_sc_hd__and3_1)
                                         _089_ (net)
                  0.28    0.00    2.57 v _194_/A (sky130_fd_sc_hd__buf_1)
     1    0.01    0.16    0.34    2.92 v _194_/X (sky130_fd_sc_hd__buf_1)
                                         _011_ (net)
                  0.16    0.00    2.92 v _331_/D (sky130_fd_sc_hd__dfrtp_4)
                                  2.92   data arrival time

                          0.00    0.00   clock core_clock (rise edge)
                          0.00    0.00   clock source latency
     1    0.03    0.00    0.00    0.00 ^ clk (in)
                                         clk (net)
                  0.00    0.00    0.00 ^ clkbuf_0_clk/A (sky130_fd_sc_hd__clkbuf_16)
     4    0.05    0.11    0.23    0.23 ^ clkbuf_0_clk/X (sky130_fd_sc_hd__clkbuf_16)
                                         clknet_0_clk (net)
                  0.11    0.00    0.23 ^ clkbuf_2_0__f_clk/A (sky130_fd_sc_hd__clkbuf_16)
     9    0.04    0.09    0.26    0.50 ^ clkbuf_2_0__f_clk/X (sky130_fd_sc_hd__clkbuf_16)
                                         clknet_2_0__leaf_clk (net)
                  0.09    0.00    0.50 ^ _331_/CLK (sky130_fd_sc_hd__dfrtp_4)
                          0.00    0.50   clock reconvergence pessimism
                         -0.12    0.38   library hold time
                                  0.38   data required time
-----------------------------------------------------------------------------
                                  0.38   data required time
                                 -2.92   data arrival time
-----------------------------------------------------------------------------
                                  2.53   slack (MET)


Startpoint: _344_ (rising edge-triggered flip-flop clocked by core_clock)
Endpoint: _344_ (rising edge-triggered flip-flop clocked by core_clock)
Path Group: core_clock
Path Type: min
Corner: Slowest

Fanout     Cap    Slew   Delay    Time   Description
-----------------------------------------------------------------------------
                          0.00    0.00   clock core_clock (rise edge)
                          0.00    0.00   clock source latency
     1    0.03    0.00    0.00    0.00 ^ clk (in)
                                         clk (net)
                  0.00    0.00    0.00 ^ clkbuf_0_clk/A (sky130_fd_sc_hd__clkbuf_16)
     4    0.05    0.11    0.23    0.23 ^ clkbuf_0_clk/X (sky130_fd_sc_hd__clkbuf_16)
                                         clknet_0_clk (net)
                  0.11    0.00    0.23 ^ clkbuf_2_3__f_clk/A (sky130_fd_sc_hd__clkbuf_16)
     9    0.03    0.09    0.26    0.49 ^ clkbuf_2_3__f_clk/X (sky130_fd_sc_hd__clkbuf_16)
                                         clknet_2_3__leaf_clk (net)
                  0.09    0.00    0.49 ^ _344_/CLK (sky130_fd_sc_hd__dfrtp_2)
     3    0.04    0.30    0.89    1.39 ^ _344_/Q (sky130_fd_sc_hd__dfrtp_2)
                                         one_second_counter[14] (net)
                  0.30    0.00    1.39 ^ _238_/A (sky130_fd_sc_hd__inv_2)
     2    0.03    0.15    0.24    1.63 v _238_/Y (sky130_fd_sc_hd__inv_2)
                                         _121_ (net)
                  0.15    0.00    1.63 v _239_/A (sky130_fd_sc_hd__nand2_1)
     1    0.01    0.20    0.23    1.86 ^ _239_/Y (sky130_fd_sc_hd__nand2_1)
                                         _122_ (net)
                  0.20    0.00    1.86 ^ _241_/B (sky130_fd_sc_hd__and3_1)
     1    0.02    0.31    0.53    2.39 ^ _241_/X (sky130_fd_sc_hd__and3_1)
                                         _124_ (net)
                  0.31    0.00    2.39 ^ _242_/A (sky130_fd_sc_hd__buf_1)
     1    0.02    0.46    0.52    2.91 ^ _242_/X (sky130_fd_sc_hd__buf_1)
                                         _005_ (net)
                  0.46    0.00    2.91 ^ _344_/D (sky130_fd_sc_hd__dfrtp_2)
                                  2.91   data arrival time

                          0.00    0.00   clock core_clock (rise edge)
                          0.00    0.00   clock source latency
     1    0.03    0.00    0.00    0.00 ^ clk (in)
                                         clk (net)
                  0.00    0.00    0.00 ^ clkbuf_0_clk/A (sky130_fd_sc_hd__clkbuf_16)
     4    0.05    0.11    0.23    0.23 ^ clkbuf_0_clk/X (sky130_fd_sc_hd__clkbuf_16)
                                         clknet_0_clk (net)
                  0.11    0.00    0.23 ^ clkbuf_2_3__f_clk/A (sky130_fd_sc_hd__clkbuf_16)
     9    0.03    0.09    0.26    0.49 ^ clkbuf_2_3__f_clk/X (sky130_fd_sc_hd__clkbuf_16)
                                         clknet_2_3__leaf_clk (net)
                  0.09    0.00    0.49 ^ _344_/CLK (sky130_fd_sc_hd__dfrtp_2)
                          0.00    0.49   clock reconvergence pessimism
                         -0.16    0.33   library hold time
                                  0.33   data required time
-----------------------------------------------------------------------------
                                  0.33   data required time
                                 -2.91   data arrival time
-----------------------------------------------------------------------------
                                  2.58   slack (MET)



worst slack corner Slowest: 1.3803
======================= Typical Corner ===================================

Startpoint: _356_ (rising edge-triggered flip-flop clocked by core_clock)
Endpoint: _356_ (rising edge-triggered flip-flop clocked by core_clock)
Path Group: core_clock
Path Type: min
Corner: Typical

Fanout     Cap    Slew   Delay    Time   Description
-----------------------------------------------------------------------------
                          0.00    0.00   clock core_clock (rise edge)
                          0.00    0.00   clock source latency
     1    0.03    0.00    0.00    0.00 ^ clk (in)
                                         clk (net)
                  0.00    0.00    0.00 ^ clkbuf_0_clk/A (sky130_fd_sc_hd__clkbuf_16)
     4    0.05    0.07    0.13    0.13 ^ clkbuf_0_clk/X (sky130_fd_sc_hd__clkbuf_16)
                                         clknet_0_clk (net)
                  0.07    0.00    0.14 ^ clkbuf_2_0__f_clk/A (sky130_fd_sc_hd__clkbuf_16)
     9    0.04    0.06    0.15    0.29 ^ clkbuf_2_0__f_clk/X (sky130_fd_sc_hd__clkbuf_16)
                                         clknet_2_0__leaf_clk (net)
                  0.06    0.00    0.29 ^ _356_/CLK (sky130_fd_sc_hd__dfrtp_1)
     2    0.02    0.17    0.42    0.71 ^ _356_/Q (sky130_fd_sc_hd__dfrtp_1)
                                         one_second_counter[26] (net)
                  0.17    0.00    0.71 ^ _284_/A1 (sky130_fd_sc_hd__o211a_1)
     1    0.01    0.10    0.22    0.94 ^ _284_/X (sky130_fd_sc_hd__o211a_1)
                                         _018_ (net)
                  0.10    0.00    0.94 ^ _356_/D (sky130_fd_sc_hd__dfrtp_1)
                                  0.94   data arrival time

                          0.00    0.00   clock core_clock (rise edge)
                          0.00    0.00   clock source latency
     1    0.03    0.00    0.00    0.00 ^ clk (in)
                                         clk (net)
                  0.00    0.00    0.00 ^ clkbuf_0_clk/A (sky130_fd_sc_hd__clkbuf_16)
     4    0.05    0.07    0.13    0.13 ^ clkbuf_0_clk/X (sky130_fd_sc_hd__clkbuf_16)
                                         clknet_0_clk (net)
                  0.07    0.00    0.14 ^ clkbuf_2_0__f_clk/A (sky130_fd_sc_hd__clkbuf_16)
     9    0.04    0.06    0.15    0.29 ^ clkbuf_2_0__f_clk/X (sky130_fd_sc_hd__clkbuf_16)
                                         clknet_2_0__leaf_clk (net)
                  0.06    0.00    0.29 ^ _356_/CLK (sky130_fd_sc_hd__dfrtp_1)
                          0.00    0.29   clock reconvergence pessimism
                         -0.04    0.24   library hold time
                                  0.24   data required time
-----------------------------------------------------------------------------
                                  0.24   data required time
                                 -0.94   data arrival time
-----------------------------------------------------------------------------
                                  0.69   slack (MET)


Startpoint: _357_ (rising edge-triggered flip-flop clocked by core_clock)
Endpoint: _358_ (rising edge-triggered flip-flop clocked by core_clock)
Path Group: core_clock
Path Type: min
Corner: Typical

Fanout     Cap    Slew   Delay    Time   Description
-----------------------------------------------------------------------------
                          0.00    0.00   clock core_clock (rise edge)
                          0.00    0.00   clock source latency
     1    0.03    0.00    0.00    0.00 ^ clk (in)
                                         clk (net)
                  0.00    0.00    0.00 ^ clkbuf_0_clk/A (sky130_fd_sc_hd__clkbuf_16)
     4    0.05    0.07    0.13    0.13 ^ clkbuf_0_clk/X (sky130_fd_sc_hd__clkbuf_16)
                                         clknet_0_clk (net)
                  0.07    0.00    0.14 ^ clkbuf_2_0__f_clk/A (sky130_fd_sc_hd__clkbuf_16)
     9    0.04    0.06    0.15    0.29 ^ clkbuf_2_0__f_clk/X (sky130_fd_sc_hd__clkbuf_16)
                                         clknet_2_0__leaf_clk (net)
                  0.06    0.00    0.29 ^ _357_/CLK (sky130_fd_sc_hd__dfrtp_4)
     5    0.05    0.16    0.50    0.79 ^ _357_/Q (sky130_fd_sc_hd__dfrtp_4)
                                         one_second_enable (net)
                  0.16    0.00    0.79 ^ _174_/A1 (sky130_fd_sc_hd__a21oi_1)
     1    0.01    0.08    0.15    0.94 v _174_/Y (sky130_fd_sc_hd__a21oi_1)
                                         _060_ (net)
                  0.08    0.00    0.95 v _358_/D (sky130_fd_sc_hd__dfrtp_4)
                                  0.95   data arrival time

                          0.00    0.00   clock core_clock (rise edge)
                          0.00    0.00   clock source latency
     1    0.03    0.00    0.00    0.00 ^ clk (in)
                                         clk (net)
                  0.00    0.00    0.00 ^ clkbuf_0_clk/A (sky130_fd_sc_hd__clkbuf_16)
     4    0.05    0.07    0.13    0.13 ^ clkbuf_0_clk/X (sky130_fd_sc_hd__clkbuf_16)
                                         clknet_0_clk (net)
                  0.07    0.00    0.14 ^ clkbuf_2_1__f_clk/A (sky130_fd_sc_hd__clkbuf_16)
    10    0.04    0.06    0.15    0.28 ^ clkbuf_2_1__f_clk/X (sky130_fd_sc_hd__clkbuf_16)
                                         clknet_2_1__leaf_clk (net)
                  0.06    0.00    0.29 ^ _358_/CLK (sky130_fd_sc_hd__dfrtp_4)
                          0.00    0.29   clock reconvergence pessimism
                         -0.05    0.23   library hold time
                                  0.23   data required time
-----------------------------------------------------------------------------
                                  0.23   data required time
                                 -0.95   data arrival time
-----------------------------------------------------------------------------
                                  0.72   slack (MET)


Startpoint: _361_ (rising edge-triggered flip-flop clocked by core_clock)
Endpoint: _361_ (rising edge-triggered flip-flop clocked by core_clock)
Path Group: core_clock
Path Type: min
Corner: Typical

Fanout     Cap    Slew   Delay    Time   Description
-----------------------------------------------------------------------------
                          0.00    0.00   clock core_clock (rise edge)
                          0.00    0.00   clock source latency
     1    0.03    0.00    0.00    0.00 ^ clk (in)
                                         clk (net)
                  0.00    0.00    0.00 ^ clkbuf_0_clk/A (sky130_fd_sc_hd__clkbuf_16)
     4    0.05    0.07    0.13    0.13 ^ clkbuf_0_clk/X (sky130_fd_sc_hd__clkbuf_16)
                                         clknet_0_clk (net)
                  0.07    0.00    0.14 ^ clkbuf_2_1__f_clk/A (sky130_fd_sc_hd__clkbuf_16)
    10    0.04    0.06    0.15    0.28 ^ clkbuf_2_1__f_clk/X (sky130_fd_sc_hd__clkbuf_16)
                                         clknet_2_1__leaf_clk (net)
                  0.06    0.00    0.29 ^ _361_/CLK (sky130_fd_sc_hd__dfrtp_4)
     6    0.06    0.19    0.53    0.82 ^ _361_/Q (sky130_fd_sc_hd__dfrtp_4)
                                         decoder.digit[3] (net)
                  0.19    0.00    0.82 ^ _164_/A (sky130_fd_sc_hd__xnor2_1)
     1    0.01    0.08    0.14    0.96 v _164_/Y (sky130_fd_sc_hd__xnor2_1)
                                         _063_ (net)
                  0.08    0.00    0.96 v _361_/D (sky130_fd_sc_hd__dfrtp_4)
                                  0.96   data arrival time

                          0.00    0.00   clock core_clock (rise edge)
                          0.00    0.00   clock source latency
     1    0.03    0.00    0.00    0.00 ^ clk (in)
                                         clk (net)
                  0.00    0.00    0.00 ^ clkbuf_0_clk/A (sky130_fd_sc_hd__clkbuf_16)
     4    0.05    0.07    0.13    0.13 ^ clkbuf_0_clk/X (sky130_fd_sc_hd__clkbuf_16)
                                         clknet_0_clk (net)
                  0.07    0.00    0.14 ^ clkbuf_2_1__f_clk/A (sky130_fd_sc_hd__clkbuf_16)
    10    0.04    0.06    0.15    0.28 ^ clkbuf_2_1__f_clk/X (sky130_fd_sc_hd__clkbuf_16)
                                         clknet_2_1__leaf_clk (net)
                  0.06    0.00    0.29 ^ _361_/CLK (sky130_fd_sc_hd__dfrtp_4)
                          0.00    0.29   clock reconvergence pessimism
                         -0.05    0.23   library hold time
                                  0.23   data required time
-----------------------------------------------------------------------------
                                  0.23   data required time
                                 -0.96   data arrival time
-----------------------------------------------------------------------------
                                  0.73   slack (MET)


Startpoint: _330_ (rising edge-triggered flip-flop clocked by core_clock)
Endpoint: _330_ (rising edge-triggered flip-flop clocked by core_clock)
Path Group: core_clock
Path Type: min
Corner: Typical

Fanout     Cap    Slew   Delay    Time   Description
-----------------------------------------------------------------------------
                          0.00    0.00   clock core_clock (rise edge)
                          0.00    0.00   clock source latency
     1    0.03    0.00    0.00    0.00 ^ clk (in)
                                         clk (net)
                  0.00    0.00    0.00 ^ clkbuf_0_clk/A (sky130_fd_sc_hd__clkbuf_16)
     4    0.05    0.07    0.13    0.13 ^ clkbuf_0_clk/X (sky130_fd_sc_hd__clkbuf_16)
                                         clknet_0_clk (net)
                  0.07    0.00    0.14 ^ clkbuf_2_3__f_clk/A (sky130_fd_sc_hd__clkbuf_16)
     9    0.03    0.05    0.15    0.28 ^ clkbuf_2_3__f_clk/X (sky130_fd_sc_hd__clkbuf_16)
                                         clknet_2_3__leaf_clk (net)
                  0.05    0.00    0.28 ^ _330_/CLK (sky130_fd_sc_hd__dfrtp_4)
     7    0.06    0.18    0.51    0.80 ^ _330_/Q (sky130_fd_sc_hd__dfrtp_4)
                                         one_second_counter[0] (net)
                  0.18    0.01    0.81 ^ _190_/A (sky130_fd_sc_hd__nor2_1)
     1    0.02    0.11    0.15    0.96 v _190_/Y (sky130_fd_sc_hd__nor2_1)
                                         _000_ (net)
                  0.11    0.00    0.96 v _330_/D (sky130_fd_sc_hd__dfrtp_4)
                                  0.96   data arrival time

                          0.00    0.00   clock core_clock (rise edge)
                          0.00    0.00   clock source latency
     1    0.03    0.00    0.00    0.00 ^ clk (in)
                                         clk (net)
                  0.00    0.00    0.00 ^ clkbuf_0_clk/A (sky130_fd_sc_hd__clkbuf_16)
     4    0.05    0.07    0.13    0.13 ^ clkbuf_0_clk/X (sky130_fd_sc_hd__clkbuf_16)
                                         clknet_0_clk (net)
                  0.07    0.00    0.14 ^ clkbuf_2_3__f_clk/A (sky130_fd_sc_hd__clkbuf_16)
     9    0.03    0.05    0.15    0.28 ^ clkbuf_2_3__f_clk/X (sky130_fd_sc_hd__clkbuf_16)
                                         clknet_2_3__leaf_clk (net)
                  0.05    0.00    0.28 ^ _330_/CLK (sky130_fd_sc_hd__dfrtp_4)
                          0.00    0.28   clock reconvergence pessimism
                         -0.07    0.22   library hold time
                                  0.22   data required time
-----------------------------------------------------------------------------
                                  0.22   data required time
                                 -0.96   data arrival time
-----------------------------------------------------------------------------
                                  0.74   slack (MET)


Startpoint: _353_ (rising edge-triggered flip-flop clocked by core_clock)
Endpoint: _353_ (rising edge-triggered flip-flop clocked by core_clock)
Path Group: core_clock
Path Type: min
Corner: Typical

Fanout     Cap    Slew   Delay    Time   Description
-----------------------------------------------------------------------------
                          0.00    0.00   clock core_clock (rise edge)
                          0.00    0.00   clock source latency
     1    0.03    0.00    0.00    0.00 ^ clk (in)
                                         clk (net)
                  0.00    0.00    0.00 ^ clkbuf_0_clk/A (sky130_fd_sc_hd__clkbuf_16)
     4    0.05    0.07    0.13    0.13 ^ clkbuf_0_clk/X (sky130_fd_sc_hd__clkbuf_16)
                                         clknet_0_clk (net)
                  0.07    0.00    0.14 ^ clkbuf_2_2__f_clk/A (sky130_fd_sc_hd__clkbuf_16)
     7    0.03    0.05    0.15    0.28 ^ clkbuf_2_2__f_clk/X (sky130_fd_sc_hd__clkbuf_16)
                                         clknet_2_2__leaf_clk (net)
                  0.05    0.00    0.28 ^ _353_/CLK (sky130_fd_sc_hd__dfrtp_2)
     2    0.03    0.11    0.47    0.75 v _353_/Q (sky130_fd_sc_hd__dfrtp_2)
                                         one_second_counter[23] (net)
                  0.11    0.01    0.75 v _273_/A (sky130_fd_sc_hd__inv_2)
     1    0.02    0.09    0.12    0.88 ^ _273_/Y (sky130_fd_sc_hd__inv_2)
                                         _147_ (net)
                  0.09    0.00    0.88 ^ _275_/A1 (sky130_fd_sc_hd__a221oi_1)
     1    0.01    0.10    0.12    0.99 v _275_/Y (sky130_fd_sc_hd__a221oi_1)
                                         _015_ (net)
                  0.10    0.00    1.00 v _353_/D (sky130_fd_sc_hd__dfrtp_2)
                                  1.00   data arrival time

                          0.00    0.00   clock core_clock (rise edge)
                          0.00    0.00   clock source latency
     1    0.03    0.00    0.00    0.00 ^ clk (in)
                                         clk (net)
                  0.00    0.00    0.00 ^ clkbuf_0_clk/A (sky130_fd_sc_hd__clkbuf_16)
     4    0.05    0.07    0.13    0.13 ^ clkbuf_0_clk/X (sky130_fd_sc_hd__clkbuf_16)
                                         clknet_0_clk (net)
                  0.07    0.00    0.14 ^ clkbuf_2_2__f_clk/A (sky130_fd_sc_hd__clkbuf_16)
     7    0.03    0.05    0.15    0.28 ^ clkbuf_2_2__f_clk/X (sky130_fd_sc_hd__clkbuf_16)
                                         clknet_2_2__leaf_clk (net)
                  0.05    0.00    0.28 ^ _353_/CLK (sky130_fd_sc_hd__dfrtp_2)
                          0.00    0.28   clock reconvergence pessimism
                         -0.06    0.22   library hold time
                                  0.22   data required time
-----------------------------------------------------------------------------
                                  0.22   data required time
                                 -1.00   data arrival time
-----------------------------------------------------------------------------
                                  0.77   slack (MET)


Startpoint: _336_ (rising edge-triggered flip-flop clocked by core_clock)
Endpoint: _337_ (rising edge-triggered flip-flop clocked by core_clock)
Path Group: core_clock
Path Type: min
Corner: Typical

Fanout     Cap    Slew   Delay    Time   Description
-----------------------------------------------------------------------------
                          0.00    0.00   clock core_clock (rise edge)
                          0.00    0.00   clock source latency
     1    0.03    0.00    0.00    0.00 ^ clk (in)
                                         clk (net)
                  0.00    0.00    0.00 ^ clkbuf_0_clk/A (sky130_fd_sc_hd__clkbuf_16)
     4    0.05    0.07    0.13    0.13 ^ clkbuf_0_clk/X (sky130_fd_sc_hd__clkbuf_16)
                                         clknet_0_clk (net)
                  0.07    0.00    0.14 ^ clkbuf_2_0__f_clk/A (sky130_fd_sc_hd__clkbuf_16)
     9    0.04    0.06    0.15    0.29 ^ clkbuf_2_0__f_clk/X (sky130_fd_sc_hd__clkbuf_16)
                                         clknet_2_0__leaf_clk (net)
                  0.06    0.00    0.29 ^ _336_/CLK (sky130_fd_sc_hd__dfrtp_1)
     3    0.02    0.11    0.44    0.72 v _336_/Q (sky130_fd_sc_hd__dfrtp_1)
                                         one_second_counter[6] (net)
                  0.11    0.00    0.72 v _211_/A (sky130_fd_sc_hd__nand2_1)
     2    0.01    0.14    0.16    0.88 ^ _211_/Y (sky130_fd_sc_hd__nand2_1)
                                         _102_ (net)
                  0.14    0.00    0.88 ^ _215_/A2 (sky130_fd_sc_hd__a211oi_2)
     1    0.02    0.07    0.13    1.01 v _215_/Y (sky130_fd_sc_hd__a211oi_2)
                                         _024_ (net)
                  0.07    0.00    1.01 v _337_/D (sky130_fd_sc_hd__dfrtp_1)
                                  1.01   data arrival time

                          0.00    0.00   clock core_clock (rise edge)
                          0.00    0.00   clock source latency
     1    0.03    0.00    0.00    0.00 ^ clk (in)
                                         clk (net)
                  0.00    0.00    0.00 ^ clkbuf_0_clk/A (sky130_fd_sc_hd__clkbuf_16)
     4    0.05    0.07    0.13    0.13 ^ clkbuf_0_clk/X (sky130_fd_sc_hd__clkbuf_16)
                                         clknet_0_clk (net)
                  0.07    0.00    0.14 ^ clkbuf_2_0__f_clk/A (sky130_fd_sc_hd__clkbuf_16)
     9    0.04    0.06    0.15    0.29 ^ clkbuf_2_0__f_clk/X (sky130_fd_sc_hd__clkbuf_16)
                                         clknet_2_0__leaf_clk (net)
                  0.06    0.00    0.29 ^ _337_/CLK (sky130_fd_sc_hd__dfrtp_1)
                          0.00    0.29   clock reconvergence pessimism
                         -0.05    0.24   library hold time
                                  0.24   data required time
-----------------------------------------------------------------------------
                                  0.24   data required time
                                 -1.01   data arrival time
-----------------------------------------------------------------------------
                                  0.78   slack (MET)


Startpoint: _345_ (rising edge-triggered flip-flop clocked by core_clock)
Endpoint: _345_ (rising edge-triggered flip-flop clocked by core_clock)
Path Group: core_clock
Path Type: min
Corner: Typical

Fanout     Cap    Slew   Delay    Time   Description
-----------------------------------------------------------------------------
                          0.00    0.00   clock core_clock (rise edge)
                          0.00    0.00   clock source latency
     1    0.03    0.00    0.00    0.00 ^ clk (in)
                                         clk (net)
                  0.00    0.00    0.00 ^ clkbuf_0_clk/A (sky130_fd_sc_hd__clkbuf_16)
     4    0.05    0.07    0.13    0.13 ^ clkbuf_0_clk/X (sky130_fd_sc_hd__clkbuf_16)
                                         clknet_0_clk (net)
                  0.07    0.00    0.14 ^ clkbuf_2_3__f_clk/A (sky130_fd_sc_hd__clkbuf_16)
     9    0.03    0.05    0.15    0.28 ^ clkbuf_2_3__f_clk/X (sky130_fd_sc_hd__clkbuf_16)
                                         clknet_2_3__leaf_clk (net)
                  0.05    0.00    0.28 ^ _345_/CLK (sky130_fd_sc_hd__dfrtp_2)
     3    0.04    0.12    0.48    0.76 v _345_/Q (sky130_fd_sc_hd__dfrtp_2)
                                         one_second_counter[15] (net)
                  0.12    0.00    0.76 v _243_/A (sky130_fd_sc_hd__inv_2)
     1    0.01    0.06    0.09    0.86 ^ _243_/Y (sky130_fd_sc_hd__inv_2)
                                         _125_ (net)
                  0.06    0.00    0.86 ^ _246_/A1 (sky130_fd_sc_hd__a211oi_1)
     1    0.02    0.11    0.14    0.99 v _246_/Y (sky130_fd_sc_hd__a211oi_1)
                                         _006_ (net)
                  0.11    0.00    1.00 v _345_/D (sky130_fd_sc_hd__dfrtp_2)
                                  1.00   data arrival time

                          0.00    0.00   clock core_clock (rise edge)
                          0.00    0.00   clock source latency
     1    0.03    0.00    0.00    0.00 ^ clk (in)
                                         clk (net)
                  0.00    0.00    0.00 ^ clkbuf_0_clk/A (sky130_fd_sc_hd__clkbuf_16)
     4    0.05    0.07    0.13    0.13 ^ clkbuf_0_clk/X (sky130_fd_sc_hd__clkbuf_16)
                                         clknet_0_clk (net)
                  0.07    0.00    0.14 ^ clkbuf_2_3__f_clk/A (sky130_fd_sc_hd__clkbuf_16)
     9    0.03    0.05    0.15    0.28 ^ clkbuf_2_3__f_clk/X (sky130_fd_sc_hd__clkbuf_16)
                                         clknet_2_3__leaf_clk (net)
                  0.05    0.00    0.28 ^ _345_/CLK (sky130_fd_sc_hd__dfrtp_2)
                          0.00    0.28   clock reconvergence pessimism
                         -0.07    0.22   library hold time
                                  0.22   data required time
-----------------------------------------------------------------------------
                                  0.22   data required time
                                 -1.00   data arrival time
-----------------------------------------------------------------------------
                                  0.78   slack (MET)


Startpoint: _351_ (rising edge-triggered flip-flop clocked by core_clock)
Endpoint: _351_ (rising edge-triggered flip-flop clocked by core_clock)
Path Group: core_clock
Path Type: min
Corner: Typical

Fanout     Cap    Slew   Delay    Time   Description
-----------------------------------------------------------------------------
                          0.00    0.00   clock core_clock (rise edge)
                          0.00    0.00   clock source latency
     1    0.03    0.00    0.00    0.00 ^ clk (in)
                                         clk (net)
                  0.00    0.00    0.00 ^ clkbuf_0_clk/A (sky130_fd_sc_hd__clkbuf_16)
     4    0.05    0.07    0.13    0.13 ^ clkbuf_0_clk/X (sky130_fd_sc_hd__clkbuf_16)
                                         clknet_0_clk (net)
                  0.07    0.00    0.14 ^ clkbuf_2_1__f_clk/A (sky130_fd_sc_hd__clkbuf_16)
    10    0.04    0.06    0.15    0.28 ^ clkbuf_2_1__f_clk/X (sky130_fd_sc_hd__clkbuf_16)
                                         clknet_2_1__leaf_clk (net)
                  0.06    0.00    0.29 ^ _351_/CLK (sky130_fd_sc_hd__dfrtp_2)
     3    0.03    0.10    0.46    0.75 v _351_/Q (sky130_fd_sc_hd__dfrtp_2)
                                         one_second_counter[21] (net)
                  0.10    0.00    0.75 v _266_/A (sky130_fd_sc_hd__inv_2)
     1    0.03    0.12    0.14    0.89 ^ _266_/Y (sky130_fd_sc_hd__inv_2)
                                         _142_ (net)
                  0.12    0.00    0.89 ^ _268_/A1 (sky130_fd_sc_hd__a211oi_1)
     1    0.01    0.09    0.12    1.01 v _268_/Y (sky130_fd_sc_hd__a211oi_1)
                                         _013_ (net)
                  0.09    0.00    1.01 v _351_/D (sky130_fd_sc_hd__dfrtp_2)
                                  1.01   data arrival time

                          0.00    0.00   clock core_clock (rise edge)
                          0.00    0.00   clock source latency
     1    0.03    0.00    0.00    0.00 ^ clk (in)
                                         clk (net)
                  0.00    0.00    0.00 ^ clkbuf_0_clk/A (sky130_fd_sc_hd__clkbuf_16)
     4    0.05    0.07    0.13    0.13 ^ clkbuf_0_clk/X (sky130_fd_sc_hd__clkbuf_16)
                                         clknet_0_clk (net)
                  0.07    0.00    0.14 ^ clkbuf_2_1__f_clk/A (sky130_fd_sc_hd__clkbuf_16)
    10    0.04    0.06    0.15    0.28 ^ clkbuf_2_1__f_clk/X (sky130_fd_sc_hd__clkbuf_16)
                                         clknet_2_1__leaf_clk (net)
                  0.06    0.00    0.29 ^ _351_/CLK (sky130_fd_sc_hd__dfrtp_2)
                          0.00    0.29   clock reconvergence pessimism
                         -0.06    0.23   library hold time
                                  0.23   data required time
-----------------------------------------------------------------------------
                                  0.23   data required time
                                 -1.01   data arrival time
-----------------------------------------------------------------------------
                                  0.78   slack (MET)


Startpoint: _357_ (rising edge-triggered flip-flop clocked by core_clock)
Endpoint: _359_ (rising edge-triggered flip-flop clocked by core_clock)
Path Group: core_clock
Path Type: min
Corner: Typical

Fanout     Cap    Slew   Delay    Time   Description
-----------------------------------------------------------------------------
                          0.00    0.00   clock core_clock (rise edge)
                          0.00    0.00   clock source latency
     1    0.03    0.00    0.00    0.00 ^ clk (in)
                                         clk (net)
                  0.00    0.00    0.00 ^ clkbuf_0_clk/A (sky130_fd_sc_hd__clkbuf_16)
     4    0.05    0.07    0.13    0.13 ^ clkbuf_0_clk/X (sky130_fd_sc_hd__clkbuf_16)
                                         clknet_0_clk (net)
                  0.07    0.00    0.14 ^ clkbuf_2_0__f_clk/A (sky130_fd_sc_hd__clkbuf_16)
     9    0.04    0.06    0.15    0.29 ^ clkbuf_2_0__f_clk/X (sky130_fd_sc_hd__clkbuf_16)
                                         clknet_2_0__leaf_clk (net)
                  0.06    0.00    0.29 ^ _357_/CLK (sky130_fd_sc_hd__dfrtp_4)
     5    0.05    0.16    0.50    0.79 ^ _357_/Q (sky130_fd_sc_hd__dfrtp_4)
                                         one_second_enable (net)
                  0.16    0.00    0.79 ^ _171_/A1 (sky130_fd_sc_hd__a21oi_1)
     1    0.01    0.08    0.13    0.92 v _171_/Y (sky130_fd_sc_hd__a21oi_1)
                                         _071_ (net)
                  0.08    0.00    0.92 v _172_/B (sky130_fd_sc_hd__nor2_1)
     1    0.01    0.17    0.17    1.09 ^ _172_/Y (sky130_fd_sc_hd__nor2_1)
                                         _061_ (net)
                  0.17    0.00    1.09 ^ _359_/D (sky130_fd_sc_hd__dfrtp_4)
                                  1.09   data arrival time

                          0.00    0.00   clock core_clock (rise edge)
                          0.00    0.00   clock source latency
     1    0.03    0.00    0.00    0.00 ^ clk (in)
                                         clk (net)
                  0.00    0.00    0.00 ^ clkbuf_0_clk/A (sky130_fd_sc_hd__clkbuf_16)
     4    0.05    0.07    0.13    0.13 ^ clkbuf_0_clk/X (sky130_fd_sc_hd__clkbuf_16)
                                         clknet_0_clk (net)
                  0.07    0.00    0.14 ^ clkbuf_2_2__f_clk/A (sky130_fd_sc_hd__clkbuf_16)
     7    0.03    0.05    0.15    0.28 ^ clkbuf_2_2__f_clk/X (sky130_fd_sc_hd__clkbuf_16)
                                         clknet_2_2__leaf_clk (net)
                  0.05    0.00    0.28 ^ _359_/CLK (sky130_fd_sc_hd__dfrtp_4)
                          0.00    0.28   clock reconvergence pessimism
                         -0.06    0.22   library hold time
                                  0.22   data required time
-----------------------------------------------------------------------------
                                  0.22   data required time
                                 -1.09   data arrival time
-----------------------------------------------------------------------------
                                  0.86   slack (MET)


Startpoint: _338_ (rising edge-triggered flip-flop clocked by core_clock)
Endpoint: _339_ (rising edge-triggered flip-flop clocked by core_clock)
Path Group: core_clock
Path Type: min
Corner: Typical

Fanout     Cap    Slew   Delay    Time   Description
-----------------------------------------------------------------------------
                          0.00    0.00   clock core_clock (rise edge)
                          0.00    0.00   clock source latency
     1    0.03    0.00    0.00    0.00 ^ clk (in)
                                         clk (net)
                  0.00    0.00    0.00 ^ clkbuf_0_clk/A (sky130_fd_sc_hd__clkbuf_16)
     4    0.05    0.07    0.13    0.13 ^ clkbuf_0_clk/X (sky130_fd_sc_hd__clkbuf_16)
                                         clknet_0_clk (net)
                  0.07    0.00    0.14 ^ clkbuf_2_3__f_clk/A (sky130_fd_sc_hd__clkbuf_16)
     9    0.03    0.05    0.15    0.28 ^ clkbuf_2_3__f_clk/X (sky130_fd_sc_hd__clkbuf_16)
                                         clknet_2_3__leaf_clk (net)
                  0.05    0.00    0.28 ^ _338_/CLK (sky130_fd_sc_hd__dfrtp_4)
     5    0.04    0.15    0.49    0.77 ^ _338_/Q (sky130_fd_sc_hd__dfrtp_4)
                                         one_second_counter[8] (net)
                  0.15    0.01    0.78 ^ _220_/A1 (sky130_fd_sc_hd__a21oi_1)
     1    0.01    0.11    0.14    0.92 v _220_/Y (sky130_fd_sc_hd__a21oi_1)
                                         _108_ (net)
                  0.11    0.00    0.92 v _222_/B (sky130_fd_sc_hd__nor3_1)
     1    0.01    0.24    0.26    1.18 ^ _222_/Y (sky130_fd_sc_hd__nor3_1)
                                         _026_ (net)
                  0.24    0.00    1.18 ^ _339_/D (sky130_fd_sc_hd__dfrtp_1)
                                  1.18   data arrival time

                          0.00    0.00   clock core_clock (rise edge)
                          0.00    0.00   clock source latency
     1    0.03    0.00    0.00    0.00 ^ clk (in)
                                         clk (net)
                  0.00    0.00    0.00 ^ clkbuf_0_clk/A (sky130_fd_sc_hd__clkbuf_16)
     4    0.05    0.07    0.13    0.13 ^ clkbuf_0_clk/X (sky130_fd_sc_hd__clkbuf_16)
                                         clknet_0_clk (net)
                  0.07    0.00    0.14 ^ clkbuf_2_0__f_clk/A (sky130_fd_sc_hd__clkbuf_16)
     9    0.04    0.06    0.15    0.29 ^ clkbuf_2_0__f_clk/X (sky130_fd_sc_hd__clkbuf_16)
                                         clknet_2_0__leaf_clk (net)
                  0.06    0.00    0.29 ^ _339_/CLK (sky130_fd_sc_hd__dfrtp_1)
                          0.00    0.29   clock reconvergence pessimism
                         -0.07    0.22   library hold time
                                  0.22   data required time
-----------------------------------------------------------------------------
                                  0.22   data required time
                                 -1.18   data arrival time
-----------------------------------------------------------------------------
                                  0.96   slack (MET)


Startpoint: _335_ (rising edge-triggered flip-flop clocked by core_clock)
Endpoint: _335_ (rising edge-triggered flip-flop clocked by core_clock)
Path Group: core_clock
Path Type: min
Corner: Typical

Fanout     Cap    Slew   Delay    Time   Description
-----------------------------------------------------------------------------
                          0.00    0.00   clock core_clock (rise edge)
                          0.00    0.00   clock source latency
     1    0.03    0.00    0.00    0.00 ^ clk (in)
                                         clk (net)
                  0.00    0.00    0.00 ^ clkbuf_0_clk/A (sky130_fd_sc_hd__clkbuf_16)
     4    0.05    0.07    0.13    0.13 ^ clkbuf_0_clk/X (sky130_fd_sc_hd__clkbuf_16)
                                         clknet_0_clk (net)
                  0.07    0.00    0.14 ^ clkbuf_2_1__f_clk/A (sky130_fd_sc_hd__clkbuf_16)
    10    0.04    0.06    0.15    0.28 ^ clkbuf_2_1__f_clk/X (sky130_fd_sc_hd__clkbuf_16)
                                         clknet_2_1__leaf_clk (net)
                  0.06    0.00    0.28 ^ _335_/CLK (sky130_fd_sc_hd__dfrtp_2)
     3    0.03    0.11    0.47    0.75 v _335_/Q (sky130_fd_sc_hd__dfrtp_2)
                                         one_second_counter[5] (net)
                  0.11    0.00    0.76 v _207_/B1 (sky130_fd_sc_hd__a21oi_1)
     1    0.01    0.28    0.28    1.03 ^ _207_/Y (sky130_fd_sc_hd__a21oi_1)
                                         _099_ (net)
                  0.28    0.00    1.03 ^ _209_/B (sky130_fd_sc_hd__nor3_1)
     1    0.02    0.12    0.17    1.20 v _209_/Y (sky130_fd_sc_hd__nor3_1)
                                         _022_ (net)
                  0.12    0.00    1.20 v _335_/D (sky130_fd_sc_hd__dfrtp_2)
                                  1.20   data arrival time

                          0.00    0.00   clock core_clock (rise edge)
                          0.00    0.00   clock source latency
     1    0.03    0.00    0.00    0.00 ^ clk (in)
                                         clk (net)
                  0.00    0.00    0.00 ^ clkbuf_0_clk/A (sky130_fd_sc_hd__clkbuf_16)
     4    0.05    0.07    0.13    0.13 ^ clkbuf_0_clk/X (sky130_fd_sc_hd__clkbuf_16)
                                         clknet_0_clk (net)
                  0.07    0.00    0.14 ^ clkbuf_2_1__f_clk/A (sky130_fd_sc_hd__clkbuf_16)
    10    0.04    0.06    0.15    0.28 ^ clkbuf_2_1__f_clk/X (sky130_fd_sc_hd__clkbuf_16)
                                         clknet_2_1__leaf_clk (net)
                  0.06    0.00    0.28 ^ _335_/CLK (sky130_fd_sc_hd__dfrtp_2)
                          0.00    0.28   clock reconvergence pessimism
                         -0.07    0.22   library hold time
                                  0.22   data required time
-----------------------------------------------------------------------------
                                  0.22   data required time
                                 -1.20   data arrival time
-----------------------------------------------------------------------------
                                  0.99   slack (MET)


Startpoint: _348_ (rising edge-triggered flip-flop clocked by core_clock)
Endpoint: _348_ (rising edge-triggered flip-flop clocked by core_clock)
Path Group: core_clock
Path Type: min
Corner: Typical

Fanout     Cap    Slew   Delay    Time   Description
-----------------------------------------------------------------------------
                          0.00    0.00   clock core_clock (rise edge)
                          0.00    0.00   clock source latency
     1    0.03    0.00    0.00    0.00 ^ clk (in)
                                         clk (net)
                  0.00    0.00    0.00 ^ clkbuf_0_clk/A (sky130_fd_sc_hd__clkbuf_16)
     4    0.05    0.07    0.13    0.13 ^ clkbuf_0_clk/X (sky130_fd_sc_hd__clkbuf_16)
                                         clknet_0_clk (net)
                  0.07    0.00    0.14 ^ clkbuf_2_1__f_clk/A (sky130_fd_sc_hd__clkbuf_16)
    10    0.04    0.06    0.15    0.28 ^ clkbuf_2_1__f_clk/X (sky130_fd_sc_hd__clkbuf_16)
                                         clknet_2_1__leaf_clk (net)
                  0.06    0.00    0.29 ^ _348_/CLK (sky130_fd_sc_hd__dfrtp_4)
     6    0.06    0.13    0.57    0.85 v _348_/Q (sky130_fd_sc_hd__dfrtp_4)
                                         one_second_counter[18] (net)
                  0.13    0.01    0.86 v _253_/A (sky130_fd_sc_hd__nand2_1)
     1    0.01    0.10    0.14    1.00 ^ _253_/Y (sky130_fd_sc_hd__nand2_1)
                                         _132_ (net)
                  0.10    0.00    1.00 ^ _255_/A1 (sky130_fd_sc_hd__o211a_1)
     1    0.01    0.13    0.23    1.23 ^ _255_/X (sky130_fd_sc_hd__o211a_1)
                                         _009_ (net)
                  0.13    0.00    1.23 ^ _348_/D (sky130_fd_sc_hd__dfrtp_4)
                                  1.23   data arrival time

                          0.00    0.00   clock core_clock (rise edge)
                          0.00    0.00   clock source latency
     1    0.03    0.00    0.00    0.00 ^ clk (in)
                                         clk (net)
                  0.00    0.00    0.00 ^ clkbuf_0_clk/A (sky130_fd_sc_hd__clkbuf_16)
     4    0.05    0.07    0.13    0.13 ^ clkbuf_0_clk/X (sky130_fd_sc_hd__clkbuf_16)
                                         clknet_0_clk (net)
                  0.07    0.00    0.14 ^ clkbuf_2_1__f_clk/A (sky130_fd_sc_hd__clkbuf_16)
    10    0.04    0.06    0.15    0.28 ^ clkbuf_2_1__f_clk/X (sky130_fd_sc_hd__clkbuf_16)
                                         clknet_2_1__leaf_clk (net)
                  0.06    0.00    0.29 ^ _348_/CLK (sky130_fd_sc_hd__dfrtp_4)
                          0.00    0.29   clock reconvergence pessimism
                         -0.05    0.24   library hold time
                                  0.24   data required time
-----------------------------------------------------------------------------
                                  0.24   data required time
                                 -1.23   data arrival time
-----------------------------------------------------------------------------
                                  0.99   slack (MET)


Startpoint: _341_ (rising edge-triggered flip-flop clocked by core_clock)
Endpoint: _341_ (rising edge-triggered flip-flop clocked by core_clock)
Path Group: core_clock
Path Type: min
Corner: Typical

Fanout     Cap    Slew   Delay    Time   Description
-----------------------------------------------------------------------------
                          0.00    0.00   clock core_clock (rise edge)
                          0.00    0.00   clock source latency
     1    0.03    0.00    0.00    0.00 ^ clk (in)
                                         clk (net)
                  0.00    0.00    0.00 ^ clkbuf_0_clk/A (sky130_fd_sc_hd__clkbuf_16)
     4    0.05    0.07    0.13    0.13 ^ clkbuf_0_clk/X (sky130_fd_sc_hd__clkbuf_16)
                                         clknet_0_clk (net)
                  0.07    0.00    0.14 ^ clkbuf_2_1__f_clk/A (sky130_fd_sc_hd__clkbuf_16)
    10    0.04    0.06    0.15    0.28 ^ clkbuf_2_1__f_clk/X (sky130_fd_sc_hd__clkbuf_16)
                                         clknet_2_1__leaf_clk (net)
                  0.06    0.00    0.29 ^ _341_/CLK (sky130_fd_sc_hd__dfrtp_2)
     4    0.03    0.11    0.47    0.75 v _341_/Q (sky130_fd_sc_hd__dfrtp_2)
                                         one_second_counter[11] (net)
                  0.11    0.00    0.76 v _227_/B1 (sky130_fd_sc_hd__a21oi_1)
     1    0.01    0.28    0.28    1.04 ^ _227_/Y (sky130_fd_sc_hd__a21oi_1)
                                         _113_ (net)
                  0.28    0.00    1.04 ^ _229_/B (sky130_fd_sc_hd__nor3_1)
     1    0.02    0.13    0.18    1.23 v _229_/Y (sky130_fd_sc_hd__nor3_1)
                                         _002_ (net)
                  0.13    0.00    1.23 v _341_/D (sky130_fd_sc_hd__dfrtp_2)
                                  1.23   data arrival time

                          0.00    0.00   clock core_clock (rise edge)
                          0.00    0.00   clock source latency
     1    0.03    0.00    0.00    0.00 ^ clk (in)
                                         clk (net)
                  0.00    0.00    0.00 ^ clkbuf_0_clk/A (sky130_fd_sc_hd__clkbuf_16)
     4    0.05    0.07    0.13    0.13 ^ clkbuf_0_clk/X (sky130_fd_sc_hd__clkbuf_16)
                                         clknet_0_clk (net)
                  0.07    0.00    0.14 ^ clkbuf_2_1__f_clk/A (sky130_fd_sc_hd__clkbuf_16)
    10    0.04    0.06    0.15    0.28 ^ clkbuf_2_1__f_clk/X (sky130_fd_sc_hd__clkbuf_16)
                                         clknet_2_1__leaf_clk (net)
                  0.06    0.00    0.29 ^ _341_/CLK (sky130_fd_sc_hd__dfrtp_2)
                          0.00    0.29   clock reconvergence pessimism
                         -0.07    0.21   library hold time
                                  0.21   data required time
-----------------------------------------------------------------------------
                                  0.21   data required time
                                 -1.23   data arrival time
-----------------------------------------------------------------------------
                                  1.02   slack (MET)


Startpoint: _352_ (rising edge-triggered flip-flop clocked by core_clock)
Endpoint: _352_ (rising edge-triggered flip-flop clocked by core_clock)
Path Group: core_clock
Path Type: min
Corner: Typical

Fanout     Cap    Slew   Delay    Time   Description
-----------------------------------------------------------------------------
                          0.00    0.00   clock core_clock (rise edge)
                          0.00    0.00   clock source latency
     1    0.03    0.00    0.00    0.00 ^ clk (in)
                                         clk (net)
                  0.00    0.00    0.00 ^ clkbuf_0_clk/A (sky130_fd_sc_hd__clkbuf_16)
     4    0.05    0.07    0.13    0.13 ^ clkbuf_0_clk/X (sky130_fd_sc_hd__clkbuf_16)
                                         clknet_0_clk (net)
                  0.07    0.00    0.14 ^ clkbuf_2_1__f_clk/A (sky130_fd_sc_hd__clkbuf_16)
    10    0.04    0.06    0.15    0.28 ^ clkbuf_2_1__f_clk/X (sky130_fd_sc_hd__clkbuf_16)
                                         clknet_2_1__leaf_clk (net)
                  0.06    0.00    0.29 ^ _352_/CLK (sky130_fd_sc_hd__dfrtp_1)
     3    0.03    0.22    0.46    0.74 ^ _352_/Q (sky130_fd_sc_hd__dfrtp_1)
                                         one_second_counter[22] (net)
                  0.22    0.00    0.74 ^ _269_/A (sky130_fd_sc_hd__or2_1)
     1    0.01    0.12    0.19    0.94 ^ _269_/X (sky130_fd_sc_hd__or2_1)
                                         _144_ (net)
                  0.12    0.00    0.94 ^ _271_/B (sky130_fd_sc_hd__and3_1)
     1    0.01    0.14    0.24    1.18 ^ _271_/X (sky130_fd_sc_hd__and3_1)
                                         _146_ (net)
                  0.14    0.00    1.18 ^ _272_/A (sky130_fd_sc_hd__clkbuf_1)
     1    0.00    0.05    0.11    1.28 ^ _272_/X (sky130_fd_sc_hd__clkbuf_1)
                                         _014_ (net)
                  0.05    0.00    1.28 ^ _352_/D (sky130_fd_sc_hd__dfrtp_1)
                                  1.28   data arrival time

                          0.00    0.00   clock core_clock (rise edge)
                          0.00    0.00   clock source latency
     1    0.03    0.00    0.00    0.00 ^ clk (in)
                                         clk (net)
                  0.00    0.00    0.00 ^ clkbuf_0_clk/A (sky130_fd_sc_hd__clkbuf_16)
     4    0.05    0.07    0.13    0.13 ^ clkbuf_0_clk/X (sky130_fd_sc_hd__clkbuf_16)
                                         clknet_0_clk (net)
                  0.07    0.00    0.14 ^ clkbuf_2_1__f_clk/A (sky130_fd_sc_hd__clkbuf_16)
    10    0.04    0.06    0.15    0.28 ^ clkbuf_2_1__f_clk/X (sky130_fd_sc_hd__clkbuf_16)
                                         clknet_2_1__leaf_clk (net)
                  0.06    0.00    0.29 ^ _352_/CLK (sky130_fd_sc_hd__dfrtp_1)
                          0.00    0.29   clock reconvergence pessimism
                         -0.03    0.25   library hold time
                                  0.25   data required time
-----------------------------------------------------------------------------
                                  0.25   data required time
                                 -1.28   data arrival time
-----------------------------------------------------------------------------
                                  1.03   slack (MET)


Startpoint: _336_ (rising edge-triggered flip-flop clocked by core_clock)
Endpoint: _336_ (rising edge-triggered flip-flop clocked by core_clock)
Path Group: core_clock
Path Type: min
Corner: Typical

Fanout     Cap    Slew   Delay    Time   Description
-----------------------------------------------------------------------------
                          0.00    0.00   clock core_clock (rise edge)
                          0.00    0.00   clock source latency
     1    0.03    0.00    0.00    0.00 ^ clk (in)
                                         clk (net)
                  0.00    0.00    0.00 ^ clkbuf_0_clk/A (sky130_fd_sc_hd__clkbuf_16)
     4    0.05    0.07    0.13    0.13 ^ clkbuf_0_clk/X (sky130_fd_sc_hd__clkbuf_16)
                                         clknet_0_clk (net)
                  0.07    0.00    0.14 ^ clkbuf_2_0__f_clk/A (sky130_fd_sc_hd__clkbuf_16)
     9    0.04    0.06    0.15    0.29 ^ clkbuf_2_0__f_clk/X (sky130_fd_sc_hd__clkbuf_16)
                                         clknet_2_0__leaf_clk (net)
                  0.06    0.00    0.29 ^ _336_/CLK (sky130_fd_sc_hd__dfrtp_1)
     3    0.02    0.18    0.43    0.72 ^ _336_/Q (sky130_fd_sc_hd__dfrtp_1)
                                         one_second_counter[6] (net)
                  0.18    0.00    0.72 ^ _211_/A (sky130_fd_sc_hd__nand2_1)
     2    0.01    0.12    0.14    0.86 v _211_/Y (sky130_fd_sc_hd__nand2_1)
                                         _102_ (net)
                  0.12    0.00    0.86 v _212_/C (sky130_fd_sc_hd__and3_1)
     1    0.01    0.06    0.24    1.10 v _212_/X (sky130_fd_sc_hd__and3_1)
                                         _103_ (net)
                  0.06    0.00    1.10 v _213_/A (sky130_fd_sc_hd__buf_1)
     2    0.02    0.11    0.16    1.26 v _213_/X (sky130_fd_sc_hd__buf_1)
                                         _023_ (net)
                  0.11    0.00    1.26 v _336_/D (sky130_fd_sc_hd__dfrtp_1)
                                  1.26   data arrival time

                          0.00    0.00   clock core_clock (rise edge)
                          0.00    0.00   clock source latency
     1    0.03    0.00    0.00    0.00 ^ clk (in)
                                         clk (net)
                  0.00    0.00    0.00 ^ clkbuf_0_clk/A (sky130_fd_sc_hd__clkbuf_16)
     4    0.05    0.07    0.13    0.13 ^ clkbuf_0_clk/X (sky130_fd_sc_hd__clkbuf_16)
                                         clknet_0_clk (net)
                  0.07    0.00    0.14 ^ clkbuf_2_0__f_clk/A (sky130_fd_sc_hd__clkbuf_16)
     9    0.04    0.06    0.15    0.29 ^ clkbuf_2_0__f_clk/X (sky130_fd_sc_hd__clkbuf_16)
                                         clknet_2_0__leaf_clk (net)
                  0.06    0.00    0.29 ^ _336_/CLK (sky130_fd_sc_hd__dfrtp_1)
                          0.00    0.29   clock reconvergence pessimism
                         -0.07    0.22   library hold time
                                  0.22   data required time
-----------------------------------------------------------------------------
                                  0.22   data required time
                                 -1.26   data arrival time
-----------------------------------------------------------------------------
                                  1.04   slack (MET)


Startpoint: _347_ (rising edge-triggered flip-flop clocked by core_clock)
Endpoint: _347_ (rising edge-triggered flip-flop clocked by core_clock)
Path Group: core_clock
Path Type: min
Corner: Typical

Fanout     Cap    Slew   Delay    Time   Description
-----------------------------------------------------------------------------
                          0.00    0.00   clock core_clock (rise edge)
                          0.00    0.00   clock source latency
     1    0.03    0.00    0.00    0.00 ^ clk (in)
                                         clk (net)
                  0.00    0.00    0.00 ^ clkbuf_0_clk/A (sky130_fd_sc_hd__clkbuf_16)
     4    0.05    0.07    0.13    0.13 ^ clkbuf_0_clk/X (sky130_fd_sc_hd__clkbuf_16)
                                         clknet_0_clk (net)
                  0.07    0.00    0.14 ^ clkbuf_2_3__f_clk/A (sky130_fd_sc_hd__clkbuf_16)
     9    0.03    0.05    0.15    0.28 ^ clkbuf_2_3__f_clk/X (sky130_fd_sc_hd__clkbuf_16)
                                         clknet_2_3__leaf_clk (net)
                  0.05    0.00    0.28 ^ _347_/CLK (sky130_fd_sc_hd__dfrtp_4)
     8    0.07    0.20    0.53    0.82 ^ _347_/Q (sky130_fd_sc_hd__dfrtp_4)
                                         one_second_counter[17] (net)
                  0.20    0.01    0.82 ^ _251_/A (sky130_fd_sc_hd__xor2_1)
     1    0.01    0.08    0.16    0.99 v _251_/X (sky130_fd_sc_hd__xor2_1)
                                         _131_ (net)
                  0.08    0.00    0.99 v _252_/B (sky130_fd_sc_hd__nor2_1)
     1    0.02    0.30    0.26    1.25 ^ _252_/Y (sky130_fd_sc_hd__nor2_1)
                                         _008_ (net)
                  0.30    0.00    1.25 ^ _347_/D (sky130_fd_sc_hd__dfrtp_4)
                                  1.25   data arrival time

                          0.00    0.00   clock core_clock (rise edge)
                          0.00    0.00   clock source latency
     1    0.03    0.00    0.00    0.00 ^ clk (in)
                                         clk (net)
                  0.00    0.00    0.00 ^ clkbuf_0_clk/A (sky130_fd_sc_hd__clkbuf_16)
     4    0.05    0.07    0.13    0.13 ^ clkbuf_0_clk/X (sky130_fd_sc_hd__clkbuf_16)
                                         clknet_0_clk (net)
                  0.07    0.00    0.14 ^ clkbuf_2_3__f_clk/A (sky130_fd_sc_hd__clkbuf_16)
     9    0.03    0.05    0.15    0.28 ^ clkbuf_2_3__f_clk/X (sky130_fd_sc_hd__clkbuf_16)
                                         clknet_2_3__leaf_clk (net)
                  0.05    0.00    0.28 ^ _347_/CLK (sky130_fd_sc_hd__dfrtp_4)
                          0.00    0.28   clock reconvergence pessimism
                         -0.09    0.20   library hold time
                                  0.20   data required time
-----------------------------------------------------------------------------
                                  0.20   data required time
                                 -1.25   data arrival time
-----------------------------------------------------------------------------
                                  1.05   slack (MET)


Startpoint: _343_ (rising edge-triggered flip-flop clocked by core_clock)
Endpoint: _343_ (rising edge-triggered flip-flop clocked by core_clock)
Path Group: core_clock
Path Type: min
Corner: Typical

Fanout     Cap    Slew   Delay    Time   Description
-----------------------------------------------------------------------------
                          0.00    0.00   clock core_clock (rise edge)
                          0.00    0.00   clock source latency
     1    0.03    0.00    0.00    0.00 ^ clk (in)
                                         clk (net)
                  0.00    0.00    0.00 ^ clkbuf_0_clk/A (sky130_fd_sc_hd__clkbuf_16)
     4    0.05    0.07    0.13    0.13 ^ clkbuf_0_clk/X (sky130_fd_sc_hd__clkbuf_16)
                                         clknet_0_clk (net)
                  0.07    0.00    0.14 ^ clkbuf_2_2__f_clk/A (sky130_fd_sc_hd__clkbuf_16)
     7    0.03    0.05    0.15    0.28 ^ clkbuf_2_2__f_clk/X (sky130_fd_sc_hd__clkbuf_16)
                                         clknet_2_2__leaf_clk (net)
                  0.05    0.00    0.28 ^ _343_/CLK (sky130_fd_sc_hd__dfrtp_2)
     4    0.04    0.22    0.48    0.77 ^ _343_/Q (sky130_fd_sc_hd__dfrtp_2)
                                         one_second_counter[13] (net)
                  0.22    0.00    0.77 ^ _234_/B1 (sky130_fd_sc_hd__a21o_1)
     1    0.02    0.15    0.20    0.97 ^ _234_/X (sky130_fd_sc_hd__a21o_1)
                                         _118_ (net)
                  0.15    0.00    0.97 ^ _236_/B (sky130_fd_sc_hd__and3_1)
     1    0.01    0.13    0.24    1.21 ^ _236_/X (sky130_fd_sc_hd__and3_1)
                                         _120_ (net)
                  0.13    0.00    1.21 ^ _237_/A (sky130_fd_sc_hd__clkbuf_1)
     1    0.00    0.04    0.10    1.31 ^ _237_/X (sky130_fd_sc_hd__clkbuf_1)
                                         _004_ (net)
                  0.04    0.00    1.31 ^ _343_/D (sky130_fd_sc_hd__dfrtp_2)
                                  1.31   data arrival time

                          0.00    0.00   clock core_clock (rise edge)
                          0.00    0.00   clock source latency
     1    0.03    0.00    0.00    0.00 ^ clk (in)
                                         clk (net)
                  0.00    0.00    0.00 ^ clkbuf_0_clk/A (sky130_fd_sc_hd__clkbuf_16)
     4    0.05    0.07    0.13    0.13 ^ clkbuf_0_clk/X (sky130_fd_sc_hd__clkbuf_16)
                                         clknet_0_clk (net)
                  0.07    0.00    0.14 ^ clkbuf_2_2__f_clk/A (sky130_fd_sc_hd__clkbuf_16)
     7    0.03    0.05    0.15    0.28 ^ clkbuf_2_2__f_clk/X (sky130_fd_sc_hd__clkbuf_16)
                                         clknet_2_2__leaf_clk (net)
                  0.05    0.00    0.28 ^ _343_/CLK (sky130_fd_sc_hd__dfrtp_2)
                          0.00    0.28   clock reconvergence pessimism
                         -0.03    0.25   library hold time
                                  0.25   data required time
-----------------------------------------------------------------------------
                                  0.25   data required time
                                 -1.31   data arrival time
-----------------------------------------------------------------------------
                                  1.06   slack (MET)


Startpoint: _354_ (rising edge-triggered flip-flop clocked by core_clock)
Endpoint: _354_ (rising edge-triggered flip-flop clocked by core_clock)
Path Group: core_clock
Path Type: min
Corner: Typical

Fanout     Cap    Slew   Delay    Time   Description
-----------------------------------------------------------------------------
                          0.00    0.00   clock core_clock (rise edge)
                          0.00    0.00   clock source latency
     1    0.03    0.00    0.00    0.00 ^ clk (in)
                                         clk (net)
                  0.00    0.00    0.00 ^ clkbuf_0_clk/A (sky130_fd_sc_hd__clkbuf_16)
     4    0.05    0.07    0.13    0.13 ^ clkbuf_0_clk/X (sky130_fd_sc_hd__clkbuf_16)
                                         clknet_0_clk (net)
                  0.07    0.00    0.14 ^ clkbuf_2_0__f_clk/A (sky130_fd_sc_hd__clkbuf_16)
     9    0.04    0.06    0.15    0.29 ^ clkbuf_2_0__f_clk/X (sky130_fd_sc_hd__clkbuf_16)
                                         clknet_2_0__leaf_clk (net)
                  0.06    0.00    0.29 ^ _354_/CLK (sky130_fd_sc_hd__dfrtp_4)
     3    0.04    0.13    0.47    0.76 ^ _354_/Q (sky130_fd_sc_hd__dfrtp_4)
                                         one_second_counter[24] (net)
                  0.13    0.00    0.76 ^ _277_/A (sky130_fd_sc_hd__and3_2)
     4    0.05    0.24    0.35    1.11 ^ _277_/X (sky130_fd_sc_hd__and3_2)
                                         _150_ (net)
                  0.24    0.00    1.12 ^ _278_/C (sky130_fd_sc_hd__nor3_1)
     1    0.02    0.12    0.16    1.28 v _278_/Y (sky130_fd_sc_hd__nor3_1)
                                         _016_ (net)
                  0.12    0.00    1.28 v _354_/D (sky130_fd_sc_hd__dfrtp_4)
                                  1.28   data arrival time

                          0.00    0.00   clock core_clock (rise edge)
                          0.00    0.00   clock source latency
     1    0.03    0.00    0.00    0.00 ^ clk (in)
                                         clk (net)
                  0.00    0.00    0.00 ^ clkbuf_0_clk/A (sky130_fd_sc_hd__clkbuf_16)
     4    0.05    0.07    0.13    0.13 ^ clkbuf_0_clk/X (sky130_fd_sc_hd__clkbuf_16)
                                         clknet_0_clk (net)
                  0.07    0.00    0.14 ^ clkbuf_2_0__f_clk/A (sky130_fd_sc_hd__clkbuf_16)
     9    0.04    0.06    0.15    0.29 ^ clkbuf_2_0__f_clk/X (sky130_fd_sc_hd__clkbuf_16)
                                         clknet_2_0__leaf_clk (net)
                  0.06    0.00    0.29 ^ _354_/CLK (sky130_fd_sc_hd__dfrtp_4)
                          0.00    0.29   clock reconvergence pessimism
                         -0.07    0.22   library hold time
                                  0.22   data required time
-----------------------------------------------------------------------------
                                  0.22   data required time
                                 -1.28   data arrival time
-----------------------------------------------------------------------------
                                  1.06   slack (MET)


Startpoint: _342_ (rising edge-triggered flip-flop clocked by core_clock)
Endpoint: _342_ (rising edge-triggered flip-flop clocked by core_clock)
Path Group: core_clock
Path Type: min
Corner: Typical

Fanout     Cap    Slew   Delay    Time   Description
-----------------------------------------------------------------------------
                          0.00    0.00   clock core_clock (rise edge)
                          0.00    0.00   clock source latency
     1    0.03    0.00    0.00    0.00 ^ clk (in)
                                         clk (net)
                  0.00    0.00    0.00 ^ clkbuf_0_clk/A (sky130_fd_sc_hd__clkbuf_16)
     4    0.05    0.07    0.13    0.13 ^ clkbuf_0_clk/X (sky130_fd_sc_hd__clkbuf_16)
                                         clknet_0_clk (net)
                  0.07    0.00    0.14 ^ clkbuf_2_3__f_clk/A (sky130_fd_sc_hd__clkbuf_16)
     9    0.03    0.05    0.15    0.28 ^ clkbuf_2_3__f_clk/X (sky130_fd_sc_hd__clkbuf_16)
                                         clknet_2_3__leaf_clk (net)
                  0.05    0.00    0.28 ^ _342_/CLK (sky130_fd_sc_hd__dfrtp_4)
     5    0.04    0.14    0.48    0.77 ^ _342_/Q (sky130_fd_sc_hd__dfrtp_4)
                                         one_second_counter[12] (net)
                  0.14    0.00    0.77 ^ _231_/A (sky130_fd_sc_hd__nand2_1)
     1    0.01    0.10    0.12    0.89 v _231_/Y (sky130_fd_sc_hd__nand2_1)
                                         _116_ (net)
                  0.10    0.00    0.89 v _232_/C (sky130_fd_sc_hd__and3_1)
     1    0.01    0.08    0.25    1.15 v _232_/X (sky130_fd_sc_hd__and3_1)
                                         _117_ (net)
                  0.08    0.00    1.15 v _233_/A (sky130_fd_sc_hd__buf_1)
     1    0.01    0.09    0.16    1.30 v _233_/X (sky130_fd_sc_hd__buf_1)
                                         _003_ (net)
                  0.09    0.00    1.31 v _342_/D (sky130_fd_sc_hd__dfrtp_4)
                                  1.31   data arrival time

                          0.00    0.00   clock core_clock (rise edge)
                          0.00    0.00   clock source latency
     1    0.03    0.00    0.00    0.00 ^ clk (in)
                                         clk (net)
                  0.00    0.00    0.00 ^ clkbuf_0_clk/A (sky130_fd_sc_hd__clkbuf_16)
     4    0.05    0.07    0.13    0.13 ^ clkbuf_0_clk/X (sky130_fd_sc_hd__clkbuf_16)
                                         clknet_0_clk (net)
                  0.07    0.00    0.14 ^ clkbuf_2_3__f_clk/A (sky130_fd_sc_hd__clkbuf_16)
     9    0.03    0.05    0.15    0.28 ^ clkbuf_2_3__f_clk/X (sky130_fd_sc_hd__clkbuf_16)
                                         clknet_2_3__leaf_clk (net)
                  0.05    0.00    0.28 ^ _342_/CLK (sky130_fd_sc_hd__dfrtp_4)
                          0.00    0.28   clock reconvergence pessimism
                         -0.06    0.23   library hold time
                                  0.23   data required time
-----------------------------------------------------------------------------
                                  0.23   data required time
                                 -1.31   data arrival time
-----------------------------------------------------------------------------
                                  1.08   slack (MET)


Startpoint: _360_ (rising edge-triggered flip-flop clocked by core_clock)
Endpoint: _360_ (rising edge-triggered flip-flop clocked by core_clock)
Path Group: core_clock
Path Type: min
Corner: Typical

Fanout     Cap    Slew   Delay    Time   Description
-----------------------------------------------------------------------------
                          0.00    0.00   clock core_clock (rise edge)
                          0.00    0.00   clock source latency
     1    0.03    0.00    0.00    0.00 ^ clk (in)
                                         clk (net)
                  0.00    0.00    0.00 ^ clkbuf_0_clk/A (sky130_fd_sc_hd__clkbuf_16)
     4    0.05    0.07    0.13    0.13 ^ clkbuf_0_clk/X (sky130_fd_sc_hd__clkbuf_16)
                                         clknet_0_clk (net)
                  0.07    0.00    0.14 ^ clkbuf_2_2__f_clk/A (sky130_fd_sc_hd__clkbuf_16)
     7    0.03    0.05    0.15    0.28 ^ clkbuf_2_2__f_clk/X (sky130_fd_sc_hd__clkbuf_16)
                                         clknet_2_2__leaf_clk (net)
                  0.05    0.00    0.28 ^ _360_/CLK (sky130_fd_sc_hd__dfrtp_4)
     6    0.06    0.19    0.53    0.81 ^ _360_/Q (sky130_fd_sc_hd__dfrtp_4)
                                         decoder.digit[2] (net)
                  0.19    0.00    0.81 ^ _163_/A (sky130_fd_sc_hd__nand2_1)
     2    0.02    0.18    0.21    1.02 v _163_/Y (sky130_fd_sc_hd__nand2_1)
                                         _065_ (net)
                  0.18    0.00    1.02 v _169_/A (sky130_fd_sc_hd__and2_1)
     1    0.01    0.06    0.22    1.24 v _169_/X (sky130_fd_sc_hd__and2_1)
                                         _070_ (net)
                  0.06    0.00    1.24 v _170_/A (sky130_fd_sc_hd__clkbuf_1)
     1    0.01    0.06    0.12    1.36 v _170_/X (sky130_fd_sc_hd__clkbuf_1)
                                         _062_ (net)
                  0.06    0.00    1.36 v _360_/D (sky130_fd_sc_hd__dfrtp_4)
                                  1.36   data arrival time

                          0.00    0.00   clock core_clock (rise edge)
                          0.00    0.00   clock source latency
     1    0.03    0.00    0.00    0.00 ^ clk (in)
                                         clk (net)
                  0.00    0.00    0.00 ^ clkbuf_0_clk/A (sky130_fd_sc_hd__clkbuf_16)
     4    0.05    0.07    0.13    0.13 ^ clkbuf_0_clk/X (sky130_fd_sc_hd__clkbuf_16)
                                         clknet_0_clk (net)
                  0.07    0.00    0.14 ^ clkbuf_2_2__f_clk/A (sky130_fd_sc_hd__clkbuf_16)
     7    0.03    0.05    0.15    0.28 ^ clkbuf_2_2__f_clk/X (sky130_fd_sc_hd__clkbuf_16)
                                         clknet_2_2__leaf_clk (net)
                  0.05    0.00    0.28 ^ _360_/CLK (sky130_fd_sc_hd__dfrtp_4)
                          0.00    0.28   clock reconvergence pessimism
                         -0.04    0.24   library hold time
                                  0.24   data required time
-----------------------------------------------------------------------------
                                  0.24   data required time
                                 -1.36   data arrival time
-----------------------------------------------------------------------------
                                  1.12   slack (MET)


Startpoint: _340_ (rising edge-triggered flip-flop clocked by core_clock)
Endpoint: _340_ (rising edge-triggered flip-flop clocked by core_clock)
Path Group: core_clock
Path Type: min
Corner: Typical

Fanout     Cap    Slew   Delay    Time   Description
-----------------------------------------------------------------------------
                          0.00    0.00   clock core_clock (rise edge)
                          0.00    0.00   clock source latency
     1    0.03    0.00    0.00    0.00 ^ clk (in)
                                         clk (net)
                  0.00    0.00    0.00 ^ clkbuf_0_clk/A (sky130_fd_sc_hd__clkbuf_16)
     4    0.05    0.07    0.13    0.13 ^ clkbuf_0_clk/X (sky130_fd_sc_hd__clkbuf_16)
                                         clknet_0_clk (net)
                  0.07    0.00    0.14 ^ clkbuf_2_2__f_clk/A (sky130_fd_sc_hd__clkbuf_16)
     7    0.03    0.05    0.15    0.28 ^ clkbuf_2_2__f_clk/X (sky130_fd_sc_hd__clkbuf_16)
                                         clknet_2_2__leaf_clk (net)
                  0.05    0.00    0.28 ^ _340_/CLK (sky130_fd_sc_hd__dfrtp_4)
     6    0.05    0.16    0.49    0.78 ^ _340_/Q (sky130_fd_sc_hd__dfrtp_4)
                                         one_second_counter[10] (net)
                  0.16    0.01    0.79 ^ _224_/A (sky130_fd_sc_hd__nand2_1)
     1    0.02    0.17    0.18    0.97 v _224_/Y (sky130_fd_sc_hd__nand2_1)
                                         _111_ (net)
                  0.17    0.00    0.97 v _225_/C (sky130_fd_sc_hd__and3_1)
     1    0.01    0.06    0.26    1.23 v _225_/X (sky130_fd_sc_hd__and3_1)
                                         _112_ (net)
                  0.06    0.00    1.23 v _226_/A (sky130_fd_sc_hd__clkbuf_1)
     1    0.01    0.06    0.13    1.36 v _226_/X (sky130_fd_sc_hd__clkbuf_1)
                                         _001_ (net)
                  0.06    0.00    1.36 v _340_/D (sky130_fd_sc_hd__dfrtp_4)
                                  1.36   data arrival time

                          0.00    0.00   clock core_clock (rise edge)
                          0.00    0.00   clock source latency
     1    0.03    0.00    0.00    0.00 ^ clk (in)
                                         clk (net)
                  0.00    0.00    0.00 ^ clkbuf_0_clk/A (sky130_fd_sc_hd__clkbuf_16)
     4    0.05    0.07    0.13    0.13 ^ clkbuf_0_clk/X (sky130_fd_sc_hd__clkbuf_16)
                                         clknet_0_clk (net)
                  0.07    0.00    0.14 ^ clkbuf_2_2__f_clk/A (sky130_fd_sc_hd__clkbuf_16)
     7    0.03    0.05    0.15    0.28 ^ clkbuf_2_2__f_clk/X (sky130_fd_sc_hd__clkbuf_16)
                                         clknet_2_2__leaf_clk (net)
                  0.05    0.00    0.28 ^ _340_/CLK (sky130_fd_sc_hd__dfrtp_4)
                          0.00    0.28   clock reconvergence pessimism
                         -0.05    0.24   library hold time
                                  0.24   data required time
-----------------------------------------------------------------------------
                                  0.24   data required time
                                 -1.36   data arrival time
-----------------------------------------------------------------------------
                                  1.12   slack (MET)


Startpoint: _355_ (rising edge-triggered flip-flop clocked by core_clock)
Endpoint: _355_ (rising edge-triggered flip-flop clocked by core_clock)
Path Group: core_clock
Path Type: min
Corner: Typical

Fanout     Cap    Slew   Delay    Time   Description
-----------------------------------------------------------------------------
                          0.00    0.00   clock core_clock (rise edge)
                          0.00    0.00   clock source latency
     1    0.03    0.00    0.00    0.00 ^ clk (in)
                                         clk (net)
                  0.00    0.00    0.00 ^ clkbuf_0_clk/A (sky130_fd_sc_hd__clkbuf_16)
     4    0.05    0.07    0.13    0.13 ^ clkbuf_0_clk/X (sky130_fd_sc_hd__clkbuf_16)
                                         clknet_0_clk (net)
                  0.07    0.00    0.14 ^ clkbuf_2_2__f_clk/A (sky130_fd_sc_hd__clkbuf_16)
     7    0.03    0.05    0.15    0.28 ^ clkbuf_2_2__f_clk/X (sky130_fd_sc_hd__clkbuf_16)
                                         clknet_2_2__leaf_clk (net)
                  0.05    0.00    0.28 ^ _355_/CLK (sky130_fd_sc_hd__dfrtp_4)
     4    0.05    0.16    0.50    0.78 ^ _355_/Q (sky130_fd_sc_hd__dfrtp_4)
                                         one_second_counter[25] (net)
                  0.17    0.01    0.79 ^ _280_/A (sky130_fd_sc_hd__nand2_1)
     1    0.02    0.15    0.17    0.96 v _280_/Y (sky130_fd_sc_hd__nand2_1)
                                         _152_ (net)
                  0.15    0.00    0.96 v _281_/C (sky130_fd_sc_hd__and3_1)
     1    0.01    0.07    0.26    1.22 v _281_/X (sky130_fd_sc_hd__and3_1)
                                         _153_ (net)
                  0.07    0.00    1.22 v _282_/A (sky130_fd_sc_hd__clkbuf_1)
     1    0.01    0.08    0.14    1.36 v _282_/X (sky130_fd_sc_hd__clkbuf_1)
                                         _017_ (net)
                  0.08    0.00    1.36 v _355_/D (sky130_fd_sc_hd__dfrtp_4)
                                  1.36   data arrival time

                          0.00    0.00   clock core_clock (rise edge)
                          0.00    0.00   clock source latency
     1    0.03    0.00    0.00    0.00 ^ clk (in)
                                         clk (net)
                  0.00    0.00    0.00 ^ clkbuf_0_clk/A (sky130_fd_sc_hd__clkbuf_16)
     4    0.05    0.07    0.13    0.13 ^ clkbuf_0_clk/X (sky130_fd_sc_hd__clkbuf_16)
                                         clknet_0_clk (net)
                  0.07    0.00    0.14 ^ clkbuf_2_2__f_clk/A (sky130_fd_sc_hd__clkbuf_16)
     7    0.03    0.05    0.15    0.28 ^ clkbuf_2_2__f_clk/X (sky130_fd_sc_hd__clkbuf_16)
                                         clknet_2_2__leaf_clk (net)
                  0.05    0.00    0.28 ^ _355_/CLK (sky130_fd_sc_hd__dfrtp_4)
                          0.00    0.28   clock reconvergence pessimism
                         -0.05    0.23   library hold time
                                  0.23   data required time
-----------------------------------------------------------------------------
                                  0.23   data required time
                                 -1.36   data arrival time
-----------------------------------------------------------------------------
                                  1.13   slack (MET)


Startpoint: _338_ (rising edge-triggered flip-flop clocked by core_clock)
Endpoint: _338_ (rising edge-triggered flip-flop clocked by core_clock)
Path Group: core_clock
Path Type: min
Corner: Typical

Fanout     Cap    Slew   Delay    Time   Description
-----------------------------------------------------------------------------
                          0.00    0.00   clock core_clock (rise edge)
                          0.00    0.00   clock source latency
     1    0.03    0.00    0.00    0.00 ^ clk (in)
                                         clk (net)
                  0.00    0.00    0.00 ^ clkbuf_0_clk/A (sky130_fd_sc_hd__clkbuf_16)
     4    0.05    0.07    0.13    0.13 ^ clkbuf_0_clk/X (sky130_fd_sc_hd__clkbuf_16)
                                         clknet_0_clk (net)
                  0.07    0.00    0.14 ^ clkbuf_2_3__f_clk/A (sky130_fd_sc_hd__clkbuf_16)
     9    0.03    0.05    0.15    0.28 ^ clkbuf_2_3__f_clk/X (sky130_fd_sc_hd__clkbuf_16)
                                         clknet_2_3__leaf_clk (net)
                  0.05    0.00    0.28 ^ _338_/CLK (sky130_fd_sc_hd__dfrtp_4)
     5    0.04    0.15    0.49    0.77 ^ _338_/Q (sky130_fd_sc_hd__dfrtp_4)
                                         one_second_counter[8] (net)
                  0.15    0.01    0.78 ^ _217_/A (sky130_fd_sc_hd__nand2_1)
     1    0.02    0.14    0.15    0.93 v _217_/Y (sky130_fd_sc_hd__nand2_1)
                                         _106_ (net)
                  0.14    0.00    0.94 v _218_/C (sky130_fd_sc_hd__and3_1)
     1    0.01    0.07    0.25    1.19 v _218_/X (sky130_fd_sc_hd__and3_1)
                                         _107_ (net)
                  0.07    0.00    1.19 v _219_/A (sky130_fd_sc_hd__buf_1)
     1    0.02    0.13    0.18    1.37 v _219_/X (sky130_fd_sc_hd__buf_1)
                                         _025_ (net)
                  0.13    0.00    1.37 v _338_/D (sky130_fd_sc_hd__dfrtp_4)
                                  1.37   data arrival time

                          0.00    0.00   clock core_clock (rise edge)
                          0.00    0.00   clock source latency
     1    0.03    0.00    0.00    0.00 ^ clk (in)
                                         clk (net)
                  0.00    0.00    0.00 ^ clkbuf_0_clk/A (sky130_fd_sc_hd__clkbuf_16)
     4    0.05    0.07    0.13    0.13 ^ clkbuf_0_clk/X (sky130_fd_sc_hd__clkbuf_16)
                                         clknet_0_clk (net)
                  0.07    0.00    0.14 ^ clkbuf_2_3__f_clk/A (sky130_fd_sc_hd__clkbuf_16)
     9    0.03    0.05    0.15    0.28 ^ clkbuf_2_3__f_clk/X (sky130_fd_sc_hd__clkbuf_16)
                                         clknet_2_3__leaf_clk (net)
                  0.05    0.00    0.28 ^ _338_/CLK (sky130_fd_sc_hd__dfrtp_4)
                          0.00    0.28   clock reconvergence pessimism
                         -0.07    0.21   library hold time
                                  0.21   data required time
-----------------------------------------------------------------------------
                                  0.21   data required time
                                 -1.37   data arrival time
-----------------------------------------------------------------------------
                                  1.16   slack (MET)


Startpoint: _350_ (rising edge-triggered flip-flop clocked by core_clock)
Endpoint: _350_ (rising edge-triggered flip-flop clocked by core_clock)
Path Group: core_clock
Path Type: min
Corner: Typical

Fanout     Cap    Slew   Delay    Time   Description
-----------------------------------------------------------------------------
                          0.00    0.00   clock core_clock (rise edge)
                          0.00    0.00   clock source latency
     1    0.03    0.00    0.00    0.00 ^ clk (in)
                                         clk (net)
                  0.00    0.00    0.00 ^ clkbuf_0_clk/A (sky130_fd_sc_hd__clkbuf_16)
     4    0.05    0.07    0.13    0.13 ^ clkbuf_0_clk/X (sky130_fd_sc_hd__clkbuf_16)
                                         clknet_0_clk (net)
                  0.07    0.00    0.14 ^ clkbuf_2_1__f_clk/A (sky130_fd_sc_hd__clkbuf_16)
    10    0.04    0.06    0.15    0.28 ^ clkbuf_2_1__f_clk/X (sky130_fd_sc_hd__clkbuf_16)
                                         clknet_2_1__leaf_clk (net)
                  0.06    0.00    0.29 ^ _350_/CLK (sky130_fd_sc_hd__dfrtp_1)
     4    0.03    0.27    0.49    0.77 ^ _350_/Q (sky130_fd_sc_hd__dfrtp_1)
                                         one_second_counter[20] (net)
                  0.27    0.00    0.78 ^ _263_/A (sky130_fd_sc_hd__nand2_1)
     2    0.02    0.17    0.21    0.98 v _263_/Y (sky130_fd_sc_hd__nand2_1)
                                         _140_ (net)
                  0.17    0.00    0.99 v _264_/C (sky130_fd_sc_hd__and3_1)
     1    0.01    0.05    0.24    1.23 v _264_/X (sky130_fd_sc_hd__and3_1)
                                         _141_ (net)
                  0.05    0.00    1.23 v _265_/A (sky130_fd_sc_hd__clkbuf_1)
     1    0.02    0.11    0.16    1.38 v _265_/X (sky130_fd_sc_hd__clkbuf_1)
                                         _012_ (net)
                  0.11    0.00    1.39 v _350_/D (sky130_fd_sc_hd__dfrtp_1)
                                  1.39   data arrival time

                          0.00    0.00   clock core_clock (rise edge)
                          0.00    0.00   clock source latency
     1    0.03    0.00    0.00    0.00 ^ clk (in)
                                         clk (net)
                  0.00    0.00    0.00 ^ clkbuf_0_clk/A (sky130_fd_sc_hd__clkbuf_16)
     4    0.05    0.07    0.13    0.13 ^ clkbuf_0_clk/X (sky130_fd_sc_hd__clkbuf_16)
                                         clknet_0_clk (net)
                  0.07    0.00    0.14 ^ clkbuf_2_1__f_clk/A (sky130_fd_sc_hd__clkbuf_16)
    10    0.04    0.06    0.15    0.28 ^ clkbuf_2_1__f_clk/X (sky130_fd_sc_hd__clkbuf_16)
                                         clknet_2_1__leaf_clk (net)
                  0.06    0.00    0.29 ^ _350_/CLK (sky130_fd_sc_hd__dfrtp_1)
                          0.00    0.29   clock reconvergence pessimism
                         -0.07    0.21   library hold time
                                  0.21   data required time
-----------------------------------------------------------------------------
                                  0.21   data required time
                                 -1.39   data arrival time
-----------------------------------------------------------------------------
                                  1.17   slack (MET)


Startpoint: _346_ (rising edge-triggered flip-flop clocked by core_clock)
Endpoint: _346_ (rising edge-triggered flip-flop clocked by core_clock)
Path Group: core_clock
Path Type: min
Corner: Typical

Fanout     Cap    Slew   Delay    Time   Description
-----------------------------------------------------------------------------
                          0.00    0.00   clock core_clock (rise edge)
                          0.00    0.00   clock source latency
     1    0.03    0.00    0.00    0.00 ^ clk (in)
                                         clk (net)
                  0.00    0.00    0.00 ^ clkbuf_0_clk/A (sky130_fd_sc_hd__clkbuf_16)
     4    0.05    0.07    0.13    0.13 ^ clkbuf_0_clk/X (sky130_fd_sc_hd__clkbuf_16)
                                         clknet_0_clk (net)
                  0.07    0.00    0.14 ^ clkbuf_2_3__f_clk/A (sky130_fd_sc_hd__clkbuf_16)
     9    0.03    0.05    0.15    0.28 ^ clkbuf_2_3__f_clk/X (sky130_fd_sc_hd__clkbuf_16)
                                         clknet_2_3__leaf_clk (net)
                  0.05    0.00    0.28 ^ _346_/CLK (sky130_fd_sc_hd__dfrtp_4)
     6    0.05    0.17    0.50    0.79 ^ _346_/Q (sky130_fd_sc_hd__dfrtp_4)
                                         one_second_counter[16] (net)
                  0.17    0.00    0.79 ^ _248_/A (sky130_fd_sc_hd__nand2_2)
     3    0.04    0.16    0.17    0.97 v _248_/Y (sky130_fd_sc_hd__nand2_2)
                                         _129_ (net)
                  0.16    0.00    0.97 v _249_/C (sky130_fd_sc_hd__and3_1)
     1    0.03    0.13    0.32    1.29 v _249_/X (sky130_fd_sc_hd__and3_1)
                                         _130_ (net)
                  0.13    0.00    1.29 v _250_/A (sky130_fd_sc_hd__clkbuf_1)
     1    0.01    0.06    0.15    1.44 v _250_/X (sky130_fd_sc_hd__clkbuf_1)
                                         _007_ (net)
                  0.06    0.00    1.44 v _346_/D (sky130_fd_sc_hd__dfrtp_4)
                                  1.44   data arrival time

                          0.00    0.00   clock core_clock (rise edge)
                          0.00    0.00   clock source latency
     1    0.03    0.00    0.00    0.00 ^ clk (in)
                                         clk (net)
                  0.00    0.00    0.00 ^ clkbuf_0_clk/A (sky130_fd_sc_hd__clkbuf_16)
     4    0.05    0.07    0.13    0.13 ^ clkbuf_0_clk/X (sky130_fd_sc_hd__clkbuf_16)
                                         clknet_0_clk (net)
                  0.07    0.00    0.14 ^ clkbuf_2_3__f_clk/A (sky130_fd_sc_hd__clkbuf_16)
     9    0.03    0.05    0.15    0.28 ^ clkbuf_2_3__f_clk/X (sky130_fd_sc_hd__clkbuf_16)
                                         clknet_2_3__leaf_clk (net)
                  0.05    0.00    0.28 ^ _346_/CLK (sky130_fd_sc_hd__dfrtp_4)
                          0.00    0.28   clock reconvergence pessimism
                         -0.04    0.24   library hold time
                                  0.24   data required time
-----------------------------------------------------------------------------
                                  0.24   data required time
                                 -1.44   data arrival time
-----------------------------------------------------------------------------
                                  1.20   slack (MET)


Startpoint: _334_ (rising edge-triggered flip-flop clocked by core_clock)
Endpoint: _334_ (rising edge-triggered flip-flop clocked by core_clock)
Path Group: core_clock
Path Type: min
Corner: Typical

Fanout     Cap    Slew   Delay    Time   Description
-----------------------------------------------------------------------------
                          0.00    0.00   clock core_clock (rise edge)
                          0.00    0.00   clock source latency
     1    0.03    0.00    0.00    0.00 ^ clk (in)
                                         clk (net)
                  0.00    0.00    0.00 ^ clkbuf_0_clk/A (sky130_fd_sc_hd__clkbuf_16)
     4    0.05    0.07    0.13    0.13 ^ clkbuf_0_clk/X (sky130_fd_sc_hd__clkbuf_16)
                                         clknet_0_clk (net)
                  0.07    0.00    0.14 ^ clkbuf_2_0__f_clk/A (sky130_fd_sc_hd__clkbuf_16)
     9    0.04    0.06    0.15    0.29 ^ clkbuf_2_0__f_clk/X (sky130_fd_sc_hd__clkbuf_16)
                                         clknet_2_0__leaf_clk (net)
                  0.06    0.00    0.29 ^ _334_/CLK (sky130_fd_sc_hd__dfrtp_4)
     5    0.05    0.17    0.51    0.79 ^ _334_/Q (sky130_fd_sc_hd__dfrtp_4)
                                         one_second_counter[4] (net)
                  0.17    0.01    0.80 ^ _203_/A (sky130_fd_sc_hd__nand2_1)
     1    0.01    0.09    0.12    0.92 v _203_/Y (sky130_fd_sc_hd__nand2_1)
                                         _096_ (net)
                  0.09    0.00    0.92 v _205_/B (sky130_fd_sc_hd__and3_1)
     1    0.03    0.15    0.28    1.20 v _205_/X (sky130_fd_sc_hd__and3_1)
                                         _098_ (net)
                  0.15    0.00    1.21 v _206_/A (sky130_fd_sc_hd__buf_1)
     1    0.02    0.13    0.21    1.42 v _206_/X (sky130_fd_sc_hd__buf_1)
                                         _021_ (net)
                  0.13    0.00    1.42 v _334_/D (sky130_fd_sc_hd__dfrtp_4)
                                  1.42   data arrival time

                          0.00    0.00   clock core_clock (rise edge)
                          0.00    0.00   clock source latency
     1    0.03    0.00    0.00    0.00 ^ clk (in)
                                         clk (net)
                  0.00    0.00    0.00 ^ clkbuf_0_clk/A (sky130_fd_sc_hd__clkbuf_16)
     4    0.05    0.07    0.13    0.13 ^ clkbuf_0_clk/X (sky130_fd_sc_hd__clkbuf_16)
                                         clknet_0_clk (net)
                  0.07    0.00    0.14 ^ clkbuf_2_0__f_clk/A (sky130_fd_sc_hd__clkbuf_16)
     9    0.04    0.06    0.15    0.29 ^ clkbuf_2_0__f_clk/X (sky130_fd_sc_hd__clkbuf_16)
                                         clknet_2_0__leaf_clk (net)
                  0.06    0.00    0.29 ^ _334_/CLK (sky130_fd_sc_hd__dfrtp_4)
                          0.00    0.29   clock reconvergence pessimism
                         -0.07    0.22   library hold time
                                  0.22   data required time
-----------------------------------------------------------------------------
                                  0.22   data required time
                                 -1.42   data arrival time
-----------------------------------------------------------------------------
                                  1.20   slack (MET)


Startpoint: _333_ (rising edge-triggered flip-flop clocked by core_clock)
Endpoint: _333_ (rising edge-triggered flip-flop clocked by core_clock)
Path Group: core_clock
Path Type: min
Corner: Typical

Fanout     Cap    Slew   Delay    Time   Description
-----------------------------------------------------------------------------
                          0.00    0.00   clock core_clock (rise edge)
                          0.00    0.00   clock source latency
     1    0.03    0.00    0.00    0.00 ^ clk (in)
                                         clk (net)
                  0.00    0.00    0.00 ^ clkbuf_0_clk/A (sky130_fd_sc_hd__clkbuf_16)
     4    0.05    0.07    0.13    0.13 ^ clkbuf_0_clk/X (sky130_fd_sc_hd__clkbuf_16)
                                         clknet_0_clk (net)
                  0.07    0.00    0.14 ^ clkbuf_2_3__f_clk/A (sky130_fd_sc_hd__clkbuf_16)
     9    0.03    0.05    0.15    0.28 ^ clkbuf_2_3__f_clk/X (sky130_fd_sc_hd__clkbuf_16)
                                         clknet_2_3__leaf_clk (net)
                  0.05    0.00    0.28 ^ _333_/CLK (sky130_fd_sc_hd__dfrtp_2)
     3    0.04    0.12    0.48    0.77 v _333_/Q (sky130_fd_sc_hd__dfrtp_2)
                                         one_second_counter[3] (net)
                  0.12    0.00    0.77 v _199_/B1 (sky130_fd_sc_hd__a31o_1)
     1    0.02    0.11    0.29    1.06 v _199_/X (sky130_fd_sc_hd__a31o_1)
                                         _093_ (net)
                  0.11    0.00    1.06 v _200_/C (sky130_fd_sc_hd__and3b_1)
     1    0.01    0.05    0.22    1.28 v _200_/X (sky130_fd_sc_hd__and3b_1)
                                         _094_ (net)
                  0.05    0.00    1.28 v _201_/A (sky130_fd_sc_hd__buf_1)
     1    0.02    0.11    0.16    1.44 v _201_/X (sky130_fd_sc_hd__buf_1)
                                         _020_ (net)
                  0.11    0.00    1.44 v _333_/D (sky130_fd_sc_hd__dfrtp_2)
                                  1.44   data arrival time

                          0.00    0.00   clock core_clock (rise edge)
                          0.00    0.00   clock source latency
     1    0.03    0.00    0.00    0.00 ^ clk (in)
                                         clk (net)
                  0.00    0.00    0.00 ^ clkbuf_0_clk/A (sky130_fd_sc_hd__clkbuf_16)
     4    0.05    0.07    0.13    0.13 ^ clkbuf_0_clk/X (sky130_fd_sc_hd__clkbuf_16)
                                         clknet_0_clk (net)
                  0.07    0.00    0.14 ^ clkbuf_2_3__f_clk/A (sky130_fd_sc_hd__clkbuf_16)
     9    0.03    0.05    0.15    0.28 ^ clkbuf_2_3__f_clk/X (sky130_fd_sc_hd__clkbuf_16)
                                         clknet_2_3__leaf_clk (net)
                  0.05    0.00    0.28 ^ _333_/CLK (sky130_fd_sc_hd__dfrtp_2)
                          0.00    0.28   clock reconvergence pessimism
                         -0.07    0.22   library hold time
                                  0.22   data required time
-----------------------------------------------------------------------------
                                  0.22   data required time
                                 -1.44   data arrival time
-----------------------------------------------------------------------------
                                  1.23   slack (MET)


Startpoint: _332_ (rising edge-triggered flip-flop clocked by core_clock)
Endpoint: _332_ (rising edge-triggered flip-flop clocked by core_clock)
Path Group: core_clock
Path Type: min
Corner: Typical

Fanout     Cap    Slew   Delay    Time   Description
-----------------------------------------------------------------------------
                          0.00    0.00   clock core_clock (rise edge)
                          0.00    0.00   clock source latency
     1    0.03    0.00    0.00    0.00 ^ clk (in)
                                         clk (net)
                  0.00    0.00    0.00 ^ clkbuf_0_clk/A (sky130_fd_sc_hd__clkbuf_16)
     4    0.05    0.07    0.13    0.13 ^ clkbuf_0_clk/X (sky130_fd_sc_hd__clkbuf_16)
                                         clknet_0_clk (net)
                  0.07    0.00    0.14 ^ clkbuf_2_1__f_clk/A (sky130_fd_sc_hd__clkbuf_16)
    10    0.04    0.06    0.15    0.28 ^ clkbuf_2_1__f_clk/X (sky130_fd_sc_hd__clkbuf_16)
                                         clknet_2_1__leaf_clk (net)
                  0.06    0.00    0.29 ^ _332_/CLK (sky130_fd_sc_hd__dfrtp_4)
     4    0.05    0.17    0.50    0.79 ^ _332_/Q (sky130_fd_sc_hd__dfrtp_4)
                                         one_second_counter[2] (net)
                  0.17    0.01    0.80 ^ _196_/B1 (sky130_fd_sc_hd__a21o_1)
     1    0.01    0.09    0.14    0.94 ^ _196_/X (sky130_fd_sc_hd__a21o_1)
                                         _091_ (net)
                  0.09    0.00    0.94 ^ _197_/C (sky130_fd_sc_hd__and3_1)
     1    0.01    0.10    0.20    1.14 ^ _197_/X (sky130_fd_sc_hd__and3_1)
                                         _092_ (net)
                  0.10    0.00    1.14 ^ _198_/A (sky130_fd_sc_hd__buf_1)
     2    0.03    0.31    0.28    1.42 ^ _198_/X (sky130_fd_sc_hd__buf_1)
                                         _019_ (net)
                  0.31    0.00    1.42 ^ _332_/D (sky130_fd_sc_hd__dfrtp_4)
                                  1.42   data arrival time

                          0.00    0.00   clock core_clock (rise edge)
                          0.00    0.00   clock source latency
     1    0.03    0.00    0.00    0.00 ^ clk (in)
                                         clk (net)
                  0.00    0.00    0.00 ^ clkbuf_0_clk/A (sky130_fd_sc_hd__clkbuf_16)
     4    0.05    0.07    0.13    0.13 ^ clkbuf_0_clk/X (sky130_fd_sc_hd__clkbuf_16)
                                         clknet_0_clk (net)
                  0.07    0.00    0.14 ^ clkbuf_2_1__f_clk/A (sky130_fd_sc_hd__clkbuf_16)
    10    0.04    0.06    0.15    0.28 ^ clkbuf_2_1__f_clk/X (sky130_fd_sc_hd__clkbuf_16)
                                         clknet_2_1__leaf_clk (net)
                  0.06    0.00    0.29 ^ _332_/CLK (sky130_fd_sc_hd__dfrtp_4)
                          0.00    0.29   clock reconvergence pessimism
                         -0.09    0.20   library hold time
                                  0.20   data required time
-----------------------------------------------------------------------------
                                  0.20   data required time
                                 -1.42   data arrival time
-----------------------------------------------------------------------------
                                  1.23   slack (MET)


Startpoint: _349_ (rising edge-triggered flip-flop clocked by core_clock)
Endpoint: _349_ (rising edge-triggered flip-flop clocked by core_clock)
Path Group: core_clock
Path Type: min
Corner: Typical

Fanout     Cap    Slew   Delay    Time   Description
-----------------------------------------------------------------------------
                          0.00    0.00   clock core_clock (rise edge)
                          0.00    0.00   clock source latency
     1    0.03    0.00    0.00    0.00 ^ clk (in)
                                         clk (net)
                  0.00    0.00    0.00 ^ clkbuf_0_clk/A (sky130_fd_sc_hd__clkbuf_16)
     4    0.05    0.07    0.13    0.13 ^ clkbuf_0_clk/X (sky130_fd_sc_hd__clkbuf_16)
                                         clknet_0_clk (net)
                  0.07    0.00    0.14 ^ clkbuf_2_0__f_clk/A (sky130_fd_sc_hd__clkbuf_16)
     9    0.04    0.06    0.15    0.29 ^ clkbuf_2_0__f_clk/X (sky130_fd_sc_hd__clkbuf_16)
                                         clknet_2_0__leaf_clk (net)
                  0.06    0.00    0.29 ^ _349_/CLK (sky130_fd_sc_hd__dfrtp_4)
     4    0.04    0.15    0.49    0.78 ^ _349_/Q (sky130_fd_sc_hd__dfrtp_4)
                                         one_second_counter[19] (net)
                  0.15    0.00    0.78 ^ _256_/B1 (sky130_fd_sc_hd__a41o_1)
     1    0.02    0.18    0.22    1.00 ^ _256_/X (sky130_fd_sc_hd__a41o_1)
                                         _134_ (net)
                  0.18    0.00    1.01 ^ _260_/B (sky130_fd_sc_hd__and3_1)
     1    0.02    0.16    0.27    1.27 ^ _260_/X (sky130_fd_sc_hd__and3_1)
                                         _138_ (net)
                  0.16    0.00    1.27 ^ _261_/A (sky130_fd_sc_hd__buf_1)
     1    0.01    0.16    0.19    1.46 ^ _261_/X (sky130_fd_sc_hd__buf_1)
                                         _010_ (net)
                  0.16    0.00    1.46 ^ _349_/D (sky130_fd_sc_hd__dfrtp_4)
                                  1.46   data arrival time

                          0.00    0.00   clock core_clock (rise edge)
                          0.00    0.00   clock source latency
     1    0.03    0.00    0.00    0.00 ^ clk (in)
                                         clk (net)
                  0.00    0.00    0.00 ^ clkbuf_0_clk/A (sky130_fd_sc_hd__clkbuf_16)
     4    0.05    0.07    0.13    0.13 ^ clkbuf_0_clk/X (sky130_fd_sc_hd__clkbuf_16)
                                         clknet_0_clk (net)
                  0.07    0.00    0.14 ^ clkbuf_2_0__f_clk/A (sky130_fd_sc_hd__clkbuf_16)
     9    0.04    0.06    0.15    0.29 ^ clkbuf_2_0__f_clk/X (sky130_fd_sc_hd__clkbuf_16)
                                         clknet_2_0__leaf_clk (net)
                  0.06    0.00    0.29 ^ _349_/CLK (sky130_fd_sc_hd__dfrtp_4)
                          0.00    0.29   clock reconvergence pessimism
                         -0.06    0.23   library hold time
                                  0.23   data required time
-----------------------------------------------------------------------------
                                  0.23   data required time
                                 -1.46   data arrival time
-----------------------------------------------------------------------------
                                  1.23   slack (MET)


Startpoint: _331_ (rising edge-triggered flip-flop clocked by core_clock)
Endpoint: _331_ (rising edge-triggered flip-flop clocked by core_clock)
Path Group: core_clock
Path Type: min
Corner: Typical

Fanout     Cap    Slew   Delay    Time   Description
-----------------------------------------------------------------------------
                          0.00    0.00   clock core_clock (rise edge)
                          0.00    0.00   clock source latency
     1    0.03    0.00    0.00    0.00 ^ clk (in)
                                         clk (net)
                  0.00    0.00    0.00 ^ clkbuf_0_clk/A (sky130_fd_sc_hd__clkbuf_16)
     4    0.05    0.07    0.13    0.13 ^ clkbuf_0_clk/X (sky130_fd_sc_hd__clkbuf_16)
                                         clknet_0_clk (net)
                  0.07    0.00    0.14 ^ clkbuf_2_0__f_clk/A (sky130_fd_sc_hd__clkbuf_16)
     9    0.04    0.06    0.15    0.29 ^ clkbuf_2_0__f_clk/X (sky130_fd_sc_hd__clkbuf_16)
                                         clknet_2_0__leaf_clk (net)
                  0.06    0.00    0.29 ^ _331_/CLK (sky130_fd_sc_hd__dfrtp_4)
     6    0.05    0.17    0.50    0.79 ^ _331_/Q (sky130_fd_sc_hd__dfrtp_4)
                                         one_second_counter[1] (net)
                  0.17    0.01    0.80 ^ _191_/A (sky130_fd_sc_hd__nand2_1)
     2    0.02    0.17    0.19    0.99 v _191_/Y (sky130_fd_sc_hd__nand2_1)
                                         _087_ (net)
                  0.17    0.00    0.99 v _193_/A (sky130_fd_sc_hd__and3_1)
     1    0.03    0.15    0.30    1.29 v _193_/X (sky130_fd_sc_hd__and3_1)
                                         _089_ (net)
                  0.15    0.00    1.30 v _194_/A (sky130_fd_sc_hd__buf_1)
     1    0.01    0.08    0.18    1.47 v _194_/X (sky130_fd_sc_hd__buf_1)
                                         _011_ (net)
                  0.08    0.00    1.48 v _331_/D (sky130_fd_sc_hd__dfrtp_4)
                                  1.48   data arrival time

                          0.00    0.00   clock core_clock (rise edge)
                          0.00    0.00   clock source latency
     1    0.03    0.00    0.00    0.00 ^ clk (in)
                                         clk (net)
                  0.00    0.00    0.00 ^ clkbuf_0_clk/A (sky130_fd_sc_hd__clkbuf_16)
     4    0.05    0.07    0.13    0.13 ^ clkbuf_0_clk/X (sky130_fd_sc_hd__clkbuf_16)
                                         clknet_0_clk (net)
                  0.07    0.00    0.14 ^ clkbuf_2_0__f_clk/A (sky130_fd_sc_hd__clkbuf_16)
     9    0.04    0.06    0.15    0.29 ^ clkbuf_2_0__f_clk/X (sky130_fd_sc_hd__clkbuf_16)
                                         clknet_2_0__leaf_clk (net)
                  0.06    0.00    0.29 ^ _331_/CLK (sky130_fd_sc_hd__dfrtp_4)
                          0.00    0.29   clock reconvergence pessimism
                         -0.05    0.23   library hold time
                                  0.23   data required time
-----------------------------------------------------------------------------
                                  0.23   data required time
                                 -1.48   data arrival time
-----------------------------------------------------------------------------
                                  1.24   slack (MET)


Startpoint: _344_ (rising edge-triggered flip-flop clocked by core_clock)
Endpoint: _344_ (rising edge-triggered flip-flop clocked by core_clock)
Path Group: core_clock
Path Type: min
Corner: Typical

Fanout     Cap    Slew   Delay    Time   Description
-----------------------------------------------------------------------------
                          0.00    0.00   clock core_clock (rise edge)
                          0.00    0.00   clock source latency
     1    0.03    0.00    0.00    0.00 ^ clk (in)
                                         clk (net)
                  0.00    0.00    0.00 ^ clkbuf_0_clk/A (sky130_fd_sc_hd__clkbuf_16)
     4    0.05    0.07    0.13    0.13 ^ clkbuf_0_clk/X (sky130_fd_sc_hd__clkbuf_16)
                                         clknet_0_clk (net)
                  0.07    0.00    0.14 ^ clkbuf_2_3__f_clk/A (sky130_fd_sc_hd__clkbuf_16)
     9    0.03    0.05    0.15    0.28 ^ clkbuf_2_3__f_clk/X (sky130_fd_sc_hd__clkbuf_16)
                                         clknet_2_3__leaf_clk (net)
                  0.05    0.00    0.28 ^ _344_/CLK (sky130_fd_sc_hd__dfrtp_2)
     3    0.04    0.12    0.48    0.76 v _344_/Q (sky130_fd_sc_hd__dfrtp_2)
                                         one_second_counter[14] (net)
                  0.12    0.00    0.76 v _238_/A (sky130_fd_sc_hd__inv_2)
     2    0.03    0.14    0.16    0.92 ^ _238_/Y (sky130_fd_sc_hd__inv_2)
                                         _121_ (net)
                  0.14    0.00    0.93 ^ _239_/A (sky130_fd_sc_hd__nand2_1)
     1    0.01    0.11    0.13    1.05 v _239_/Y (sky130_fd_sc_hd__nand2_1)
                                         _122_ (net)
                  0.11    0.00    1.06 v _241_/B (sky130_fd_sc_hd__and3_1)
     1    0.02    0.10    0.25    1.31 v _241_/X (sky130_fd_sc_hd__and3_1)
                                         _124_ (net)
                  0.10    0.00    1.31 v _242_/A (sky130_fd_sc_hd__buf_1)
     1    0.02    0.14    0.21    1.52 v _242_/X (sky130_fd_sc_hd__buf_1)
                                         _005_ (net)
                  0.14    0.00    1.52 v _344_/D (sky130_fd_sc_hd__dfrtp_2)
                                  1.52   data arrival time

                          0.00    0.00   clock core_clock (rise edge)
                          0.00    0.00   clock source latency
     1    0.03    0.00    0.00    0.00 ^ clk (in)
                                         clk (net)
                  0.00    0.00    0.00 ^ clkbuf_0_clk/A (sky130_fd_sc_hd__clkbuf_16)
     4    0.05    0.07    0.13    0.13 ^ clkbuf_0_clk/X (sky130_fd_sc_hd__clkbuf_16)
                                         clknet_0_clk (net)
                  0.07    0.00    0.14 ^ clkbuf_2_3__f_clk/A (sky130_fd_sc_hd__clkbuf_16)
     9    0.03    0.05    0.15    0.28 ^ clkbuf_2_3__f_clk/X (sky130_fd_sc_hd__clkbuf_16)
                                         clknet_2_3__leaf_clk (net)
                  0.05    0.00    0.28 ^ _344_/CLK (sky130_fd_sc_hd__dfrtp_2)
                          0.00    0.28   clock reconvergence pessimism
                         -0.08    0.20   library hold time
                                  0.20   data required time
-----------------------------------------------------------------------------
                                  0.20   data required time
                                 -1.52   data arrival time
-----------------------------------------------------------------------------
                                  1.32   slack (MET)


Startpoint: _356_ (rising edge-triggered flip-flop clocked by core_clock)
Endpoint: _357_ (rising edge-triggered flip-flop clocked by core_clock)
Path Group: core_clock
Path Type: min
Corner: Typical

Fanout     Cap    Slew   Delay    Time   Description
-----------------------------------------------------------------------------
                          0.00    0.00   clock core_clock (rise edge)
                          0.00    0.00   clock source latency
     1    0.03    0.00    0.00    0.00 ^ clk (in)
                                         clk (net)
                  0.00    0.00    0.00 ^ clkbuf_0_clk/A (sky130_fd_sc_hd__clkbuf_16)
     4    0.05    0.07    0.13    0.13 ^ clkbuf_0_clk/X (sky130_fd_sc_hd__clkbuf_16)
                                         clknet_0_clk (net)
                  0.07    0.00    0.14 ^ clkbuf_2_0__f_clk/A (sky130_fd_sc_hd__clkbuf_16)
     9    0.04    0.06    0.15    0.29 ^ clkbuf_2_0__f_clk/X (sky130_fd_sc_hd__clkbuf_16)
                                         clknet_2_0__leaf_clk (net)
                  0.06    0.00    0.29 ^ _356_/CLK (sky130_fd_sc_hd__dfrtp_1)
     2    0.02    0.17    0.42    0.71 ^ _356_/Q (sky130_fd_sc_hd__dfrtp_1)
                                         one_second_counter[26] (net)
                  0.17    0.00    0.71 ^ _187_/B1_N (sky130_fd_sc_hd__a21bo_2)
     9    0.06    0.15    0.36    1.08 v _187_/X (sky130_fd_sc_hd__a21bo_2)
                                         _085_ (net)
                  0.15    0.01    1.08 v _188_/A (sky130_fd_sc_hd__inv_2)
     2    0.03    0.13    0.16    1.24 ^ _188_/Y (sky130_fd_sc_hd__inv_2)
                                         _086_ (net)
                  0.13    0.00    1.25 ^ _189_/A (sky130_fd_sc_hd__clkbuf_4)
    10    0.08    0.24    0.31    1.55 ^ _189_/X (sky130_fd_sc_hd__clkbuf_4)
                                         _027_ (net)
                  0.24    0.01    1.56 ^ _357_/D (sky130_fd_sc_hd__dfrtp_4)
                                  1.56   data arrival time

                          0.00    0.00   clock core_clock (rise edge)
                          0.00    0.00   clock source latency
     1    0.03    0.00    0.00    0.00 ^ clk (in)
                                         clk (net)
                  0.00    0.00    0.00 ^ clkbuf_0_clk/A (sky130_fd_sc_hd__clkbuf_16)
     4    0.05    0.07    0.13    0.13 ^ clkbuf_0_clk/X (sky130_fd_sc_hd__clkbuf_16)
                                         clknet_0_clk (net)
                  0.07    0.00    0.14 ^ clkbuf_2_0__f_clk/A (sky130_fd_sc_hd__clkbuf_16)
     9    0.04    0.06    0.15    0.29 ^ clkbuf_2_0__f_clk/X (sky130_fd_sc_hd__clkbuf_16)
                                         clknet_2_0__leaf_clk (net)
                  0.06    0.00    0.29 ^ _357_/CLK (sky130_fd_sc_hd__dfrtp_4)
                          0.00    0.29   clock reconvergence pessimism
                         -0.07    0.21   library hold time
                                  0.21   data required time
-----------------------------------------------------------------------------
                                  0.21   data required time
                                 -1.56   data arrival time
-----------------------------------------------------------------------------
                                  1.35   slack (MET)



worst slack corner Typical: 0.6927
