
===========================================================================
report_checks -path_delay min (Hold)
============================================================================
======================= Fastest Corner ===================================

Startpoint: _356_ (rising edge-triggered flip-flop clocked by core_clock)
Endpoint: _356_ (rising edge-triggered flip-flop clocked by core_clock)
Path Group: core_clock
Path Type: min
Corner: Fastest

Fanout     Cap    Slew   Delay    Time   Description
-----------------------------------------------------------------------------
                          0.00    0.00   clock core_clock (rise edge)
                          0.00    0.00   clock source latency
     1    0.02    0.00    0.00    0.00 ^ clk (in)
                                         clk (net)
                  0.00    0.00    0.00 ^ clkbuf_0_clk/A (sky130_fd_sc_hd__clkbuf_16)
     4    0.05    0.05    0.09    0.09 ^ clkbuf_0_clk/X (sky130_fd_sc_hd__clkbuf_16)
                                         clknet_0_clk (net)
                  0.05    0.00    0.09 ^ clkbuf_2_0__f_clk/A (sky130_fd_sc_hd__clkbuf_16)
     9    0.04    0.04    0.10    0.20 ^ clkbuf_2_0__f_clk/X (sky130_fd_sc_hd__clkbuf_16)
                                         clknet_2_0__leaf_clk (net)
                  0.04    0.00    0.20 ^ _356_/CLK (sky130_fd_sc_hd__dfrtp_1)
     2    0.02    0.12    0.27    0.47 ^ _356_/Q (sky130_fd_sc_hd__dfrtp_1)
                                         one_second_counter[26] (net)
                  0.12    0.00    0.47 ^ _284_/A1 (sky130_fd_sc_hd__o211a_1)
     1    0.01    0.07    0.13    0.60 ^ _284_/X (sky130_fd_sc_hd__o211a_1)
                                         _018_ (net)
                  0.07    0.00    0.60 ^ _356_/D (sky130_fd_sc_hd__dfrtp_1)
                                  0.60   data arrival time

                          0.00    0.00   clock core_clock (rise edge)
                          0.00    0.00   clock source latency
     1    0.02    0.00    0.00    0.00 ^ clk (in)
                                         clk (net)
                  0.00    0.00    0.00 ^ clkbuf_0_clk/A (sky130_fd_sc_hd__clkbuf_16)
     4    0.05    0.05    0.09    0.09 ^ clkbuf_0_clk/X (sky130_fd_sc_hd__clkbuf_16)
                                         clknet_0_clk (net)
                  0.05    0.00    0.09 ^ clkbuf_2_0__f_clk/A (sky130_fd_sc_hd__clkbuf_16)
     9    0.04    0.04    0.10    0.20 ^ clkbuf_2_0__f_clk/X (sky130_fd_sc_hd__clkbuf_16)
                                         clknet_2_0__leaf_clk (net)
                  0.04    0.00    0.20 ^ _356_/CLK (sky130_fd_sc_hd__dfrtp_1)
                          0.00    0.20   clock reconvergence pessimism
                         -0.02    0.18   library hold time
                                  0.18   data required time
-----------------------------------------------------------------------------
                                  0.18   data required time
                                 -0.60   data arrival time
-----------------------------------------------------------------------------
                                  0.42   slack (MET)


Startpoint: _357_ (rising edge-triggered flip-flop clocked by core_clock)
Endpoint: _358_ (rising edge-triggered flip-flop clocked by core_clock)
Path Group: core_clock
Path Type: min
Corner: Fastest

Fanout     Cap    Slew   Delay    Time   Description
-----------------------------------------------------------------------------
                          0.00    0.00   clock core_clock (rise edge)
                          0.00    0.00   clock source latency
     1    0.02    0.00    0.00    0.00 ^ clk (in)
                                         clk (net)
                  0.00    0.00    0.00 ^ clkbuf_0_clk/A (sky130_fd_sc_hd__clkbuf_16)
     4    0.05    0.05    0.09    0.09 ^ clkbuf_0_clk/X (sky130_fd_sc_hd__clkbuf_16)
                                         clknet_0_clk (net)
                  0.05    0.00    0.09 ^ clkbuf_2_0__f_clk/A (sky130_fd_sc_hd__clkbuf_16)
     9    0.04    0.04    0.10    0.20 ^ clkbuf_2_0__f_clk/X (sky130_fd_sc_hd__clkbuf_16)
                                         clknet_2_0__leaf_clk (net)
                  0.04    0.00    0.20 ^ _357_/CLK (sky130_fd_sc_hd__dfrtp_4)
     5    0.04    0.11    0.31    0.51 ^ _357_/Q (sky130_fd_sc_hd__dfrtp_4)
                                         one_second_enable (net)
                  0.11    0.00    0.51 ^ _174_/A1 (sky130_fd_sc_hd__a21oi_1)
     1    0.01    0.05    0.08    0.60 v _174_/Y (sky130_fd_sc_hd__a21oi_1)
                                         _060_ (net)
                  0.05    0.00    0.60 v _358_/D (sky130_fd_sc_hd__dfrtp_4)
                                  0.60   data arrival time

                          0.00    0.00   clock core_clock (rise edge)
                          0.00    0.00   clock source latency
     1    0.02    0.00    0.00    0.00 ^ clk (in)
                                         clk (net)
                  0.00    0.00    0.00 ^ clkbuf_0_clk/A (sky130_fd_sc_hd__clkbuf_16)
     4    0.05    0.05    0.09    0.09 ^ clkbuf_0_clk/X (sky130_fd_sc_hd__clkbuf_16)
                                         clknet_0_clk (net)
                  0.05    0.00    0.09 ^ clkbuf_2_1__f_clk/A (sky130_fd_sc_hd__clkbuf_16)
    10    0.03    0.04    0.10    0.19 ^ clkbuf_2_1__f_clk/X (sky130_fd_sc_hd__clkbuf_16)
                                         clknet_2_1__leaf_clk (net)
                  0.04    0.00    0.20 ^ _358_/CLK (sky130_fd_sc_hd__dfrtp_4)
                          0.00    0.20   clock reconvergence pessimism
                         -0.03    0.16   library hold time
                                  0.16   data required time
-----------------------------------------------------------------------------
                                  0.16   data required time
                                 -0.60   data arrival time
-----------------------------------------------------------------------------
                                  0.43   slack (MET)


Startpoint: _361_ (rising edge-triggered flip-flop clocked by core_clock)
Endpoint: _361_ (rising edge-triggered flip-flop clocked by core_clock)
Path Group: core_clock
Path Type: min
Corner: Fastest

Fanout     Cap    Slew   Delay    Time   Description
-----------------------------------------------------------------------------
                          0.00    0.00   clock core_clock (rise edge)
                          0.00    0.00   clock source latency
     1    0.02    0.00    0.00    0.00 ^ clk (in)
                                         clk (net)
                  0.00    0.00    0.00 ^ clkbuf_0_clk/A (sky130_fd_sc_hd__clkbuf_16)
     4    0.05    0.05    0.09    0.09 ^ clkbuf_0_clk/X (sky130_fd_sc_hd__clkbuf_16)
                                         clknet_0_clk (net)
                  0.05    0.00    0.09 ^ clkbuf_2_1__f_clk/A (sky130_fd_sc_hd__clkbuf_16)
    10    0.03    0.04    0.10    0.19 ^ clkbuf_2_1__f_clk/X (sky130_fd_sc_hd__clkbuf_16)
                                         clknet_2_1__leaf_clk (net)
                  0.04    0.00    0.20 ^ _361_/CLK (sky130_fd_sc_hd__dfrtp_4)
     6    0.06    0.14    0.33    0.53 ^ _361_/Q (sky130_fd_sc_hd__dfrtp_4)
                                         decoder.digit[3] (net)
                  0.14    0.00    0.53 ^ _164_/A (sky130_fd_sc_hd__xnor2_1)
     1    0.01    0.05    0.08    0.61 v _164_/Y (sky130_fd_sc_hd__xnor2_1)
                                         _063_ (net)
                  0.05    0.00    0.61 v _361_/D (sky130_fd_sc_hd__dfrtp_4)
                                  0.61   data arrival time

                          0.00    0.00   clock core_clock (rise edge)
                          0.00    0.00   clock source latency
     1    0.02    0.00    0.00    0.00 ^ clk (in)
                                         clk (net)
                  0.00    0.00    0.00 ^ clkbuf_0_clk/A (sky130_fd_sc_hd__clkbuf_16)
     4    0.05    0.05    0.09    0.09 ^ clkbuf_0_clk/X (sky130_fd_sc_hd__clkbuf_16)
                                         clknet_0_clk (net)
                  0.05    0.00    0.09 ^ clkbuf_2_1__f_clk/A (sky130_fd_sc_hd__clkbuf_16)
    10    0.03    0.04    0.10    0.19 ^ clkbuf_2_1__f_clk/X (sky130_fd_sc_hd__clkbuf_16)
                                         clknet_2_1__leaf_clk (net)
                  0.04    0.00    0.20 ^ _361_/CLK (sky130_fd_sc_hd__dfrtp_4)
                          0.00    0.20   clock reconvergence pessimism
                         -0.03    0.16   library hold time
                                  0.16   data required time
-----------------------------------------------------------------------------
                                  0.16   data required time
                                 -0.61   data arrival time
-----------------------------------------------------------------------------
                                  0.45   slack (MET)


Startpoint: _330_ (rising edge-triggered flip-flop clocked by core_clock)
Endpoint: _330_ (rising edge-triggered flip-flop clocked by core_clock)
Path Group: core_clock
Path Type: min
Corner: Fastest

Fanout     Cap    Slew   Delay    Time   Description
-----------------------------------------------------------------------------
                          0.00    0.00   clock core_clock (rise edge)
                          0.00    0.00   clock source latency
     1    0.02    0.00    0.00    0.00 ^ clk (in)
                                         clk (net)
                  0.00    0.00    0.00 ^ clkbuf_0_clk/A (sky130_fd_sc_hd__clkbuf_16)
     4    0.05    0.05    0.09    0.09 ^ clkbuf_0_clk/X (sky130_fd_sc_hd__clkbuf_16)
                                         clknet_0_clk (net)
                  0.05    0.00    0.09 ^ clkbuf_2_3__f_clk/A (sky130_fd_sc_hd__clkbuf_16)
     9    0.03    0.04    0.10    0.19 ^ clkbuf_2_3__f_clk/X (sky130_fd_sc_hd__clkbuf_16)
                                         clknet_2_3__leaf_clk (net)
                  0.04    0.00    0.19 ^ _330_/CLK (sky130_fd_sc_hd__dfrtp_4)
     7    0.05    0.12    0.32    0.52 ^ _330_/Q (sky130_fd_sc_hd__dfrtp_4)
                                         one_second_counter[0] (net)
                  0.12    0.00    0.52 ^ _190_/A (sky130_fd_sc_hd__nor2_1)
     1    0.02    0.08    0.09    0.61 v _190_/Y (sky130_fd_sc_hd__nor2_1)
                                         _000_ (net)
                  0.08    0.00    0.61 v _330_/D (sky130_fd_sc_hd__dfrtp_4)
                                  0.61   data arrival time

                          0.00    0.00   clock core_clock (rise edge)
                          0.00    0.00   clock source latency
     1    0.02    0.00    0.00    0.00 ^ clk (in)
                                         clk (net)
                  0.00    0.00    0.00 ^ clkbuf_0_clk/A (sky130_fd_sc_hd__clkbuf_16)
     4    0.05    0.05    0.09    0.09 ^ clkbuf_0_clk/X (sky130_fd_sc_hd__clkbuf_16)
                                         clknet_0_clk (net)
                  0.05    0.00    0.09 ^ clkbuf_2_3__f_clk/A (sky130_fd_sc_hd__clkbuf_16)
     9    0.03    0.04    0.10    0.19 ^ clkbuf_2_3__f_clk/X (sky130_fd_sc_hd__clkbuf_16)
                                         clknet_2_3__leaf_clk (net)
                  0.04    0.00    0.19 ^ _330_/CLK (sky130_fd_sc_hd__dfrtp_4)
                          0.00    0.19   clock reconvergence pessimism
                         -0.04    0.15   library hold time
                                  0.15   data required time
-----------------------------------------------------------------------------
                                  0.15   data required time
                                 -0.61   data arrival time
-----------------------------------------------------------------------------
                                  0.46   slack (MET)


Startpoint: _353_ (rising edge-triggered flip-flop clocked by core_clock)
Endpoint: _353_ (rising edge-triggered flip-flop clocked by core_clock)
Path Group: core_clock
Path Type: min
Corner: Fastest

Fanout     Cap    Slew   Delay    Time   Description
-----------------------------------------------------------------------------
                          0.00    0.00   clock core_clock (rise edge)
                          0.00    0.00   clock source latency
     1    0.02    0.00    0.00    0.00 ^ clk (in)
                                         clk (net)
                  0.00    0.00    0.00 ^ clkbuf_0_clk/A (sky130_fd_sc_hd__clkbuf_16)
     4    0.05    0.05    0.09    0.09 ^ clkbuf_0_clk/X (sky130_fd_sc_hd__clkbuf_16)
                                         clknet_0_clk (net)
                  0.05    0.00    0.09 ^ clkbuf_2_2__f_clk/A (sky130_fd_sc_hd__clkbuf_16)
     7    0.03    0.04    0.10    0.19 ^ clkbuf_2_2__f_clk/X (sky130_fd_sc_hd__clkbuf_16)
                                         clknet_2_2__leaf_clk (net)
                  0.04    0.00    0.19 ^ _353_/CLK (sky130_fd_sc_hd__dfrtp_2)
     2    0.03    0.07    0.29    0.49 v _353_/Q (sky130_fd_sc_hd__dfrtp_2)
                                         one_second_counter[23] (net)
                  0.07    0.00    0.49 v _273_/A (sky130_fd_sc_hd__inv_2)
     1    0.02    0.07    0.08    0.57 ^ _273_/Y (sky130_fd_sc_hd__inv_2)
                                         _147_ (net)
                  0.07    0.00    0.57 ^ _275_/A1 (sky130_fd_sc_hd__a221oi_1)
     1    0.01    0.06    0.06    0.63 v _275_/Y (sky130_fd_sc_hd__a221oi_1)
                                         _015_ (net)
                  0.06    0.00    0.64 v _353_/D (sky130_fd_sc_hd__dfrtp_2)
                                  0.64   data arrival time

                          0.00    0.00   clock core_clock (rise edge)
                          0.00    0.00   clock source latency
     1    0.02    0.00    0.00    0.00 ^ clk (in)
                                         clk (net)
                  0.00    0.00    0.00 ^ clkbuf_0_clk/A (sky130_fd_sc_hd__clkbuf_16)
     4    0.05    0.05    0.09    0.09 ^ clkbuf_0_clk/X (sky130_fd_sc_hd__clkbuf_16)
                                         clknet_0_clk (net)
                  0.05    0.00    0.09 ^ clkbuf_2_2__f_clk/A (sky130_fd_sc_hd__clkbuf_16)
     7    0.03    0.04    0.10    0.19 ^ clkbuf_2_2__f_clk/X (sky130_fd_sc_hd__clkbuf_16)
                                         clknet_2_2__leaf_clk (net)
                  0.04    0.00    0.19 ^ _353_/CLK (sky130_fd_sc_hd__dfrtp_2)
                          0.00    0.19   clock reconvergence pessimism
                         -0.04    0.16   library hold time
                                  0.16   data required time
-----------------------------------------------------------------------------
                                  0.16   data required time
                                 -0.64   data arrival time
-----------------------------------------------------------------------------
                                  0.48   slack (MET)


Startpoint: _345_ (rising edge-triggered flip-flop clocked by core_clock)
Endpoint: _345_ (rising edge-triggered flip-flop clocked by core_clock)
Path Group: core_clock
Path Type: min
Corner: Fastest

Fanout     Cap    Slew   Delay    Time   Description
-----------------------------------------------------------------------------
                          0.00    0.00   clock core_clock (rise edge)
                          0.00    0.00   clock source latency
     1    0.02    0.00    0.00    0.00 ^ clk (in)
                                         clk (net)
                  0.00    0.00    0.00 ^ clkbuf_0_clk/A (sky130_fd_sc_hd__clkbuf_16)
     4    0.05    0.05    0.09    0.09 ^ clkbuf_0_clk/X (sky130_fd_sc_hd__clkbuf_16)
                                         clknet_0_clk (net)
                  0.05    0.00    0.09 ^ clkbuf_2_3__f_clk/A (sky130_fd_sc_hd__clkbuf_16)
     9    0.03    0.04    0.10    0.19 ^ clkbuf_2_3__f_clk/X (sky130_fd_sc_hd__clkbuf_16)
                                         clknet_2_3__leaf_clk (net)
                  0.04    0.00    0.19 ^ _345_/CLK (sky130_fd_sc_hd__dfrtp_2)
     3    0.03    0.08    0.30    0.49 v _345_/Q (sky130_fd_sc_hd__dfrtp_2)
                                         one_second_counter[15] (net)
                  0.08    0.00    0.49 v _243_/A (sky130_fd_sc_hd__inv_2)
     1    0.01    0.04    0.06    0.56 ^ _243_/Y (sky130_fd_sc_hd__inv_2)
                                         _125_ (net)
                  0.04    0.00    0.56 ^ _246_/A1 (sky130_fd_sc_hd__a211oi_1)
     1    0.02    0.08    0.08    0.63 v _246_/Y (sky130_fd_sc_hd__a211oi_1)
                                         _006_ (net)
                  0.08    0.00    0.64 v _345_/D (sky130_fd_sc_hd__dfrtp_2)
                                  0.64   data arrival time

                          0.00    0.00   clock core_clock (rise edge)
                          0.00    0.00   clock source latency
     1    0.02    0.00    0.00    0.00 ^ clk (in)
                                         clk (net)
                  0.00    0.00    0.00 ^ clkbuf_0_clk/A (sky130_fd_sc_hd__clkbuf_16)
     4    0.05    0.05    0.09    0.09 ^ clkbuf_0_clk/X (sky130_fd_sc_hd__clkbuf_16)
                                         clknet_0_clk (net)
                  0.05    0.00    0.09 ^ clkbuf_2_3__f_clk/A (sky130_fd_sc_hd__clkbuf_16)
     9    0.03    0.04    0.10    0.19 ^ clkbuf_2_3__f_clk/X (sky130_fd_sc_hd__clkbuf_16)
                                         clknet_2_3__leaf_clk (net)
                  0.04    0.00    0.19 ^ _345_/CLK (sky130_fd_sc_hd__dfrtp_2)
                          0.00    0.19   clock reconvergence pessimism
                         -0.04    0.15   library hold time
                                  0.15   data required time
-----------------------------------------------------------------------------
                                  0.15   data required time
                                 -0.64   data arrival time
-----------------------------------------------------------------------------
                                  0.48   slack (MET)


Startpoint: _351_ (rising edge-triggered flip-flop clocked by core_clock)
Endpoint: _351_ (rising edge-triggered flip-flop clocked by core_clock)
Path Group: core_clock
Path Type: min
Corner: Fastest

Fanout     Cap    Slew   Delay    Time   Description
-----------------------------------------------------------------------------
                          0.00    0.00   clock core_clock (rise edge)
                          0.00    0.00   clock source latency
     1    0.02    0.00    0.00    0.00 ^ clk (in)
                                         clk (net)
                  0.00    0.00    0.00 ^ clkbuf_0_clk/A (sky130_fd_sc_hd__clkbuf_16)
     4    0.05    0.05    0.09    0.09 ^ clkbuf_0_clk/X (sky130_fd_sc_hd__clkbuf_16)
                                         clknet_0_clk (net)
                  0.05    0.00    0.09 ^ clkbuf_2_1__f_clk/A (sky130_fd_sc_hd__clkbuf_16)
    10    0.03    0.04    0.10    0.19 ^ clkbuf_2_1__f_clk/X (sky130_fd_sc_hd__clkbuf_16)
                                         clknet_2_1__leaf_clk (net)
                  0.04    0.00    0.20 ^ _351_/CLK (sky130_fd_sc_hd__dfrtp_2)
     3    0.03    0.07    0.29    0.49 v _351_/Q (sky130_fd_sc_hd__dfrtp_2)
                                         one_second_counter[21] (net)
                  0.07    0.00    0.49 v _266_/A (sky130_fd_sc_hd__inv_2)
     1    0.02    0.09    0.09    0.58 ^ _266_/Y (sky130_fd_sc_hd__inv_2)
                                         _142_ (net)
                  0.09    0.00    0.58 ^ _268_/A1 (sky130_fd_sc_hd__a211oi_1)
     1    0.01    0.06    0.07    0.65 v _268_/Y (sky130_fd_sc_hd__a211oi_1)
                                         _013_ (net)
                  0.06    0.00    0.65 v _351_/D (sky130_fd_sc_hd__dfrtp_2)
                                  0.65   data arrival time

                          0.00    0.00   clock core_clock (rise edge)
                          0.00    0.00   clock source latency
     1    0.02    0.00    0.00    0.00 ^ clk (in)
                                         clk (net)
                  0.00    0.00    0.00 ^ clkbuf_0_clk/A (sky130_fd_sc_hd__clkbuf_16)
     4    0.05    0.05    0.09    0.09 ^ clkbuf_0_clk/X (sky130_fd_sc_hd__clkbuf_16)
                                         clknet_0_clk (net)
                  0.05    0.00    0.09 ^ clkbuf_2_1__f_clk/A (sky130_fd_sc_hd__clkbuf_16)
    10    0.03    0.04    0.10    0.19 ^ clkbuf_2_1__f_clk/X (sky130_fd_sc_hd__clkbuf_16)
                                         clknet_2_1__leaf_clk (net)
                  0.04    0.00    0.20 ^ _351_/CLK (sky130_fd_sc_hd__dfrtp_2)
                          0.00    0.20   clock reconvergence pessimism
                         -0.04    0.16   library hold time
                                  0.16   data required time
-----------------------------------------------------------------------------
                                  0.16   data required time
                                 -0.65   data arrival time
-----------------------------------------------------------------------------
                                  0.49   slack (MET)


Startpoint: _336_ (rising edge-triggered flip-flop clocked by core_clock)
Endpoint: _337_ (rising edge-triggered flip-flop clocked by core_clock)
Path Group: core_clock
Path Type: min
Corner: Fastest

Fanout     Cap    Slew   Delay    Time   Description
-----------------------------------------------------------------------------
                          0.00    0.00   clock core_clock (rise edge)
                          0.00    0.00   clock source latency
     1    0.02    0.00    0.00    0.00 ^ clk (in)
                                         clk (net)
                  0.00    0.00    0.00 ^ clkbuf_0_clk/A (sky130_fd_sc_hd__clkbuf_16)
     4    0.05    0.05    0.09    0.09 ^ clkbuf_0_clk/X (sky130_fd_sc_hd__clkbuf_16)
                                         clknet_0_clk (net)
                  0.05    0.00    0.09 ^ clkbuf_2_0__f_clk/A (sky130_fd_sc_hd__clkbuf_16)
     9    0.04    0.04    0.10    0.20 ^ clkbuf_2_0__f_clk/X (sky130_fd_sc_hd__clkbuf_16)
                                         clknet_2_0__leaf_clk (net)
                  0.04    0.00    0.20 ^ _336_/CLK (sky130_fd_sc_hd__dfrtp_1)
     3    0.02    0.08    0.27    0.47 v _336_/Q (sky130_fd_sc_hd__dfrtp_1)
                                         one_second_counter[6] (net)
                  0.08    0.00    0.47 v _211_/A (sky130_fd_sc_hd__nand2_1)
     2    0.01    0.10    0.11    0.58 ^ _211_/Y (sky130_fd_sc_hd__nand2_1)
                                         _102_ (net)
                  0.10    0.00    0.58 ^ _215_/A2 (sky130_fd_sc_hd__a211oi_2)
     1    0.02    0.05    0.08    0.65 v _215_/Y (sky130_fd_sc_hd__a211oi_2)
                                         _024_ (net)
                  0.05    0.00    0.66 v _337_/D (sky130_fd_sc_hd__dfrtp_1)
                                  0.66   data arrival time

                          0.00    0.00   clock core_clock (rise edge)
                          0.00    0.00   clock source latency
     1    0.02    0.00    0.00    0.00 ^ clk (in)
                                         clk (net)
                  0.00    0.00    0.00 ^ clkbuf_0_clk/A (sky130_fd_sc_hd__clkbuf_16)
     4    0.05    0.05    0.09    0.09 ^ clkbuf_0_clk/X (sky130_fd_sc_hd__clkbuf_16)
                                         clknet_0_clk (net)
                  0.05    0.00    0.09 ^ clkbuf_2_0__f_clk/A (sky130_fd_sc_hd__clkbuf_16)
     9    0.04    0.04    0.10    0.20 ^ clkbuf_2_0__f_clk/X (sky130_fd_sc_hd__clkbuf_16)
                                         clknet_2_0__leaf_clk (net)
                  0.04    0.00    0.20 ^ _337_/CLK (sky130_fd_sc_hd__dfrtp_1)
                          0.00    0.20   clock reconvergence pessimism
                         -0.04    0.16   library hold time
                                  0.16   data required time
-----------------------------------------------------------------------------
                                  0.16   data required time
                                 -0.66   data arrival time
-----------------------------------------------------------------------------
                                  0.49   slack (MET)


Startpoint: _357_ (rising edge-triggered flip-flop clocked by core_clock)
Endpoint: _359_ (rising edge-triggered flip-flop clocked by core_clock)
Path Group: core_clock
Path Type: min
Corner: Fastest

Fanout     Cap    Slew   Delay    Time   Description
-----------------------------------------------------------------------------
                          0.00    0.00   clock core_clock (rise edge)
                          0.00    0.00   clock source latency
     1    0.02    0.00    0.00    0.00 ^ clk (in)
                                         clk (net)
                  0.00    0.00    0.00 ^ clkbuf_0_clk/A (sky130_fd_sc_hd__clkbuf_16)
     4    0.05    0.05    0.09    0.09 ^ clkbuf_0_clk/X (sky130_fd_sc_hd__clkbuf_16)
                                         clknet_0_clk (net)
                  0.05    0.00    0.09 ^ clkbuf_2_0__f_clk/A (sky130_fd_sc_hd__clkbuf_16)
     9    0.04    0.04    0.10    0.20 ^ clkbuf_2_0__f_clk/X (sky130_fd_sc_hd__clkbuf_16)
                                         clknet_2_0__leaf_clk (net)
                  0.04    0.00    0.20 ^ _357_/CLK (sky130_fd_sc_hd__dfrtp_4)
     5    0.04    0.11    0.31    0.51 ^ _357_/Q (sky130_fd_sc_hd__dfrtp_4)
                                         one_second_enable (net)
                  0.11    0.00    0.51 ^ _171_/A1 (sky130_fd_sc_hd__a21oi_1)
     1    0.01    0.06    0.07    0.58 v _171_/Y (sky130_fd_sc_hd__a21oi_1)
                                         _071_ (net)
                  0.06    0.00    0.58 v _172_/B (sky130_fd_sc_hd__nor2_1)
     1    0.01    0.11    0.11    0.69 ^ _172_/Y (sky130_fd_sc_hd__nor2_1)
                                         _061_ (net)
                  0.11    0.00    0.69 ^ _359_/D (sky130_fd_sc_hd__dfrtp_4)
                                  0.69   data arrival time

                          0.00    0.00   clock core_clock (rise edge)
                          0.00    0.00   clock source latency
     1    0.02    0.00    0.00    0.00 ^ clk (in)
                                         clk (net)
                  0.00    0.00    0.00 ^ clkbuf_0_clk/A (sky130_fd_sc_hd__clkbuf_16)
     4    0.05    0.05    0.09    0.09 ^ clkbuf_0_clk/X (sky130_fd_sc_hd__clkbuf_16)
                                         clknet_0_clk (net)
                  0.05    0.00    0.09 ^ clkbuf_2_2__f_clk/A (sky130_fd_sc_hd__clkbuf_16)
     7    0.03    0.04    0.10    0.19 ^ clkbuf_2_2__f_clk/X (sky130_fd_sc_hd__clkbuf_16)
                                         clknet_2_2__leaf_clk (net)
                  0.04    0.00    0.19 ^ _359_/CLK (sky130_fd_sc_hd__dfrtp_4)
                          0.00    0.19   clock reconvergence pessimism
                         -0.03    0.17   library hold time
                                  0.17   data required time
-----------------------------------------------------------------------------
                                  0.17   data required time
                                 -0.69   data arrival time
-----------------------------------------------------------------------------
                                  0.52   slack (MET)


Startpoint: _339_ (rising edge-triggered flip-flop clocked by core_clock)
Endpoint: _339_ (rising edge-triggered flip-flop clocked by core_clock)
Path Group: core_clock
Path Type: min
Corner: Fastest

Fanout     Cap    Slew   Delay    Time   Description
-----------------------------------------------------------------------------
                          0.00    0.00   clock core_clock (rise edge)
                          0.00    0.00   clock source latency
     1    0.02    0.00    0.00    0.00 ^ clk (in)
                                         clk (net)
                  0.00    0.00    0.00 ^ clkbuf_0_clk/A (sky130_fd_sc_hd__clkbuf_16)
     4    0.05    0.05    0.09    0.09 ^ clkbuf_0_clk/X (sky130_fd_sc_hd__clkbuf_16)
                                         clknet_0_clk (net)
                  0.05    0.00    0.09 ^ clkbuf_2_0__f_clk/A (sky130_fd_sc_hd__clkbuf_16)
     9    0.04    0.04    0.10    0.20 ^ clkbuf_2_0__f_clk/X (sky130_fd_sc_hd__clkbuf_16)
                                         clknet_2_0__leaf_clk (net)
                  0.04    0.00    0.20 ^ _339_/CLK (sky130_fd_sc_hd__dfrtp_1)
     3    0.03    0.11    0.31    0.51 v _339_/Q (sky130_fd_sc_hd__dfrtp_1)
                                         one_second_counter[9] (net)
                  0.11    0.00    0.51 v _220_/B1 (sky130_fd_sc_hd__a21oi_1)
     1    0.01    0.14    0.15    0.66 ^ _220_/Y (sky130_fd_sc_hd__a21oi_1)
                                         _108_ (net)
                  0.14    0.00    0.66 ^ _222_/B (sky130_fd_sc_hd__nor3_1)
     1    0.01    0.05    0.05    0.71 v _222_/Y (sky130_fd_sc_hd__nor3_1)
                                         _026_ (net)
                  0.05    0.00    0.71 v _339_/D (sky130_fd_sc_hd__dfrtp_1)
                                  0.71   data arrival time

                          0.00    0.00   clock core_clock (rise edge)
                          0.00    0.00   clock source latency
     1    0.02    0.00    0.00    0.00 ^ clk (in)
                                         clk (net)
                  0.00    0.00    0.00 ^ clkbuf_0_clk/A (sky130_fd_sc_hd__clkbuf_16)
     4    0.05    0.05    0.09    0.09 ^ clkbuf_0_clk/X (sky130_fd_sc_hd__clkbuf_16)
                                         clknet_0_clk (net)
                  0.05    0.00    0.09 ^ clkbuf_2_0__f_clk/A (sky130_fd_sc_hd__clkbuf_16)
     9    0.04    0.04    0.10    0.20 ^ clkbuf_2_0__f_clk/X (sky130_fd_sc_hd__clkbuf_16)
                                         clknet_2_0__leaf_clk (net)
                  0.04    0.00    0.20 ^ _339_/CLK (sky130_fd_sc_hd__dfrtp_1)
                          0.00    0.20   clock reconvergence pessimism
                         -0.04    0.16   library hold time
                                  0.16   data required time
-----------------------------------------------------------------------------
                                  0.16   data required time
                                 -0.71   data arrival time
-----------------------------------------------------------------------------
                                  0.55   slack (MET)


Startpoint: _335_ (rising edge-triggered flip-flop clocked by core_clock)
Endpoint: _335_ (rising edge-triggered flip-flop clocked by core_clock)
Path Group: core_clock
Path Type: min
Corner: Fastest

Fanout     Cap    Slew   Delay    Time   Description
-----------------------------------------------------------------------------
                          0.00    0.00   clock core_clock (rise edge)
                          0.00    0.00   clock source latency
     1    0.02    0.00    0.00    0.00 ^ clk (in)
                                         clk (net)
                  0.00    0.00    0.00 ^ clkbuf_0_clk/A (sky130_fd_sc_hd__clkbuf_16)
     4    0.05    0.05    0.09    0.09 ^ clkbuf_0_clk/X (sky130_fd_sc_hd__clkbuf_16)
                                         clknet_0_clk (net)
                  0.05    0.00    0.09 ^ clkbuf_2_1__f_clk/A (sky130_fd_sc_hd__clkbuf_16)
    10    0.03    0.04    0.10    0.19 ^ clkbuf_2_1__f_clk/X (sky130_fd_sc_hd__clkbuf_16)
                                         clknet_2_1__leaf_clk (net)
                  0.04    0.00    0.20 ^ _335_/CLK (sky130_fd_sc_hd__dfrtp_2)
     3    0.03    0.07    0.29    0.49 v _335_/Q (sky130_fd_sc_hd__dfrtp_2)
                                         one_second_counter[5] (net)
                  0.07    0.00    0.49 v _207_/B1 (sky130_fd_sc_hd__a21oi_1)
     1    0.01    0.15    0.14    0.63 ^ _207_/Y (sky130_fd_sc_hd__a21oi_1)
                                         _099_ (net)
                  0.15    0.00    0.63 ^ _209_/B (sky130_fd_sc_hd__nor3_1)
     1    0.02    0.08    0.08    0.71 v _209_/Y (sky130_fd_sc_hd__nor3_1)
                                         _022_ (net)
                  0.08    0.00    0.71 v _335_/D (sky130_fd_sc_hd__dfrtp_2)
                                  0.71   data arrival time

                          0.00    0.00   clock core_clock (rise edge)
                          0.00    0.00   clock source latency
     1    0.02    0.00    0.00    0.00 ^ clk (in)
                                         clk (net)
                  0.00    0.00    0.00 ^ clkbuf_0_clk/A (sky130_fd_sc_hd__clkbuf_16)
     4    0.05    0.05    0.09    0.09 ^ clkbuf_0_clk/X (sky130_fd_sc_hd__clkbuf_16)
                                         clknet_0_clk (net)
                  0.05    0.00    0.09 ^ clkbuf_2_1__f_clk/A (sky130_fd_sc_hd__clkbuf_16)
    10    0.03    0.04    0.10    0.19 ^ clkbuf_2_1__f_clk/X (sky130_fd_sc_hd__clkbuf_16)
                                         clknet_2_1__leaf_clk (net)
                  0.04    0.00    0.20 ^ _335_/CLK (sky130_fd_sc_hd__dfrtp_2)
                          0.00    0.20   clock reconvergence pessimism
                         -0.04    0.15   library hold time
                                  0.15   data required time
-----------------------------------------------------------------------------
                                  0.15   data required time
                                 -0.71   data arrival time
-----------------------------------------------------------------------------
                                  0.56   slack (MET)


Startpoint: _341_ (rising edge-triggered flip-flop clocked by core_clock)
Endpoint: _341_ (rising edge-triggered flip-flop clocked by core_clock)
Path Group: core_clock
Path Type: min
Corner: Fastest

Fanout     Cap    Slew   Delay    Time   Description
-----------------------------------------------------------------------------
                          0.00    0.00   clock core_clock (rise edge)
                          0.00    0.00   clock source latency
     1    0.02    0.00    0.00    0.00 ^ clk (in)
                                         clk (net)
                  0.00    0.00    0.00 ^ clkbuf_0_clk/A (sky130_fd_sc_hd__clkbuf_16)
     4    0.05    0.05    0.09    0.09 ^ clkbuf_0_clk/X (sky130_fd_sc_hd__clkbuf_16)
                                         clknet_0_clk (net)
                  0.05    0.00    0.09 ^ clkbuf_2_1__f_clk/A (sky130_fd_sc_hd__clkbuf_16)
    10    0.03    0.04    0.10    0.19 ^ clkbuf_2_1__f_clk/X (sky130_fd_sc_hd__clkbuf_16)
                                         clknet_2_1__leaf_clk (net)
                  0.04    0.00    0.20 ^ _341_/CLK (sky130_fd_sc_hd__dfrtp_2)
     4    0.03    0.08    0.30    0.49 v _341_/Q (sky130_fd_sc_hd__dfrtp_2)
                                         one_second_counter[11] (net)
                  0.08    0.00    0.49 v _227_/B1 (sky130_fd_sc_hd__a21oi_1)
     1    0.01    0.14    0.14    0.63 ^ _227_/Y (sky130_fd_sc_hd__a21oi_1)
                                         _113_ (net)
                  0.14    0.00    0.63 ^ _229_/B (sky130_fd_sc_hd__nor3_1)
     1    0.02    0.08    0.09    0.72 v _229_/Y (sky130_fd_sc_hd__nor3_1)
                                         _002_ (net)
                  0.08    0.00    0.72 v _341_/D (sky130_fd_sc_hd__dfrtp_2)
                                  0.72   data arrival time

                          0.00    0.00   clock core_clock (rise edge)
                          0.00    0.00   clock source latency
     1    0.02    0.00    0.00    0.00 ^ clk (in)
                                         clk (net)
                  0.00    0.00    0.00 ^ clkbuf_0_clk/A (sky130_fd_sc_hd__clkbuf_16)
     4    0.05    0.05    0.09    0.09 ^ clkbuf_0_clk/X (sky130_fd_sc_hd__clkbuf_16)
                                         clknet_0_clk (net)
                  0.05    0.00    0.09 ^ clkbuf_2_1__f_clk/A (sky130_fd_sc_hd__clkbuf_16)
    10    0.03    0.04    0.10    0.19 ^ clkbuf_2_1__f_clk/X (sky130_fd_sc_hd__clkbuf_16)
                                         clknet_2_1__leaf_clk (net)
                  0.04    0.00    0.20 ^ _341_/CLK (sky130_fd_sc_hd__dfrtp_2)
                          0.00    0.20   clock reconvergence pessimism
                         -0.04    0.15   library hold time
                                  0.15   data required time
-----------------------------------------------------------------------------
                                  0.15   data required time
                                 -0.72   data arrival time
-----------------------------------------------------------------------------
                                  0.57   slack (MET)


Startpoint: _348_ (rising edge-triggered flip-flop clocked by core_clock)
Endpoint: _348_ (rising edge-triggered flip-flop clocked by core_clock)
Path Group: core_clock
Path Type: min
Corner: Fastest

Fanout     Cap    Slew   Delay    Time   Description
-----------------------------------------------------------------------------
                          0.00    0.00   clock core_clock (rise edge)
                          0.00    0.00   clock source latency
     1    0.02    0.00    0.00    0.00 ^ clk (in)
                                         clk (net)
                  0.00    0.00    0.00 ^ clkbuf_0_clk/A (sky130_fd_sc_hd__clkbuf_16)
     4    0.05    0.05    0.09    0.09 ^ clkbuf_0_clk/X (sky130_fd_sc_hd__clkbuf_16)
                                         clknet_0_clk (net)
                  0.05    0.00    0.09 ^ clkbuf_2_1__f_clk/A (sky130_fd_sc_hd__clkbuf_16)
    10    0.03    0.04    0.10    0.19 ^ clkbuf_2_1__f_clk/X (sky130_fd_sc_hd__clkbuf_16)
                                         clknet_2_1__leaf_clk (net)
                  0.04    0.00    0.20 ^ _348_/CLK (sky130_fd_sc_hd__dfrtp_4)
     6    0.06    0.14    0.34    0.53 ^ _348_/Q (sky130_fd_sc_hd__dfrtp_4)
                                         one_second_counter[18] (net)
                  0.14    0.00    0.54 ^ _253_/A (sky130_fd_sc_hd__nand2_1)
     1    0.01    0.06    0.06    0.60 v _253_/Y (sky130_fd_sc_hd__nand2_1)
                                         _132_ (net)
                  0.06    0.00    0.60 v _255_/A1 (sky130_fd_sc_hd__o211a_1)
     1    0.01    0.05    0.18    0.78 v _255_/X (sky130_fd_sc_hd__o211a_1)
                                         _009_ (net)
                  0.05    0.00    0.78 v _348_/D (sky130_fd_sc_hd__dfrtp_4)
                                  0.78   data arrival time

                          0.00    0.00   clock core_clock (rise edge)
                          0.00    0.00   clock source latency
     1    0.02    0.00    0.00    0.00 ^ clk (in)
                                         clk (net)
                  0.00    0.00    0.00 ^ clkbuf_0_clk/A (sky130_fd_sc_hd__clkbuf_16)
     4    0.05    0.05    0.09    0.09 ^ clkbuf_0_clk/X (sky130_fd_sc_hd__clkbuf_16)
                                         clknet_0_clk (net)
                  0.05    0.00    0.09 ^ clkbuf_2_1__f_clk/A (sky130_fd_sc_hd__clkbuf_16)
    10    0.03    0.04    0.10    0.19 ^ clkbuf_2_1__f_clk/X (sky130_fd_sc_hd__clkbuf_16)
                                         clknet_2_1__leaf_clk (net)
                  0.04    0.00    0.20 ^ _348_/CLK (sky130_fd_sc_hd__dfrtp_4)
                          0.00    0.20   clock reconvergence pessimism
                         -0.03    0.16   library hold time
                                  0.16   data required time
-----------------------------------------------------------------------------
                                  0.16   data required time
                                 -0.78   data arrival time
-----------------------------------------------------------------------------
                                  0.62   slack (MET)


Startpoint: _354_ (rising edge-triggered flip-flop clocked by core_clock)
Endpoint: _354_ (rising edge-triggered flip-flop clocked by core_clock)
Path Group: core_clock
Path Type: min
Corner: Fastest

Fanout     Cap    Slew   Delay    Time   Description
-----------------------------------------------------------------------------
                          0.00    0.00   clock core_clock (rise edge)
                          0.00    0.00   clock source latency
     1    0.02    0.00    0.00    0.00 ^ clk (in)
                                         clk (net)
                  0.00    0.00    0.00 ^ clkbuf_0_clk/A (sky130_fd_sc_hd__clkbuf_16)
     4    0.05    0.05    0.09    0.09 ^ clkbuf_0_clk/X (sky130_fd_sc_hd__clkbuf_16)
                                         clknet_0_clk (net)
                  0.05    0.00    0.09 ^ clkbuf_2_0__f_clk/A (sky130_fd_sc_hd__clkbuf_16)
     9    0.04    0.04    0.10    0.20 ^ clkbuf_2_0__f_clk/X (sky130_fd_sc_hd__clkbuf_16)
                                         clknet_2_0__leaf_clk (net)
                  0.04    0.00    0.20 ^ _354_/CLK (sky130_fd_sc_hd__dfrtp_4)
     3    0.03    0.07    0.33    0.53 v _354_/Q (sky130_fd_sc_hd__dfrtp_4)
                                         one_second_counter[24] (net)
                  0.07    0.00    0.53 v _276_/B1 (sky130_fd_sc_hd__a21oi_2)
     1    0.02    0.17    0.15    0.68 ^ _276_/Y (sky130_fd_sc_hd__a21oi_2)
                                         _149_ (net)
                  0.17    0.00    0.68 ^ _278_/B (sky130_fd_sc_hd__nor3_1)
     1    0.02    0.09    0.09    0.77 v _278_/Y (sky130_fd_sc_hd__nor3_1)
                                         _016_ (net)
                  0.09    0.00    0.78 v _354_/D (sky130_fd_sc_hd__dfrtp_4)
                                  0.78   data arrival time

                          0.00    0.00   clock core_clock (rise edge)
                          0.00    0.00   clock source latency
     1    0.02    0.00    0.00    0.00 ^ clk (in)
                                         clk (net)
                  0.00    0.00    0.00 ^ clkbuf_0_clk/A (sky130_fd_sc_hd__clkbuf_16)
     4    0.05    0.05    0.09    0.09 ^ clkbuf_0_clk/X (sky130_fd_sc_hd__clkbuf_16)
                                         clknet_0_clk (net)
                  0.05    0.00    0.09 ^ clkbuf_2_0__f_clk/A (sky130_fd_sc_hd__clkbuf_16)
     9    0.04    0.04    0.10    0.20 ^ clkbuf_2_0__f_clk/X (sky130_fd_sc_hd__clkbuf_16)
                                         clknet_2_0__leaf_clk (net)
                  0.04    0.00    0.20 ^ _354_/CLK (sky130_fd_sc_hd__dfrtp_4)
                          0.00    0.20   clock reconvergence pessimism
                         -0.04    0.15   library hold time
                                  0.15   data required time
-----------------------------------------------------------------------------
                                  0.15   data required time
                                 -0.78   data arrival time
-----------------------------------------------------------------------------
                                  0.62   slack (MET)


Startpoint: _352_ (rising edge-triggered flip-flop clocked by core_clock)
Endpoint: _352_ (rising edge-triggered flip-flop clocked by core_clock)
Path Group: core_clock
Path Type: min
Corner: Fastest

Fanout     Cap    Slew   Delay    Time   Description
-----------------------------------------------------------------------------
                          0.00    0.00   clock core_clock (rise edge)
                          0.00    0.00   clock source latency
     1    0.02    0.00    0.00    0.00 ^ clk (in)
                                         clk (net)
                  0.00    0.00    0.00 ^ clkbuf_0_clk/A (sky130_fd_sc_hd__clkbuf_16)
     4    0.05    0.05    0.09    0.09 ^ clkbuf_0_clk/X (sky130_fd_sc_hd__clkbuf_16)
                                         clknet_0_clk (net)
                  0.05    0.00    0.09 ^ clkbuf_2_1__f_clk/A (sky130_fd_sc_hd__clkbuf_16)
    10    0.03    0.04    0.10    0.19 ^ clkbuf_2_1__f_clk/X (sky130_fd_sc_hd__clkbuf_16)
                                         clknet_2_1__leaf_clk (net)
                  0.04    0.00    0.20 ^ _352_/CLK (sky130_fd_sc_hd__dfrtp_1)
     3    0.02    0.16    0.30    0.49 ^ _352_/Q (sky130_fd_sc_hd__dfrtp_1)
                                         one_second_counter[22] (net)
                  0.16    0.00    0.49 ^ _269_/A (sky130_fd_sc_hd__or2_1)
     1    0.01    0.08    0.12    0.61 ^ _269_/X (sky130_fd_sc_hd__or2_1)
                                         _144_ (net)
                  0.08    0.00    0.61 ^ _271_/B (sky130_fd_sc_hd__and3_1)
     1    0.01    0.10    0.15    0.76 ^ _271_/X (sky130_fd_sc_hd__and3_1)
                                         _146_ (net)
                  0.10    0.00    0.76 ^ _272_/A (sky130_fd_sc_hd__clkbuf_1)
     1    0.00    0.04    0.06    0.82 ^ _272_/X (sky130_fd_sc_hd__clkbuf_1)
                                         _014_ (net)
                  0.04    0.00    0.82 ^ _352_/D (sky130_fd_sc_hd__dfrtp_1)
                                  0.82   data arrival time

                          0.00    0.00   clock core_clock (rise edge)
                          0.00    0.00   clock source latency
     1    0.02    0.00    0.00    0.00 ^ clk (in)
                                         clk (net)
                  0.00    0.00    0.00 ^ clkbuf_0_clk/A (sky130_fd_sc_hd__clkbuf_16)
     4    0.05    0.05    0.09    0.09 ^ clkbuf_0_clk/X (sky130_fd_sc_hd__clkbuf_16)
                                         clknet_0_clk (net)
                  0.05    0.00    0.09 ^ clkbuf_2_1__f_clk/A (sky130_fd_sc_hd__clkbuf_16)
    10    0.03    0.04    0.10    0.19 ^ clkbuf_2_1__f_clk/X (sky130_fd_sc_hd__clkbuf_16)
                                         clknet_2_1__leaf_clk (net)
                  0.04    0.00    0.20 ^ _352_/CLK (sky130_fd_sc_hd__dfrtp_1)
                          0.00    0.20   clock reconvergence pessimism
                         -0.02    0.18   library hold time
                                  0.18   data required time
-----------------------------------------------------------------------------
                                  0.18   data required time
                                 -0.82   data arrival time
-----------------------------------------------------------------------------
                                  0.64   slack (MET)


Startpoint: _347_ (rising edge-triggered flip-flop clocked by core_clock)
Endpoint: _347_ (rising edge-triggered flip-flop clocked by core_clock)
Path Group: core_clock
Path Type: min
Corner: Fastest

Fanout     Cap    Slew   Delay    Time   Description
-----------------------------------------------------------------------------
                          0.00    0.00   clock core_clock (rise edge)
                          0.00    0.00   clock source latency
     1    0.02    0.00    0.00    0.00 ^ clk (in)
                                         clk (net)
                  0.00    0.00    0.00 ^ clkbuf_0_clk/A (sky130_fd_sc_hd__clkbuf_16)
     4    0.05    0.05    0.09    0.09 ^ clkbuf_0_clk/X (sky130_fd_sc_hd__clkbuf_16)
                                         clknet_0_clk (net)
                  0.05    0.00    0.09 ^ clkbuf_2_3__f_clk/A (sky130_fd_sc_hd__clkbuf_16)
     9    0.03    0.04    0.10    0.19 ^ clkbuf_2_3__f_clk/X (sky130_fd_sc_hd__clkbuf_16)
                                         clknet_2_3__leaf_clk (net)
                  0.04    0.00    0.19 ^ _347_/CLK (sky130_fd_sc_hd__dfrtp_4)
     8    0.06    0.14    0.34    0.53 ^ _347_/Q (sky130_fd_sc_hd__dfrtp_4)
                                         one_second_counter[17] (net)
                  0.14    0.00    0.53 ^ _251_/A (sky130_fd_sc_hd__xor2_1)
     1    0.01    0.06    0.09    0.63 v _251_/X (sky130_fd_sc_hd__xor2_1)
                                         _131_ (net)
                  0.06    0.00    0.63 v _252_/B (sky130_fd_sc_hd__nor2_1)
     1    0.02    0.20    0.17    0.80 ^ _252_/Y (sky130_fd_sc_hd__nor2_1)
                                         _008_ (net)
                  0.20    0.00    0.80 ^ _347_/D (sky130_fd_sc_hd__dfrtp_4)
                                  0.80   data arrival time

                          0.00    0.00   clock core_clock (rise edge)
                          0.00    0.00   clock source latency
     1    0.02    0.00    0.00    0.00 ^ clk (in)
                                         clk (net)
                  0.00    0.00    0.00 ^ clkbuf_0_clk/A (sky130_fd_sc_hd__clkbuf_16)
     4    0.05    0.05    0.09    0.09 ^ clkbuf_0_clk/X (sky130_fd_sc_hd__clkbuf_16)
                                         clknet_0_clk (net)
                  0.05    0.00    0.09 ^ clkbuf_2_3__f_clk/A (sky130_fd_sc_hd__clkbuf_16)
     9    0.03    0.04    0.10    0.19 ^ clkbuf_2_3__f_clk/X (sky130_fd_sc_hd__clkbuf_16)
                                         clknet_2_3__leaf_clk (net)
                  0.04    0.00    0.19 ^ _347_/CLK (sky130_fd_sc_hd__dfrtp_4)
                          0.00    0.19   clock reconvergence pessimism
                         -0.03    0.16   library hold time
                                  0.16   data required time
-----------------------------------------------------------------------------
                                  0.16   data required time
                                 -0.80   data arrival time
-----------------------------------------------------------------------------
                                  0.64   slack (MET)


Startpoint: _343_ (rising edge-triggered flip-flop clocked by core_clock)
Endpoint: _343_ (rising edge-triggered flip-flop clocked by core_clock)
Path Group: core_clock
Path Type: min
Corner: Fastest

Fanout     Cap    Slew   Delay    Time   Description
-----------------------------------------------------------------------------
                          0.00    0.00   clock core_clock (rise edge)
                          0.00    0.00   clock source latency
     1    0.02    0.00    0.00    0.00 ^ clk (in)
                                         clk (net)
                  0.00    0.00    0.00 ^ clkbuf_0_clk/A (sky130_fd_sc_hd__clkbuf_16)
     4    0.05    0.05    0.09    0.09 ^ clkbuf_0_clk/X (sky130_fd_sc_hd__clkbuf_16)
                                         clknet_0_clk (net)
                  0.05    0.00    0.09 ^ clkbuf_2_2__f_clk/A (sky130_fd_sc_hd__clkbuf_16)
     7    0.03    0.04    0.10    0.19 ^ clkbuf_2_2__f_clk/X (sky130_fd_sc_hd__clkbuf_16)
                                         clknet_2_2__leaf_clk (net)
                  0.04    0.00    0.19 ^ _343_/CLK (sky130_fd_sc_hd__dfrtp_2)
     4    0.04    0.15    0.31    0.50 ^ _343_/Q (sky130_fd_sc_hd__dfrtp_2)
                                         one_second_counter[13] (net)
                  0.15    0.00    0.50 ^ _234_/B1 (sky130_fd_sc_hd__a21o_1)
     1    0.02    0.11    0.11    0.62 ^ _234_/X (sky130_fd_sc_hd__a21o_1)
                                         _118_ (net)
                  0.11    0.00    0.62 ^ _236_/B (sky130_fd_sc_hd__and3_1)
     1    0.01    0.09    0.15    0.76 ^ _236_/X (sky130_fd_sc_hd__and3_1)
                                         _120_ (net)
                  0.09    0.00    0.76 ^ _237_/A (sky130_fd_sc_hd__clkbuf_1)
     1    0.00    0.03    0.06    0.82 ^ _237_/X (sky130_fd_sc_hd__clkbuf_1)
                                         _004_ (net)
                  0.03    0.00    0.82 ^ _343_/D (sky130_fd_sc_hd__dfrtp_2)
                                  0.82   data arrival time

                          0.00    0.00   clock core_clock (rise edge)
                          0.00    0.00   clock source latency
     1    0.02    0.00    0.00    0.00 ^ clk (in)
                                         clk (net)
                  0.00    0.00    0.00 ^ clkbuf_0_clk/A (sky130_fd_sc_hd__clkbuf_16)
     4    0.05    0.05    0.09    0.09 ^ clkbuf_0_clk/X (sky130_fd_sc_hd__clkbuf_16)
                                         clknet_0_clk (net)
                  0.05    0.00    0.09 ^ clkbuf_2_2__f_clk/A (sky130_fd_sc_hd__clkbuf_16)
     7    0.03    0.04    0.10    0.19 ^ clkbuf_2_2__f_clk/X (sky130_fd_sc_hd__clkbuf_16)
                                         clknet_2_2__leaf_clk (net)
                  0.04    0.00    0.19 ^ _343_/CLK (sky130_fd_sc_hd__dfrtp_2)
                          0.00    0.19   clock reconvergence pessimism
                         -0.02    0.17   library hold time
                                  0.17   data required time
-----------------------------------------------------------------------------
                                  0.17   data required time
                                 -0.82   data arrival time
-----------------------------------------------------------------------------
                                  0.65   slack (MET)


Startpoint: _336_ (rising edge-triggered flip-flop clocked by core_clock)
Endpoint: _336_ (rising edge-triggered flip-flop clocked by core_clock)
Path Group: core_clock
Path Type: min
Corner: Fastest

Fanout     Cap    Slew   Delay    Time   Description
-----------------------------------------------------------------------------
                          0.00    0.00   clock core_clock (rise edge)
                          0.00    0.00   clock source latency
     1    0.02    0.00    0.00    0.00 ^ clk (in)
                                         clk (net)
                  0.00    0.00    0.00 ^ clkbuf_0_clk/A (sky130_fd_sc_hd__clkbuf_16)
     4    0.05    0.05    0.09    0.09 ^ clkbuf_0_clk/X (sky130_fd_sc_hd__clkbuf_16)
                                         clknet_0_clk (net)
                  0.05    0.00    0.09 ^ clkbuf_2_0__f_clk/A (sky130_fd_sc_hd__clkbuf_16)
     9    0.04    0.04    0.10    0.20 ^ clkbuf_2_0__f_clk/X (sky130_fd_sc_hd__clkbuf_16)
                                         clknet_2_0__leaf_clk (net)
                  0.04    0.00    0.20 ^ _336_/CLK (sky130_fd_sc_hd__dfrtp_1)
     3    0.02    0.13    0.28    0.47 ^ _336_/Q (sky130_fd_sc_hd__dfrtp_1)
                                         one_second_counter[6] (net)
                  0.13    0.00    0.47 ^ _211_/A (sky130_fd_sc_hd__nand2_1)
     2    0.01    0.07    0.08    0.55 v _211_/Y (sky130_fd_sc_hd__nand2_1)
                                         _102_ (net)
                  0.07    0.00    0.55 v _212_/C (sky130_fd_sc_hd__and3_1)
     1    0.01    0.04    0.15    0.70 v _212_/X (sky130_fd_sc_hd__and3_1)
                                         _103_ (net)
                  0.04    0.00    0.70 v _213_/A (sky130_fd_sc_hd__buf_1)
     2    0.02    0.07    0.10    0.80 v _213_/X (sky130_fd_sc_hd__buf_1)
                                         _023_ (net)
                  0.07    0.00    0.80 v _336_/D (sky130_fd_sc_hd__dfrtp_1)
                                  0.80   data arrival time

                          0.00    0.00   clock core_clock (rise edge)
                          0.00    0.00   clock source latency
     1    0.02    0.00    0.00    0.00 ^ clk (in)
                                         clk (net)
                  0.00    0.00    0.00 ^ clkbuf_0_clk/A (sky130_fd_sc_hd__clkbuf_16)
     4    0.05    0.05    0.09    0.09 ^ clkbuf_0_clk/X (sky130_fd_sc_hd__clkbuf_16)
                                         clknet_0_clk (net)
                  0.05    0.00    0.09 ^ clkbuf_2_0__f_clk/A (sky130_fd_sc_hd__clkbuf_16)
     9    0.04    0.04    0.10    0.20 ^ clkbuf_2_0__f_clk/X (sky130_fd_sc_hd__clkbuf_16)
                                         clknet_2_0__leaf_clk (net)
                  0.04    0.00    0.20 ^ _336_/CLK (sky130_fd_sc_hd__dfrtp_1)
                          0.00    0.20   clock reconvergence pessimism
                         -0.04    0.15   library hold time
                                  0.15   data required time
-----------------------------------------------------------------------------
                                  0.15   data required time
                                 -0.80   data arrival time
-----------------------------------------------------------------------------
                                  0.65   slack (MET)


Startpoint: _342_ (rising edge-triggered flip-flop clocked by core_clock)
Endpoint: _342_ (rising edge-triggered flip-flop clocked by core_clock)
Path Group: core_clock
Path Type: min
Corner: Fastest

Fanout     Cap    Slew   Delay    Time   Description
-----------------------------------------------------------------------------
                          0.00    0.00   clock core_clock (rise edge)
                          0.00    0.00   clock source latency
     1    0.02    0.00    0.00    0.00 ^ clk (in)
                                         clk (net)
                  0.00    0.00    0.00 ^ clkbuf_0_clk/A (sky130_fd_sc_hd__clkbuf_16)
     4    0.05    0.05    0.09    0.09 ^ clkbuf_0_clk/X (sky130_fd_sc_hd__clkbuf_16)
                                         clknet_0_clk (net)
                  0.05    0.00    0.09 ^ clkbuf_2_3__f_clk/A (sky130_fd_sc_hd__clkbuf_16)
     9    0.03    0.04    0.10    0.19 ^ clkbuf_2_3__f_clk/X (sky130_fd_sc_hd__clkbuf_16)
                                         clknet_2_3__leaf_clk (net)
                  0.04    0.00    0.19 ^ _342_/CLK (sky130_fd_sc_hd__dfrtp_4)
     5    0.04    0.10    0.30    0.50 ^ _342_/Q (sky130_fd_sc_hd__dfrtp_4)
                                         one_second_counter[12] (net)
                  0.10    0.00    0.50 ^ _231_/A (sky130_fd_sc_hd__nand2_1)
     1    0.01    0.06    0.07    0.57 v _231_/Y (sky130_fd_sc_hd__nand2_1)
                                         _116_ (net)
                  0.06    0.00    0.57 v _232_/C (sky130_fd_sc_hd__and3_1)
     1    0.01    0.06    0.16    0.72 v _232_/X (sky130_fd_sc_hd__and3_1)
                                         _117_ (net)
                  0.06    0.00    0.72 v _233_/A (sky130_fd_sc_hd__buf_1)
     1    0.01    0.06    0.10    0.82 v _233_/X (sky130_fd_sc_hd__buf_1)
                                         _003_ (net)
                  0.06    0.00    0.82 v _342_/D (sky130_fd_sc_hd__dfrtp_4)
                                  0.82   data arrival time

                          0.00    0.00   clock core_clock (rise edge)
                          0.00    0.00   clock source latency
     1    0.02    0.00    0.00    0.00 ^ clk (in)
                                         clk (net)
                  0.00    0.00    0.00 ^ clkbuf_0_clk/A (sky130_fd_sc_hd__clkbuf_16)
     4    0.05    0.05    0.09    0.09 ^ clkbuf_0_clk/X (sky130_fd_sc_hd__clkbuf_16)
                                         clknet_0_clk (net)
                  0.05    0.00    0.09 ^ clkbuf_2_3__f_clk/A (sky130_fd_sc_hd__clkbuf_16)
     9    0.03    0.04    0.10    0.19 ^ clkbuf_2_3__f_clk/X (sky130_fd_sc_hd__clkbuf_16)
                                         clknet_2_3__leaf_clk (net)
                  0.04    0.00    0.19 ^ _342_/CLK (sky130_fd_sc_hd__dfrtp_4)
                          0.00    0.19   clock reconvergence pessimism
                         -0.04    0.16   library hold time
                                  0.16   data required time
-----------------------------------------------------------------------------
                                  0.16   data required time
                                 -0.82   data arrival time
-----------------------------------------------------------------------------
                                  0.67   slack (MET)


Startpoint: _360_ (rising edge-triggered flip-flop clocked by core_clock)
Endpoint: _360_ (rising edge-triggered flip-flop clocked by core_clock)
Path Group: core_clock
Path Type: min
Corner: Fastest

Fanout     Cap    Slew   Delay    Time   Description
-----------------------------------------------------------------------------
                          0.00    0.00   clock core_clock (rise edge)
                          0.00    0.00   clock source latency
     1    0.02    0.00    0.00    0.00 ^ clk (in)
                                         clk (net)
                  0.00    0.00    0.00 ^ clkbuf_0_clk/A (sky130_fd_sc_hd__clkbuf_16)
     4    0.05    0.05    0.09    0.09 ^ clkbuf_0_clk/X (sky130_fd_sc_hd__clkbuf_16)
                                         clknet_0_clk (net)
                  0.05    0.00    0.09 ^ clkbuf_2_2__f_clk/A (sky130_fd_sc_hd__clkbuf_16)
     7    0.03    0.04    0.10    0.19 ^ clkbuf_2_2__f_clk/X (sky130_fd_sc_hd__clkbuf_16)
                                         clknet_2_2__leaf_clk (net)
                  0.04    0.00    0.19 ^ _360_/CLK (sky130_fd_sc_hd__dfrtp_4)
     6    0.06    0.14    0.33    0.53 ^ _360_/Q (sky130_fd_sc_hd__dfrtp_4)
                                         decoder.digit[2] (net)
                  0.14    0.00    0.53 ^ _163_/A (sky130_fd_sc_hd__nand2_1)
     2    0.02    0.11    0.11    0.64 v _163_/Y (sky130_fd_sc_hd__nand2_1)
                                         _065_ (net)
                  0.11    0.00    0.64 v _169_/A (sky130_fd_sc_hd__and2_1)
     1    0.01    0.04    0.13    0.77 v _169_/X (sky130_fd_sc_hd__and2_1)
                                         _070_ (net)
                  0.04    0.00    0.77 v _170_/A (sky130_fd_sc_hd__clkbuf_1)
     1    0.01    0.04    0.07    0.85 v _170_/X (sky130_fd_sc_hd__clkbuf_1)
                                         _062_ (net)
                  0.04    0.00    0.85 v _360_/D (sky130_fd_sc_hd__dfrtp_4)
                                  0.85   data arrival time

                          0.00    0.00   clock core_clock (rise edge)
                          0.00    0.00   clock source latency
     1    0.02    0.00    0.00    0.00 ^ clk (in)
                                         clk (net)
                  0.00    0.00    0.00 ^ clkbuf_0_clk/A (sky130_fd_sc_hd__clkbuf_16)
     4    0.05    0.05    0.09    0.09 ^ clkbuf_0_clk/X (sky130_fd_sc_hd__clkbuf_16)
                                         clknet_0_clk (net)
                  0.05    0.00    0.09 ^ clkbuf_2_2__f_clk/A (sky130_fd_sc_hd__clkbuf_16)
     7    0.03    0.04    0.10    0.19 ^ clkbuf_2_2__f_clk/X (sky130_fd_sc_hd__clkbuf_16)
                                         clknet_2_2__leaf_clk (net)
                  0.04    0.00    0.19 ^ _360_/CLK (sky130_fd_sc_hd__dfrtp_4)
                          0.00    0.19   clock reconvergence pessimism
                         -0.03    0.16   library hold time
                                  0.16   data required time
-----------------------------------------------------------------------------
                                  0.16   data required time
                                 -0.85   data arrival time
-----------------------------------------------------------------------------
                                  0.68   slack (MET)


Startpoint: _355_ (rising edge-triggered flip-flop clocked by core_clock)
Endpoint: _355_ (rising edge-triggered flip-flop clocked by core_clock)
Path Group: core_clock
Path Type: min
Corner: Fastest

Fanout     Cap    Slew   Delay    Time   Description
-----------------------------------------------------------------------------
                          0.00    0.00   clock core_clock (rise edge)
                          0.00    0.00   clock source latency
     1    0.02    0.00    0.00    0.00 ^ clk (in)
                                         clk (net)
                  0.00    0.00    0.00 ^ clkbuf_0_clk/A (sky130_fd_sc_hd__clkbuf_16)
     4    0.05    0.05    0.09    0.09 ^ clkbuf_0_clk/X (sky130_fd_sc_hd__clkbuf_16)
                                         clknet_0_clk (net)
                  0.05    0.00    0.09 ^ clkbuf_2_2__f_clk/A (sky130_fd_sc_hd__clkbuf_16)
     7    0.03    0.04    0.10    0.19 ^ clkbuf_2_2__f_clk/X (sky130_fd_sc_hd__clkbuf_16)
                                         clknet_2_2__leaf_clk (net)
                  0.04    0.00    0.19 ^ _355_/CLK (sky130_fd_sc_hd__dfrtp_4)
     4    0.05    0.11    0.31    0.51 ^ _355_/Q (sky130_fd_sc_hd__dfrtp_4)
                                         one_second_counter[25] (net)
                  0.11    0.01    0.51 ^ _280_/A (sky130_fd_sc_hd__nand2_1)
     1    0.02    0.09    0.09    0.60 v _280_/Y (sky130_fd_sc_hd__nand2_1)
                                         _152_ (net)
                  0.09    0.00    0.60 v _281_/C (sky130_fd_sc_hd__and3_1)
     1    0.01    0.05    0.16    0.76 v _281_/X (sky130_fd_sc_hd__and3_1)
                                         _153_ (net)
                  0.05    0.00    0.76 v _282_/A (sky130_fd_sc_hd__clkbuf_1)
     1    0.01    0.05    0.09    0.85 v _282_/X (sky130_fd_sc_hd__clkbuf_1)
                                         _017_ (net)
                  0.05    0.00    0.85 v _355_/D (sky130_fd_sc_hd__dfrtp_4)
                                  0.85   data arrival time

                          0.00    0.00   clock core_clock (rise edge)
                          0.00    0.00   clock source latency
     1    0.02    0.00    0.00    0.00 ^ clk (in)
                                         clk (net)
                  0.00    0.00    0.00 ^ clkbuf_0_clk/A (sky130_fd_sc_hd__clkbuf_16)
     4    0.05    0.05    0.09    0.09 ^ clkbuf_0_clk/X (sky130_fd_sc_hd__clkbuf_16)
                                         clknet_0_clk (net)
                  0.05    0.00    0.09 ^ clkbuf_2_2__f_clk/A (sky130_fd_sc_hd__clkbuf_16)
     7    0.03    0.04    0.10    0.19 ^ clkbuf_2_2__f_clk/X (sky130_fd_sc_hd__clkbuf_16)
                                         clknet_2_2__leaf_clk (net)
                  0.04    0.00    0.19 ^ _355_/CLK (sky130_fd_sc_hd__dfrtp_4)
                          0.00    0.19   clock reconvergence pessimism
                         -0.03    0.16   library hold time
                                  0.16   data required time
-----------------------------------------------------------------------------
                                  0.16   data required time
                                 -0.85   data arrival time
-----------------------------------------------------------------------------
                                  0.69   slack (MET)


Startpoint: _340_ (rising edge-triggered flip-flop clocked by core_clock)
Endpoint: _340_ (rising edge-triggered flip-flop clocked by core_clock)
Path Group: core_clock
Path Type: min
Corner: Fastest

Fanout     Cap    Slew   Delay    Time   Description
-----------------------------------------------------------------------------
                          0.00    0.00   clock core_clock (rise edge)
                          0.00    0.00   clock source latency
     1    0.02    0.00    0.00    0.00 ^ clk (in)
                                         clk (net)
                  0.00    0.00    0.00 ^ clkbuf_0_clk/A (sky130_fd_sc_hd__clkbuf_16)
     4    0.05    0.05    0.09    0.09 ^ clkbuf_0_clk/X (sky130_fd_sc_hd__clkbuf_16)
                                         clknet_0_clk (net)
                  0.05    0.00    0.09 ^ clkbuf_2_2__f_clk/A (sky130_fd_sc_hd__clkbuf_16)
     7    0.03    0.04    0.10    0.19 ^ clkbuf_2_2__f_clk/X (sky130_fd_sc_hd__clkbuf_16)
                                         clknet_2_2__leaf_clk (net)
                  0.04    0.00    0.19 ^ _340_/CLK (sky130_fd_sc_hd__dfrtp_4)
     6    0.04    0.11    0.31    0.51 ^ _340_/Q (sky130_fd_sc_hd__dfrtp_4)
                                         one_second_counter[10] (net)
                  0.11    0.01    0.51 ^ _224_/A (sky130_fd_sc_hd__nand2_1)
     1    0.02    0.10    0.10    0.61 v _224_/Y (sky130_fd_sc_hd__nand2_1)
                                         _111_ (net)
                  0.10    0.00    0.61 v _225_/C (sky130_fd_sc_hd__and3_1)
     1    0.01    0.04    0.16    0.77 v _225_/X (sky130_fd_sc_hd__and3_1)
                                         _112_ (net)
                  0.04    0.00    0.77 v _226_/A (sky130_fd_sc_hd__clkbuf_1)
     1    0.01    0.04    0.08    0.85 v _226_/X (sky130_fd_sc_hd__clkbuf_1)
                                         _001_ (net)
                  0.04    0.00    0.85 v _340_/D (sky130_fd_sc_hd__dfrtp_4)
                                  0.85   data arrival time

                          0.00    0.00   clock core_clock (rise edge)
                          0.00    0.00   clock source latency
     1    0.02    0.00    0.00    0.00 ^ clk (in)
                                         clk (net)
                  0.00    0.00    0.00 ^ clkbuf_0_clk/A (sky130_fd_sc_hd__clkbuf_16)
     4    0.05    0.05    0.09    0.09 ^ clkbuf_0_clk/X (sky130_fd_sc_hd__clkbuf_16)
                                         clknet_0_clk (net)
                  0.05    0.00    0.09 ^ clkbuf_2_2__f_clk/A (sky130_fd_sc_hd__clkbuf_16)
     7    0.03    0.04    0.10    0.19 ^ clkbuf_2_2__f_clk/X (sky130_fd_sc_hd__clkbuf_16)
                                         clknet_2_2__leaf_clk (net)
                  0.04    0.00    0.19 ^ _340_/CLK (sky130_fd_sc_hd__dfrtp_4)
                          0.00    0.19   clock reconvergence pessimism
                         -0.03    0.16   library hold time
                                  0.16   data required time
-----------------------------------------------------------------------------
                                  0.16   data required time
                                 -0.85   data arrival time
-----------------------------------------------------------------------------
                                  0.69   slack (MET)


Startpoint: _338_ (rising edge-triggered flip-flop clocked by core_clock)
Endpoint: _338_ (rising edge-triggered flip-flop clocked by core_clock)
Path Group: core_clock
Path Type: min
Corner: Fastest

Fanout     Cap    Slew   Delay    Time   Description
-----------------------------------------------------------------------------
                          0.00    0.00   clock core_clock (rise edge)
                          0.00    0.00   clock source latency
     1    0.02    0.00    0.00    0.00 ^ clk (in)
                                         clk (net)
                  0.00    0.00    0.00 ^ clkbuf_0_clk/A (sky130_fd_sc_hd__clkbuf_16)
     4    0.05    0.05    0.09    0.09 ^ clkbuf_0_clk/X (sky130_fd_sc_hd__clkbuf_16)
                                         clknet_0_clk (net)
                  0.05    0.00    0.09 ^ clkbuf_2_3__f_clk/A (sky130_fd_sc_hd__clkbuf_16)
     9    0.03    0.04    0.10    0.19 ^ clkbuf_2_3__f_clk/X (sky130_fd_sc_hd__clkbuf_16)
                                         clknet_2_3__leaf_clk (net)
                  0.04    0.00    0.19 ^ _338_/CLK (sky130_fd_sc_hd__dfrtp_4)
     5    0.04    0.10    0.31    0.50 ^ _338_/Q (sky130_fd_sc_hd__dfrtp_4)
                                         one_second_counter[8] (net)
                  0.10    0.00    0.50 ^ _217_/A (sky130_fd_sc_hd__nand2_1)
     1    0.02    0.08    0.09    0.59 v _217_/Y (sky130_fd_sc_hd__nand2_1)
                                         _106_ (net)
                  0.08    0.00    0.59 v _218_/C (sky130_fd_sc_hd__and3_1)
     1    0.01    0.04    0.16    0.75 v _218_/X (sky130_fd_sc_hd__and3_1)
                                         _107_ (net)
                  0.04    0.00    0.75 v _219_/A (sky130_fd_sc_hd__buf_1)
     1    0.02    0.08    0.11    0.86 v _219_/X (sky130_fd_sc_hd__buf_1)
                                         _025_ (net)
                  0.08    0.00    0.86 v _338_/D (sky130_fd_sc_hd__dfrtp_4)
                                  0.86   data arrival time

                          0.00    0.00   clock core_clock (rise edge)
                          0.00    0.00   clock source latency
     1    0.02    0.00    0.00    0.00 ^ clk (in)
                                         clk (net)
                  0.00    0.00    0.00 ^ clkbuf_0_clk/A (sky130_fd_sc_hd__clkbuf_16)
     4    0.05    0.05    0.09    0.09 ^ clkbuf_0_clk/X (sky130_fd_sc_hd__clkbuf_16)
                                         clknet_0_clk (net)
                  0.05    0.00    0.09 ^ clkbuf_2_3__f_clk/A (sky130_fd_sc_hd__clkbuf_16)
     9    0.03    0.04    0.10    0.19 ^ clkbuf_2_3__f_clk/X (sky130_fd_sc_hd__clkbuf_16)
                                         clknet_2_3__leaf_clk (net)
                  0.04    0.00    0.19 ^ _338_/CLK (sky130_fd_sc_hd__dfrtp_4)
                          0.00    0.19   clock reconvergence pessimism
                         -0.04    0.15   library hold time
                                  0.15   data required time
-----------------------------------------------------------------------------
                                  0.15   data required time
                                 -0.86   data arrival time
-----------------------------------------------------------------------------
                                  0.71   slack (MET)


Startpoint: _350_ (rising edge-triggered flip-flop clocked by core_clock)
Endpoint: _350_ (rising edge-triggered flip-flop clocked by core_clock)
Path Group: core_clock
Path Type: min
Corner: Fastest

Fanout     Cap    Slew   Delay    Time   Description
-----------------------------------------------------------------------------
                          0.00    0.00   clock core_clock (rise edge)
                          0.00    0.00   clock source latency
     1    0.02    0.00    0.00    0.00 ^ clk (in)
                                         clk (net)
                  0.00    0.00    0.00 ^ clkbuf_0_clk/A (sky130_fd_sc_hd__clkbuf_16)
     4    0.05    0.05    0.09    0.09 ^ clkbuf_0_clk/X (sky130_fd_sc_hd__clkbuf_16)
                                         clknet_0_clk (net)
                  0.05    0.00    0.09 ^ clkbuf_2_1__f_clk/A (sky130_fd_sc_hd__clkbuf_16)
    10    0.03    0.04    0.10    0.19 ^ clkbuf_2_1__f_clk/X (sky130_fd_sc_hd__clkbuf_16)
                                         clknet_2_1__leaf_clk (net)
                  0.04    0.00    0.20 ^ _350_/CLK (sky130_fd_sc_hd__dfrtp_1)
     4    0.03    0.19    0.32    0.51 ^ _350_/Q (sky130_fd_sc_hd__dfrtp_1)
                                         one_second_counter[20] (net)
                  0.19    0.00    0.51 ^ _263_/A (sky130_fd_sc_hd__nand2_1)
     2    0.02    0.10    0.11    0.62 v _263_/Y (sky130_fd_sc_hd__nand2_1)
                                         _140_ (net)
                  0.10    0.00    0.62 v _264_/C (sky130_fd_sc_hd__and3_1)
     1    0.01    0.03    0.15    0.77 v _264_/X (sky130_fd_sc_hd__and3_1)
                                         _141_ (net)
                  0.03    0.00    0.77 v _265_/A (sky130_fd_sc_hd__clkbuf_1)
     1    0.02    0.07    0.10    0.87 v _265_/X (sky130_fd_sc_hd__clkbuf_1)
                                         _012_ (net)
                  0.07    0.00    0.87 v _350_/D (sky130_fd_sc_hd__dfrtp_1)
                                  0.87   data arrival time

                          0.00    0.00   clock core_clock (rise edge)
                          0.00    0.00   clock source latency
     1    0.02    0.00    0.00    0.00 ^ clk (in)
                                         clk (net)
                  0.00    0.00    0.00 ^ clkbuf_0_clk/A (sky130_fd_sc_hd__clkbuf_16)
     4    0.05    0.05    0.09    0.09 ^ clkbuf_0_clk/X (sky130_fd_sc_hd__clkbuf_16)
                                         clknet_0_clk (net)
                  0.05    0.00    0.09 ^ clkbuf_2_1__f_clk/A (sky130_fd_sc_hd__clkbuf_16)
    10    0.03    0.04    0.10    0.19 ^ clkbuf_2_1__f_clk/X (sky130_fd_sc_hd__clkbuf_16)
                                         clknet_2_1__leaf_clk (net)
                  0.04    0.00    0.20 ^ _350_/CLK (sky130_fd_sc_hd__dfrtp_1)
                          0.00    0.20   clock reconvergence pessimism
                         -0.04    0.15   library hold time
                                  0.15   data required time
-----------------------------------------------------------------------------
                                  0.15   data required time
                                 -0.87   data arrival time
-----------------------------------------------------------------------------
                                  0.72   slack (MET)


Startpoint: _333_ (rising edge-triggered flip-flop clocked by core_clock)
Endpoint: _333_ (rising edge-triggered flip-flop clocked by core_clock)
Path Group: core_clock
Path Type: min
Corner: Fastest

Fanout     Cap    Slew   Delay    Time   Description
-----------------------------------------------------------------------------
                          0.00    0.00   clock core_clock (rise edge)
                          0.00    0.00   clock source latency
     1    0.02    0.00    0.00    0.00 ^ clk (in)
                                         clk (net)
                  0.00    0.00    0.00 ^ clkbuf_0_clk/A (sky130_fd_sc_hd__clkbuf_16)
     4    0.05    0.05    0.09    0.09 ^ clkbuf_0_clk/X (sky130_fd_sc_hd__clkbuf_16)
                                         clknet_0_clk (net)
                  0.05    0.00    0.09 ^ clkbuf_2_3__f_clk/A (sky130_fd_sc_hd__clkbuf_16)
     9    0.03    0.04    0.10    0.19 ^ clkbuf_2_3__f_clk/X (sky130_fd_sc_hd__clkbuf_16)
                                         clknet_2_3__leaf_clk (net)
                  0.04    0.00    0.19 ^ _333_/CLK (sky130_fd_sc_hd__dfrtp_2)
     3    0.04    0.08    0.30    0.50 v _333_/Q (sky130_fd_sc_hd__dfrtp_2)
                                         one_second_counter[3] (net)
                  0.08    0.00    0.50 v _199_/B1 (sky130_fd_sc_hd__a31o_1)
     1    0.02    0.07    0.14    0.63 v _199_/X (sky130_fd_sc_hd__a31o_1)
                                         _093_ (net)
                  0.07    0.00    0.64 v _200_/C (sky130_fd_sc_hd__and3b_1)
     1    0.01    0.04    0.14    0.77 v _200_/X (sky130_fd_sc_hd__and3b_1)
                                         _094_ (net)
                  0.04    0.00    0.78 v _201_/A (sky130_fd_sc_hd__buf_1)
     1    0.02    0.07    0.10    0.88 v _201_/X (sky130_fd_sc_hd__buf_1)
                                         _020_ (net)
                  0.07    0.00    0.88 v _333_/D (sky130_fd_sc_hd__dfrtp_2)
                                  0.88   data arrival time

                          0.00    0.00   clock core_clock (rise edge)
                          0.00    0.00   clock source latency
     1    0.02    0.00    0.00    0.00 ^ clk (in)
                                         clk (net)
                  0.00    0.00    0.00 ^ clkbuf_0_clk/A (sky130_fd_sc_hd__clkbuf_16)
     4    0.05    0.05    0.09    0.09 ^ clkbuf_0_clk/X (sky130_fd_sc_hd__clkbuf_16)
                                         clknet_0_clk (net)
                  0.05    0.00    0.09 ^ clkbuf_2_3__f_clk/A (sky130_fd_sc_hd__clkbuf_16)
     9    0.03    0.04    0.10    0.19 ^ clkbuf_2_3__f_clk/X (sky130_fd_sc_hd__clkbuf_16)
                                         clknet_2_3__leaf_clk (net)
                  0.04    0.00    0.19 ^ _333_/CLK (sky130_fd_sc_hd__dfrtp_2)
                          0.00    0.19   clock reconvergence pessimism
                         -0.04    0.15   library hold time
                                  0.15   data required time
-----------------------------------------------------------------------------
                                  0.15   data required time
                                 -0.88   data arrival time
-----------------------------------------------------------------------------
                                  0.72   slack (MET)


Startpoint: _349_ (rising edge-triggered flip-flop clocked by core_clock)
Endpoint: _349_ (rising edge-triggered flip-flop clocked by core_clock)
Path Group: core_clock
Path Type: min
Corner: Fastest

Fanout     Cap    Slew   Delay    Time   Description
-----------------------------------------------------------------------------
                          0.00    0.00   clock core_clock (rise edge)
                          0.00    0.00   clock source latency
     1    0.02    0.00    0.00    0.00 ^ clk (in)
                                         clk (net)
                  0.00    0.00    0.00 ^ clkbuf_0_clk/A (sky130_fd_sc_hd__clkbuf_16)
     4    0.05    0.05    0.09    0.09 ^ clkbuf_0_clk/X (sky130_fd_sc_hd__clkbuf_16)
                                         clknet_0_clk (net)
                  0.05    0.00    0.09 ^ clkbuf_2_0__f_clk/A (sky130_fd_sc_hd__clkbuf_16)
     9    0.04    0.04    0.10    0.20 ^ clkbuf_2_0__f_clk/X (sky130_fd_sc_hd__clkbuf_16)
                                         clknet_2_0__leaf_clk (net)
                  0.04    0.00    0.20 ^ _349_/CLK (sky130_fd_sc_hd__dfrtp_4)
     4    0.04    0.08    0.34    0.54 v _349_/Q (sky130_fd_sc_hd__dfrtp_4)
                                         one_second_counter[19] (net)
                  0.08    0.00    0.54 v _256_/B1 (sky130_fd_sc_hd__a41o_1)
     1    0.02    0.06    0.12    0.66 v _256_/X (sky130_fd_sc_hd__a41o_1)
                                         _134_ (net)
                  0.06    0.00    0.66 v _260_/B (sky130_fd_sc_hd__and3_1)
     1    0.01    0.05    0.15    0.81 v _260_/X (sky130_fd_sc_hd__and3_1)
                                         _138_ (net)
                  0.05    0.00    0.81 v _261_/A (sky130_fd_sc_hd__buf_1)
     1    0.01    0.05    0.09    0.90 v _261_/X (sky130_fd_sc_hd__buf_1)
                                         _010_ (net)
                  0.05    0.00    0.90 v _349_/D (sky130_fd_sc_hd__dfrtp_4)
                                  0.90   data arrival time

                          0.00    0.00   clock core_clock (rise edge)
                          0.00    0.00   clock source latency
     1    0.02    0.00    0.00    0.00 ^ clk (in)
                                         clk (net)
                  0.00    0.00    0.00 ^ clkbuf_0_clk/A (sky130_fd_sc_hd__clkbuf_16)
     4    0.05    0.05    0.09    0.09 ^ clkbuf_0_clk/X (sky130_fd_sc_hd__clkbuf_16)
                                         clknet_0_clk (net)
                  0.05    0.00    0.09 ^ clkbuf_2_0__f_clk/A (sky130_fd_sc_hd__clkbuf_16)
     9    0.04    0.04    0.10    0.20 ^ clkbuf_2_0__f_clk/X (sky130_fd_sc_hd__clkbuf_16)
                                         clknet_2_0__leaf_clk (net)
                  0.04    0.00    0.20 ^ _349_/CLK (sky130_fd_sc_hd__dfrtp_4)
                          0.00    0.20   clock reconvergence pessimism
                         -0.03    0.16   library hold time
                                  0.16   data required time
-----------------------------------------------------------------------------
                                  0.16   data required time
                                 -0.90   data arrival time
-----------------------------------------------------------------------------
                                  0.74   slack (MET)


Startpoint: _346_ (rising edge-triggered flip-flop clocked by core_clock)
Endpoint: _346_ (rising edge-triggered flip-flop clocked by core_clock)
Path Group: core_clock
Path Type: min
Corner: Fastest

Fanout     Cap    Slew   Delay    Time   Description
-----------------------------------------------------------------------------
                          0.00    0.00   clock core_clock (rise edge)
                          0.00    0.00   clock source latency
     1    0.02    0.00    0.00    0.00 ^ clk (in)
                                         clk (net)
                  0.00    0.00    0.00 ^ clkbuf_0_clk/A (sky130_fd_sc_hd__clkbuf_16)
     4    0.05    0.05    0.09    0.09 ^ clkbuf_0_clk/X (sky130_fd_sc_hd__clkbuf_16)
                                         clknet_0_clk (net)
                  0.05    0.00    0.09 ^ clkbuf_2_3__f_clk/A (sky130_fd_sc_hd__clkbuf_16)
     9    0.03    0.04    0.10    0.19 ^ clkbuf_2_3__f_clk/X (sky130_fd_sc_hd__clkbuf_16)
                                         clknet_2_3__leaf_clk (net)
                  0.04    0.00    0.19 ^ _346_/CLK (sky130_fd_sc_hd__dfrtp_4)
     6    0.05    0.11    0.32    0.51 ^ _346_/Q (sky130_fd_sc_hd__dfrtp_4)
                                         one_second_counter[16] (net)
                  0.11    0.00    0.51 ^ _248_/A (sky130_fd_sc_hd__nand2_2)
     3    0.03    0.10    0.10    0.61 v _248_/Y (sky130_fd_sc_hd__nand2_2)
                                         _129_ (net)
                  0.10    0.00    0.61 v _249_/C (sky130_fd_sc_hd__and3_1)
     1    0.02    0.09    0.20    0.81 v _249_/X (sky130_fd_sc_hd__and3_1)
                                         _130_ (net)
                  0.09    0.00    0.81 v _250_/A (sky130_fd_sc_hd__clkbuf_1)
     1    0.01    0.04    0.09    0.91 v _250_/X (sky130_fd_sc_hd__clkbuf_1)
                                         _007_ (net)
                  0.04    0.00    0.91 v _346_/D (sky130_fd_sc_hd__dfrtp_4)
                                  0.91   data arrival time

                          0.00    0.00   clock core_clock (rise edge)
                          0.00    0.00   clock source latency
     1    0.02    0.00    0.00    0.00 ^ clk (in)
                                         clk (net)
                  0.00    0.00    0.00 ^ clkbuf_0_clk/A (sky130_fd_sc_hd__clkbuf_16)
     4    0.05    0.05    0.09    0.09 ^ clkbuf_0_clk/X (sky130_fd_sc_hd__clkbuf_16)
                                         clknet_0_clk (net)
                  0.05    0.00    0.09 ^ clkbuf_2_3__f_clk/A (sky130_fd_sc_hd__clkbuf_16)
     9    0.03    0.04    0.10    0.19 ^ clkbuf_2_3__f_clk/X (sky130_fd_sc_hd__clkbuf_16)
                                         clknet_2_3__leaf_clk (net)
                  0.04    0.00    0.19 ^ _346_/CLK (sky130_fd_sc_hd__dfrtp_4)
                          0.00    0.19   clock reconvergence pessimism
                         -0.03    0.17   library hold time
                                  0.17   data required time
-----------------------------------------------------------------------------
                                  0.17   data required time
                                 -0.91   data arrival time
-----------------------------------------------------------------------------
                                  0.74   slack (MET)


Startpoint: _334_ (rising edge-triggered flip-flop clocked by core_clock)
Endpoint: _334_ (rising edge-triggered flip-flop clocked by core_clock)
Path Group: core_clock
Path Type: min
Corner: Fastest

Fanout     Cap    Slew   Delay    Time   Description
-----------------------------------------------------------------------------
                          0.00    0.00   clock core_clock (rise edge)
                          0.00    0.00   clock source latency
     1    0.02    0.00    0.00    0.00 ^ clk (in)
                                         clk (net)
                  0.00    0.00    0.00 ^ clkbuf_0_clk/A (sky130_fd_sc_hd__clkbuf_16)
     4    0.05    0.05    0.09    0.09 ^ clkbuf_0_clk/X (sky130_fd_sc_hd__clkbuf_16)
                                         clknet_0_clk (net)
                  0.05    0.00    0.09 ^ clkbuf_2_0__f_clk/A (sky130_fd_sc_hd__clkbuf_16)
     9    0.04    0.04    0.10    0.20 ^ clkbuf_2_0__f_clk/X (sky130_fd_sc_hd__clkbuf_16)
                                         clknet_2_0__leaf_clk (net)
                  0.04    0.00    0.20 ^ _334_/CLK (sky130_fd_sc_hd__dfrtp_4)
     5    0.05    0.11    0.32    0.51 ^ _334_/Q (sky130_fd_sc_hd__dfrtp_4)
                                         one_second_counter[4] (net)
                  0.11    0.00    0.52 ^ _203_/A (sky130_fd_sc_hd__nand2_1)
     1    0.01    0.06    0.06    0.58 v _203_/Y (sky130_fd_sc_hd__nand2_1)
                                         _096_ (net)
                  0.06    0.00    0.58 v _205_/B (sky130_fd_sc_hd__and3_1)
     1    0.03    0.10    0.18    0.76 v _205_/X (sky130_fd_sc_hd__and3_1)
                                         _098_ (net)
                  0.10    0.00    0.76 v _206_/A (sky130_fd_sc_hd__buf_1)
     1    0.02    0.08    0.13    0.90 v _206_/X (sky130_fd_sc_hd__buf_1)
                                         _021_ (net)
                  0.08    0.00    0.90 v _334_/D (sky130_fd_sc_hd__dfrtp_4)
                                  0.90   data arrival time

                          0.00    0.00   clock core_clock (rise edge)
                          0.00    0.00   clock source latency
     1    0.02    0.00    0.00    0.00 ^ clk (in)
                                         clk (net)
                  0.00    0.00    0.00 ^ clkbuf_0_clk/A (sky130_fd_sc_hd__clkbuf_16)
     4    0.05    0.05    0.09    0.09 ^ clkbuf_0_clk/X (sky130_fd_sc_hd__clkbuf_16)
                                         clknet_0_clk (net)
                  0.05    0.00    0.09 ^ clkbuf_2_0__f_clk/A (sky130_fd_sc_hd__clkbuf_16)
     9    0.04    0.04    0.10    0.20 ^ clkbuf_2_0__f_clk/X (sky130_fd_sc_hd__clkbuf_16)
                                         clknet_2_0__leaf_clk (net)
                  0.04    0.00    0.20 ^ _334_/CLK (sky130_fd_sc_hd__dfrtp_4)
                          0.00    0.20   clock reconvergence pessimism
                         -0.04    0.15   library hold time
                                  0.15   data required time
-----------------------------------------------------------------------------
                                  0.15   data required time
                                 -0.90   data arrival time
-----------------------------------------------------------------------------
                                  0.74   slack (MET)


Startpoint: _332_ (rising edge-triggered flip-flop clocked by core_clock)
Endpoint: _332_ (rising edge-triggered flip-flop clocked by core_clock)
Path Group: core_clock
Path Type: min
Corner: Fastest

Fanout     Cap    Slew   Delay    Time   Description
-----------------------------------------------------------------------------
                          0.00    0.00   clock core_clock (rise edge)
                          0.00    0.00   clock source latency
     1    0.02    0.00    0.00    0.00 ^ clk (in)
                                         clk (net)
                  0.00    0.00    0.00 ^ clkbuf_0_clk/A (sky130_fd_sc_hd__clkbuf_16)
     4    0.05    0.05    0.09    0.09 ^ clkbuf_0_clk/X (sky130_fd_sc_hd__clkbuf_16)
                                         clknet_0_clk (net)
                  0.05    0.00    0.09 ^ clkbuf_2_1__f_clk/A (sky130_fd_sc_hd__clkbuf_16)
    10    0.03    0.04    0.10    0.19 ^ clkbuf_2_1__f_clk/X (sky130_fd_sc_hd__clkbuf_16)
                                         clknet_2_1__leaf_clk (net)
                  0.04    0.00    0.20 ^ _332_/CLK (sky130_fd_sc_hd__dfrtp_4)
     4    0.05    0.11    0.32    0.51 ^ _332_/Q (sky130_fd_sc_hd__dfrtp_4)
                                         one_second_counter[2] (net)
                  0.11    0.00    0.52 ^ _196_/B1 (sky130_fd_sc_hd__a21o_1)
     1    0.01    0.06    0.08    0.59 ^ _196_/X (sky130_fd_sc_hd__a21o_1)
                                         _091_ (net)
                  0.06    0.00    0.59 ^ _197_/C (sky130_fd_sc_hd__and3_1)
     1    0.01    0.07    0.12    0.72 ^ _197_/X (sky130_fd_sc_hd__and3_1)
                                         _092_ (net)
                  0.07    0.00    0.72 ^ _198_/A (sky130_fd_sc_hd__buf_1)
     2    0.03    0.22    0.19    0.91 ^ _198_/X (sky130_fd_sc_hd__buf_1)
                                         _019_ (net)
                  0.22    0.00    0.91 ^ _332_/D (sky130_fd_sc_hd__dfrtp_4)
                                  0.91   data arrival time

                          0.00    0.00   clock core_clock (rise edge)
                          0.00    0.00   clock source latency
     1    0.02    0.00    0.00    0.00 ^ clk (in)
                                         clk (net)
                  0.00    0.00    0.00 ^ clkbuf_0_clk/A (sky130_fd_sc_hd__clkbuf_16)
     4    0.05    0.05    0.09    0.09 ^ clkbuf_0_clk/X (sky130_fd_sc_hd__clkbuf_16)
                                         clknet_0_clk (net)
                  0.05    0.00    0.09 ^ clkbuf_2_1__f_clk/A (sky130_fd_sc_hd__clkbuf_16)
    10    0.03    0.04    0.10    0.19 ^ clkbuf_2_1__f_clk/X (sky130_fd_sc_hd__clkbuf_16)
                                         clknet_2_1__leaf_clk (net)
                  0.04    0.00    0.20 ^ _332_/CLK (sky130_fd_sc_hd__dfrtp_4)
                          0.00    0.20   clock reconvergence pessimism
                         -0.03    0.16   library hold time
                                  0.16   data required time
-----------------------------------------------------------------------------
                                  0.16   data required time
                                 -0.91   data arrival time
-----------------------------------------------------------------------------
                                  0.75   slack (MET)


Startpoint: _331_ (rising edge-triggered flip-flop clocked by core_clock)
Endpoint: _331_ (rising edge-triggered flip-flop clocked by core_clock)
Path Group: core_clock
Path Type: min
Corner: Fastest

Fanout     Cap    Slew   Delay    Time   Description
-----------------------------------------------------------------------------
                          0.00    0.00   clock core_clock (rise edge)
                          0.00    0.00   clock source latency
     1    0.02    0.00    0.00    0.00 ^ clk (in)
                                         clk (net)
                  0.00    0.00    0.00 ^ clkbuf_0_clk/A (sky130_fd_sc_hd__clkbuf_16)
     4    0.05    0.05    0.09    0.09 ^ clkbuf_0_clk/X (sky130_fd_sc_hd__clkbuf_16)
                                         clknet_0_clk (net)
                  0.05    0.00    0.09 ^ clkbuf_2_0__f_clk/A (sky130_fd_sc_hd__clkbuf_16)
     9    0.04    0.04    0.10    0.20 ^ clkbuf_2_0__f_clk/X (sky130_fd_sc_hd__clkbuf_16)
                                         clknet_2_0__leaf_clk (net)
                  0.04    0.00    0.20 ^ _331_/CLK (sky130_fd_sc_hd__dfrtp_4)
     6    0.05    0.11    0.32    0.51 ^ _331_/Q (sky130_fd_sc_hd__dfrtp_4)
                                         one_second_counter[1] (net)
                  0.11    0.00    0.52 ^ _191_/A (sky130_fd_sc_hd__nand2_1)
     2    0.02    0.10    0.10    0.62 v _191_/Y (sky130_fd_sc_hd__nand2_1)
                                         _087_ (net)
                  0.10    0.00    0.62 v _193_/A (sky130_fd_sc_hd__and3_1)
     1    0.03    0.10    0.18    0.80 v _193_/X (sky130_fd_sc_hd__and3_1)
                                         _089_ (net)
                  0.10    0.00    0.81 v _194_/A (sky130_fd_sc_hd__buf_1)
     1    0.01    0.06    0.11    0.92 v _194_/X (sky130_fd_sc_hd__buf_1)
                                         _011_ (net)
                  0.06    0.00    0.92 v _331_/D (sky130_fd_sc_hd__dfrtp_4)
                                  0.92   data arrival time

                          0.00    0.00   clock core_clock (rise edge)
                          0.00    0.00   clock source latency
     1    0.02    0.00    0.00    0.00 ^ clk (in)
                                         clk (net)
                  0.00    0.00    0.00 ^ clkbuf_0_clk/A (sky130_fd_sc_hd__clkbuf_16)
     4    0.05    0.05    0.09    0.09 ^ clkbuf_0_clk/X (sky130_fd_sc_hd__clkbuf_16)
                                         clknet_0_clk (net)
                  0.05    0.00    0.09 ^ clkbuf_2_0__f_clk/A (sky130_fd_sc_hd__clkbuf_16)
     9    0.04    0.04    0.10    0.20 ^ clkbuf_2_0__f_clk/X (sky130_fd_sc_hd__clkbuf_16)
                                         clknet_2_0__leaf_clk (net)
                  0.04    0.00    0.20 ^ _331_/CLK (sky130_fd_sc_hd__dfrtp_4)
                          0.00    0.20   clock reconvergence pessimism
                         -0.03    0.16   library hold time
                                  0.16   data required time
-----------------------------------------------------------------------------
                                  0.16   data required time
                                 -0.92   data arrival time
-----------------------------------------------------------------------------
                                  0.76   slack (MET)


Startpoint: _356_ (rising edge-triggered flip-flop clocked by core_clock)
Endpoint: _357_ (rising edge-triggered flip-flop clocked by core_clock)
Path Group: core_clock
Path Type: min
Corner: Fastest

Fanout     Cap    Slew   Delay    Time   Description
-----------------------------------------------------------------------------
                          0.00    0.00   clock core_clock (rise edge)
                          0.00    0.00   clock source latency
     1    0.02    0.00    0.00    0.00 ^ clk (in)
                                         clk (net)
                  0.00    0.00    0.00 ^ clkbuf_0_clk/A (sky130_fd_sc_hd__clkbuf_16)
     4    0.05    0.05    0.09    0.09 ^ clkbuf_0_clk/X (sky130_fd_sc_hd__clkbuf_16)
                                         clknet_0_clk (net)
                  0.05    0.00    0.09 ^ clkbuf_2_0__f_clk/A (sky130_fd_sc_hd__clkbuf_16)
     9    0.04    0.04    0.10    0.20 ^ clkbuf_2_0__f_clk/X (sky130_fd_sc_hd__clkbuf_16)
                                         clknet_2_0__leaf_clk (net)
                  0.04    0.00    0.20 ^ _356_/CLK (sky130_fd_sc_hd__dfrtp_1)
     2    0.02    0.12    0.27    0.47 ^ _356_/Q (sky130_fd_sc_hd__dfrtp_1)
                                         one_second_counter[26] (net)
                  0.12    0.00    0.47 ^ _187_/B1_N (sky130_fd_sc_hd__a21bo_2)
     9    0.06    0.10    0.19    0.66 v _187_/X (sky130_fd_sc_hd__a21bo_2)
                                         _085_ (net)
                  0.10    0.00    0.66 v _188_/A (sky130_fd_sc_hd__inv_2)
     2    0.02    0.09    0.11    0.77 ^ _188_/Y (sky130_fd_sc_hd__inv_2)
                                         _086_ (net)
                  0.09    0.00    0.77 ^ _189_/A (sky130_fd_sc_hd__clkbuf_4)
    10    0.08    0.17    0.20    0.97 ^ _189_/X (sky130_fd_sc_hd__clkbuf_4)
                                         _027_ (net)
                  0.17    0.00    0.97 ^ _357_/D (sky130_fd_sc_hd__dfrtp_4)
                                  0.97   data arrival time

                          0.00    0.00   clock core_clock (rise edge)
                          0.00    0.00   clock source latency
     1    0.02    0.00    0.00    0.00 ^ clk (in)
                                         clk (net)
                  0.00    0.00    0.00 ^ clkbuf_0_clk/A (sky130_fd_sc_hd__clkbuf_16)
     4    0.05    0.05    0.09    0.09 ^ clkbuf_0_clk/X (sky130_fd_sc_hd__clkbuf_16)
                                         clknet_0_clk (net)
                  0.05    0.00    0.09 ^ clkbuf_2_0__f_clk/A (sky130_fd_sc_hd__clkbuf_16)
     9    0.04    0.04    0.10    0.20 ^ clkbuf_2_0__f_clk/X (sky130_fd_sc_hd__clkbuf_16)
                                         clknet_2_0__leaf_clk (net)
                  0.04    0.00    0.20 ^ _357_/CLK (sky130_fd_sc_hd__dfrtp_4)
                          0.00    0.20   clock reconvergence pessimism
                         -0.03    0.17   library hold time
                                  0.17   data required time
-----------------------------------------------------------------------------
                                  0.17   data required time
                                 -0.97   data arrival time
-----------------------------------------------------------------------------
                                  0.81   slack (MET)


Startpoint: _344_ (rising edge-triggered flip-flop clocked by core_clock)
Endpoint: _344_ (rising edge-triggered flip-flop clocked by core_clock)
Path Group: core_clock
Path Type: min
Corner: Fastest

Fanout     Cap    Slew   Delay    Time   Description
-----------------------------------------------------------------------------
                          0.00    0.00   clock core_clock (rise edge)
                          0.00    0.00   clock source latency
     1    0.02    0.00    0.00    0.00 ^ clk (in)
                                         clk (net)
                  0.00    0.00    0.00 ^ clkbuf_0_clk/A (sky130_fd_sc_hd__clkbuf_16)
     4    0.05    0.05    0.09    0.09 ^ clkbuf_0_clk/X (sky130_fd_sc_hd__clkbuf_16)
                                         clknet_0_clk (net)
                  0.05    0.00    0.09 ^ clkbuf_2_3__f_clk/A (sky130_fd_sc_hd__clkbuf_16)
     9    0.03    0.04    0.10    0.19 ^ clkbuf_2_3__f_clk/X (sky130_fd_sc_hd__clkbuf_16)
                                         clknet_2_3__leaf_clk (net)
                  0.04    0.00    0.19 ^ _344_/CLK (sky130_fd_sc_hd__dfrtp_2)
     3    0.03    0.08    0.30    0.49 v _344_/Q (sky130_fd_sc_hd__dfrtp_2)
                                         one_second_counter[14] (net)
                  0.08    0.00    0.50 v _238_/A (sky130_fd_sc_hd__inv_2)
     2    0.03    0.10    0.11    0.60 ^ _238_/Y (sky130_fd_sc_hd__inv_2)
                                         _121_ (net)
                  0.10    0.00    0.60 ^ _239_/A (sky130_fd_sc_hd__nand2_1)
     1    0.01    0.06    0.07    0.67 v _239_/Y (sky130_fd_sc_hd__nand2_1)
                                         _122_ (net)
                  0.06    0.00    0.67 v _241_/B (sky130_fd_sc_hd__and3_1)
     1    0.02    0.07    0.16    0.83 v _241_/X (sky130_fd_sc_hd__and3_1)
                                         _124_ (net)
                  0.07    0.00    0.83 v _242_/A (sky130_fd_sc_hd__buf_1)
     1    0.02    0.09    0.13    0.96 v _242_/X (sky130_fd_sc_hd__buf_1)
                                         _005_ (net)
                  0.09    0.00    0.97 v _344_/D (sky130_fd_sc_hd__dfrtp_2)
                                  0.97   data arrival time

                          0.00    0.00   clock core_clock (rise edge)
                          0.00    0.00   clock source latency
     1    0.02    0.00    0.00    0.00 ^ clk (in)
                                         clk (net)
                  0.00    0.00    0.00 ^ clkbuf_0_clk/A (sky130_fd_sc_hd__clkbuf_16)
     4    0.05    0.05    0.09    0.09 ^ clkbuf_0_clk/X (sky130_fd_sc_hd__clkbuf_16)
                                         clknet_0_clk (net)
                  0.05    0.00    0.09 ^ clkbuf_2_3__f_clk/A (sky130_fd_sc_hd__clkbuf_16)
     9    0.03    0.04    0.10    0.19 ^ clkbuf_2_3__f_clk/X (sky130_fd_sc_hd__clkbuf_16)
                                         clknet_2_3__leaf_clk (net)
                  0.04    0.00    0.19 ^ _344_/CLK (sky130_fd_sc_hd__dfrtp_2)
                          0.00    0.19   clock reconvergence pessimism
                         -0.05    0.15   library hold time
                                  0.15   data required time
-----------------------------------------------------------------------------
                                  0.15   data required time
                                 -0.97   data arrival time
-----------------------------------------------------------------------------
                                  0.82   slack (MET)



worst slack corner Fastest: 0.4239
======================= Slowest Corner ===================================

Startpoint: _356_ (rising edge-triggered flip-flop clocked by core_clock)
Endpoint: _356_ (rising edge-triggered flip-flop clocked by core_clock)
Path Group: core_clock
Path Type: min
Corner: Slowest

Fanout     Cap    Slew   Delay    Time   Description
-----------------------------------------------------------------------------
                          0.00    0.00   clock core_clock (rise edge)
                          0.00    0.00   clock source latency
     1    0.02    0.00    0.00    0.00 ^ clk (in)
                                         clk (net)
                  0.00    0.00    0.00 ^ clkbuf_0_clk/A (sky130_fd_sc_hd__clkbuf_16)
     4    0.05    0.10    0.23    0.23 ^ clkbuf_0_clk/X (sky130_fd_sc_hd__clkbuf_16)
                                         clknet_0_clk (net)
                  0.10    0.00    0.23 ^ clkbuf_2_0__f_clk/A (sky130_fd_sc_hd__clkbuf_16)
     9    0.04    0.09    0.26    0.49 ^ clkbuf_2_0__f_clk/X (sky130_fd_sc_hd__clkbuf_16)
                                         clknet_2_0__leaf_clk (net)
                  0.09    0.00    0.49 ^ _356_/CLK (sky130_fd_sc_hd__dfrtp_1)
     2    0.02    0.26    0.80    1.29 ^ _356_/Q (sky130_fd_sc_hd__dfrtp_1)
                                         one_second_counter[26] (net)
                  0.26    0.00    1.29 ^ _284_/A1 (sky130_fd_sc_hd__o211a_1)
     1    0.01    0.15    0.45    1.74 ^ _284_/X (sky130_fd_sc_hd__o211a_1)
                                         _018_ (net)
                  0.15    0.00    1.74 ^ _356_/D (sky130_fd_sc_hd__dfrtp_1)
                                  1.74   data arrival time

                          0.00    0.00   clock core_clock (rise edge)
                          0.00    0.00   clock source latency
     1    0.02    0.00    0.00    0.00 ^ clk (in)
                                         clk (net)
                  0.00    0.00    0.00 ^ clkbuf_0_clk/A (sky130_fd_sc_hd__clkbuf_16)
     4    0.05    0.10    0.23    0.23 ^ clkbuf_0_clk/X (sky130_fd_sc_hd__clkbuf_16)
                                         clknet_0_clk (net)
                  0.10    0.00    0.23 ^ clkbuf_2_0__f_clk/A (sky130_fd_sc_hd__clkbuf_16)
     9    0.04    0.09    0.26    0.49 ^ clkbuf_2_0__f_clk/X (sky130_fd_sc_hd__clkbuf_16)
                                         clknet_2_0__leaf_clk (net)
                  0.09    0.00    0.49 ^ _356_/CLK (sky130_fd_sc_hd__dfrtp_1)
                          0.00    0.49   clock reconvergence pessimism
                         -0.09    0.40   library hold time
                                  0.40   data required time
-----------------------------------------------------------------------------
                                  0.40   data required time
                                 -1.74   data arrival time
-----------------------------------------------------------------------------
                                  1.34   slack (MET)


Startpoint: _357_ (rising edge-triggered flip-flop clocked by core_clock)
Endpoint: _358_ (rising edge-triggered flip-flop clocked by core_clock)
Path Group: core_clock
Path Type: min
Corner: Slowest

Fanout     Cap    Slew   Delay    Time   Description
-----------------------------------------------------------------------------
                          0.00    0.00   clock core_clock (rise edge)
                          0.00    0.00   clock source latency
     1    0.02    0.00    0.00    0.00 ^ clk (in)
                                         clk (net)
                  0.00    0.00    0.00 ^ clkbuf_0_clk/A (sky130_fd_sc_hd__clkbuf_16)
     4    0.05    0.10    0.23    0.23 ^ clkbuf_0_clk/X (sky130_fd_sc_hd__clkbuf_16)
                                         clknet_0_clk (net)
                  0.10    0.00    0.23 ^ clkbuf_2_0__f_clk/A (sky130_fd_sc_hd__clkbuf_16)
     9    0.04    0.09    0.26    0.49 ^ clkbuf_2_0__f_clk/X (sky130_fd_sc_hd__clkbuf_16)
                                         clknet_2_0__leaf_clk (net)
                  0.09    0.00    0.49 ^ _357_/CLK (sky130_fd_sc_hd__dfrtp_4)
     5    0.04    0.25    0.97    1.46 ^ _357_/Q (sky130_fd_sc_hd__dfrtp_4)
                                         one_second_enable (net)
                  0.25    0.00    1.47 ^ _174_/A1 (sky130_fd_sc_hd__a21oi_1)
     1    0.01    0.13    0.31    1.77 v _174_/Y (sky130_fd_sc_hd__a21oi_1)
                                         _060_ (net)
                  0.13    0.00    1.77 v _358_/D (sky130_fd_sc_hd__dfrtp_4)
                                  1.77   data arrival time

                          0.00    0.00   clock core_clock (rise edge)
                          0.00    0.00   clock source latency
     1    0.02    0.00    0.00    0.00 ^ clk (in)
                                         clk (net)
                  0.00    0.00    0.00 ^ clkbuf_0_clk/A (sky130_fd_sc_hd__clkbuf_16)
     4    0.05    0.10    0.23    0.23 ^ clkbuf_0_clk/X (sky130_fd_sc_hd__clkbuf_16)
                                         clknet_0_clk (net)
                  0.10    0.00    0.23 ^ clkbuf_2_1__f_clk/A (sky130_fd_sc_hd__clkbuf_16)
    10    0.03    0.08    0.26    0.49 ^ clkbuf_2_1__f_clk/X (sky130_fd_sc_hd__clkbuf_16)
                                         clknet_2_1__leaf_clk (net)
                  0.08    0.00    0.49 ^ _358_/CLK (sky130_fd_sc_hd__dfrtp_4)
                          0.00    0.49   clock reconvergence pessimism
                         -0.11    0.38   library hold time
                                  0.38   data required time
-----------------------------------------------------------------------------
                                  0.38   data required time
                                 -1.77   data arrival time
-----------------------------------------------------------------------------
                                  1.40   slack (MET)


Startpoint: _330_ (rising edge-triggered flip-flop clocked by core_clock)
Endpoint: _330_ (rising edge-triggered flip-flop clocked by core_clock)
Path Group: core_clock
Path Type: min
Corner: Slowest

Fanout     Cap    Slew   Delay    Time   Description
-----------------------------------------------------------------------------
                          0.00    0.00   clock core_clock (rise edge)
                          0.00    0.00   clock source latency
     1    0.02    0.00    0.00    0.00 ^ clk (in)
                                         clk (net)
                  0.00    0.00    0.00 ^ clkbuf_0_clk/A (sky130_fd_sc_hd__clkbuf_16)
     4    0.05    0.10    0.23    0.23 ^ clkbuf_0_clk/X (sky130_fd_sc_hd__clkbuf_16)
                                         clknet_0_clk (net)
                  0.10    0.00    0.23 ^ clkbuf_2_3__f_clk/A (sky130_fd_sc_hd__clkbuf_16)
     9    0.03    0.08    0.25    0.49 ^ clkbuf_2_3__f_clk/X (sky130_fd_sc_hd__clkbuf_16)
                                         clknet_2_3__leaf_clk (net)
                  0.08    0.00    0.49 ^ _330_/CLK (sky130_fd_sc_hd__dfrtp_4)
     7    0.05    0.28    1.00    1.48 ^ _330_/Q (sky130_fd_sc_hd__dfrtp_4)
                                         one_second_counter[0] (net)
                  0.28    0.00    1.49 ^ _190_/A (sky130_fd_sc_hd__nor2_1)
     1    0.02    0.19    0.28    1.77 v _190_/Y (sky130_fd_sc_hd__nor2_1)
                                         _000_ (net)
                  0.19    0.00    1.77 v _330_/D (sky130_fd_sc_hd__dfrtp_4)
                                  1.77   data arrival time

                          0.00    0.00   clock core_clock (rise edge)
                          0.00    0.00   clock source latency
     1    0.02    0.00    0.00    0.00 ^ clk (in)
                                         clk (net)
                  0.00    0.00    0.00 ^ clkbuf_0_clk/A (sky130_fd_sc_hd__clkbuf_16)
     4    0.05    0.10    0.23    0.23 ^ clkbuf_0_clk/X (sky130_fd_sc_hd__clkbuf_16)
                                         clknet_0_clk (net)
                  0.10    0.00    0.23 ^ clkbuf_2_3__f_clk/A (sky130_fd_sc_hd__clkbuf_16)
     9    0.03    0.08    0.25    0.49 ^ clkbuf_2_3__f_clk/X (sky130_fd_sc_hd__clkbuf_16)
                                         clknet_2_3__leaf_clk (net)
                  0.08    0.00    0.49 ^ _330_/CLK (sky130_fd_sc_hd__dfrtp_4)
                          0.00    0.49   clock reconvergence pessimism
                         -0.13    0.35   library hold time
                                  0.35   data required time
-----------------------------------------------------------------------------
                                  0.35   data required time
                                 -1.77   data arrival time
-----------------------------------------------------------------------------
                                  1.42   slack (MET)


Startpoint: _361_ (rising edge-triggered flip-flop clocked by core_clock)
Endpoint: _361_ (rising edge-triggered flip-flop clocked by core_clock)
Path Group: core_clock
Path Type: min
Corner: Slowest

Fanout     Cap    Slew   Delay    Time   Description
-----------------------------------------------------------------------------
                          0.00    0.00   clock core_clock (rise edge)
                          0.00    0.00   clock source latency
     1    0.02    0.00    0.00    0.00 ^ clk (in)
                                         clk (net)
                  0.00    0.00    0.00 ^ clkbuf_0_clk/A (sky130_fd_sc_hd__clkbuf_16)
     4    0.05    0.10    0.23    0.23 ^ clkbuf_0_clk/X (sky130_fd_sc_hd__clkbuf_16)
                                         clknet_0_clk (net)
                  0.10    0.00    0.23 ^ clkbuf_2_1__f_clk/A (sky130_fd_sc_hd__clkbuf_16)
    10    0.03    0.08    0.26    0.49 ^ clkbuf_2_1__f_clk/X (sky130_fd_sc_hd__clkbuf_16)
                                         clknet_2_1__leaf_clk (net)
                  0.08    0.00    0.49 ^ _361_/CLK (sky130_fd_sc_hd__dfrtp_4)
     6    0.06    0.30    1.02    1.50 ^ _361_/Q (sky130_fd_sc_hd__dfrtp_4)
                                         decoder.digit[3] (net)
                  0.30    0.00    1.51 ^ _164_/A (sky130_fd_sc_hd__xnor2_1)
     1    0.01    0.16    0.29    1.80 v _164_/Y (sky130_fd_sc_hd__xnor2_1)
                                         _063_ (net)
                  0.16    0.00    1.80 v _361_/D (sky130_fd_sc_hd__dfrtp_4)
                                  1.80   data arrival time

                          0.00    0.00   clock core_clock (rise edge)
                          0.00    0.00   clock source latency
     1    0.02    0.00    0.00    0.00 ^ clk (in)
                                         clk (net)
                  0.00    0.00    0.00 ^ clkbuf_0_clk/A (sky130_fd_sc_hd__clkbuf_16)
     4    0.05    0.10    0.23    0.23 ^ clkbuf_0_clk/X (sky130_fd_sc_hd__clkbuf_16)
                                         clknet_0_clk (net)
                  0.10    0.00    0.23 ^ clkbuf_2_1__f_clk/A (sky130_fd_sc_hd__clkbuf_16)
    10    0.03    0.08    0.26    0.49 ^ clkbuf_2_1__f_clk/X (sky130_fd_sc_hd__clkbuf_16)
                                         clknet_2_1__leaf_clk (net)
                  0.08    0.00    0.49 ^ _361_/CLK (sky130_fd_sc_hd__dfrtp_4)
                          0.00    0.49   clock reconvergence pessimism
                         -0.12    0.37   library hold time
                                  0.37   data required time
-----------------------------------------------------------------------------
                                  0.37   data required time
                                 -1.80   data arrival time
-----------------------------------------------------------------------------
                                  1.44   slack (MET)


Startpoint: _336_ (rising edge-triggered flip-flop clocked by core_clock)
Endpoint: _337_ (rising edge-triggered flip-flop clocked by core_clock)
Path Group: core_clock
Path Type: min
Corner: Slowest

Fanout     Cap    Slew   Delay    Time   Description
-----------------------------------------------------------------------------
                          0.00    0.00   clock core_clock (rise edge)
                          0.00    0.00   clock source latency
     1    0.02    0.00    0.00    0.00 ^ clk (in)
                                         clk (net)
                  0.00    0.00    0.00 ^ clkbuf_0_clk/A (sky130_fd_sc_hd__clkbuf_16)
     4    0.05    0.10    0.23    0.23 ^ clkbuf_0_clk/X (sky130_fd_sc_hd__clkbuf_16)
                                         clknet_0_clk (net)
                  0.10    0.00    0.23 ^ clkbuf_2_0__f_clk/A (sky130_fd_sc_hd__clkbuf_16)
     9    0.04    0.09    0.26    0.49 ^ clkbuf_2_0__f_clk/X (sky130_fd_sc_hd__clkbuf_16)
                                         clknet_2_0__leaf_clk (net)
                  0.09    0.00    0.49 ^ _336_/CLK (sky130_fd_sc_hd__dfrtp_1)
     3    0.02    0.20    0.88    1.37 v _336_/Q (sky130_fd_sc_hd__dfrtp_1)
                                         one_second_counter[6] (net)
                  0.20    0.00    1.37 v _211_/A (sky130_fd_sc_hd__nand2_1)
     2    0.01    0.21    0.26    1.63 ^ _211_/Y (sky130_fd_sc_hd__nand2_1)
                                         _102_ (net)
                  0.21    0.00    1.63 ^ _215_/A2 (sky130_fd_sc_hd__a211oi_2)
     1    0.02    0.11    0.26    1.89 v _215_/Y (sky130_fd_sc_hd__a211oi_2)
                                         _024_ (net)
                  0.11    0.00    1.89 v _337_/D (sky130_fd_sc_hd__dfrtp_1)
                                  1.89   data arrival time

                          0.00    0.00   clock core_clock (rise edge)
                          0.00    0.00   clock source latency
     1    0.02    0.00    0.00    0.00 ^ clk (in)
                                         clk (net)
                  0.00    0.00    0.00 ^ clkbuf_0_clk/A (sky130_fd_sc_hd__clkbuf_16)
     4    0.05    0.10    0.23    0.23 ^ clkbuf_0_clk/X (sky130_fd_sc_hd__clkbuf_16)
                                         clknet_0_clk (net)
                  0.10    0.00    0.23 ^ clkbuf_2_0__f_clk/A (sky130_fd_sc_hd__clkbuf_16)
     9    0.04    0.09    0.26    0.49 ^ clkbuf_2_0__f_clk/X (sky130_fd_sc_hd__clkbuf_16)
                                         clknet_2_0__leaf_clk (net)
                  0.09    0.00    0.49 ^ _337_/CLK (sky130_fd_sc_hd__dfrtp_1)
                          0.00    0.49   clock reconvergence pessimism
                         -0.11    0.39   library hold time
                                  0.39   data required time
-----------------------------------------------------------------------------
                                  0.39   data required time
                                 -1.89   data arrival time
-----------------------------------------------------------------------------
                                  1.51   slack (MET)


Startpoint: _353_ (rising edge-triggered flip-flop clocked by core_clock)
Endpoint: _353_ (rising edge-triggered flip-flop clocked by core_clock)
Path Group: core_clock
Path Type: min
Corner: Slowest

Fanout     Cap    Slew   Delay    Time   Description
-----------------------------------------------------------------------------
                          0.00    0.00   clock core_clock (rise edge)
                          0.00    0.00   clock source latency
     1    0.02    0.00    0.00    0.00 ^ clk (in)
                                         clk (net)
                  0.00    0.00    0.00 ^ clkbuf_0_clk/A (sky130_fd_sc_hd__clkbuf_16)
     4    0.05    0.10    0.23    0.23 ^ clkbuf_0_clk/X (sky130_fd_sc_hd__clkbuf_16)
                                         clknet_0_clk (net)
                  0.10    0.00    0.23 ^ clkbuf_2_2__f_clk/A (sky130_fd_sc_hd__clkbuf_16)
     7    0.03    0.08    0.25    0.48 ^ clkbuf_2_2__f_clk/X (sky130_fd_sc_hd__clkbuf_16)
                                         clknet_2_2__leaf_clk (net)
                  0.08    0.00    0.48 ^ _353_/CLK (sky130_fd_sc_hd__dfrtp_2)
     2    0.03    0.19    0.95    1.43 v _353_/Q (sky130_fd_sc_hd__dfrtp_2)
                                         one_second_counter[23] (net)
                  0.19    0.00    1.43 v _273_/A (sky130_fd_sc_hd__inv_2)
     1    0.02    0.14    0.20    1.63 ^ _273_/Y (sky130_fd_sc_hd__inv_2)
                                         _147_ (net)
                  0.14    0.00    1.64 ^ _275_/A1 (sky130_fd_sc_hd__a221oi_1)
     1    0.01    0.14    0.25    1.88 v _275_/Y (sky130_fd_sc_hd__a221oi_1)
                                         _015_ (net)
                  0.14    0.00    1.88 v _353_/D (sky130_fd_sc_hd__dfrtp_2)
                                  1.88   data arrival time

                          0.00    0.00   clock core_clock (rise edge)
                          0.00    0.00   clock source latency
     1    0.02    0.00    0.00    0.00 ^ clk (in)
                                         clk (net)
                  0.00    0.00    0.00 ^ clkbuf_0_clk/A (sky130_fd_sc_hd__clkbuf_16)
     4    0.05    0.10    0.23    0.23 ^ clkbuf_0_clk/X (sky130_fd_sc_hd__clkbuf_16)
                                         clknet_0_clk (net)
                  0.10    0.00    0.23 ^ clkbuf_2_2__f_clk/A (sky130_fd_sc_hd__clkbuf_16)
     7    0.03    0.08    0.25    0.48 ^ clkbuf_2_2__f_clk/X (sky130_fd_sc_hd__clkbuf_16)
                                         clknet_2_2__leaf_clk (net)
                  0.08    0.00    0.48 ^ _353_/CLK (sky130_fd_sc_hd__dfrtp_2)
                          0.00    0.48   clock reconvergence pessimism
                         -0.11    0.37   library hold time
                                  0.37   data required time
-----------------------------------------------------------------------------
                                  0.37   data required time
                                 -1.88   data arrival time
-----------------------------------------------------------------------------
                                  1.51   slack (MET)


Startpoint: _351_ (rising edge-triggered flip-flop clocked by core_clock)
Endpoint: _351_ (rising edge-triggered flip-flop clocked by core_clock)
Path Group: core_clock
Path Type: min
Corner: Slowest

Fanout     Cap    Slew   Delay    Time   Description
-----------------------------------------------------------------------------
                          0.00    0.00   clock core_clock (rise edge)
                          0.00    0.00   clock source latency
     1    0.02    0.00    0.00    0.00 ^ clk (in)
                                         clk (net)
                  0.00    0.00    0.00 ^ clkbuf_0_clk/A (sky130_fd_sc_hd__clkbuf_16)
     4    0.05    0.10    0.23    0.23 ^ clkbuf_0_clk/X (sky130_fd_sc_hd__clkbuf_16)
                                         clknet_0_clk (net)
                  0.10    0.00    0.23 ^ clkbuf_2_1__f_clk/A (sky130_fd_sc_hd__clkbuf_16)
    10    0.03    0.08    0.26    0.49 ^ clkbuf_2_1__f_clk/X (sky130_fd_sc_hd__clkbuf_16)
                                         clknet_2_1__leaf_clk (net)
                  0.08    0.00    0.49 ^ _351_/CLK (sky130_fd_sc_hd__dfrtp_2)
     3    0.03    0.18    0.94    1.43 v _351_/Q (sky130_fd_sc_hd__dfrtp_2)
                                         one_second_counter[21] (net)
                  0.18    0.00    1.43 v _266_/A (sky130_fd_sc_hd__inv_2)
     1    0.02    0.19    0.23    1.66 ^ _266_/Y (sky130_fd_sc_hd__inv_2)
                                         _142_ (net)
                  0.19    0.00    1.66 ^ _268_/A1 (sky130_fd_sc_hd__a211oi_1)
     1    0.01    0.13    0.24    1.90 v _268_/Y (sky130_fd_sc_hd__a211oi_1)
                                         _013_ (net)
                  0.13    0.00    1.90 v _351_/D (sky130_fd_sc_hd__dfrtp_2)
                                  1.90   data arrival time

                          0.00    0.00   clock core_clock (rise edge)
                          0.00    0.00   clock source latency
     1    0.02    0.00    0.00    0.00 ^ clk (in)
                                         clk (net)
                  0.00    0.00    0.00 ^ clkbuf_0_clk/A (sky130_fd_sc_hd__clkbuf_16)
     4    0.05    0.10    0.23    0.23 ^ clkbuf_0_clk/X (sky130_fd_sc_hd__clkbuf_16)
                                         clknet_0_clk (net)
                  0.10    0.00    0.23 ^ clkbuf_2_1__f_clk/A (sky130_fd_sc_hd__clkbuf_16)
    10    0.03    0.08    0.26    0.49 ^ clkbuf_2_1__f_clk/X (sky130_fd_sc_hd__clkbuf_16)
                                         clknet_2_1__leaf_clk (net)
                  0.08    0.00    0.49 ^ _351_/CLK (sky130_fd_sc_hd__dfrtp_2)
                          0.00    0.49   clock reconvergence pessimism
                         -0.11    0.38   library hold time
                                  0.38   data required time
-----------------------------------------------------------------------------
                                  0.38   data required time
                                 -1.90   data arrival time
-----------------------------------------------------------------------------
                                  1.52   slack (MET)


Startpoint: _345_ (rising edge-triggered flip-flop clocked by core_clock)
Endpoint: _345_ (rising edge-triggered flip-flop clocked by core_clock)
Path Group: core_clock
Path Type: min
Corner: Slowest

Fanout     Cap    Slew   Delay    Time   Description
-----------------------------------------------------------------------------
                          0.00    0.00   clock core_clock (rise edge)
                          0.00    0.00   clock source latency
     1    0.02    0.00    0.00    0.00 ^ clk (in)
                                         clk (net)
                  0.00    0.00    0.00 ^ clkbuf_0_clk/A (sky130_fd_sc_hd__clkbuf_16)
     4    0.05    0.10    0.23    0.23 ^ clkbuf_0_clk/X (sky130_fd_sc_hd__clkbuf_16)
                                         clknet_0_clk (net)
                  0.10    0.00    0.23 ^ clkbuf_2_3__f_clk/A (sky130_fd_sc_hd__clkbuf_16)
     9    0.03    0.08    0.25    0.49 ^ clkbuf_2_3__f_clk/X (sky130_fd_sc_hd__clkbuf_16)
                                         clknet_2_3__leaf_clk (net)
                  0.08    0.00    0.49 ^ _345_/CLK (sky130_fd_sc_hd__dfrtp_2)
     3    0.03    0.20    0.96    1.45 v _345_/Q (sky130_fd_sc_hd__dfrtp_2)
                                         one_second_counter[15] (net)
                  0.20    0.00    1.45 v _243_/A (sky130_fd_sc_hd__inv_2)
     1    0.01    0.10    0.16    1.60 ^ _243_/Y (sky130_fd_sc_hd__inv_2)
                                         _125_ (net)
                  0.10    0.00    1.61 ^ _246_/A1 (sky130_fd_sc_hd__a211oi_1)
     1    0.02    0.17    0.28    1.89 v _246_/Y (sky130_fd_sc_hd__a211oi_1)
                                         _006_ (net)
                  0.17    0.00    1.89 v _345_/D (sky130_fd_sc_hd__dfrtp_2)
                                  1.89   data arrival time

                          0.00    0.00   clock core_clock (rise edge)
                          0.00    0.00   clock source latency
     1    0.02    0.00    0.00    0.00 ^ clk (in)
                                         clk (net)
                  0.00    0.00    0.00 ^ clkbuf_0_clk/A (sky130_fd_sc_hd__clkbuf_16)
     4    0.05    0.10    0.23    0.23 ^ clkbuf_0_clk/X (sky130_fd_sc_hd__clkbuf_16)
                                         clknet_0_clk (net)
                  0.10    0.00    0.23 ^ clkbuf_2_3__f_clk/A (sky130_fd_sc_hd__clkbuf_16)
     9    0.03    0.08    0.25    0.49 ^ clkbuf_2_3__f_clk/X (sky130_fd_sc_hd__clkbuf_16)
                                         clknet_2_3__leaf_clk (net)
                  0.08    0.00    0.49 ^ _345_/CLK (sky130_fd_sc_hd__dfrtp_2)
                          0.00    0.49   clock reconvergence pessimism
                         -0.12    0.36   library hold time
                                  0.36   data required time
-----------------------------------------------------------------------------
                                  0.36   data required time
                                 -1.89   data arrival time
-----------------------------------------------------------------------------
                                  1.53   slack (MET)


Startpoint: _357_ (rising edge-triggered flip-flop clocked by core_clock)
Endpoint: _359_ (rising edge-triggered flip-flop clocked by core_clock)
Path Group: core_clock
Path Type: min
Corner: Slowest

Fanout     Cap    Slew   Delay    Time   Description
-----------------------------------------------------------------------------
                          0.00    0.00   clock core_clock (rise edge)
                          0.00    0.00   clock source latency
     1    0.02    0.00    0.00    0.00 ^ clk (in)
                                         clk (net)
                  0.00    0.00    0.00 ^ clkbuf_0_clk/A (sky130_fd_sc_hd__clkbuf_16)
     4    0.05    0.10    0.23    0.23 ^ clkbuf_0_clk/X (sky130_fd_sc_hd__clkbuf_16)
                                         clknet_0_clk (net)
                  0.10    0.00    0.23 ^ clkbuf_2_0__f_clk/A (sky130_fd_sc_hd__clkbuf_16)
     9    0.04    0.09    0.26    0.49 ^ clkbuf_2_0__f_clk/X (sky130_fd_sc_hd__clkbuf_16)
                                         clknet_2_0__leaf_clk (net)
                  0.09    0.00    0.49 ^ _357_/CLK (sky130_fd_sc_hd__dfrtp_4)
     5    0.04    0.25    0.97    1.46 ^ _357_/Q (sky130_fd_sc_hd__dfrtp_4)
                                         one_second_enable (net)
                  0.25    0.00    1.47 ^ _171_/A1 (sky130_fd_sc_hd__a21oi_1)
     1    0.01    0.13    0.27    1.73 v _171_/Y (sky130_fd_sc_hd__a21oi_1)
                                         _071_ (net)
                  0.13    0.00    1.73 v _172_/B (sky130_fd_sc_hd__nor2_1)
     1    0.01    0.26    0.26    2.00 ^ _172_/Y (sky130_fd_sc_hd__nor2_1)
                                         _061_ (net)
                  0.26    0.00    2.00 ^ _359_/D (sky130_fd_sc_hd__dfrtp_4)
                                  2.00   data arrival time

                          0.00    0.00   clock core_clock (rise edge)
                          0.00    0.00   clock source latency
     1    0.02    0.00    0.00    0.00 ^ clk (in)
                                         clk (net)
                  0.00    0.00    0.00 ^ clkbuf_0_clk/A (sky130_fd_sc_hd__clkbuf_16)
     4    0.05    0.10    0.23    0.23 ^ clkbuf_0_clk/X (sky130_fd_sc_hd__clkbuf_16)
                                         clknet_0_clk (net)
                  0.10    0.00    0.23 ^ clkbuf_2_2__f_clk/A (sky130_fd_sc_hd__clkbuf_16)
     7    0.03    0.08    0.25    0.48 ^ clkbuf_2_2__f_clk/X (sky130_fd_sc_hd__clkbuf_16)
                                         clknet_2_2__leaf_clk (net)
                  0.08    0.00    0.48 ^ _359_/CLK (sky130_fd_sc_hd__dfrtp_4)
                          0.00    0.48   clock reconvergence pessimism
                         -0.12    0.36   library hold time
                                  0.36   data required time
-----------------------------------------------------------------------------
                                  0.36   data required time
                                 -2.00   data arrival time
-----------------------------------------------------------------------------
                                  1.63   slack (MET)


Startpoint: _339_ (rising edge-triggered flip-flop clocked by core_clock)
Endpoint: _339_ (rising edge-triggered flip-flop clocked by core_clock)
Path Group: core_clock
Path Type: min
Corner: Slowest

Fanout     Cap    Slew   Delay    Time   Description
-----------------------------------------------------------------------------
                          0.00    0.00   clock core_clock (rise edge)
                          0.00    0.00   clock source latency
     1    0.02    0.00    0.00    0.00 ^ clk (in)
                                         clk (net)
                  0.00    0.00    0.00 ^ clkbuf_0_clk/A (sky130_fd_sc_hd__clkbuf_16)
     4    0.05    0.10    0.23    0.23 ^ clkbuf_0_clk/X (sky130_fd_sc_hd__clkbuf_16)
                                         clknet_0_clk (net)
                  0.10    0.00    0.23 ^ clkbuf_2_0__f_clk/A (sky130_fd_sc_hd__clkbuf_16)
     9    0.04    0.09    0.26    0.49 ^ clkbuf_2_0__f_clk/X (sky130_fd_sc_hd__clkbuf_16)
                                         clknet_2_0__leaf_clk (net)
                  0.09    0.00    0.49 ^ _339_/CLK (sky130_fd_sc_hd__dfrtp_1)
     3    0.03    0.44    0.94    1.43 ^ _339_/Q (sky130_fd_sc_hd__dfrtp_1)
                                         one_second_counter[9] (net)
                  0.44    0.00    1.43 ^ _220_/B1 (sky130_fd_sc_hd__a21oi_1)
     1    0.01    0.17    0.28    1.71 v _220_/Y (sky130_fd_sc_hd__a21oi_1)
                                         _108_ (net)
                  0.17    0.00    1.71 v _222_/B (sky130_fd_sc_hd__nor3_1)
     1    0.01    0.37    0.43    2.14 ^ _222_/Y (sky130_fd_sc_hd__nor3_1)
                                         _026_ (net)
                  0.37    0.00    2.14 ^ _339_/D (sky130_fd_sc_hd__dfrtp_1)
                                  2.14   data arrival time

                          0.00    0.00   clock core_clock (rise edge)
                          0.00    0.00   clock source latency
     1    0.02    0.00    0.00    0.00 ^ clk (in)
                                         clk (net)
                  0.00    0.00    0.00 ^ clkbuf_0_clk/A (sky130_fd_sc_hd__clkbuf_16)
     4    0.05    0.10    0.23    0.23 ^ clkbuf_0_clk/X (sky130_fd_sc_hd__clkbuf_16)
                                         clknet_0_clk (net)
                  0.10    0.00    0.23 ^ clkbuf_2_0__f_clk/A (sky130_fd_sc_hd__clkbuf_16)
     9    0.04    0.09    0.26    0.49 ^ clkbuf_2_0__f_clk/X (sky130_fd_sc_hd__clkbuf_16)
                                         clknet_2_0__leaf_clk (net)
                  0.09    0.00    0.49 ^ _339_/CLK (sky130_fd_sc_hd__dfrtp_1)
                          0.00    0.49   clock reconvergence pessimism
                         -0.14    0.35   library hold time
                                  0.35   data required time
-----------------------------------------------------------------------------
                                  0.35   data required time
                                 -2.14   data arrival time
-----------------------------------------------------------------------------
                                  1.79   slack (MET)


Startpoint: _335_ (rising edge-triggered flip-flop clocked by core_clock)
Endpoint: _335_ (rising edge-triggered flip-flop clocked by core_clock)
Path Group: core_clock
Path Type: min
Corner: Slowest

Fanout     Cap    Slew   Delay    Time   Description
-----------------------------------------------------------------------------
                          0.00    0.00   clock core_clock (rise edge)
                          0.00    0.00   clock source latency
     1    0.02    0.00    0.00    0.00 ^ clk (in)
                                         clk (net)
                  0.00    0.00    0.00 ^ clkbuf_0_clk/A (sky130_fd_sc_hd__clkbuf_16)
     4    0.05    0.10    0.23    0.23 ^ clkbuf_0_clk/X (sky130_fd_sc_hd__clkbuf_16)
                                         clknet_0_clk (net)
                  0.10    0.00    0.23 ^ clkbuf_2_1__f_clk/A (sky130_fd_sc_hd__clkbuf_16)
    10    0.03    0.08    0.26    0.49 ^ clkbuf_2_1__f_clk/X (sky130_fd_sc_hd__clkbuf_16)
                                         clknet_2_1__leaf_clk (net)
                  0.08    0.00    0.49 ^ _335_/CLK (sky130_fd_sc_hd__dfrtp_2)
     3    0.03    0.19    0.95    1.43 v _335_/Q (sky130_fd_sc_hd__dfrtp_2)
                                         one_second_counter[5] (net)
                  0.19    0.00    1.43 v _207_/B1 (sky130_fd_sc_hd__a21oi_1)
     1    0.01    0.43    0.45    1.88 ^ _207_/Y (sky130_fd_sc_hd__a21oi_1)
                                         _099_ (net)
                  0.43    0.00    1.88 ^ _209_/B (sky130_fd_sc_hd__nor3_1)
     1    0.02    0.18    0.32    2.20 v _209_/Y (sky130_fd_sc_hd__nor3_1)
                                         _022_ (net)
                  0.18    0.00    2.20 v _335_/D (sky130_fd_sc_hd__dfrtp_2)
                                  2.20   data arrival time

                          0.00    0.00   clock core_clock (rise edge)
                          0.00    0.00   clock source latency
     1    0.02    0.00    0.00    0.00 ^ clk (in)
                                         clk (net)
                  0.00    0.00    0.00 ^ clkbuf_0_clk/A (sky130_fd_sc_hd__clkbuf_16)
     4    0.05    0.10    0.23    0.23 ^ clkbuf_0_clk/X (sky130_fd_sc_hd__clkbuf_16)
                                         clknet_0_clk (net)
                  0.10    0.00    0.23 ^ clkbuf_2_1__f_clk/A (sky130_fd_sc_hd__clkbuf_16)
    10    0.03    0.08    0.26    0.49 ^ clkbuf_2_1__f_clk/X (sky130_fd_sc_hd__clkbuf_16)
                                         clknet_2_1__leaf_clk (net)
                  0.08    0.00    0.49 ^ _335_/CLK (sky130_fd_sc_hd__dfrtp_2)
                          0.00    0.49   clock reconvergence pessimism
                         -0.13    0.36   library hold time
                                  0.36   data required time
-----------------------------------------------------------------------------
                                  0.36   data required time
                                 -2.20   data arrival time
-----------------------------------------------------------------------------
                                  1.84   slack (MET)


Startpoint: _341_ (rising edge-triggered flip-flop clocked by core_clock)
Endpoint: _341_ (rising edge-triggered flip-flop clocked by core_clock)
Path Group: core_clock
Path Type: min
Corner: Slowest

Fanout     Cap    Slew   Delay    Time   Description
-----------------------------------------------------------------------------
                          0.00    0.00   clock core_clock (rise edge)
                          0.00    0.00   clock source latency
     1    0.02    0.00    0.00    0.00 ^ clk (in)
                                         clk (net)
                  0.00    0.00    0.00 ^ clkbuf_0_clk/A (sky130_fd_sc_hd__clkbuf_16)
     4    0.05    0.10    0.23    0.23 ^ clkbuf_0_clk/X (sky130_fd_sc_hd__clkbuf_16)
                                         clknet_0_clk (net)
                  0.10    0.00    0.23 ^ clkbuf_2_1__f_clk/A (sky130_fd_sc_hd__clkbuf_16)
    10    0.03    0.08    0.26    0.49 ^ clkbuf_2_1__f_clk/X (sky130_fd_sc_hd__clkbuf_16)
                                         clknet_2_1__leaf_clk (net)
                  0.08    0.00    0.49 ^ _341_/CLK (sky130_fd_sc_hd__dfrtp_2)
     4    0.03    0.20    0.95    1.44 v _341_/Q (sky130_fd_sc_hd__dfrtp_2)
                                         one_second_counter[11] (net)
                  0.20    0.00    1.44 v _227_/B1 (sky130_fd_sc_hd__a21oi_1)
     1    0.01    0.43    0.45    1.89 ^ _227_/Y (sky130_fd_sc_hd__a21oi_1)
                                         _113_ (net)
                  0.43    0.00    1.89 ^ _229_/B (sky130_fd_sc_hd__nor3_1)
     1    0.02    0.20    0.34    2.23 v _229_/Y (sky130_fd_sc_hd__nor3_1)
                                         _002_ (net)
                  0.20    0.00    2.23 v _341_/D (sky130_fd_sc_hd__dfrtp_2)
                                  2.23   data arrival time

                          0.00    0.00   clock core_clock (rise edge)
                          0.00    0.00   clock source latency
     1    0.02    0.00    0.00    0.00 ^ clk (in)
                                         clk (net)
                  0.00    0.00    0.00 ^ clkbuf_0_clk/A (sky130_fd_sc_hd__clkbuf_16)
     4    0.05    0.10    0.23    0.23 ^ clkbuf_0_clk/X (sky130_fd_sc_hd__clkbuf_16)
                                         clknet_0_clk (net)
                  0.10    0.00    0.23 ^ clkbuf_2_1__f_clk/A (sky130_fd_sc_hd__clkbuf_16)
    10    0.03    0.08    0.26    0.49 ^ clkbuf_2_1__f_clk/X (sky130_fd_sc_hd__clkbuf_16)
                                         clknet_2_1__leaf_clk (net)
                  0.08    0.00    0.49 ^ _341_/CLK (sky130_fd_sc_hd__dfrtp_2)
                          0.00    0.49   clock reconvergence pessimism
                         -0.13    0.35   library hold time
                                  0.35   data required time
-----------------------------------------------------------------------------
                                  0.35   data required time
                                 -2.23   data arrival time
-----------------------------------------------------------------------------
                                  1.88   slack (MET)


Startpoint: _352_ (rising edge-triggered flip-flop clocked by core_clock)
Endpoint: _352_ (rising edge-triggered flip-flop clocked by core_clock)
Path Group: core_clock
Path Type: min
Corner: Slowest

Fanout     Cap    Slew   Delay    Time   Description
-----------------------------------------------------------------------------
                          0.00    0.00   clock core_clock (rise edge)
                          0.00    0.00   clock source latency
     1    0.02    0.00    0.00    0.00 ^ clk (in)
                                         clk (net)
                  0.00    0.00    0.00 ^ clkbuf_0_clk/A (sky130_fd_sc_hd__clkbuf_16)
     4    0.05    0.10    0.23    0.23 ^ clkbuf_0_clk/X (sky130_fd_sc_hd__clkbuf_16)
                                         clknet_0_clk (net)
                  0.10    0.00    0.23 ^ clkbuf_2_1__f_clk/A (sky130_fd_sc_hd__clkbuf_16)
    10    0.03    0.08    0.26    0.49 ^ clkbuf_2_1__f_clk/X (sky130_fd_sc_hd__clkbuf_16)
                                         clknet_2_1__leaf_clk (net)
                  0.08    0.00    0.49 ^ _352_/CLK (sky130_fd_sc_hd__dfrtp_1)
     3    0.02    0.33    0.85    1.34 ^ _352_/Q (sky130_fd_sc_hd__dfrtp_1)
                                         one_second_counter[22] (net)
                  0.33    0.00    1.34 ^ _269_/A (sky130_fd_sc_hd__or2_1)
     1    0.01    0.17    0.35    1.69 ^ _269_/X (sky130_fd_sc_hd__or2_1)
                                         _144_ (net)
                  0.17    0.00    1.69 ^ _271_/B (sky130_fd_sc_hd__and3_1)
     1    0.01    0.21    0.44    2.13 ^ _271_/X (sky130_fd_sc_hd__and3_1)
                                         _146_ (net)
                  0.21    0.00    2.13 ^ _272_/A (sky130_fd_sc_hd__clkbuf_1)
     1    0.00    0.07    0.21    2.34 ^ _272_/X (sky130_fd_sc_hd__clkbuf_1)
                                         _014_ (net)
                  0.07    0.00    2.34 ^ _352_/D (sky130_fd_sc_hd__dfrtp_1)
                                  2.34   data arrival time

                          0.00    0.00   clock core_clock (rise edge)
                          0.00    0.00   clock source latency
     1    0.02    0.00    0.00    0.00 ^ clk (in)
                                         clk (net)
                  0.00    0.00    0.00 ^ clkbuf_0_clk/A (sky130_fd_sc_hd__clkbuf_16)
     4    0.05    0.10    0.23    0.23 ^ clkbuf_0_clk/X (sky130_fd_sc_hd__clkbuf_16)
                                         clknet_0_clk (net)
                  0.10    0.00    0.23 ^ clkbuf_2_1__f_clk/A (sky130_fd_sc_hd__clkbuf_16)
    10    0.03    0.08    0.26    0.49 ^ clkbuf_2_1__f_clk/X (sky130_fd_sc_hd__clkbuf_16)
                                         clknet_2_1__leaf_clk (net)
                  0.08    0.00    0.49 ^ _352_/CLK (sky130_fd_sc_hd__dfrtp_1)
                          0.00    0.49   clock reconvergence pessimism
                         -0.08    0.41   library hold time
                                  0.41   data required time
-----------------------------------------------------------------------------
                                  0.41   data required time
                                 -2.34   data arrival time
-----------------------------------------------------------------------------
                                  1.93   slack (MET)


Startpoint: _348_ (rising edge-triggered flip-flop clocked by core_clock)
Endpoint: _348_ (rising edge-triggered flip-flop clocked by core_clock)
Path Group: core_clock
Path Type: min
Corner: Slowest

Fanout     Cap    Slew   Delay    Time   Description
-----------------------------------------------------------------------------
                          0.00    0.00   clock core_clock (rise edge)
                          0.00    0.00   clock source latency
     1    0.02    0.00    0.00    0.00 ^ clk (in)
                                         clk (net)
                  0.00    0.00    0.00 ^ clkbuf_0_clk/A (sky130_fd_sc_hd__clkbuf_16)
     4    0.05    0.10    0.23    0.23 ^ clkbuf_0_clk/X (sky130_fd_sc_hd__clkbuf_16)
                                         clknet_0_clk (net)
                  0.10    0.00    0.23 ^ clkbuf_2_1__f_clk/A (sky130_fd_sc_hd__clkbuf_16)
    10    0.03    0.08    0.26    0.49 ^ clkbuf_2_1__f_clk/X (sky130_fd_sc_hd__clkbuf_16)
                                         clknet_2_1__leaf_clk (net)
                  0.08    0.00    0.49 ^ _348_/CLK (sky130_fd_sc_hd__dfrtp_4)
     6    0.06    0.31    1.02    1.51 ^ _348_/Q (sky130_fd_sc_hd__dfrtp_4)
                                         one_second_counter[18] (net)
                  0.31    0.00    1.51 ^ _253_/A (sky130_fd_sc_hd__nand2_1)
     1    0.01    0.18    0.27    1.78 v _253_/Y (sky130_fd_sc_hd__nand2_1)
                                         _132_ (net)
                  0.18    0.00    1.78 v _255_/A1 (sky130_fd_sc_hd__o211a_1)
     1    0.01    0.14    0.54    2.32 v _255_/X (sky130_fd_sc_hd__o211a_1)
                                         _009_ (net)
                  0.14    0.00    2.32 v _348_/D (sky130_fd_sc_hd__dfrtp_4)
                                  2.32   data arrival time

                          0.00    0.00   clock core_clock (rise edge)
                          0.00    0.00   clock source latency
     1    0.02    0.00    0.00    0.00 ^ clk (in)
                                         clk (net)
                  0.00    0.00    0.00 ^ clkbuf_0_clk/A (sky130_fd_sc_hd__clkbuf_16)
     4    0.05    0.10    0.23    0.23 ^ clkbuf_0_clk/X (sky130_fd_sc_hd__clkbuf_16)
                                         clknet_0_clk (net)
                  0.10    0.00    0.23 ^ clkbuf_2_1__f_clk/A (sky130_fd_sc_hd__clkbuf_16)
    10    0.03    0.08    0.26    0.49 ^ clkbuf_2_1__f_clk/X (sky130_fd_sc_hd__clkbuf_16)
                                         clknet_2_1__leaf_clk (net)
                  0.08    0.00    0.49 ^ _348_/CLK (sky130_fd_sc_hd__dfrtp_4)
                          0.00    0.49   clock reconvergence pessimism
                         -0.11    0.37   library hold time
                                  0.37   data required time
-----------------------------------------------------------------------------
                                  0.37   data required time
                                 -2.32   data arrival time
-----------------------------------------------------------------------------
                                  1.94   slack (MET)


Startpoint: _347_ (rising edge-triggered flip-flop clocked by core_clock)
Endpoint: _347_ (rising edge-triggered flip-flop clocked by core_clock)
Path Group: core_clock
Path Type: min
Corner: Slowest

Fanout     Cap    Slew   Delay    Time   Description
-----------------------------------------------------------------------------
                          0.00    0.00   clock core_clock (rise edge)
                          0.00    0.00   clock source latency
     1    0.02    0.00    0.00    0.00 ^ clk (in)
                                         clk (net)
                  0.00    0.00    0.00 ^ clkbuf_0_clk/A (sky130_fd_sc_hd__clkbuf_16)
     4    0.05    0.10    0.23    0.23 ^ clkbuf_0_clk/X (sky130_fd_sc_hd__clkbuf_16)
                                         clknet_0_clk (net)
                  0.10    0.00    0.23 ^ clkbuf_2_3__f_clk/A (sky130_fd_sc_hd__clkbuf_16)
     9    0.03    0.08    0.25    0.49 ^ clkbuf_2_3__f_clk/X (sky130_fd_sc_hd__clkbuf_16)
                                         clknet_2_3__leaf_clk (net)
                  0.08    0.00    0.49 ^ _347_/CLK (sky130_fd_sc_hd__dfrtp_4)
     8    0.06    0.32    1.03    1.51 ^ _347_/Q (sky130_fd_sc_hd__dfrtp_4)
                                         one_second_counter[17] (net)
                  0.32    0.00    1.51 ^ _251_/A (sky130_fd_sc_hd__xor2_1)
     1    0.01    0.15    0.34    1.86 v _251_/X (sky130_fd_sc_hd__xor2_1)
                                         _131_ (net)
                  0.15    0.00    1.86 v _252_/B (sky130_fd_sc_hd__nor2_1)
     1    0.02    0.47    0.43    2.29 ^ _252_/Y (sky130_fd_sc_hd__nor2_1)
                                         _008_ (net)
                  0.47    0.00    2.29 ^ _347_/D (sky130_fd_sc_hd__dfrtp_4)
                                  2.29   data arrival time

                          0.00    0.00   clock core_clock (rise edge)
                          0.00    0.00   clock source latency
     1    0.02    0.00    0.00    0.00 ^ clk (in)
                                         clk (net)
                  0.00    0.00    0.00 ^ clkbuf_0_clk/A (sky130_fd_sc_hd__clkbuf_16)
     4    0.05    0.10    0.23    0.23 ^ clkbuf_0_clk/X (sky130_fd_sc_hd__clkbuf_16)
                                         clknet_0_clk (net)
                  0.10    0.00    0.23 ^ clkbuf_2_3__f_clk/A (sky130_fd_sc_hd__clkbuf_16)
     9    0.03    0.08    0.25    0.49 ^ clkbuf_2_3__f_clk/X (sky130_fd_sc_hd__clkbuf_16)
                                         clknet_2_3__leaf_clk (net)
                  0.08    0.00    0.49 ^ _347_/CLK (sky130_fd_sc_hd__dfrtp_4)
                          0.00    0.49   clock reconvergence pessimism
                         -0.17    0.32   library hold time
                                  0.32   data required time
-----------------------------------------------------------------------------
                                  0.32   data required time
                                 -2.29   data arrival time
-----------------------------------------------------------------------------
                                  1.97   slack (MET)


Startpoint: _343_ (rising edge-triggered flip-flop clocked by core_clock)
Endpoint: _343_ (rising edge-triggered flip-flop clocked by core_clock)
Path Group: core_clock
Path Type: min
Corner: Slowest

Fanout     Cap    Slew   Delay    Time   Description
-----------------------------------------------------------------------------
                          0.00    0.00   clock core_clock (rise edge)
                          0.00    0.00   clock source latency
     1    0.02    0.00    0.00    0.00 ^ clk (in)
                                         clk (net)
                  0.00    0.00    0.00 ^ clkbuf_0_clk/A (sky130_fd_sc_hd__clkbuf_16)
     4    0.05    0.10    0.23    0.23 ^ clkbuf_0_clk/X (sky130_fd_sc_hd__clkbuf_16)
                                         clknet_0_clk (net)
                  0.10    0.00    0.23 ^ clkbuf_2_2__f_clk/A (sky130_fd_sc_hd__clkbuf_16)
     7    0.03    0.08    0.25    0.48 ^ clkbuf_2_2__f_clk/X (sky130_fd_sc_hd__clkbuf_16)
                                         clknet_2_2__leaf_clk (net)
                  0.08    0.00    0.48 ^ _343_/CLK (sky130_fd_sc_hd__dfrtp_2)
     4    0.04    0.33    0.91    1.40 ^ _343_/Q (sky130_fd_sc_hd__dfrtp_2)
                                         one_second_counter[13] (net)
                  0.33    0.00    1.40 ^ _234_/B1 (sky130_fd_sc_hd__a21o_1)
     1    0.02    0.22    0.35    1.75 ^ _234_/X (sky130_fd_sc_hd__a21o_1)
                                         _118_ (net)
                  0.22    0.00    1.75 ^ _236_/B (sky130_fd_sc_hd__and3_1)
     1    0.01    0.20    0.45    2.20 ^ _236_/X (sky130_fd_sc_hd__and3_1)
                                         _120_ (net)
                  0.20    0.00    2.20 ^ _237_/A (sky130_fd_sc_hd__clkbuf_1)
     1    0.00    0.07    0.20    2.40 ^ _237_/X (sky130_fd_sc_hd__clkbuf_1)
                                         _004_ (net)
                  0.07    0.00    2.40 ^ _343_/D (sky130_fd_sc_hd__dfrtp_2)
                                  2.40   data arrival time

                          0.00    0.00   clock core_clock (rise edge)
                          0.00    0.00   clock source latency
     1    0.02    0.00    0.00    0.00 ^ clk (in)
                                         clk (net)
                  0.00    0.00    0.00 ^ clkbuf_0_clk/A (sky130_fd_sc_hd__clkbuf_16)
     4    0.05    0.10    0.23    0.23 ^ clkbuf_0_clk/X (sky130_fd_sc_hd__clkbuf_16)
                                         clknet_0_clk (net)
                  0.10    0.00    0.23 ^ clkbuf_2_2__f_clk/A (sky130_fd_sc_hd__clkbuf_16)
     7    0.03    0.08    0.25    0.48 ^ clkbuf_2_2__f_clk/X (sky130_fd_sc_hd__clkbuf_16)
                                         clknet_2_2__leaf_clk (net)
                  0.08    0.00    0.48 ^ _343_/CLK (sky130_fd_sc_hd__dfrtp_2)
                          0.00    0.48   clock reconvergence pessimism
                         -0.07    0.41   library hold time
                                  0.41   data required time
-----------------------------------------------------------------------------
                                  0.41   data required time
                                 -2.40   data arrival time
-----------------------------------------------------------------------------
                                  1.99   slack (MET)


Startpoint: _354_ (rising edge-triggered flip-flop clocked by core_clock)
Endpoint: _354_ (rising edge-triggered flip-flop clocked by core_clock)
Path Group: core_clock
Path Type: min
Corner: Slowest

Fanout     Cap    Slew   Delay    Time   Description
-----------------------------------------------------------------------------
                          0.00    0.00   clock core_clock (rise edge)
                          0.00    0.00   clock source latency
     1    0.02    0.00    0.00    0.00 ^ clk (in)
                                         clk (net)
                  0.00    0.00    0.00 ^ clkbuf_0_clk/A (sky130_fd_sc_hd__clkbuf_16)
     4    0.05    0.10    0.23    0.23 ^ clkbuf_0_clk/X (sky130_fd_sc_hd__clkbuf_16)
                                         clknet_0_clk (net)
                  0.10    0.00    0.23 ^ clkbuf_2_0__f_clk/A (sky130_fd_sc_hd__clkbuf_16)
     9    0.04    0.09    0.26    0.49 ^ clkbuf_2_0__f_clk/X (sky130_fd_sc_hd__clkbuf_16)
                                         clknet_2_0__leaf_clk (net)
                  0.09    0.00    0.49 ^ _354_/CLK (sky130_fd_sc_hd__dfrtp_4)
     3    0.03    0.21    0.93    1.43 ^ _354_/Q (sky130_fd_sc_hd__dfrtp_4)
                                         one_second_counter[24] (net)
                  0.21    0.00    1.43 ^ _277_/A (sky130_fd_sc_hd__and3_2)
     4    0.04    0.36    0.64    2.07 ^ _277_/X (sky130_fd_sc_hd__and3_2)
                                         _150_ (net)
                  0.36    0.00    2.07 ^ _278_/C (sky130_fd_sc_hd__nor3_1)
     1    0.02    0.19    0.30    2.37 v _278_/Y (sky130_fd_sc_hd__nor3_1)
                                         _016_ (net)
                  0.19    0.00    2.37 v _354_/D (sky130_fd_sc_hd__dfrtp_4)
                                  2.37   data arrival time

                          0.00    0.00   clock core_clock (rise edge)
                          0.00    0.00   clock source latency
     1    0.02    0.00    0.00    0.00 ^ clk (in)
                                         clk (net)
                  0.00    0.00    0.00 ^ clkbuf_0_clk/A (sky130_fd_sc_hd__clkbuf_16)
     4    0.05    0.10    0.23    0.23 ^ clkbuf_0_clk/X (sky130_fd_sc_hd__clkbuf_16)
                                         clknet_0_clk (net)
                  0.10    0.00    0.23 ^ clkbuf_2_0__f_clk/A (sky130_fd_sc_hd__clkbuf_16)
     9    0.04    0.09    0.26    0.49 ^ clkbuf_2_0__f_clk/X (sky130_fd_sc_hd__clkbuf_16)
                                         clknet_2_0__leaf_clk (net)
                  0.09    0.00    0.49 ^ _354_/CLK (sky130_fd_sc_hd__dfrtp_4)
                          0.00    0.49   clock reconvergence pessimism
                         -0.13    0.36   library hold time
                                  0.36   data required time
-----------------------------------------------------------------------------
                                  0.36   data required time
                                 -2.37   data arrival time
-----------------------------------------------------------------------------
                                  2.01   slack (MET)


Startpoint: _336_ (rising edge-triggered flip-flop clocked by core_clock)
Endpoint: _336_ (rising edge-triggered flip-flop clocked by core_clock)
Path Group: core_clock
Path Type: min
Corner: Slowest

Fanout     Cap    Slew   Delay    Time   Description
-----------------------------------------------------------------------------
                          0.00    0.00   clock core_clock (rise edge)
                          0.00    0.00   clock source latency
     1    0.02    0.00    0.00    0.00 ^ clk (in)
                                         clk (net)
                  0.00    0.00    0.00 ^ clkbuf_0_clk/A (sky130_fd_sc_hd__clkbuf_16)
     4    0.05    0.10    0.23    0.23 ^ clkbuf_0_clk/X (sky130_fd_sc_hd__clkbuf_16)
                                         clknet_0_clk (net)
                  0.10    0.00    0.23 ^ clkbuf_2_0__f_clk/A (sky130_fd_sc_hd__clkbuf_16)
     9    0.04    0.09    0.26    0.49 ^ clkbuf_2_0__f_clk/X (sky130_fd_sc_hd__clkbuf_16)
                                         clknet_2_0__leaf_clk (net)
                  0.09    0.00    0.49 ^ _336_/CLK (sky130_fd_sc_hd__dfrtp_1)
     3    0.02    0.27    0.81    1.30 ^ _336_/Q (sky130_fd_sc_hd__dfrtp_1)
                                         one_second_counter[6] (net)
                  0.27    0.00    1.30 ^ _211_/A (sky130_fd_sc_hd__nand2_1)
     2    0.01    0.23    0.30    1.60 v _211_/Y (sky130_fd_sc_hd__nand2_1)
                                         _102_ (net)
                  0.23    0.00    1.60 v _212_/C (sky130_fd_sc_hd__and3_1)
     1    0.01    0.11    0.49    2.09 v _212_/X (sky130_fd_sc_hd__and3_1)
                                         _103_ (net)
                  0.11    0.00    2.09 v _213_/A (sky130_fd_sc_hd__buf_1)
     2    0.02    0.20    0.30    2.38 v _213_/X (sky130_fd_sc_hd__buf_1)
                                         _023_ (net)
                  0.20    0.00    2.39 v _336_/D (sky130_fd_sc_hd__dfrtp_1)
                                  2.39   data arrival time

                          0.00    0.00   clock core_clock (rise edge)
                          0.00    0.00   clock source latency
     1    0.02    0.00    0.00    0.00 ^ clk (in)
                                         clk (net)
                  0.00    0.00    0.00 ^ clkbuf_0_clk/A (sky130_fd_sc_hd__clkbuf_16)
     4    0.05    0.10    0.23    0.23 ^ clkbuf_0_clk/X (sky130_fd_sc_hd__clkbuf_16)
                                         clknet_0_clk (net)
                  0.10    0.00    0.23 ^ clkbuf_2_0__f_clk/A (sky130_fd_sc_hd__clkbuf_16)
     9    0.04    0.09    0.26    0.49 ^ clkbuf_2_0__f_clk/X (sky130_fd_sc_hd__clkbuf_16)
                                         clknet_2_0__leaf_clk (net)
                  0.09    0.00    0.49 ^ _336_/CLK (sky130_fd_sc_hd__dfrtp_1)
                          0.00    0.49   clock reconvergence pessimism
                         -0.14    0.35   library hold time
                                  0.35   data required time
-----------------------------------------------------------------------------
                                  0.35   data required time
                                 -2.39   data arrival time
-----------------------------------------------------------------------------
                                  2.03   slack (MET)


Startpoint: _350_ (rising edge-triggered flip-flop clocked by core_clock)
Endpoint: _350_ (rising edge-triggered flip-flop clocked by core_clock)
Path Group: core_clock
Path Type: min
Corner: Slowest

Fanout     Cap    Slew   Delay    Time   Description
-----------------------------------------------------------------------------
                          0.00    0.00   clock core_clock (rise edge)
                          0.00    0.00   clock source latency
     1    0.02    0.00    0.00    0.00 ^ clk (in)
                                         clk (net)
                  0.00    0.00    0.00 ^ clkbuf_0_clk/A (sky130_fd_sc_hd__clkbuf_16)
     4    0.05    0.10    0.23    0.23 ^ clkbuf_0_clk/X (sky130_fd_sc_hd__clkbuf_16)
                                         clknet_0_clk (net)
                  0.10    0.00    0.23 ^ clkbuf_2_1__f_clk/A (sky130_fd_sc_hd__clkbuf_16)
    10    0.03    0.08    0.26    0.49 ^ clkbuf_2_1__f_clk/X (sky130_fd_sc_hd__clkbuf_16)
                                         clknet_2_1__leaf_clk (net)
                  0.08    0.00    0.49 ^ _350_/CLK (sky130_fd_sc_hd__dfrtp_1)
     4    0.03    0.39    0.89    1.38 ^ _350_/Q (sky130_fd_sc_hd__dfrtp_1)
                                         one_second_counter[20] (net)
                  0.39    0.00    1.38 ^ _262_/A (sky130_fd_sc_hd__or2_1)
     1    0.01    0.19    0.38    1.76 ^ _262_/X (sky130_fd_sc_hd__or2_1)
                                         _139_ (net)
                  0.19    0.00    1.76 ^ _264_/B (sky130_fd_sc_hd__and3_1)
     1    0.01    0.12    0.37    2.13 ^ _264_/X (sky130_fd_sc_hd__and3_1)
                                         _141_ (net)
                  0.12    0.00    2.13 ^ _265_/A (sky130_fd_sc_hd__clkbuf_1)
     1    0.02    0.33    0.35    2.48 ^ _265_/X (sky130_fd_sc_hd__clkbuf_1)
                                         _012_ (net)
                  0.33    0.00    2.49 ^ _350_/D (sky130_fd_sc_hd__dfrtp_1)
                                  2.49   data arrival time

                          0.00    0.00   clock core_clock (rise edge)
                          0.00    0.00   clock source latency
     1    0.02    0.00    0.00    0.00 ^ clk (in)
                                         clk (net)
                  0.00    0.00    0.00 ^ clkbuf_0_clk/A (sky130_fd_sc_hd__clkbuf_16)
     4    0.05    0.10    0.23    0.23 ^ clkbuf_0_clk/X (sky130_fd_sc_hd__clkbuf_16)
                                         clknet_0_clk (net)
                  0.10    0.00    0.23 ^ clkbuf_2_1__f_clk/A (sky130_fd_sc_hd__clkbuf_16)
    10    0.03    0.08    0.26    0.49 ^ clkbuf_2_1__f_clk/X (sky130_fd_sc_hd__clkbuf_16)
                                         clknet_2_1__leaf_clk (net)
                  0.08    0.00    0.49 ^ _350_/CLK (sky130_fd_sc_hd__dfrtp_1)
                          0.00    0.49   clock reconvergence pessimism
                         -0.13    0.35   library hold time
                                  0.35   data required time
-----------------------------------------------------------------------------
                                  0.35   data required time
                                 -2.49   data arrival time
-----------------------------------------------------------------------------
                                  2.13   slack (MET)


Startpoint: _342_ (rising edge-triggered flip-flop clocked by core_clock)
Endpoint: _342_ (rising edge-triggered flip-flop clocked by core_clock)
Path Group: core_clock
Path Type: min
Corner: Slowest

Fanout     Cap    Slew   Delay    Time   Description
-----------------------------------------------------------------------------
                          0.00    0.00   clock core_clock (rise edge)
                          0.00    0.00   clock source latency
     1    0.02    0.00    0.00    0.00 ^ clk (in)
                                         clk (net)
                  0.00    0.00    0.00 ^ clkbuf_0_clk/A (sky130_fd_sc_hd__clkbuf_16)
     4    0.05    0.10    0.23    0.23 ^ clkbuf_0_clk/X (sky130_fd_sc_hd__clkbuf_16)
                                         clknet_0_clk (net)
                  0.10    0.00    0.23 ^ clkbuf_2_3__f_clk/A (sky130_fd_sc_hd__clkbuf_16)
     9    0.03    0.08    0.25    0.49 ^ clkbuf_2_3__f_clk/X (sky130_fd_sc_hd__clkbuf_16)
                                         clknet_2_3__leaf_clk (net)
                  0.08    0.00    0.49 ^ _342_/CLK (sky130_fd_sc_hd__dfrtp_4)
     5    0.04    0.23    0.95    1.43 ^ _342_/Q (sky130_fd_sc_hd__dfrtp_4)
                                         one_second_counter[12] (net)
                  0.23    0.00    1.44 ^ _231_/A (sky130_fd_sc_hd__nand2_1)
     1    0.01    0.20    0.26    1.69 v _231_/Y (sky130_fd_sc_hd__nand2_1)
                                         _116_ (net)
                  0.20    0.00    1.69 v _232_/C (sky130_fd_sc_hd__and3_1)
     1    0.01    0.15    0.52    2.21 v _232_/X (sky130_fd_sc_hd__and3_1)
                                         _117_ (net)
                  0.15    0.00    2.21 v _233_/A (sky130_fd_sc_hd__buf_1)
     1    0.01    0.16    0.29    2.50 v _233_/X (sky130_fd_sc_hd__buf_1)
                                         _003_ (net)
                  0.16    0.00    2.50 v _342_/D (sky130_fd_sc_hd__dfrtp_4)
                                  2.50   data arrival time

                          0.00    0.00   clock core_clock (rise edge)
                          0.00    0.00   clock source latency
     1    0.02    0.00    0.00    0.00 ^ clk (in)
                                         clk (net)
                  0.00    0.00    0.00 ^ clkbuf_0_clk/A (sky130_fd_sc_hd__clkbuf_16)
     4    0.05    0.10    0.23    0.23 ^ clkbuf_0_clk/X (sky130_fd_sc_hd__clkbuf_16)
                                         clknet_0_clk (net)
                  0.10    0.00    0.23 ^ clkbuf_2_3__f_clk/A (sky130_fd_sc_hd__clkbuf_16)
     9    0.03    0.08    0.25    0.49 ^ clkbuf_2_3__f_clk/X (sky130_fd_sc_hd__clkbuf_16)
                                         clknet_2_3__leaf_clk (net)
                  0.08    0.00    0.49 ^ _342_/CLK (sky130_fd_sc_hd__dfrtp_4)
                          0.00    0.49   clock reconvergence pessimism
                         -0.12    0.36   library hold time
                                  0.36   data required time
-----------------------------------------------------------------------------
                                  0.36   data required time
                                 -2.50   data arrival time
-----------------------------------------------------------------------------
                                  2.14   slack (MET)


Startpoint: _360_ (rising edge-triggered flip-flop clocked by core_clock)
Endpoint: _360_ (rising edge-triggered flip-flop clocked by core_clock)
Path Group: core_clock
Path Type: min
Corner: Slowest

Fanout     Cap    Slew   Delay    Time   Description
-----------------------------------------------------------------------------
                          0.00    0.00   clock core_clock (rise edge)
                          0.00    0.00   clock source latency
     1    0.02    0.00    0.00    0.00 ^ clk (in)
                                         clk (net)
                  0.00    0.00    0.00 ^ clkbuf_0_clk/A (sky130_fd_sc_hd__clkbuf_16)
     4    0.05    0.10    0.23    0.23 ^ clkbuf_0_clk/X (sky130_fd_sc_hd__clkbuf_16)
                                         clknet_0_clk (net)
                  0.10    0.00    0.23 ^ clkbuf_2_2__f_clk/A (sky130_fd_sc_hd__clkbuf_16)
     7    0.03    0.08    0.25    0.48 ^ clkbuf_2_2__f_clk/X (sky130_fd_sc_hd__clkbuf_16)
                                         clknet_2_2__leaf_clk (net)
                  0.08    0.00    0.48 ^ _360_/CLK (sky130_fd_sc_hd__dfrtp_4)
     6    0.06    0.31    1.02    1.50 ^ _360_/Q (sky130_fd_sc_hd__dfrtp_4)
                                         decoder.digit[2] (net)
                  0.31    0.00    1.50 ^ _168_/B2 (sky130_fd_sc_hd__o2bb2a_1)
     1    0.01    0.21    0.44    1.95 ^ _168_/X (sky130_fd_sc_hd__o2bb2a_1)
                                         _069_ (net)
                  0.21    0.00    1.95 ^ _169_/B (sky130_fd_sc_hd__and2_1)
     1    0.01    0.15    0.33    2.28 ^ _169_/X (sky130_fd_sc_hd__and2_1)
                                         _070_ (net)
                  0.15    0.00    2.28 ^ _170_/A (sky130_fd_sc_hd__clkbuf_1)
     1    0.01    0.15    0.24    2.52 ^ _170_/X (sky130_fd_sc_hd__clkbuf_1)
                                         _062_ (net)
                  0.15    0.00    2.52 ^ _360_/D (sky130_fd_sc_hd__dfrtp_4)
                                  2.52   data arrival time

                          0.00    0.00   clock core_clock (rise edge)
                          0.00    0.00   clock source latency
     1    0.02    0.00    0.00    0.00 ^ clk (in)
                                         clk (net)
                  0.00    0.00    0.00 ^ clkbuf_0_clk/A (sky130_fd_sc_hd__clkbuf_16)
     4    0.05    0.10    0.23    0.23 ^ clkbuf_0_clk/X (sky130_fd_sc_hd__clkbuf_16)
                                         clknet_0_clk (net)
                  0.10    0.00    0.23 ^ clkbuf_2_2__f_clk/A (sky130_fd_sc_hd__clkbuf_16)
     7    0.03    0.08    0.25    0.48 ^ clkbuf_2_2__f_clk/X (sky130_fd_sc_hd__clkbuf_16)
                                         clknet_2_2__leaf_clk (net)
                  0.08    0.00    0.48 ^ _360_/CLK (sky130_fd_sc_hd__dfrtp_4)
                          0.00    0.48   clock reconvergence pessimism
                         -0.10    0.39   library hold time
                                  0.39   data required time
-----------------------------------------------------------------------------
                                  0.39   data required time
                                 -2.52   data arrival time
-----------------------------------------------------------------------------
                                  2.14   slack (MET)


Startpoint: _340_ (rising edge-triggered flip-flop clocked by core_clock)
Endpoint: _340_ (rising edge-triggered flip-flop clocked by core_clock)
Path Group: core_clock
Path Type: min
Corner: Slowest

Fanout     Cap    Slew   Delay    Time   Description
-----------------------------------------------------------------------------
                          0.00    0.00   clock core_clock (rise edge)
                          0.00    0.00   clock source latency
     1    0.02    0.00    0.00    0.00 ^ clk (in)
                                         clk (net)
                  0.00    0.00    0.00 ^ clkbuf_0_clk/A (sky130_fd_sc_hd__clkbuf_16)
     4    0.05    0.10    0.23    0.23 ^ clkbuf_0_clk/X (sky130_fd_sc_hd__clkbuf_16)
                                         clknet_0_clk (net)
                  0.10    0.00    0.23 ^ clkbuf_2_2__f_clk/A (sky130_fd_sc_hd__clkbuf_16)
     7    0.03    0.08    0.25    0.48 ^ clkbuf_2_2__f_clk/X (sky130_fd_sc_hd__clkbuf_16)
                                         clknet_2_2__leaf_clk (net)
                  0.08    0.00    0.48 ^ _340_/CLK (sky130_fd_sc_hd__dfrtp_4)
     6    0.04    0.25    0.97    1.45 ^ _340_/Q (sky130_fd_sc_hd__dfrtp_4)
                                         one_second_counter[10] (net)
                  0.25    0.01    1.46 ^ _223_/A (sky130_fd_sc_hd__or2_1)
     1    0.02    0.26    0.39    1.84 ^ _223_/X (sky130_fd_sc_hd__or2_1)
                                         _110_ (net)
                  0.26    0.00    1.84 ^ _225_/B (sky130_fd_sc_hd__and3_1)
     1    0.01    0.16    0.42    2.27 ^ _225_/X (sky130_fd_sc_hd__and3_1)
                                         _112_ (net)
                  0.16    0.00    2.27 ^ _226_/A (sky130_fd_sc_hd__clkbuf_1)
     1    0.01    0.19    0.27    2.54 ^ _226_/X (sky130_fd_sc_hd__clkbuf_1)
                                         _001_ (net)
                  0.19    0.00    2.54 ^ _340_/D (sky130_fd_sc_hd__dfrtp_4)
                                  2.54   data arrival time

                          0.00    0.00   clock core_clock (rise edge)
                          0.00    0.00   clock source latency
     1    0.02    0.00    0.00    0.00 ^ clk (in)
                                         clk (net)
                  0.00    0.00    0.00 ^ clkbuf_0_clk/A (sky130_fd_sc_hd__clkbuf_16)
     4    0.05    0.10    0.23    0.23 ^ clkbuf_0_clk/X (sky130_fd_sc_hd__clkbuf_16)
                                         clknet_0_clk (net)
                  0.10    0.00    0.23 ^ clkbuf_2_2__f_clk/A (sky130_fd_sc_hd__clkbuf_16)
     7    0.03    0.08    0.25    0.48 ^ clkbuf_2_2__f_clk/X (sky130_fd_sc_hd__clkbuf_16)
                                         clknet_2_2__leaf_clk (net)
                  0.08    0.00    0.48 ^ _340_/CLK (sky130_fd_sc_hd__dfrtp_4)
                          0.00    0.48   clock reconvergence pessimism
                         -0.10    0.38   library hold time
                                  0.38   data required time
-----------------------------------------------------------------------------
                                  0.38   data required time
                                 -2.54   data arrival time
-----------------------------------------------------------------------------
                                  2.16   slack (MET)


Startpoint: _355_ (rising edge-triggered flip-flop clocked by core_clock)
Endpoint: _355_ (rising edge-triggered flip-flop clocked by core_clock)
Path Group: core_clock
Path Type: min
Corner: Slowest

Fanout     Cap    Slew   Delay    Time   Description
-----------------------------------------------------------------------------
                          0.00    0.00   clock core_clock (rise edge)
                          0.00    0.00   clock source latency
     1    0.02    0.00    0.00    0.00 ^ clk (in)
                                         clk (net)
                  0.00    0.00    0.00 ^ clkbuf_0_clk/A (sky130_fd_sc_hd__clkbuf_16)
     4    0.05    0.10    0.23    0.23 ^ clkbuf_0_clk/X (sky130_fd_sc_hd__clkbuf_16)
                                         clknet_0_clk (net)
                  0.10    0.00    0.23 ^ clkbuf_2_2__f_clk/A (sky130_fd_sc_hd__clkbuf_16)
     7    0.03    0.08    0.25    0.48 ^ clkbuf_2_2__f_clk/X (sky130_fd_sc_hd__clkbuf_16)
                                         clknet_2_2__leaf_clk (net)
                  0.08    0.00    0.48 ^ _355_/CLK (sky130_fd_sc_hd__dfrtp_4)
     4    0.04    0.25    0.97    1.45 ^ _355_/Q (sky130_fd_sc_hd__dfrtp_4)
                                         one_second_counter[25] (net)
                  0.25    0.01    1.46 ^ _279_/A (sky130_fd_sc_hd__or2_1)
     1    0.01    0.20    0.34    1.80 ^ _279_/X (sky130_fd_sc_hd__or2_1)
                                         _151_ (net)
                  0.20    0.00    1.80 ^ _281_/B (sky130_fd_sc_hd__and3_1)
     1    0.01    0.19    0.43    2.23 ^ _281_/X (sky130_fd_sc_hd__and3_1)
                                         _153_ (net)
                  0.19    0.00    2.23 ^ _282_/A (sky130_fd_sc_hd__clkbuf_1)
     1    0.01    0.22    0.30    2.53 ^ _282_/X (sky130_fd_sc_hd__clkbuf_1)
                                         _017_ (net)
                  0.22    0.00    2.53 ^ _355_/D (sky130_fd_sc_hd__dfrtp_4)
                                  2.53   data arrival time

                          0.00    0.00   clock core_clock (rise edge)
                          0.00    0.00   clock source latency
     1    0.02    0.00    0.00    0.00 ^ clk (in)
                                         clk (net)
                  0.00    0.00    0.00 ^ clkbuf_0_clk/A (sky130_fd_sc_hd__clkbuf_16)
     4    0.05    0.10    0.23    0.23 ^ clkbuf_0_clk/X (sky130_fd_sc_hd__clkbuf_16)
                                         clknet_0_clk (net)
                  0.10    0.00    0.23 ^ clkbuf_2_2__f_clk/A (sky130_fd_sc_hd__clkbuf_16)
     7    0.03    0.08    0.25    0.48 ^ clkbuf_2_2__f_clk/X (sky130_fd_sc_hd__clkbuf_16)
                                         clknet_2_2__leaf_clk (net)
                  0.08    0.00    0.48 ^ _355_/CLK (sky130_fd_sc_hd__dfrtp_4)
                          0.00    0.48   clock reconvergence pessimism
                         -0.11    0.37   library hold time
                                  0.37   data required time
-----------------------------------------------------------------------------
                                  0.37   data required time
                                 -2.53   data arrival time
-----------------------------------------------------------------------------
                                  2.16   slack (MET)


Startpoint: _338_ (rising edge-triggered flip-flop clocked by core_clock)
Endpoint: _338_ (rising edge-triggered flip-flop clocked by core_clock)
Path Group: core_clock
Path Type: min
Corner: Slowest

Fanout     Cap    Slew   Delay    Time   Description
-----------------------------------------------------------------------------
                          0.00    0.00   clock core_clock (rise edge)
                          0.00    0.00   clock source latency
     1    0.02    0.00    0.00    0.00 ^ clk (in)
                                         clk (net)
                  0.00    0.00    0.00 ^ clkbuf_0_clk/A (sky130_fd_sc_hd__clkbuf_16)
     4    0.05    0.10    0.23    0.23 ^ clkbuf_0_clk/X (sky130_fd_sc_hd__clkbuf_16)
                                         clknet_0_clk (net)
                  0.10    0.00    0.23 ^ clkbuf_2_3__f_clk/A (sky130_fd_sc_hd__clkbuf_16)
     9    0.03    0.08    0.25    0.49 ^ clkbuf_2_3__f_clk/X (sky130_fd_sc_hd__clkbuf_16)
                                         clknet_2_3__leaf_clk (net)
                  0.08    0.00    0.49 ^ _338_/CLK (sky130_fd_sc_hd__dfrtp_4)
     5    0.04    0.24    0.96    1.44 ^ _338_/Q (sky130_fd_sc_hd__dfrtp_4)
                                         one_second_counter[8] (net)
                  0.24    0.00    1.44 ^ _216_/A (sky130_fd_sc_hd__or2_1)
     1    0.01    0.14    0.29    1.74 ^ _216_/X (sky130_fd_sc_hd__or2_1)
                                         _105_ (net)
                  0.14    0.00    1.74 ^ _218_/A (sky130_fd_sc_hd__and3_1)
     1    0.01    0.19    0.39    2.13 ^ _218_/X (sky130_fd_sc_hd__and3_1)
                                         _107_ (net)
                  0.19    0.00    2.13 ^ _219_/A (sky130_fd_sc_hd__buf_1)
     1    0.02    0.39    0.43    2.55 ^ _219_/X (sky130_fd_sc_hd__buf_1)
                                         _025_ (net)
                  0.39    0.00    2.56 ^ _338_/D (sky130_fd_sc_hd__dfrtp_4)
                                  2.56   data arrival time

                          0.00    0.00   clock core_clock (rise edge)
                          0.00    0.00   clock source latency
     1    0.02    0.00    0.00    0.00 ^ clk (in)
                                         clk (net)
                  0.00    0.00    0.00 ^ clkbuf_0_clk/A (sky130_fd_sc_hd__clkbuf_16)
     4    0.05    0.10    0.23    0.23 ^ clkbuf_0_clk/X (sky130_fd_sc_hd__clkbuf_16)
                                         clknet_0_clk (net)
                  0.10    0.00    0.23 ^ clkbuf_2_3__f_clk/A (sky130_fd_sc_hd__clkbuf_16)
     9    0.03    0.08    0.25    0.49 ^ clkbuf_2_3__f_clk/X (sky130_fd_sc_hd__clkbuf_16)
                                         clknet_2_3__leaf_clk (net)
                  0.08    0.00    0.49 ^ _338_/CLK (sky130_fd_sc_hd__dfrtp_4)
                          0.00    0.49   clock reconvergence pessimism
                         -0.15    0.34   library hold time
                                  0.34   data required time
-----------------------------------------------------------------------------
                                  0.34   data required time
                                 -2.56   data arrival time
-----------------------------------------------------------------------------
                                  2.22   slack (MET)


Startpoint: _349_ (rising edge-triggered flip-flop clocked by core_clock)
Endpoint: _349_ (rising edge-triggered flip-flop clocked by core_clock)
Path Group: core_clock
Path Type: min
Corner: Slowest

Fanout     Cap    Slew   Delay    Time   Description
-----------------------------------------------------------------------------
                          0.00    0.00   clock core_clock (rise edge)
                          0.00    0.00   clock source latency
     1    0.02    0.00    0.00    0.00 ^ clk (in)
                                         clk (net)
                  0.00    0.00    0.00 ^ clkbuf_0_clk/A (sky130_fd_sc_hd__clkbuf_16)
     4    0.05    0.10    0.23    0.23 ^ clkbuf_0_clk/X (sky130_fd_sc_hd__clkbuf_16)
                                         clknet_0_clk (net)
                  0.10    0.00    0.23 ^ clkbuf_2_0__f_clk/A (sky130_fd_sc_hd__clkbuf_16)
     9    0.04    0.09    0.26    0.49 ^ clkbuf_2_0__f_clk/X (sky130_fd_sc_hd__clkbuf_16)
                                         clknet_2_0__leaf_clk (net)
                  0.09    0.00    0.49 ^ _349_/CLK (sky130_fd_sc_hd__dfrtp_4)
     4    0.04    0.23    0.96    1.45 ^ _349_/Q (sky130_fd_sc_hd__dfrtp_4)
                                         one_second_counter[19] (net)
                  0.23    0.00    1.45 ^ _256_/B1 (sky130_fd_sc_hd__a41o_1)
     1    0.02    0.27    0.38    1.83 ^ _256_/X (sky130_fd_sc_hd__a41o_1)
                                         _134_ (net)
                  0.27    0.00    1.83 ^ _260_/B (sky130_fd_sc_hd__and3_1)
     1    0.01    0.23    0.49    2.32 ^ _260_/X (sky130_fd_sc_hd__and3_1)
                                         _138_ (net)
                  0.23    0.00    2.32 ^ _261_/A (sky130_fd_sc_hd__buf_1)
     1    0.01    0.23    0.33    2.65 ^ _261_/X (sky130_fd_sc_hd__buf_1)
                                         _010_ (net)
                  0.23    0.00    2.65 ^ _349_/D (sky130_fd_sc_hd__dfrtp_4)
                                  2.65   data arrival time

                          0.00    0.00   clock core_clock (rise edge)
                          0.00    0.00   clock source latency
     1    0.02    0.00    0.00    0.00 ^ clk (in)
                                         clk (net)
                  0.00    0.00    0.00 ^ clkbuf_0_clk/A (sky130_fd_sc_hd__clkbuf_16)
     4    0.05    0.10    0.23    0.23 ^ clkbuf_0_clk/X (sky130_fd_sc_hd__clkbuf_16)
                                         clknet_0_clk (net)
                  0.10    0.00    0.23 ^ clkbuf_2_0__f_clk/A (sky130_fd_sc_hd__clkbuf_16)
     9    0.04    0.09    0.26    0.49 ^ clkbuf_2_0__f_clk/X (sky130_fd_sc_hd__clkbuf_16)
                                         clknet_2_0__leaf_clk (net)
                  0.09    0.00    0.49 ^ _349_/CLK (sky130_fd_sc_hd__dfrtp_4)
                          0.00    0.49   clock reconvergence pessimism
                         -0.11    0.38   library hold time
                                  0.38   data required time
-----------------------------------------------------------------------------
                                  0.38   data required time
                                 -2.65   data arrival time
-----------------------------------------------------------------------------
                                  2.27   slack (MET)


Startpoint: _333_ (rising edge-triggered flip-flop clocked by core_clock)
Endpoint: _333_ (rising edge-triggered flip-flop clocked by core_clock)
Path Group: core_clock
Path Type: min
Corner: Slowest

Fanout     Cap    Slew   Delay    Time   Description
-----------------------------------------------------------------------------
                          0.00    0.00   clock core_clock (rise edge)
                          0.00    0.00   clock source latency
     1    0.02    0.00    0.00    0.00 ^ clk (in)
                                         clk (net)
                  0.00    0.00    0.00 ^ clkbuf_0_clk/A (sky130_fd_sc_hd__clkbuf_16)
     4    0.05    0.10    0.23    0.23 ^ clkbuf_0_clk/X (sky130_fd_sc_hd__clkbuf_16)
                                         clknet_0_clk (net)
                  0.10    0.00    0.23 ^ clkbuf_2_3__f_clk/A (sky130_fd_sc_hd__clkbuf_16)
     9    0.03    0.08    0.25    0.49 ^ clkbuf_2_3__f_clk/X (sky130_fd_sc_hd__clkbuf_16)
                                         clknet_2_3__leaf_clk (net)
                  0.08    0.00    0.49 ^ _333_/CLK (sky130_fd_sc_hd__dfrtp_2)
     3    0.04    0.30    0.89    1.38 ^ _333_/Q (sky130_fd_sc_hd__dfrtp_2)
                                         one_second_counter[3] (net)
                  0.30    0.00    1.38 ^ _199_/B1 (sky130_fd_sc_hd__a31o_1)
     1    0.02    0.32    0.44    1.82 ^ _199_/X (sky130_fd_sc_hd__a31o_1)
                                         _093_ (net)
                  0.32    0.00    1.82 ^ _200_/C (sky130_fd_sc_hd__and3b_1)
     1    0.01    0.14    0.44    2.26 ^ _200_/X (sky130_fd_sc_hd__and3b_1)
                                         _094_ (net)
                  0.14    0.00    2.26 ^ _201_/A (sky130_fd_sc_hd__buf_1)
     1    0.02    0.33    0.37    2.63 ^ _201_/X (sky130_fd_sc_hd__buf_1)
                                         _020_ (net)
                  0.33    0.00    2.63 ^ _333_/D (sky130_fd_sc_hd__dfrtp_2)
                                  2.63   data arrival time

                          0.00    0.00   clock core_clock (rise edge)
                          0.00    0.00   clock source latency
     1    0.02    0.00    0.00    0.00 ^ clk (in)
                                         clk (net)
                  0.00    0.00    0.00 ^ clkbuf_0_clk/A (sky130_fd_sc_hd__clkbuf_16)
     4    0.05    0.10    0.23    0.23 ^ clkbuf_0_clk/X (sky130_fd_sc_hd__clkbuf_16)
                                         clknet_0_clk (net)
                  0.10    0.00    0.23 ^ clkbuf_2_3__f_clk/A (sky130_fd_sc_hd__clkbuf_16)
     9    0.03    0.08    0.25    0.49 ^ clkbuf_2_3__f_clk/X (sky130_fd_sc_hd__clkbuf_16)
                                         clknet_2_3__leaf_clk (net)
                  0.08    0.00    0.49 ^ _333_/CLK (sky130_fd_sc_hd__dfrtp_2)
                          0.00    0.49   clock reconvergence pessimism
                         -0.13    0.35   library hold time
                                  0.35   data required time
-----------------------------------------------------------------------------
                                  0.35   data required time
                                 -2.63   data arrival time
-----------------------------------------------------------------------------
                                  2.28   slack (MET)


Startpoint: _332_ (rising edge-triggered flip-flop clocked by core_clock)
Endpoint: _332_ (rising edge-triggered flip-flop clocked by core_clock)
Path Group: core_clock
Path Type: min
Corner: Slowest

Fanout     Cap    Slew   Delay    Time   Description
-----------------------------------------------------------------------------
                          0.00    0.00   clock core_clock (rise edge)
                          0.00    0.00   clock source latency
     1    0.02    0.00    0.00    0.00 ^ clk (in)
                                         clk (net)
                  0.00    0.00    0.00 ^ clkbuf_0_clk/A (sky130_fd_sc_hd__clkbuf_16)
     4    0.05    0.10    0.23    0.23 ^ clkbuf_0_clk/X (sky130_fd_sc_hd__clkbuf_16)
                                         clknet_0_clk (net)
                  0.10    0.00    0.23 ^ clkbuf_2_1__f_clk/A (sky130_fd_sc_hd__clkbuf_16)
    10    0.03    0.08    0.26    0.49 ^ clkbuf_2_1__f_clk/X (sky130_fd_sc_hd__clkbuf_16)
                                         clknet_2_1__leaf_clk (net)
                  0.08    0.00    0.49 ^ _332_/CLK (sky130_fd_sc_hd__dfrtp_4)
     4    0.05    0.26    0.98    1.47 ^ _332_/Q (sky130_fd_sc_hd__dfrtp_4)
                                         one_second_counter[2] (net)
                  0.26    0.00    1.47 ^ _196_/B1 (sky130_fd_sc_hd__a21o_1)
     1    0.01    0.13    0.27    1.74 ^ _196_/X (sky130_fd_sc_hd__a21o_1)
                                         _091_ (net)
                  0.13    0.00    1.74 ^ _197_/C (sky130_fd_sc_hd__and3_1)
     1    0.01    0.16    0.39    2.13 ^ _197_/X (sky130_fd_sc_hd__and3_1)
                                         _092_ (net)
                  0.16    0.00    2.13 ^ _198_/A (sky130_fd_sc_hd__buf_1)
     2    0.03    0.48    0.48    2.61 ^ _198_/X (sky130_fd_sc_hd__buf_1)
                                         _019_ (net)
                  0.48    0.00    2.61 ^ _332_/D (sky130_fd_sc_hd__dfrtp_4)
                                  2.61   data arrival time

                          0.00    0.00   clock core_clock (rise edge)
                          0.00    0.00   clock source latency
     1    0.02    0.00    0.00    0.00 ^ clk (in)
                                         clk (net)
                  0.00    0.00    0.00 ^ clkbuf_0_clk/A (sky130_fd_sc_hd__clkbuf_16)
     4    0.05    0.10    0.23    0.23 ^ clkbuf_0_clk/X (sky130_fd_sc_hd__clkbuf_16)
                                         clknet_0_clk (net)
                  0.10    0.00    0.23 ^ clkbuf_2_1__f_clk/A (sky130_fd_sc_hd__clkbuf_16)
    10    0.03    0.08    0.26    0.49 ^ clkbuf_2_1__f_clk/X (sky130_fd_sc_hd__clkbuf_16)
                                         clknet_2_1__leaf_clk (net)
                  0.08    0.00    0.49 ^ _332_/CLK (sky130_fd_sc_hd__dfrtp_4)
                          0.00    0.49   clock reconvergence pessimism
                         -0.17    0.32   library hold time
                                  0.32   data required time
-----------------------------------------------------------------------------
                                  0.32   data required time
                                 -2.61   data arrival time
-----------------------------------------------------------------------------
                                  2.29   slack (MET)


Startpoint: _334_ (rising edge-triggered flip-flop clocked by core_clock)
Endpoint: _334_ (rising edge-triggered flip-flop clocked by core_clock)
Path Group: core_clock
Path Type: min
Corner: Slowest

Fanout     Cap    Slew   Delay    Time   Description
-----------------------------------------------------------------------------
                          0.00    0.00   clock core_clock (rise edge)
                          0.00    0.00   clock source latency
     1    0.02    0.00    0.00    0.00 ^ clk (in)
                                         clk (net)
                  0.00    0.00    0.00 ^ clkbuf_0_clk/A (sky130_fd_sc_hd__clkbuf_16)
     4    0.05    0.10    0.23    0.23 ^ clkbuf_0_clk/X (sky130_fd_sc_hd__clkbuf_16)
                                         clknet_0_clk (net)
                  0.10    0.00    0.23 ^ clkbuf_2_0__f_clk/A (sky130_fd_sc_hd__clkbuf_16)
     9    0.04    0.09    0.26    0.49 ^ clkbuf_2_0__f_clk/X (sky130_fd_sc_hd__clkbuf_16)
                                         clknet_2_0__leaf_clk (net)
                  0.09    0.00    0.49 ^ _334_/CLK (sky130_fd_sc_hd__dfrtp_4)
     5    0.05    0.26    0.98    1.47 ^ _334_/Q (sky130_fd_sc_hd__dfrtp_4)
                                         one_second_counter[4] (net)
                  0.26    0.00    1.48 ^ _203_/A (sky130_fd_sc_hd__nand2_1)
     1    0.01    0.17    0.25    1.72 v _203_/Y (sky130_fd_sc_hd__nand2_1)
                                         _096_ (net)
                  0.17    0.00    1.72 v _205_/B (sky130_fd_sc_hd__and3_1)
     1    0.03    0.27    0.57    2.29 v _205_/X (sky130_fd_sc_hd__and3_1)
                                         _098_ (net)
                  0.27    0.00    2.29 v _206_/A (sky130_fd_sc_hd__buf_1)
     1    0.02    0.23    0.39    2.68 v _206_/X (sky130_fd_sc_hd__buf_1)
                                         _021_ (net)
                  0.23    0.00    2.69 v _334_/D (sky130_fd_sc_hd__dfrtp_4)
                                  2.69   data arrival time

                          0.00    0.00   clock core_clock (rise edge)
                          0.00    0.00   clock source latency
     1    0.02    0.00    0.00    0.00 ^ clk (in)
                                         clk (net)
                  0.00    0.00    0.00 ^ clkbuf_0_clk/A (sky130_fd_sc_hd__clkbuf_16)
     4    0.05    0.10    0.23    0.23 ^ clkbuf_0_clk/X (sky130_fd_sc_hd__clkbuf_16)
                                         clknet_0_clk (net)
                  0.10    0.00    0.23 ^ clkbuf_2_0__f_clk/A (sky130_fd_sc_hd__clkbuf_16)
     9    0.04    0.09    0.26    0.49 ^ clkbuf_2_0__f_clk/X (sky130_fd_sc_hd__clkbuf_16)
                                         clknet_2_0__leaf_clk (net)
                  0.09    0.00    0.49 ^ _334_/CLK (sky130_fd_sc_hd__dfrtp_4)
                          0.00    0.49   clock reconvergence pessimism
                         -0.15    0.34   library hold time
                                  0.34   data required time
-----------------------------------------------------------------------------
                                  0.34   data required time
                                 -2.69   data arrival time
-----------------------------------------------------------------------------
                                  2.34   slack (MET)


Startpoint: _346_ (rising edge-triggered flip-flop clocked by core_clock)
Endpoint: _346_ (rising edge-triggered flip-flop clocked by core_clock)
Path Group: core_clock
Path Type: min
Corner: Slowest

Fanout     Cap    Slew   Delay    Time   Description
-----------------------------------------------------------------------------
                          0.00    0.00   clock core_clock (rise edge)
                          0.00    0.00   clock source latency
     1    0.02    0.00    0.00    0.00 ^ clk (in)
                                         clk (net)
                  0.00    0.00    0.00 ^ clkbuf_0_clk/A (sky130_fd_sc_hd__clkbuf_16)
     4    0.05    0.10    0.23    0.23 ^ clkbuf_0_clk/X (sky130_fd_sc_hd__clkbuf_16)
                                         clknet_0_clk (net)
                  0.10    0.00    0.23 ^ clkbuf_2_3__f_clk/A (sky130_fd_sc_hd__clkbuf_16)
     9    0.03    0.08    0.25    0.49 ^ clkbuf_2_3__f_clk/X (sky130_fd_sc_hd__clkbuf_16)
                                         clknet_2_3__leaf_clk (net)
                  0.08    0.00    0.49 ^ _346_/CLK (sky130_fd_sc_hd__dfrtp_4)
     6    0.05    0.26    0.98    1.46 ^ _346_/Q (sky130_fd_sc_hd__dfrtp_4)
                                         one_second_counter[16] (net)
                  0.26    0.00    1.46 ^ _248_/A (sky130_fd_sc_hd__nand2_2)
     3    0.03    0.30    0.35    1.81 v _248_/Y (sky130_fd_sc_hd__nand2_2)
                                         _129_ (net)
                  0.30    0.00    1.81 v _249_/C (sky130_fd_sc_hd__and3_1)
     1    0.02    0.23    0.64    2.45 v _249_/X (sky130_fd_sc_hd__and3_1)
                                         _130_ (net)
                  0.23    0.00    2.45 v _250_/A (sky130_fd_sc_hd__clkbuf_1)
     1    0.01    0.10    0.28    2.73 v _250_/X (sky130_fd_sc_hd__clkbuf_1)
                                         _007_ (net)
                  0.10    0.00    2.73 v _346_/D (sky130_fd_sc_hd__dfrtp_4)
                                  2.73   data arrival time

                          0.00    0.00   clock core_clock (rise edge)
                          0.00    0.00   clock source latency
     1    0.02    0.00    0.00    0.00 ^ clk (in)
                                         clk (net)
                  0.00    0.00    0.00 ^ clkbuf_0_clk/A (sky130_fd_sc_hd__clkbuf_16)
     4    0.05    0.10    0.23    0.23 ^ clkbuf_0_clk/X (sky130_fd_sc_hd__clkbuf_16)
                                         clknet_0_clk (net)
                  0.10    0.00    0.23 ^ clkbuf_2_3__f_clk/A (sky130_fd_sc_hd__clkbuf_16)
     9    0.03    0.08    0.25    0.49 ^ clkbuf_2_3__f_clk/X (sky130_fd_sc_hd__clkbuf_16)
                                         clknet_2_3__leaf_clk (net)
                  0.08    0.00    0.49 ^ _346_/CLK (sky130_fd_sc_hd__dfrtp_4)
                          0.00    0.49   clock reconvergence pessimism
                         -0.10    0.39   library hold time
                                  0.39   data required time
-----------------------------------------------------------------------------
                                  0.39   data required time
                                 -2.73   data arrival time
-----------------------------------------------------------------------------
                                  2.34   slack (MET)


Startpoint: _356_ (rising edge-triggered flip-flop clocked by core_clock)
Endpoint: _357_ (rising edge-triggered flip-flop clocked by core_clock)
Path Group: core_clock
Path Type: min
Corner: Slowest

Fanout     Cap    Slew   Delay    Time   Description
-----------------------------------------------------------------------------
                          0.00    0.00   clock core_clock (rise edge)
                          0.00    0.00   clock source latency
     1    0.02    0.00    0.00    0.00 ^ clk (in)
                                         clk (net)
                  0.00    0.00    0.00 ^ clkbuf_0_clk/A (sky130_fd_sc_hd__clkbuf_16)
     4    0.05    0.10    0.23    0.23 ^ clkbuf_0_clk/X (sky130_fd_sc_hd__clkbuf_16)
                                         clknet_0_clk (net)
                  0.10    0.00    0.23 ^ clkbuf_2_0__f_clk/A (sky130_fd_sc_hd__clkbuf_16)
     9    0.04    0.09    0.26    0.49 ^ clkbuf_2_0__f_clk/X (sky130_fd_sc_hd__clkbuf_16)
                                         clknet_2_0__leaf_clk (net)
                  0.09    0.00    0.49 ^ _356_/CLK (sky130_fd_sc_hd__dfrtp_1)
     2    0.02    0.26    0.80    1.29 ^ _356_/Q (sky130_fd_sc_hd__dfrtp_1)
                                         one_second_counter[26] (net)
                  0.26    0.00    1.29 ^ _187_/B1_N (sky130_fd_sc_hd__a21bo_2)
     9    0.05    0.27    0.68    1.98 v _187_/X (sky130_fd_sc_hd__a21bo_2)
                                         _085_ (net)
                  0.27    0.00    1.98 v _188_/A (sky130_fd_sc_hd__inv_2)
     2    0.02    0.20    0.27    2.25 ^ _188_/Y (sky130_fd_sc_hd__inv_2)
                                         _086_ (net)
                  0.20    0.00    2.25 ^ _189_/A (sky130_fd_sc_hd__clkbuf_4)
    10    0.08    0.36    0.52    2.77 ^ _189_/X (sky130_fd_sc_hd__clkbuf_4)
                                         _027_ (net)
                  0.36    0.00    2.77 ^ _357_/D (sky130_fd_sc_hd__dfrtp_4)
                                  2.77   data arrival time

                          0.00    0.00   clock core_clock (rise edge)
                          0.00    0.00   clock source latency
     1    0.02    0.00    0.00    0.00 ^ clk (in)
                                         clk (net)
                  0.00    0.00    0.00 ^ clkbuf_0_clk/A (sky130_fd_sc_hd__clkbuf_16)
     4    0.05    0.10    0.23    0.23 ^ clkbuf_0_clk/X (sky130_fd_sc_hd__clkbuf_16)
                                         clknet_0_clk (net)
                  0.10    0.00    0.23 ^ clkbuf_2_0__f_clk/A (sky130_fd_sc_hd__clkbuf_16)
     9    0.04    0.09    0.26    0.49 ^ clkbuf_2_0__f_clk/X (sky130_fd_sc_hd__clkbuf_16)
                                         clknet_2_0__leaf_clk (net)
                  0.09    0.00    0.49 ^ _357_/CLK (sky130_fd_sc_hd__dfrtp_4)
                          0.00    0.49   clock reconvergence pessimism
                         -0.14    0.35   library hold time
                                  0.35   data required time
-----------------------------------------------------------------------------
                                  0.35   data required time
                                 -2.77   data arrival time
-----------------------------------------------------------------------------
                                  2.42   slack (MET)


Startpoint: _331_ (rising edge-triggered flip-flop clocked by core_clock)
Endpoint: _331_ (rising edge-triggered flip-flop clocked by core_clock)
Path Group: core_clock
Path Type: min
Corner: Slowest

Fanout     Cap    Slew   Delay    Time   Description
-----------------------------------------------------------------------------
                          0.00    0.00   clock core_clock (rise edge)
                          0.00    0.00   clock source latency
     1    0.02    0.00    0.00    0.00 ^ clk (in)
                                         clk (net)
                  0.00    0.00    0.00 ^ clkbuf_0_clk/A (sky130_fd_sc_hd__clkbuf_16)
     4    0.05    0.10    0.23    0.23 ^ clkbuf_0_clk/X (sky130_fd_sc_hd__clkbuf_16)
                                         clknet_0_clk (net)
                  0.10    0.00    0.23 ^ clkbuf_2_0__f_clk/A (sky130_fd_sc_hd__clkbuf_16)
     9    0.04    0.09    0.26    0.49 ^ clkbuf_2_0__f_clk/X (sky130_fd_sc_hd__clkbuf_16)
                                         clknet_2_0__leaf_clk (net)
                  0.09    0.00    0.49 ^ _331_/CLK (sky130_fd_sc_hd__dfrtp_4)
     6    0.05    0.26    0.98    1.47 ^ _331_/Q (sky130_fd_sc_hd__dfrtp_4)
                                         one_second_counter[1] (net)
                  0.26    0.00    1.48 ^ _191_/A (sky130_fd_sc_hd__nand2_1)
     2    0.02    0.36    0.39    1.87 v _191_/Y (sky130_fd_sc_hd__nand2_1)
                                         _087_ (net)
                  0.36    0.00    1.87 v _193_/A (sky130_fd_sc_hd__and3_1)
     1    0.03    0.26    0.61    2.48 v _193_/X (sky130_fd_sc_hd__and3_1)
                                         _089_ (net)
                  0.26    0.00    2.49 v _194_/A (sky130_fd_sc_hd__buf_1)
     1    0.01    0.15    0.33    2.82 v _194_/X (sky130_fd_sc_hd__buf_1)
                                         _011_ (net)
                  0.15    0.00    2.82 v _331_/D (sky130_fd_sc_hd__dfrtp_4)
                                  2.82   data arrival time

                          0.00    0.00   clock core_clock (rise edge)
                          0.00    0.00   clock source latency
     1    0.02    0.00    0.00    0.00 ^ clk (in)
                                         clk (net)
                  0.00    0.00    0.00 ^ clkbuf_0_clk/A (sky130_fd_sc_hd__clkbuf_16)
     4    0.05    0.10    0.23    0.23 ^ clkbuf_0_clk/X (sky130_fd_sc_hd__clkbuf_16)
                                         clknet_0_clk (net)
                  0.10    0.00    0.23 ^ clkbuf_2_0__f_clk/A (sky130_fd_sc_hd__clkbuf_16)
     9    0.04    0.09    0.26    0.49 ^ clkbuf_2_0__f_clk/X (sky130_fd_sc_hd__clkbuf_16)
                                         clknet_2_0__leaf_clk (net)
                  0.09    0.00    0.49 ^ _331_/CLK (sky130_fd_sc_hd__dfrtp_4)
                          0.00    0.49   clock reconvergence pessimism
                         -0.12    0.38   library hold time
                                  0.38   data required time
-----------------------------------------------------------------------------
                                  0.38   data required time
                                 -2.82   data arrival time
-----------------------------------------------------------------------------
                                  2.44   slack (MET)


Startpoint: _344_ (rising edge-triggered flip-flop clocked by core_clock)
Endpoint: _344_ (rising edge-triggered flip-flop clocked by core_clock)
Path Group: core_clock
Path Type: min
Corner: Slowest

Fanout     Cap    Slew   Delay    Time   Description
-----------------------------------------------------------------------------
                          0.00    0.00   clock core_clock (rise edge)
                          0.00    0.00   clock source latency
     1    0.02    0.00    0.00    0.00 ^ clk (in)
                                         clk (net)
                  0.00    0.00    0.00 ^ clkbuf_0_clk/A (sky130_fd_sc_hd__clkbuf_16)
     4    0.05    0.10    0.23    0.23 ^ clkbuf_0_clk/X (sky130_fd_sc_hd__clkbuf_16)
                                         clknet_0_clk (net)
                  0.10    0.00    0.23 ^ clkbuf_2_3__f_clk/A (sky130_fd_sc_hd__clkbuf_16)
     9    0.03    0.08    0.25    0.49 ^ clkbuf_2_3__f_clk/X (sky130_fd_sc_hd__clkbuf_16)
                                         clknet_2_3__leaf_clk (net)
                  0.08    0.00    0.49 ^ _344_/CLK (sky130_fd_sc_hd__dfrtp_2)
     3    0.03    0.28    0.88    1.36 ^ _344_/Q (sky130_fd_sc_hd__dfrtp_2)
                                         one_second_counter[14] (net)
                  0.28    0.00    1.36 ^ _238_/A (sky130_fd_sc_hd__inv_2)
     2    0.03    0.14    0.22    1.59 v _238_/Y (sky130_fd_sc_hd__inv_2)
                                         _121_ (net)
                  0.14    0.00    1.59 v _239_/A (sky130_fd_sc_hd__nand2_1)
     1    0.01    0.18    0.21    1.80 ^ _239_/Y (sky130_fd_sc_hd__nand2_1)
                                         _122_ (net)
                  0.18    0.00    1.80 ^ _241_/B (sky130_fd_sc_hd__and3_1)
     1    0.02    0.29    0.50    2.31 ^ _241_/X (sky130_fd_sc_hd__and3_1)
                                         _124_ (net)
                  0.29    0.00    2.31 ^ _242_/A (sky130_fd_sc_hd__buf_1)
     1    0.02    0.44    0.50    2.81 ^ _242_/X (sky130_fd_sc_hd__buf_1)
                                         _005_ (net)
                  0.44    0.00    2.81 ^ _344_/D (sky130_fd_sc_hd__dfrtp_2)
                                  2.81   data arrival time

                          0.00    0.00   clock core_clock (rise edge)
                          0.00    0.00   clock source latency
     1    0.02    0.00    0.00    0.00 ^ clk (in)
                                         clk (net)
                  0.00    0.00    0.00 ^ clkbuf_0_clk/A (sky130_fd_sc_hd__clkbuf_16)
     4    0.05    0.10    0.23    0.23 ^ clkbuf_0_clk/X (sky130_fd_sc_hd__clkbuf_16)
                                         clknet_0_clk (net)
                  0.10    0.00    0.23 ^ clkbuf_2_3__f_clk/A (sky130_fd_sc_hd__clkbuf_16)
     9    0.03    0.08    0.25    0.49 ^ clkbuf_2_3__f_clk/X (sky130_fd_sc_hd__clkbuf_16)
                                         clknet_2_3__leaf_clk (net)
                  0.08    0.00    0.49 ^ _344_/CLK (sky130_fd_sc_hd__dfrtp_2)
                          0.00    0.49   clock reconvergence pessimism
                         -0.16    0.33   library hold time
                                  0.33   data required time
-----------------------------------------------------------------------------
                                  0.33   data required time
                                 -2.81   data arrival time
-----------------------------------------------------------------------------
                                  2.48   slack (MET)



worst slack corner Slowest: 1.3428
======================= Typical Corner ===================================

Startpoint: _356_ (rising edge-triggered flip-flop clocked by core_clock)
Endpoint: _356_ (rising edge-triggered flip-flop clocked by core_clock)
Path Group: core_clock
Path Type: min
Corner: Typical

Fanout     Cap    Slew   Delay    Time   Description
-----------------------------------------------------------------------------
                          0.00    0.00   clock core_clock (rise edge)
                          0.00    0.00   clock source latency
     1    0.02    0.00    0.00    0.00 ^ clk (in)
                                         clk (net)
                  0.00    0.00    0.00 ^ clkbuf_0_clk/A (sky130_fd_sc_hd__clkbuf_16)
     4    0.05    0.07    0.13    0.13 ^ clkbuf_0_clk/X (sky130_fd_sc_hd__clkbuf_16)
                                         clknet_0_clk (net)
                  0.07    0.00    0.13 ^ clkbuf_2_0__f_clk/A (sky130_fd_sc_hd__clkbuf_16)
     9    0.04    0.06    0.15    0.28 ^ clkbuf_2_0__f_clk/X (sky130_fd_sc_hd__clkbuf_16)
                                         clknet_2_0__leaf_clk (net)
                  0.06    0.00    0.28 ^ _356_/CLK (sky130_fd_sc_hd__dfrtp_1)
     2    0.02    0.16    0.41    0.69 ^ _356_/Q (sky130_fd_sc_hd__dfrtp_1)
                                         one_second_counter[26] (net)
                  0.16    0.00    0.70 ^ _284_/A1 (sky130_fd_sc_hd__o211a_1)
     1    0.01    0.09    0.22    0.91 ^ _284_/X (sky130_fd_sc_hd__o211a_1)
                                         _018_ (net)
                  0.09    0.00    0.91 ^ _356_/D (sky130_fd_sc_hd__dfrtp_1)
                                  0.91   data arrival time

                          0.00    0.00   clock core_clock (rise edge)
                          0.00    0.00   clock source latency
     1    0.02    0.00    0.00    0.00 ^ clk (in)
                                         clk (net)
                  0.00    0.00    0.00 ^ clkbuf_0_clk/A (sky130_fd_sc_hd__clkbuf_16)
     4    0.05    0.07    0.13    0.13 ^ clkbuf_0_clk/X (sky130_fd_sc_hd__clkbuf_16)
                                         clknet_0_clk (net)
                  0.07    0.00    0.13 ^ clkbuf_2_0__f_clk/A (sky130_fd_sc_hd__clkbuf_16)
     9    0.04    0.06    0.15    0.28 ^ clkbuf_2_0__f_clk/X (sky130_fd_sc_hd__clkbuf_16)
                                         clknet_2_0__leaf_clk (net)
                  0.06    0.00    0.28 ^ _356_/CLK (sky130_fd_sc_hd__dfrtp_1)
                          0.00    0.28   clock reconvergence pessimism
                         -0.04    0.24   library hold time
                                  0.24   data required time
-----------------------------------------------------------------------------
                                  0.24   data required time
                                 -0.91   data arrival time
-----------------------------------------------------------------------------
                                  0.67   slack (MET)


Startpoint: _357_ (rising edge-triggered flip-flop clocked by core_clock)
Endpoint: _358_ (rising edge-triggered flip-flop clocked by core_clock)
Path Group: core_clock
Path Type: min
Corner: Typical

Fanout     Cap    Slew   Delay    Time   Description
-----------------------------------------------------------------------------
                          0.00    0.00   clock core_clock (rise edge)
                          0.00    0.00   clock source latency
     1    0.02    0.00    0.00    0.00 ^ clk (in)
                                         clk (net)
                  0.00    0.00    0.00 ^ clkbuf_0_clk/A (sky130_fd_sc_hd__clkbuf_16)
     4    0.05    0.07    0.13    0.13 ^ clkbuf_0_clk/X (sky130_fd_sc_hd__clkbuf_16)
                                         clknet_0_clk (net)
                  0.07    0.00    0.13 ^ clkbuf_2_0__f_clk/A (sky130_fd_sc_hd__clkbuf_16)
     9    0.04    0.06    0.15    0.28 ^ clkbuf_2_0__f_clk/X (sky130_fd_sc_hd__clkbuf_16)
                                         clknet_2_0__leaf_clk (net)
                  0.06    0.00    0.28 ^ _357_/CLK (sky130_fd_sc_hd__dfrtp_4)
     5    0.04    0.15    0.49    0.78 ^ _357_/Q (sky130_fd_sc_hd__dfrtp_4)
                                         one_second_enable (net)
                  0.15    0.00    0.78 ^ _174_/A1 (sky130_fd_sc_hd__a21oi_1)
     1    0.01    0.08    0.14    0.92 v _174_/Y (sky130_fd_sc_hd__a21oi_1)
                                         _060_ (net)
                  0.08    0.00    0.92 v _358_/D (sky130_fd_sc_hd__dfrtp_4)
                                  0.92   data arrival time

                          0.00    0.00   clock core_clock (rise edge)
                          0.00    0.00   clock source latency
     1    0.02    0.00    0.00    0.00 ^ clk (in)
                                         clk (net)
                  0.00    0.00    0.00 ^ clkbuf_0_clk/A (sky130_fd_sc_hd__clkbuf_16)
     4    0.05    0.07    0.13    0.13 ^ clkbuf_0_clk/X (sky130_fd_sc_hd__clkbuf_16)
                                         clknet_0_clk (net)
                  0.07    0.00    0.13 ^ clkbuf_2_1__f_clk/A (sky130_fd_sc_hd__clkbuf_16)
    10    0.03    0.05    0.15    0.28 ^ clkbuf_2_1__f_clk/X (sky130_fd_sc_hd__clkbuf_16)
                                         clknet_2_1__leaf_clk (net)
                  0.05    0.00    0.28 ^ _358_/CLK (sky130_fd_sc_hd__dfrtp_4)
                          0.00    0.28   clock reconvergence pessimism
                         -0.05    0.23   library hold time
                                  0.23   data required time
-----------------------------------------------------------------------------
                                  0.23   data required time
                                 -0.92   data arrival time
-----------------------------------------------------------------------------
                                  0.69   slack (MET)


Startpoint: _361_ (rising edge-triggered flip-flop clocked by core_clock)
Endpoint: _361_ (rising edge-triggered flip-flop clocked by core_clock)
Path Group: core_clock
Path Type: min
Corner: Typical

Fanout     Cap    Slew   Delay    Time   Description
-----------------------------------------------------------------------------
                          0.00    0.00   clock core_clock (rise edge)
                          0.00    0.00   clock source latency
     1    0.02    0.00    0.00    0.00 ^ clk (in)
                                         clk (net)
                  0.00    0.00    0.00 ^ clkbuf_0_clk/A (sky130_fd_sc_hd__clkbuf_16)
     4    0.05    0.07    0.13    0.13 ^ clkbuf_0_clk/X (sky130_fd_sc_hd__clkbuf_16)
                                         clknet_0_clk (net)
                  0.07    0.00    0.13 ^ clkbuf_2_1__f_clk/A (sky130_fd_sc_hd__clkbuf_16)
    10    0.03    0.05    0.15    0.28 ^ clkbuf_2_1__f_clk/X (sky130_fd_sc_hd__clkbuf_16)
                                         clknet_2_1__leaf_clk (net)
                  0.05    0.00    0.28 ^ _361_/CLK (sky130_fd_sc_hd__dfrtp_4)
     6    0.06    0.18    0.52    0.80 ^ _361_/Q (sky130_fd_sc_hd__dfrtp_4)
                                         decoder.digit[3] (net)
                  0.18    0.00    0.80 ^ _164_/A (sky130_fd_sc_hd__xnor2_1)
     1    0.01    0.08    0.14    0.94 v _164_/Y (sky130_fd_sc_hd__xnor2_1)
                                         _063_ (net)
                  0.08    0.00    0.94 v _361_/D (sky130_fd_sc_hd__dfrtp_4)
                                  0.94   data arrival time

                          0.00    0.00   clock core_clock (rise edge)
                          0.00    0.00   clock source latency
     1    0.02    0.00    0.00    0.00 ^ clk (in)
                                         clk (net)
                  0.00    0.00    0.00 ^ clkbuf_0_clk/A (sky130_fd_sc_hd__clkbuf_16)
     4    0.05    0.07    0.13    0.13 ^ clkbuf_0_clk/X (sky130_fd_sc_hd__clkbuf_16)
                                         clknet_0_clk (net)
                  0.07    0.00    0.13 ^ clkbuf_2_1__f_clk/A (sky130_fd_sc_hd__clkbuf_16)
    10    0.03    0.05    0.15    0.28 ^ clkbuf_2_1__f_clk/X (sky130_fd_sc_hd__clkbuf_16)
                                         clknet_2_1__leaf_clk (net)
                  0.05    0.00    0.28 ^ _361_/CLK (sky130_fd_sc_hd__dfrtp_4)
                          0.00    0.28   clock reconvergence pessimism
                         -0.05    0.23   library hold time
                                  0.23   data required time
-----------------------------------------------------------------------------
                                  0.23   data required time
                                 -0.94   data arrival time
-----------------------------------------------------------------------------
                                  0.71   slack (MET)


Startpoint: _330_ (rising edge-triggered flip-flop clocked by core_clock)
Endpoint: _330_ (rising edge-triggered flip-flop clocked by core_clock)
Path Group: core_clock
Path Type: min
Corner: Typical

Fanout     Cap    Slew   Delay    Time   Description
-----------------------------------------------------------------------------
                          0.00    0.00   clock core_clock (rise edge)
                          0.00    0.00   clock source latency
     1    0.02    0.00    0.00    0.00 ^ clk (in)
                                         clk (net)
                  0.00    0.00    0.00 ^ clkbuf_0_clk/A (sky130_fd_sc_hd__clkbuf_16)
     4    0.05    0.07    0.13    0.13 ^ clkbuf_0_clk/X (sky130_fd_sc_hd__clkbuf_16)
                                         clknet_0_clk (net)
                  0.07    0.00    0.13 ^ clkbuf_2_3__f_clk/A (sky130_fd_sc_hd__clkbuf_16)
     9    0.03    0.05    0.14    0.28 ^ clkbuf_2_3__f_clk/X (sky130_fd_sc_hd__clkbuf_16)
                                         clknet_2_3__leaf_clk (net)
                  0.05    0.00    0.28 ^ _330_/CLK (sky130_fd_sc_hd__dfrtp_4)
     7    0.05    0.17    0.51    0.79 ^ _330_/Q (sky130_fd_sc_hd__dfrtp_4)
                                         one_second_counter[0] (net)
                  0.17    0.00    0.79 ^ _190_/A (sky130_fd_sc_hd__nor2_1)
     1    0.02    0.11    0.14    0.93 v _190_/Y (sky130_fd_sc_hd__nor2_1)
                                         _000_ (net)
                  0.11    0.00    0.93 v _330_/D (sky130_fd_sc_hd__dfrtp_4)
                                  0.93   data arrival time

                          0.00    0.00   clock core_clock (rise edge)
                          0.00    0.00   clock source latency
     1    0.02    0.00    0.00    0.00 ^ clk (in)
                                         clk (net)
                  0.00    0.00    0.00 ^ clkbuf_0_clk/A (sky130_fd_sc_hd__clkbuf_16)
     4    0.05    0.07    0.13    0.13 ^ clkbuf_0_clk/X (sky130_fd_sc_hd__clkbuf_16)
                                         clknet_0_clk (net)
                  0.07    0.00    0.13 ^ clkbuf_2_3__f_clk/A (sky130_fd_sc_hd__clkbuf_16)
     9    0.03    0.05    0.14    0.28 ^ clkbuf_2_3__f_clk/X (sky130_fd_sc_hd__clkbuf_16)
                                         clknet_2_3__leaf_clk (net)
                  0.05    0.00    0.28 ^ _330_/CLK (sky130_fd_sc_hd__dfrtp_4)
                          0.00    0.28   clock reconvergence pessimism
                         -0.07    0.21   library hold time
                                  0.21   data required time
-----------------------------------------------------------------------------
                                  0.21   data required time
                                 -0.93   data arrival time
-----------------------------------------------------------------------------
                                  0.72   slack (MET)


Startpoint: _353_ (rising edge-triggered flip-flop clocked by core_clock)
Endpoint: _353_ (rising edge-triggered flip-flop clocked by core_clock)
Path Group: core_clock
Path Type: min
Corner: Typical

Fanout     Cap    Slew   Delay    Time   Description
-----------------------------------------------------------------------------
                          0.00    0.00   clock core_clock (rise edge)
                          0.00    0.00   clock source latency
     1    0.02    0.00    0.00    0.00 ^ clk (in)
                                         clk (net)
                  0.00    0.00    0.00 ^ clkbuf_0_clk/A (sky130_fd_sc_hd__clkbuf_16)
     4    0.05    0.07    0.13    0.13 ^ clkbuf_0_clk/X (sky130_fd_sc_hd__clkbuf_16)
                                         clknet_0_clk (net)
                  0.07    0.00    0.13 ^ clkbuf_2_2__f_clk/A (sky130_fd_sc_hd__clkbuf_16)
     7    0.03    0.05    0.14    0.28 ^ clkbuf_2_2__f_clk/X (sky130_fd_sc_hd__clkbuf_16)
                                         clknet_2_2__leaf_clk (net)
                  0.05    0.00    0.28 ^ _353_/CLK (sky130_fd_sc_hd__dfrtp_2)
     2    0.03    0.10    0.46    0.74 v _353_/Q (sky130_fd_sc_hd__dfrtp_2)
                                         one_second_counter[23] (net)
                  0.10    0.00    0.74 v _273_/A (sky130_fd_sc_hd__inv_2)
     1    0.02    0.09    0.11    0.86 ^ _273_/Y (sky130_fd_sc_hd__inv_2)
                                         _147_ (net)
                  0.09    0.00    0.86 ^ _275_/A1 (sky130_fd_sc_hd__a221oi_1)
     1    0.01    0.09    0.11    0.97 v _275_/Y (sky130_fd_sc_hd__a221oi_1)
                                         _015_ (net)
                  0.09    0.00    0.97 v _353_/D (sky130_fd_sc_hd__dfrtp_2)
                                  0.97   data arrival time

                          0.00    0.00   clock core_clock (rise edge)
                          0.00    0.00   clock source latency
     1    0.02    0.00    0.00    0.00 ^ clk (in)
                                         clk (net)
                  0.00    0.00    0.00 ^ clkbuf_0_clk/A (sky130_fd_sc_hd__clkbuf_16)
     4    0.05    0.07    0.13    0.13 ^ clkbuf_0_clk/X (sky130_fd_sc_hd__clkbuf_16)
                                         clknet_0_clk (net)
                  0.07    0.00    0.13 ^ clkbuf_2_2__f_clk/A (sky130_fd_sc_hd__clkbuf_16)
     7    0.03    0.05    0.14    0.28 ^ clkbuf_2_2__f_clk/X (sky130_fd_sc_hd__clkbuf_16)
                                         clknet_2_2__leaf_clk (net)
                  0.05    0.00    0.28 ^ _353_/CLK (sky130_fd_sc_hd__dfrtp_2)
                          0.00    0.28   clock reconvergence pessimism
                         -0.06    0.22   library hold time
                                  0.22   data required time
-----------------------------------------------------------------------------
                                  0.22   data required time
                                 -0.97   data arrival time
-----------------------------------------------------------------------------
                                  0.75   slack (MET)


Startpoint: _345_ (rising edge-triggered flip-flop clocked by core_clock)
Endpoint: _345_ (rising edge-triggered flip-flop clocked by core_clock)
Path Group: core_clock
Path Type: min
Corner: Typical

Fanout     Cap    Slew   Delay    Time   Description
-----------------------------------------------------------------------------
                          0.00    0.00   clock core_clock (rise edge)
                          0.00    0.00   clock source latency
     1    0.02    0.00    0.00    0.00 ^ clk (in)
                                         clk (net)
                  0.00    0.00    0.00 ^ clkbuf_0_clk/A (sky130_fd_sc_hd__clkbuf_16)
     4    0.05    0.07    0.13    0.13 ^ clkbuf_0_clk/X (sky130_fd_sc_hd__clkbuf_16)
                                         clknet_0_clk (net)
                  0.07    0.00    0.13 ^ clkbuf_2_3__f_clk/A (sky130_fd_sc_hd__clkbuf_16)
     9    0.03    0.05    0.14    0.28 ^ clkbuf_2_3__f_clk/X (sky130_fd_sc_hd__clkbuf_16)
                                         clknet_2_3__leaf_clk (net)
                  0.05    0.00    0.28 ^ _345_/CLK (sky130_fd_sc_hd__dfrtp_2)
     3    0.03    0.11    0.47    0.75 v _345_/Q (sky130_fd_sc_hd__dfrtp_2)
                                         one_second_counter[15] (net)
                  0.11    0.00    0.75 v _243_/A (sky130_fd_sc_hd__inv_2)
     1    0.01    0.06    0.09    0.84 ^ _243_/Y (sky130_fd_sc_hd__inv_2)
                                         _125_ (net)
                  0.06    0.00    0.84 ^ _246_/A1 (sky130_fd_sc_hd__a211oi_1)
     1    0.02    0.10    0.13    0.97 v _246_/Y (sky130_fd_sc_hd__a211oi_1)
                                         _006_ (net)
                  0.10    0.00    0.97 v _345_/D (sky130_fd_sc_hd__dfrtp_2)
                                  0.97   data arrival time

                          0.00    0.00   clock core_clock (rise edge)
                          0.00    0.00   clock source latency
     1    0.02    0.00    0.00    0.00 ^ clk (in)
                                         clk (net)
                  0.00    0.00    0.00 ^ clkbuf_0_clk/A (sky130_fd_sc_hd__clkbuf_16)
     4    0.05    0.07    0.13    0.13 ^ clkbuf_0_clk/X (sky130_fd_sc_hd__clkbuf_16)
                                         clknet_0_clk (net)
                  0.07    0.00    0.13 ^ clkbuf_2_3__f_clk/A (sky130_fd_sc_hd__clkbuf_16)
     9    0.03    0.05    0.14    0.28 ^ clkbuf_2_3__f_clk/X (sky130_fd_sc_hd__clkbuf_16)
                                         clknet_2_3__leaf_clk (net)
                  0.05    0.00    0.28 ^ _345_/CLK (sky130_fd_sc_hd__dfrtp_2)
                          0.00    0.28   clock reconvergence pessimism
                         -0.06    0.21   library hold time
                                  0.21   data required time
-----------------------------------------------------------------------------
                                  0.21   data required time
                                 -0.97   data arrival time
-----------------------------------------------------------------------------
                                  0.75   slack (MET)


Startpoint: _336_ (rising edge-triggered flip-flop clocked by core_clock)
Endpoint: _337_ (rising edge-triggered flip-flop clocked by core_clock)
Path Group: core_clock
Path Type: min
Corner: Typical

Fanout     Cap    Slew   Delay    Time   Description
-----------------------------------------------------------------------------
                          0.00    0.00   clock core_clock (rise edge)
                          0.00    0.00   clock source latency
     1    0.02    0.00    0.00    0.00 ^ clk (in)
                                         clk (net)
                  0.00    0.00    0.00 ^ clkbuf_0_clk/A (sky130_fd_sc_hd__clkbuf_16)
     4    0.05    0.07    0.13    0.13 ^ clkbuf_0_clk/X (sky130_fd_sc_hd__clkbuf_16)
                                         clknet_0_clk (net)
                  0.07    0.00    0.13 ^ clkbuf_2_0__f_clk/A (sky130_fd_sc_hd__clkbuf_16)
     9    0.04    0.06    0.15    0.28 ^ clkbuf_2_0__f_clk/X (sky130_fd_sc_hd__clkbuf_16)
                                         clknet_2_0__leaf_clk (net)
                  0.06    0.00    0.28 ^ _336_/CLK (sky130_fd_sc_hd__dfrtp_1)
     3    0.02    0.11    0.43    0.71 v _336_/Q (sky130_fd_sc_hd__dfrtp_1)
                                         one_second_counter[6] (net)
                  0.11    0.00    0.71 v _211_/A (sky130_fd_sc_hd__nand2_1)
     2    0.01    0.13    0.15    0.86 ^ _211_/Y (sky130_fd_sc_hd__nand2_1)
                                         _102_ (net)
                  0.13    0.00    0.86 ^ _215_/A2 (sky130_fd_sc_hd__a211oi_2)
     1    0.02    0.06    0.12    0.98 v _215_/Y (sky130_fd_sc_hd__a211oi_2)
                                         _024_ (net)
                  0.06    0.00    0.99 v _337_/D (sky130_fd_sc_hd__dfrtp_1)
                                  0.99   data arrival time

                          0.00    0.00   clock core_clock (rise edge)
                          0.00    0.00   clock source latency
     1    0.02    0.00    0.00    0.00 ^ clk (in)
                                         clk (net)
                  0.00    0.00    0.00 ^ clkbuf_0_clk/A (sky130_fd_sc_hd__clkbuf_16)
     4    0.05    0.07    0.13    0.13 ^ clkbuf_0_clk/X (sky130_fd_sc_hd__clkbuf_16)
                                         clknet_0_clk (net)
                  0.07    0.00    0.13 ^ clkbuf_2_0__f_clk/A (sky130_fd_sc_hd__clkbuf_16)
     9    0.04    0.06    0.15    0.28 ^ clkbuf_2_0__f_clk/X (sky130_fd_sc_hd__clkbuf_16)
                                         clknet_2_0__leaf_clk (net)
                  0.06    0.00    0.28 ^ _337_/CLK (sky130_fd_sc_hd__dfrtp_1)
                          0.00    0.28   clock reconvergence pessimism
                         -0.05    0.23   library hold time
                                  0.23   data required time
-----------------------------------------------------------------------------
                                  0.23   data required time
                                 -0.99   data arrival time
-----------------------------------------------------------------------------
                                  0.75   slack (MET)


Startpoint: _351_ (rising edge-triggered flip-flop clocked by core_clock)
Endpoint: _351_ (rising edge-triggered flip-flop clocked by core_clock)
Path Group: core_clock
Path Type: min
Corner: Typical

Fanout     Cap    Slew   Delay    Time   Description
-----------------------------------------------------------------------------
                          0.00    0.00   clock core_clock (rise edge)
                          0.00    0.00   clock source latency
     1    0.02    0.00    0.00    0.00 ^ clk (in)
                                         clk (net)
                  0.00    0.00    0.00 ^ clkbuf_0_clk/A (sky130_fd_sc_hd__clkbuf_16)
     4    0.05    0.07    0.13    0.13 ^ clkbuf_0_clk/X (sky130_fd_sc_hd__clkbuf_16)
                                         clknet_0_clk (net)
                  0.07    0.00    0.13 ^ clkbuf_2_1__f_clk/A (sky130_fd_sc_hd__clkbuf_16)
    10    0.03    0.05    0.15    0.28 ^ clkbuf_2_1__f_clk/X (sky130_fd_sc_hd__clkbuf_16)
                                         clknet_2_1__leaf_clk (net)
                  0.05    0.00    0.28 ^ _351_/CLK (sky130_fd_sc_hd__dfrtp_2)
     3    0.03    0.10    0.46    0.74 v _351_/Q (sky130_fd_sc_hd__dfrtp_2)
                                         one_second_counter[21] (net)
                  0.10    0.00    0.74 v _266_/A (sky130_fd_sc_hd__inv_2)
     1    0.02    0.12    0.13    0.87 ^ _266_/Y (sky130_fd_sc_hd__inv_2)
                                         _142_ (net)
                  0.12    0.00    0.87 ^ _268_/A1 (sky130_fd_sc_hd__a211oi_1)
     1    0.01    0.08    0.11    0.98 v _268_/Y (sky130_fd_sc_hd__a211oi_1)
                                         _013_ (net)
                  0.08    0.00    0.98 v _351_/D (sky130_fd_sc_hd__dfrtp_2)
                                  0.98   data arrival time

                          0.00    0.00   clock core_clock (rise edge)
                          0.00    0.00   clock source latency
     1    0.02    0.00    0.00    0.00 ^ clk (in)
                                         clk (net)
                  0.00    0.00    0.00 ^ clkbuf_0_clk/A (sky130_fd_sc_hd__clkbuf_16)
     4    0.05    0.07    0.13    0.13 ^ clkbuf_0_clk/X (sky130_fd_sc_hd__clkbuf_16)
                                         clknet_0_clk (net)
                  0.07    0.00    0.13 ^ clkbuf_2_1__f_clk/A (sky130_fd_sc_hd__clkbuf_16)
    10    0.03    0.05    0.15    0.28 ^ clkbuf_2_1__f_clk/X (sky130_fd_sc_hd__clkbuf_16)
                                         clknet_2_1__leaf_clk (net)
                  0.05    0.00    0.28 ^ _351_/CLK (sky130_fd_sc_hd__dfrtp_2)
                          0.00    0.28   clock reconvergence pessimism
                         -0.06    0.22   library hold time
                                  0.22   data required time
-----------------------------------------------------------------------------
                                  0.22   data required time
                                 -0.98   data arrival time
-----------------------------------------------------------------------------
                                  0.76   slack (MET)


Startpoint: _357_ (rising edge-triggered flip-flop clocked by core_clock)
Endpoint: _359_ (rising edge-triggered flip-flop clocked by core_clock)
Path Group: core_clock
Path Type: min
Corner: Typical

Fanout     Cap    Slew   Delay    Time   Description
-----------------------------------------------------------------------------
                          0.00    0.00   clock core_clock (rise edge)
                          0.00    0.00   clock source latency
     1    0.02    0.00    0.00    0.00 ^ clk (in)
                                         clk (net)
                  0.00    0.00    0.00 ^ clkbuf_0_clk/A (sky130_fd_sc_hd__clkbuf_16)
     4    0.05    0.07    0.13    0.13 ^ clkbuf_0_clk/X (sky130_fd_sc_hd__clkbuf_16)
                                         clknet_0_clk (net)
                  0.07    0.00    0.13 ^ clkbuf_2_0__f_clk/A (sky130_fd_sc_hd__clkbuf_16)
     9    0.04    0.06    0.15    0.28 ^ clkbuf_2_0__f_clk/X (sky130_fd_sc_hd__clkbuf_16)
                                         clknet_2_0__leaf_clk (net)
                  0.06    0.00    0.28 ^ _357_/CLK (sky130_fd_sc_hd__dfrtp_4)
     5    0.04    0.15    0.49    0.78 ^ _357_/Q (sky130_fd_sc_hd__dfrtp_4)
                                         one_second_enable (net)
                  0.15    0.00    0.78 ^ _171_/A1 (sky130_fd_sc_hd__a21oi_1)
     1    0.01    0.08    0.12    0.90 v _171_/Y (sky130_fd_sc_hd__a21oi_1)
                                         _071_ (net)
                  0.08    0.00    0.90 v _172_/B (sky130_fd_sc_hd__nor2_1)
     1    0.01    0.16    0.16    1.05 ^ _172_/Y (sky130_fd_sc_hd__nor2_1)
                                         _061_ (net)
                  0.16    0.00    1.05 ^ _359_/D (sky130_fd_sc_hd__dfrtp_4)
                                  1.05   data arrival time

                          0.00    0.00   clock core_clock (rise edge)
                          0.00    0.00   clock source latency
     1    0.02    0.00    0.00    0.00 ^ clk (in)
                                         clk (net)
                  0.00    0.00    0.00 ^ clkbuf_0_clk/A (sky130_fd_sc_hd__clkbuf_16)
     4    0.05    0.07    0.13    0.13 ^ clkbuf_0_clk/X (sky130_fd_sc_hd__clkbuf_16)
                                         clknet_0_clk (net)
                  0.07    0.00    0.13 ^ clkbuf_2_2__f_clk/A (sky130_fd_sc_hd__clkbuf_16)
     7    0.03    0.05    0.14    0.28 ^ clkbuf_2_2__f_clk/X (sky130_fd_sc_hd__clkbuf_16)
                                         clknet_2_2__leaf_clk (net)
                  0.05    0.00    0.28 ^ _359_/CLK (sky130_fd_sc_hd__dfrtp_4)
                          0.00    0.28   clock reconvergence pessimism
                         -0.06    0.22   library hold time
                                  0.22   data required time
-----------------------------------------------------------------------------
                                  0.22   data required time
                                 -1.05   data arrival time
-----------------------------------------------------------------------------
                                  0.83   slack (MET)


Startpoint: _339_ (rising edge-triggered flip-flop clocked by core_clock)
Endpoint: _339_ (rising edge-triggered flip-flop clocked by core_clock)
Path Group: core_clock
Path Type: min
Corner: Typical

Fanout     Cap    Slew   Delay    Time   Description
-----------------------------------------------------------------------------
                          0.00    0.00   clock core_clock (rise edge)
                          0.00    0.00   clock source latency
     1    0.02    0.00    0.00    0.00 ^ clk (in)
                                         clk (net)
                  0.00    0.00    0.00 ^ clkbuf_0_clk/A (sky130_fd_sc_hd__clkbuf_16)
     4    0.05    0.07    0.13    0.13 ^ clkbuf_0_clk/X (sky130_fd_sc_hd__clkbuf_16)
                                         clknet_0_clk (net)
                  0.07    0.00    0.13 ^ clkbuf_2_0__f_clk/A (sky130_fd_sc_hd__clkbuf_16)
     9    0.04    0.06    0.15    0.28 ^ clkbuf_2_0__f_clk/X (sky130_fd_sc_hd__clkbuf_16)
                                         clknet_2_0__leaf_clk (net)
                  0.06    0.00    0.28 ^ _339_/CLK (sky130_fd_sc_hd__dfrtp_1)
     3    0.03    0.16    0.48    0.76 v _339_/Q (sky130_fd_sc_hd__dfrtp_1)
                                         one_second_counter[9] (net)
                  0.16    0.00    0.76 v _220_/B1 (sky130_fd_sc_hd__a21oi_1)
     1    0.01    0.26    0.28    1.05 ^ _220_/Y (sky130_fd_sc_hd__a21oi_1)
                                         _108_ (net)
                  0.26    0.00    1.05 ^ _222_/B (sky130_fd_sc_hd__nor3_1)
     1    0.01    0.07    0.11    1.15 v _222_/Y (sky130_fd_sc_hd__nor3_1)
                                         _026_ (net)
                  0.07    0.00    1.15 v _339_/D (sky130_fd_sc_hd__dfrtp_1)
                                  1.15   data arrival time

                          0.00    0.00   clock core_clock (rise edge)
                          0.00    0.00   clock source latency
     1    0.02    0.00    0.00    0.00 ^ clk (in)
                                         clk (net)
                  0.00    0.00    0.00 ^ clkbuf_0_clk/A (sky130_fd_sc_hd__clkbuf_16)
     4    0.05    0.07    0.13    0.13 ^ clkbuf_0_clk/X (sky130_fd_sc_hd__clkbuf_16)
                                         clknet_0_clk (net)
                  0.07    0.00    0.13 ^ clkbuf_2_0__f_clk/A (sky130_fd_sc_hd__clkbuf_16)
     9    0.04    0.06    0.15    0.28 ^ clkbuf_2_0__f_clk/X (sky130_fd_sc_hd__clkbuf_16)
                                         clknet_2_0__leaf_clk (net)
                  0.06    0.00    0.28 ^ _339_/CLK (sky130_fd_sc_hd__dfrtp_1)
                          0.00    0.28   clock reconvergence pessimism
                         -0.05    0.23   library hold time
                                  0.23   data required time
-----------------------------------------------------------------------------
                                  0.23   data required time
                                 -1.15   data arrival time
-----------------------------------------------------------------------------
                                  0.93   slack (MET)


Startpoint: _335_ (rising edge-triggered flip-flop clocked by core_clock)
Endpoint: _335_ (rising edge-triggered flip-flop clocked by core_clock)
Path Group: core_clock
Path Type: min
Corner: Typical

Fanout     Cap    Slew   Delay    Time   Description
-----------------------------------------------------------------------------
                          0.00    0.00   clock core_clock (rise edge)
                          0.00    0.00   clock source latency
     1    0.02    0.00    0.00    0.00 ^ clk (in)
                                         clk (net)
                  0.00    0.00    0.00 ^ clkbuf_0_clk/A (sky130_fd_sc_hd__clkbuf_16)
     4    0.05    0.07    0.13    0.13 ^ clkbuf_0_clk/X (sky130_fd_sc_hd__clkbuf_16)
                                         clknet_0_clk (net)
                  0.07    0.00    0.13 ^ clkbuf_2_1__f_clk/A (sky130_fd_sc_hd__clkbuf_16)
    10    0.03    0.05    0.15    0.28 ^ clkbuf_2_1__f_clk/X (sky130_fd_sc_hd__clkbuf_16)
                                         clknet_2_1__leaf_clk (net)
                  0.05    0.00    0.28 ^ _335_/CLK (sky130_fd_sc_hd__dfrtp_2)
     3    0.03    0.10    0.46    0.74 v _335_/Q (sky130_fd_sc_hd__dfrtp_2)
                                         one_second_counter[5] (net)
                  0.10    0.00    0.74 v _207_/B1 (sky130_fd_sc_hd__a21oi_1)
     1    0.01    0.26    0.26    1.01 ^ _207_/Y (sky130_fd_sc_hd__a21oi_1)
                                         _099_ (net)
                  0.26    0.00    1.01 ^ _209_/B (sky130_fd_sc_hd__nor3_1)
     1    0.02    0.11    0.16    1.16 v _209_/Y (sky130_fd_sc_hd__nor3_1)
                                         _022_ (net)
                  0.11    0.00    1.16 v _335_/D (sky130_fd_sc_hd__dfrtp_2)
                                  1.16   data arrival time

                          0.00    0.00   clock core_clock (rise edge)
                          0.00    0.00   clock source latency
     1    0.02    0.00    0.00    0.00 ^ clk (in)
                                         clk (net)
                  0.00    0.00    0.00 ^ clkbuf_0_clk/A (sky130_fd_sc_hd__clkbuf_16)
     4    0.05    0.07    0.13    0.13 ^ clkbuf_0_clk/X (sky130_fd_sc_hd__clkbuf_16)
                                         clknet_0_clk (net)
                  0.07    0.00    0.13 ^ clkbuf_2_1__f_clk/A (sky130_fd_sc_hd__clkbuf_16)
    10    0.03    0.05    0.15    0.28 ^ clkbuf_2_1__f_clk/X (sky130_fd_sc_hd__clkbuf_16)
                                         clknet_2_1__leaf_clk (net)
                  0.05    0.00    0.28 ^ _335_/CLK (sky130_fd_sc_hd__dfrtp_2)
                          0.00    0.28   clock reconvergence pessimism
                         -0.07    0.21   library hold time
                                  0.21   data required time
-----------------------------------------------------------------------------
                                  0.21   data required time
                                 -1.16   data arrival time
-----------------------------------------------------------------------------
                                  0.95   slack (MET)


Startpoint: _348_ (rising edge-triggered flip-flop clocked by core_clock)
Endpoint: _348_ (rising edge-triggered flip-flop clocked by core_clock)
Path Group: core_clock
Path Type: min
Corner: Typical

Fanout     Cap    Slew   Delay    Time   Description
-----------------------------------------------------------------------------
                          0.00    0.00   clock core_clock (rise edge)
                          0.00    0.00   clock source latency
     1    0.02    0.00    0.00    0.00 ^ clk (in)
                                         clk (net)
                  0.00    0.00    0.00 ^ clkbuf_0_clk/A (sky130_fd_sc_hd__clkbuf_16)
     4    0.05    0.07    0.13    0.13 ^ clkbuf_0_clk/X (sky130_fd_sc_hd__clkbuf_16)
                                         clknet_0_clk (net)
                  0.07    0.00    0.13 ^ clkbuf_2_1__f_clk/A (sky130_fd_sc_hd__clkbuf_16)
    10    0.03    0.05    0.15    0.28 ^ clkbuf_2_1__f_clk/X (sky130_fd_sc_hd__clkbuf_16)
                                         clknet_2_1__leaf_clk (net)
                  0.05    0.00    0.28 ^ _348_/CLK (sky130_fd_sc_hd__dfrtp_4)
     6    0.06    0.13    0.56    0.84 v _348_/Q (sky130_fd_sc_hd__dfrtp_4)
                                         one_second_counter[18] (net)
                  0.13    0.00    0.85 v _253_/A (sky130_fd_sc_hd__nand2_1)
     1    0.01    0.10    0.13    0.98 ^ _253_/Y (sky130_fd_sc_hd__nand2_1)
                                         _132_ (net)
                  0.10    0.00    0.98 ^ _255_/A1 (sky130_fd_sc_hd__o211a_1)
     1    0.01    0.12    0.22    1.20 ^ _255_/X (sky130_fd_sc_hd__o211a_1)
                                         _009_ (net)
                  0.12    0.00    1.20 ^ _348_/D (sky130_fd_sc_hd__dfrtp_4)
                                  1.20   data arrival time

                          0.00    0.00   clock core_clock (rise edge)
                          0.00    0.00   clock source latency
     1    0.02    0.00    0.00    0.00 ^ clk (in)
                                         clk (net)
                  0.00    0.00    0.00 ^ clkbuf_0_clk/A (sky130_fd_sc_hd__clkbuf_16)
     4    0.05    0.07    0.13    0.13 ^ clkbuf_0_clk/X (sky130_fd_sc_hd__clkbuf_16)
                                         clknet_0_clk (net)
                  0.07    0.00    0.13 ^ clkbuf_2_1__f_clk/A (sky130_fd_sc_hd__clkbuf_16)
    10    0.03    0.05    0.15    0.28 ^ clkbuf_2_1__f_clk/X (sky130_fd_sc_hd__clkbuf_16)
                                         clknet_2_1__leaf_clk (net)
                  0.05    0.00    0.28 ^ _348_/CLK (sky130_fd_sc_hd__dfrtp_4)
                          0.00    0.28   clock reconvergence pessimism
                         -0.05    0.23   library hold time
                                  0.23   data required time
-----------------------------------------------------------------------------
                                  0.23   data required time
                                 -1.20   data arrival time
-----------------------------------------------------------------------------
                                  0.97   slack (MET)


Startpoint: _341_ (rising edge-triggered flip-flop clocked by core_clock)
Endpoint: _341_ (rising edge-triggered flip-flop clocked by core_clock)
Path Group: core_clock
Path Type: min
Corner: Typical

Fanout     Cap    Slew   Delay    Time   Description
-----------------------------------------------------------------------------
                          0.00    0.00   clock core_clock (rise edge)
                          0.00    0.00   clock source latency
     1    0.02    0.00    0.00    0.00 ^ clk (in)
                                         clk (net)
                  0.00    0.00    0.00 ^ clkbuf_0_clk/A (sky130_fd_sc_hd__clkbuf_16)
     4    0.05    0.07    0.13    0.13 ^ clkbuf_0_clk/X (sky130_fd_sc_hd__clkbuf_16)
                                         clknet_0_clk (net)
                  0.07    0.00    0.13 ^ clkbuf_2_1__f_clk/A (sky130_fd_sc_hd__clkbuf_16)
    10    0.03    0.05    0.15    0.28 ^ clkbuf_2_1__f_clk/X (sky130_fd_sc_hd__clkbuf_16)
                                         clknet_2_1__leaf_clk (net)
                  0.05    0.00    0.28 ^ _341_/CLK (sky130_fd_sc_hd__dfrtp_2)
     4    0.03    0.11    0.46    0.74 v _341_/Q (sky130_fd_sc_hd__dfrtp_2)
                                         one_second_counter[11] (net)
                  0.11    0.00    0.75 v _227_/B1 (sky130_fd_sc_hd__a21oi_1)
     1    0.01    0.26    0.26    1.01 ^ _227_/Y (sky130_fd_sc_hd__a21oi_1)
                                         _113_ (net)
                  0.26    0.00    1.01 ^ _229_/B (sky130_fd_sc_hd__nor3_1)
     1    0.02    0.12    0.17    1.18 v _229_/Y (sky130_fd_sc_hd__nor3_1)
                                         _002_ (net)
                  0.12    0.00    1.18 v _341_/D (sky130_fd_sc_hd__dfrtp_2)
                                  1.18   data arrival time

                          0.00    0.00   clock core_clock (rise edge)
                          0.00    0.00   clock source latency
     1    0.02    0.00    0.00    0.00 ^ clk (in)
                                         clk (net)
                  0.00    0.00    0.00 ^ clkbuf_0_clk/A (sky130_fd_sc_hd__clkbuf_16)
     4    0.05    0.07    0.13    0.13 ^ clkbuf_0_clk/X (sky130_fd_sc_hd__clkbuf_16)
                                         clknet_0_clk (net)
                  0.07    0.00    0.13 ^ clkbuf_2_1__f_clk/A (sky130_fd_sc_hd__clkbuf_16)
    10    0.03    0.05    0.15    0.28 ^ clkbuf_2_1__f_clk/X (sky130_fd_sc_hd__clkbuf_16)
                                         clknet_2_1__leaf_clk (net)
                  0.05    0.00    0.28 ^ _341_/CLK (sky130_fd_sc_hd__dfrtp_2)
                          0.00    0.28   clock reconvergence pessimism
                         -0.07    0.21   library hold time
                                  0.21   data required time
-----------------------------------------------------------------------------
                                  0.21   data required time
                                 -1.18   data arrival time
-----------------------------------------------------------------------------
                                  0.97   slack (MET)


Startpoint: _352_ (rising edge-triggered flip-flop clocked by core_clock)
Endpoint: _352_ (rising edge-triggered flip-flop clocked by core_clock)
Path Group: core_clock
Path Type: min
Corner: Typical

Fanout     Cap    Slew   Delay    Time   Description
-----------------------------------------------------------------------------
                          0.00    0.00   clock core_clock (rise edge)
                          0.00    0.00   clock source latency
     1    0.02    0.00    0.00    0.00 ^ clk (in)
                                         clk (net)
                  0.00    0.00    0.00 ^ clkbuf_0_clk/A (sky130_fd_sc_hd__clkbuf_16)
     4    0.05    0.07    0.13    0.13 ^ clkbuf_0_clk/X (sky130_fd_sc_hd__clkbuf_16)
                                         clknet_0_clk (net)
                  0.07    0.00    0.13 ^ clkbuf_2_1__f_clk/A (sky130_fd_sc_hd__clkbuf_16)
    10    0.03    0.05    0.15    0.28 ^ clkbuf_2_1__f_clk/X (sky130_fd_sc_hd__clkbuf_16)
                                         clknet_2_1__leaf_clk (net)
                  0.05    0.00    0.28 ^ _352_/CLK (sky130_fd_sc_hd__dfrtp_1)
     3    0.02    0.21    0.45    0.73 ^ _352_/Q (sky130_fd_sc_hd__dfrtp_1)
                                         one_second_counter[22] (net)
                  0.21    0.00    0.73 ^ _269_/A (sky130_fd_sc_hd__or2_1)
     1    0.01    0.11    0.19    0.91 ^ _269_/X (sky130_fd_sc_hd__or2_1)
                                         _144_ (net)
                  0.11    0.00    0.91 ^ _271_/B (sky130_fd_sc_hd__and3_1)
     1    0.01    0.13    0.23    1.14 ^ _271_/X (sky130_fd_sc_hd__and3_1)
                                         _146_ (net)
                  0.13    0.00    1.14 ^ _272_/A (sky130_fd_sc_hd__clkbuf_1)
     1    0.00    0.05    0.10    1.25 ^ _272_/X (sky130_fd_sc_hd__clkbuf_1)
                                         _014_ (net)
                  0.05    0.00    1.25 ^ _352_/D (sky130_fd_sc_hd__dfrtp_1)
                                  1.25   data arrival time

                          0.00    0.00   clock core_clock (rise edge)
                          0.00    0.00   clock source latency
     1    0.02    0.00    0.00    0.00 ^ clk (in)
                                         clk (net)
                  0.00    0.00    0.00 ^ clkbuf_0_clk/A (sky130_fd_sc_hd__clkbuf_16)
     4    0.05    0.07    0.13    0.13 ^ clkbuf_0_clk/X (sky130_fd_sc_hd__clkbuf_16)
                                         clknet_0_clk (net)
                  0.07    0.00    0.13 ^ clkbuf_2_1__f_clk/A (sky130_fd_sc_hd__clkbuf_16)
    10    0.03    0.05    0.15    0.28 ^ clkbuf_2_1__f_clk/X (sky130_fd_sc_hd__clkbuf_16)
                                         clknet_2_1__leaf_clk (net)
                  0.05    0.00    0.28 ^ _352_/CLK (sky130_fd_sc_hd__dfrtp_1)
                          0.00    0.28   clock reconvergence pessimism
                         -0.03    0.25   library hold time
                                  0.25   data required time
-----------------------------------------------------------------------------
                                  0.25   data required time
                                 -1.25   data arrival time
-----------------------------------------------------------------------------
                                  1.00   slack (MET)


Startpoint: _336_ (rising edge-triggered flip-flop clocked by core_clock)
Endpoint: _336_ (rising edge-triggered flip-flop clocked by core_clock)
Path Group: core_clock
Path Type: min
Corner: Typical

Fanout     Cap    Slew   Delay    Time   Description
-----------------------------------------------------------------------------
                          0.00    0.00   clock core_clock (rise edge)
                          0.00    0.00   clock source latency
     1    0.02    0.00    0.00    0.00 ^ clk (in)
                                         clk (net)
                  0.00    0.00    0.00 ^ clkbuf_0_clk/A (sky130_fd_sc_hd__clkbuf_16)
     4    0.05    0.07    0.13    0.13 ^ clkbuf_0_clk/X (sky130_fd_sc_hd__clkbuf_16)
                                         clknet_0_clk (net)
                  0.07    0.00    0.13 ^ clkbuf_2_0__f_clk/A (sky130_fd_sc_hd__clkbuf_16)
     9    0.04    0.06    0.15    0.28 ^ clkbuf_2_0__f_clk/X (sky130_fd_sc_hd__clkbuf_16)
                                         clknet_2_0__leaf_clk (net)
                  0.06    0.00    0.28 ^ _336_/CLK (sky130_fd_sc_hd__dfrtp_1)
     3    0.02    0.17    0.42    0.70 ^ _336_/Q (sky130_fd_sc_hd__dfrtp_1)
                                         one_second_counter[6] (net)
                  0.17    0.00    0.70 ^ _211_/A (sky130_fd_sc_hd__nand2_1)
     2    0.01    0.11    0.14    0.84 v _211_/Y (sky130_fd_sc_hd__nand2_1)
                                         _102_ (net)
                  0.11    0.00    0.84 v _212_/C (sky130_fd_sc_hd__and3_1)
     1    0.01    0.06    0.23    1.07 v _212_/X (sky130_fd_sc_hd__and3_1)
                                         _103_ (net)
                  0.06    0.00    1.07 v _213_/A (sky130_fd_sc_hd__buf_1)
     2    0.02    0.10    0.15    1.22 v _213_/X (sky130_fd_sc_hd__buf_1)
                                         _023_ (net)
                  0.10    0.00    1.23 v _336_/D (sky130_fd_sc_hd__dfrtp_1)
                                  1.23   data arrival time

                          0.00    0.00   clock core_clock (rise edge)
                          0.00    0.00   clock source latency
     1    0.02    0.00    0.00    0.00 ^ clk (in)
                                         clk (net)
                  0.00    0.00    0.00 ^ clkbuf_0_clk/A (sky130_fd_sc_hd__clkbuf_16)
     4    0.05    0.07    0.13    0.13 ^ clkbuf_0_clk/X (sky130_fd_sc_hd__clkbuf_16)
                                         clknet_0_clk (net)
                  0.07    0.00    0.13 ^ clkbuf_2_0__f_clk/A (sky130_fd_sc_hd__clkbuf_16)
     9    0.04    0.06    0.15    0.28 ^ clkbuf_2_0__f_clk/X (sky130_fd_sc_hd__clkbuf_16)
                                         clknet_2_0__leaf_clk (net)
                  0.06    0.00    0.28 ^ _336_/CLK (sky130_fd_sc_hd__dfrtp_1)
                          0.00    0.28   clock reconvergence pessimism
                         -0.07    0.22   library hold time
                                  0.22   data required time
-----------------------------------------------------------------------------
                                  0.22   data required time
                                 -1.23   data arrival time
-----------------------------------------------------------------------------
                                  1.01   slack (MET)


Startpoint: _347_ (rising edge-triggered flip-flop clocked by core_clock)
Endpoint: _347_ (rising edge-triggered flip-flop clocked by core_clock)
Path Group: core_clock
Path Type: min
Corner: Typical

Fanout     Cap    Slew   Delay    Time   Description
-----------------------------------------------------------------------------
                          0.00    0.00   clock core_clock (rise edge)
                          0.00    0.00   clock source latency
     1    0.02    0.00    0.00    0.00 ^ clk (in)
                                         clk (net)
                  0.00    0.00    0.00 ^ clkbuf_0_clk/A (sky130_fd_sc_hd__clkbuf_16)
     4    0.05    0.07    0.13    0.13 ^ clkbuf_0_clk/X (sky130_fd_sc_hd__clkbuf_16)
                                         clknet_0_clk (net)
                  0.07    0.00    0.13 ^ clkbuf_2_3__f_clk/A (sky130_fd_sc_hd__clkbuf_16)
     9    0.03    0.05    0.14    0.28 ^ clkbuf_2_3__f_clk/X (sky130_fd_sc_hd__clkbuf_16)
                                         clknet_2_3__leaf_clk (net)
                  0.05    0.00    0.28 ^ _347_/CLK (sky130_fd_sc_hd__dfrtp_4)
     8    0.06    0.19    0.53    0.80 ^ _347_/Q (sky130_fd_sc_hd__dfrtp_4)
                                         one_second_counter[17] (net)
                  0.19    0.00    0.81 ^ _251_/A (sky130_fd_sc_hd__xor2_1)
     1    0.01    0.08    0.16    0.96 v _251_/X (sky130_fd_sc_hd__xor2_1)
                                         _131_ (net)
                  0.08    0.00    0.97 v _252_/B (sky130_fd_sc_hd__nor2_1)
     1    0.02    0.28    0.25    1.21 ^ _252_/Y (sky130_fd_sc_hd__nor2_1)
                                         _008_ (net)
                  0.28    0.00    1.22 ^ _347_/D (sky130_fd_sc_hd__dfrtp_4)
                                  1.22   data arrival time

                          0.00    0.00   clock core_clock (rise edge)
                          0.00    0.00   clock source latency
     1    0.02    0.00    0.00    0.00 ^ clk (in)
                                         clk (net)
                  0.00    0.00    0.00 ^ clkbuf_0_clk/A (sky130_fd_sc_hd__clkbuf_16)
     4    0.05    0.07    0.13    0.13 ^ clkbuf_0_clk/X (sky130_fd_sc_hd__clkbuf_16)
                                         clknet_0_clk (net)
                  0.07    0.00    0.13 ^ clkbuf_2_3__f_clk/A (sky130_fd_sc_hd__clkbuf_16)
     9    0.03    0.05    0.14    0.28 ^ clkbuf_2_3__f_clk/X (sky130_fd_sc_hd__clkbuf_16)
                                         clknet_2_3__leaf_clk (net)
                  0.05    0.00    0.28 ^ _347_/CLK (sky130_fd_sc_hd__dfrtp_4)
                          0.00    0.28   clock reconvergence pessimism
                         -0.08    0.20   library hold time
                                  0.20   data required time
-----------------------------------------------------------------------------
                                  0.20   data required time
                                 -1.22   data arrival time
-----------------------------------------------------------------------------
                                  1.02   slack (MET)


Startpoint: _354_ (rising edge-triggered flip-flop clocked by core_clock)
Endpoint: _354_ (rising edge-triggered flip-flop clocked by core_clock)
Path Group: core_clock
Path Type: min
Corner: Typical

Fanout     Cap    Slew   Delay    Time   Description
-----------------------------------------------------------------------------
                          0.00    0.00   clock core_clock (rise edge)
                          0.00    0.00   clock source latency
     1    0.02    0.00    0.00    0.00 ^ clk (in)
                                         clk (net)
                  0.00    0.00    0.00 ^ clkbuf_0_clk/A (sky130_fd_sc_hd__clkbuf_16)
     4    0.05    0.07    0.13    0.13 ^ clkbuf_0_clk/X (sky130_fd_sc_hd__clkbuf_16)
                                         clknet_0_clk (net)
                  0.07    0.00    0.13 ^ clkbuf_2_0__f_clk/A (sky130_fd_sc_hd__clkbuf_16)
     9    0.04    0.06    0.15    0.28 ^ clkbuf_2_0__f_clk/X (sky130_fd_sc_hd__clkbuf_16)
                                         clknet_2_0__leaf_clk (net)
                  0.06    0.00    0.28 ^ _354_/CLK (sky130_fd_sc_hd__dfrtp_4)
     3    0.03    0.12    0.47    0.75 ^ _354_/Q (sky130_fd_sc_hd__dfrtp_4)
                                         one_second_counter[24] (net)
                  0.12    0.00    0.75 ^ _277_/A (sky130_fd_sc_hd__and3_2)
     4    0.04    0.22    0.33    1.08 ^ _277_/X (sky130_fd_sc_hd__and3_2)
                                         _150_ (net)
                  0.22    0.00    1.09 ^ _278_/C (sky130_fd_sc_hd__nor3_1)
     1    0.02    0.11    0.15    1.24 v _278_/Y (sky130_fd_sc_hd__nor3_1)
                                         _016_ (net)
                  0.11    0.00    1.24 v _354_/D (sky130_fd_sc_hd__dfrtp_4)
                                  1.24   data arrival time

                          0.00    0.00   clock core_clock (rise edge)
                          0.00    0.00   clock source latency
     1    0.02    0.00    0.00    0.00 ^ clk (in)
                                         clk (net)
                  0.00    0.00    0.00 ^ clkbuf_0_clk/A (sky130_fd_sc_hd__clkbuf_16)
     4    0.05    0.07    0.13    0.13 ^ clkbuf_0_clk/X (sky130_fd_sc_hd__clkbuf_16)
                                         clknet_0_clk (net)
                  0.07    0.00    0.13 ^ clkbuf_2_0__f_clk/A (sky130_fd_sc_hd__clkbuf_16)
     9    0.04    0.06    0.15    0.28 ^ clkbuf_2_0__f_clk/X (sky130_fd_sc_hd__clkbuf_16)
                                         clknet_2_0__leaf_clk (net)
                  0.06    0.00    0.28 ^ _354_/CLK (sky130_fd_sc_hd__dfrtp_4)
                          0.00    0.28   clock reconvergence pessimism
                         -0.07    0.22   library hold time
                                  0.22   data required time
-----------------------------------------------------------------------------
                                  0.22   data required time
                                 -1.24   data arrival time
-----------------------------------------------------------------------------
                                  1.02   slack (MET)


Startpoint: _343_ (rising edge-triggered flip-flop clocked by core_clock)
Endpoint: _343_ (rising edge-triggered flip-flop clocked by core_clock)
Path Group: core_clock
Path Type: min
Corner: Typical

Fanout     Cap    Slew   Delay    Time   Description
-----------------------------------------------------------------------------
                          0.00    0.00   clock core_clock (rise edge)
                          0.00    0.00   clock source latency
     1    0.02    0.00    0.00    0.00 ^ clk (in)
                                         clk (net)
                  0.00    0.00    0.00 ^ clkbuf_0_clk/A (sky130_fd_sc_hd__clkbuf_16)
     4    0.05    0.07    0.13    0.13 ^ clkbuf_0_clk/X (sky130_fd_sc_hd__clkbuf_16)
                                         clknet_0_clk (net)
                  0.07    0.00    0.13 ^ clkbuf_2_2__f_clk/A (sky130_fd_sc_hd__clkbuf_16)
     7    0.03    0.05    0.14    0.28 ^ clkbuf_2_2__f_clk/X (sky130_fd_sc_hd__clkbuf_16)
                                         clknet_2_2__leaf_clk (net)
                  0.05    0.00    0.28 ^ _343_/CLK (sky130_fd_sc_hd__dfrtp_2)
     4    0.04    0.20    0.47    0.75 ^ _343_/Q (sky130_fd_sc_hd__dfrtp_2)
                                         one_second_counter[13] (net)
                  0.20    0.00    0.75 ^ _234_/B1 (sky130_fd_sc_hd__a21o_1)
     1    0.02    0.14    0.19    0.94 ^ _234_/X (sky130_fd_sc_hd__a21o_1)
                                         _118_ (net)
                  0.14    0.00    0.94 ^ _236_/B (sky130_fd_sc_hd__and3_1)
     1    0.01    0.12    0.23    1.17 ^ _236_/X (sky130_fd_sc_hd__and3_1)
                                         _120_ (net)
                  0.12    0.00    1.17 ^ _237_/A (sky130_fd_sc_hd__clkbuf_1)
     1    0.00    0.04    0.10    1.27 ^ _237_/X (sky130_fd_sc_hd__clkbuf_1)
                                         _004_ (net)
                  0.04    0.00    1.27 ^ _343_/D (sky130_fd_sc_hd__dfrtp_2)
                                  1.27   data arrival time

                          0.00    0.00   clock core_clock (rise edge)
                          0.00    0.00   clock source latency
     1    0.02    0.00    0.00    0.00 ^ clk (in)
                                         clk (net)
                  0.00    0.00    0.00 ^ clkbuf_0_clk/A (sky130_fd_sc_hd__clkbuf_16)
     4    0.05    0.07    0.13    0.13 ^ clkbuf_0_clk/X (sky130_fd_sc_hd__clkbuf_16)
                                         clknet_0_clk (net)
                  0.07    0.00    0.13 ^ clkbuf_2_2__f_clk/A (sky130_fd_sc_hd__clkbuf_16)
     7    0.03    0.05    0.14    0.28 ^ clkbuf_2_2__f_clk/X (sky130_fd_sc_hd__clkbuf_16)
                                         clknet_2_2__leaf_clk (net)
                  0.05    0.00    0.28 ^ _343_/CLK (sky130_fd_sc_hd__dfrtp_2)
                          0.00    0.28   clock reconvergence pessimism
                         -0.03    0.25   library hold time
                                  0.25   data required time
-----------------------------------------------------------------------------
                                  0.25   data required time
                                 -1.27   data arrival time
-----------------------------------------------------------------------------
                                  1.02   slack (MET)


Startpoint: _342_ (rising edge-triggered flip-flop clocked by core_clock)
Endpoint: _342_ (rising edge-triggered flip-flop clocked by core_clock)
Path Group: core_clock
Path Type: min
Corner: Typical

Fanout     Cap    Slew   Delay    Time   Description
-----------------------------------------------------------------------------
                          0.00    0.00   clock core_clock (rise edge)
                          0.00    0.00   clock source latency
     1    0.02    0.00    0.00    0.00 ^ clk (in)
                                         clk (net)
                  0.00    0.00    0.00 ^ clkbuf_0_clk/A (sky130_fd_sc_hd__clkbuf_16)
     4    0.05    0.07    0.13    0.13 ^ clkbuf_0_clk/X (sky130_fd_sc_hd__clkbuf_16)
                                         clknet_0_clk (net)
                  0.07    0.00    0.13 ^ clkbuf_2_3__f_clk/A (sky130_fd_sc_hd__clkbuf_16)
     9    0.03    0.05    0.14    0.28 ^ clkbuf_2_3__f_clk/X (sky130_fd_sc_hd__clkbuf_16)
                                         clknet_2_3__leaf_clk (net)
                  0.05    0.00    0.28 ^ _342_/CLK (sky130_fd_sc_hd__dfrtp_4)
     5    0.04    0.13    0.48    0.76 ^ _342_/Q (sky130_fd_sc_hd__dfrtp_4)
                                         one_second_counter[12] (net)
                  0.13    0.00    0.76 ^ _231_/A (sky130_fd_sc_hd__nand2_1)
     1    0.01    0.09    0.12    0.87 v _231_/Y (sky130_fd_sc_hd__nand2_1)
                                         _116_ (net)
                  0.09    0.00    0.87 v _232_/C (sky130_fd_sc_hd__and3_1)
     1    0.01    0.08    0.24    1.12 v _232_/X (sky130_fd_sc_hd__and3_1)
                                         _117_ (net)
                  0.08    0.00    1.12 v _233_/A (sky130_fd_sc_hd__buf_1)
     1    0.01    0.08    0.15    1.27 v _233_/X (sky130_fd_sc_hd__buf_1)
                                         _003_ (net)
                  0.08    0.00    1.27 v _342_/D (sky130_fd_sc_hd__dfrtp_4)
                                  1.27   data arrival time

                          0.00    0.00   clock core_clock (rise edge)
                          0.00    0.00   clock source latency
     1    0.02    0.00    0.00    0.00 ^ clk (in)
                                         clk (net)
                  0.00    0.00    0.00 ^ clkbuf_0_clk/A (sky130_fd_sc_hd__clkbuf_16)
     4    0.05    0.07    0.13    0.13 ^ clkbuf_0_clk/X (sky130_fd_sc_hd__clkbuf_16)
                                         clknet_0_clk (net)
                  0.07    0.00    0.13 ^ clkbuf_2_3__f_clk/A (sky130_fd_sc_hd__clkbuf_16)
     9    0.03    0.05    0.14    0.28 ^ clkbuf_2_3__f_clk/X (sky130_fd_sc_hd__clkbuf_16)
                                         clknet_2_3__leaf_clk (net)
                  0.05    0.00    0.28 ^ _342_/CLK (sky130_fd_sc_hd__dfrtp_4)
                          0.00    0.28   clock reconvergence pessimism
                         -0.06    0.22   library hold time
                                  0.22   data required time
-----------------------------------------------------------------------------
                                  0.22   data required time
                                 -1.27   data arrival time
-----------------------------------------------------------------------------
                                  1.05   slack (MET)


Startpoint: _360_ (rising edge-triggered flip-flop clocked by core_clock)
Endpoint: _360_ (rising edge-triggered flip-flop clocked by core_clock)
Path Group: core_clock
Path Type: min
Corner: Typical

Fanout     Cap    Slew   Delay    Time   Description
-----------------------------------------------------------------------------
                          0.00    0.00   clock core_clock (rise edge)
                          0.00    0.00   clock source latency
     1    0.02    0.00    0.00    0.00 ^ clk (in)
                                         clk (net)
                  0.00    0.00    0.00 ^ clkbuf_0_clk/A (sky130_fd_sc_hd__clkbuf_16)
     4    0.05    0.07    0.13    0.13 ^ clkbuf_0_clk/X (sky130_fd_sc_hd__clkbuf_16)
                                         clknet_0_clk (net)
                  0.07    0.00    0.13 ^ clkbuf_2_2__f_clk/A (sky130_fd_sc_hd__clkbuf_16)
     7    0.03    0.05    0.14    0.28 ^ clkbuf_2_2__f_clk/X (sky130_fd_sc_hd__clkbuf_16)
                                         clknet_2_2__leaf_clk (net)
                  0.05    0.00    0.28 ^ _360_/CLK (sky130_fd_sc_hd__dfrtp_4)
     6    0.06    0.18    0.52    0.80 ^ _360_/Q (sky130_fd_sc_hd__dfrtp_4)
                                         decoder.digit[2] (net)
                  0.18    0.00    0.80 ^ _163_/A (sky130_fd_sc_hd__nand2_1)
     2    0.02    0.17    0.19    0.99 v _163_/Y (sky130_fd_sc_hd__nand2_1)
                                         _065_ (net)
                  0.17    0.00    0.99 v _169_/A (sky130_fd_sc_hd__and2_1)
     1    0.01    0.05    0.21    1.20 v _169_/X (sky130_fd_sc_hd__and2_1)
                                         _070_ (net)
                  0.05    0.00    1.20 v _170_/A (sky130_fd_sc_hd__clkbuf_1)
     1    0.01    0.05    0.11    1.32 v _170_/X (sky130_fd_sc_hd__clkbuf_1)
                                         _062_ (net)
                  0.05    0.00    1.32 v _360_/D (sky130_fd_sc_hd__dfrtp_4)
                                  1.32   data arrival time

                          0.00    0.00   clock core_clock (rise edge)
                          0.00    0.00   clock source latency
     1    0.02    0.00    0.00    0.00 ^ clk (in)
                                         clk (net)
                  0.00    0.00    0.00 ^ clkbuf_0_clk/A (sky130_fd_sc_hd__clkbuf_16)
     4    0.05    0.07    0.13    0.13 ^ clkbuf_0_clk/X (sky130_fd_sc_hd__clkbuf_16)
                                         clknet_0_clk (net)
                  0.07    0.00    0.13 ^ clkbuf_2_2__f_clk/A (sky130_fd_sc_hd__clkbuf_16)
     7    0.03    0.05    0.14    0.28 ^ clkbuf_2_2__f_clk/X (sky130_fd_sc_hd__clkbuf_16)
                                         clknet_2_2__leaf_clk (net)
                  0.05    0.00    0.28 ^ _360_/CLK (sky130_fd_sc_hd__dfrtp_4)
                          0.00    0.28   clock reconvergence pessimism
                         -0.04    0.23   library hold time
                                  0.23   data required time
-----------------------------------------------------------------------------
                                  0.23   data required time
                                 -1.32   data arrival time
-----------------------------------------------------------------------------
                                  1.08   slack (MET)


Startpoint: _355_ (rising edge-triggered flip-flop clocked by core_clock)
Endpoint: _355_ (rising edge-triggered flip-flop clocked by core_clock)
Path Group: core_clock
Path Type: min
Corner: Typical

Fanout     Cap    Slew   Delay    Time   Description
-----------------------------------------------------------------------------
                          0.00    0.00   clock core_clock (rise edge)
                          0.00    0.00   clock source latency
     1    0.02    0.00    0.00    0.00 ^ clk (in)
                                         clk (net)
                  0.00    0.00    0.00 ^ clkbuf_0_clk/A (sky130_fd_sc_hd__clkbuf_16)
     4    0.05    0.07    0.13    0.13 ^ clkbuf_0_clk/X (sky130_fd_sc_hd__clkbuf_16)
                                         clknet_0_clk (net)
                  0.07    0.00    0.13 ^ clkbuf_2_2__f_clk/A (sky130_fd_sc_hd__clkbuf_16)
     7    0.03    0.05    0.14    0.28 ^ clkbuf_2_2__f_clk/X (sky130_fd_sc_hd__clkbuf_16)
                                         clknet_2_2__leaf_clk (net)
                  0.05    0.00    0.28 ^ _355_/CLK (sky130_fd_sc_hd__dfrtp_4)
     4    0.04    0.15    0.49    0.77 ^ _355_/Q (sky130_fd_sc_hd__dfrtp_4)
                                         one_second_counter[25] (net)
                  0.15    0.01    0.77 ^ _280_/A (sky130_fd_sc_hd__nand2_1)
     1    0.02    0.14    0.15    0.93 v _280_/Y (sky130_fd_sc_hd__nand2_1)
                                         _152_ (net)
                  0.14    0.00    0.93 v _281_/C (sky130_fd_sc_hd__and3_1)
     1    0.01    0.06    0.25    1.18 v _281_/X (sky130_fd_sc_hd__and3_1)
                                         _153_ (net)
                  0.06    0.00    1.18 v _282_/A (sky130_fd_sc_hd__clkbuf_1)
     1    0.01    0.07    0.13    1.31 v _282_/X (sky130_fd_sc_hd__clkbuf_1)
                                         _017_ (net)
                  0.07    0.00    1.31 v _355_/D (sky130_fd_sc_hd__dfrtp_4)
                                  1.31   data arrival time

                          0.00    0.00   clock core_clock (rise edge)
                          0.00    0.00   clock source latency
     1    0.02    0.00    0.00    0.00 ^ clk (in)
                                         clk (net)
                  0.00    0.00    0.00 ^ clkbuf_0_clk/A (sky130_fd_sc_hd__clkbuf_16)
     4    0.05    0.07    0.13    0.13 ^ clkbuf_0_clk/X (sky130_fd_sc_hd__clkbuf_16)
                                         clknet_0_clk (net)
                  0.07    0.00    0.13 ^ clkbuf_2_2__f_clk/A (sky130_fd_sc_hd__clkbuf_16)
     7    0.03    0.05    0.14    0.28 ^ clkbuf_2_2__f_clk/X (sky130_fd_sc_hd__clkbuf_16)
                                         clknet_2_2__leaf_clk (net)
                  0.05    0.00    0.28 ^ _355_/CLK (sky130_fd_sc_hd__dfrtp_4)
                          0.00    0.28   clock reconvergence pessimism
                         -0.05    0.23   library hold time
                                  0.23   data required time
-----------------------------------------------------------------------------
                                  0.23   data required time
                                 -1.31   data arrival time
-----------------------------------------------------------------------------
                                  1.09   slack (MET)


Startpoint: _340_ (rising edge-triggered flip-flop clocked by core_clock)
Endpoint: _340_ (rising edge-triggered flip-flop clocked by core_clock)
Path Group: core_clock
Path Type: min
Corner: Typical

Fanout     Cap    Slew   Delay    Time   Description
-----------------------------------------------------------------------------
                          0.00    0.00   clock core_clock (rise edge)
                          0.00    0.00   clock source latency
     1    0.02    0.00    0.00    0.00 ^ clk (in)
                                         clk (net)
                  0.00    0.00    0.00 ^ clkbuf_0_clk/A (sky130_fd_sc_hd__clkbuf_16)
     4    0.05    0.07    0.13    0.13 ^ clkbuf_0_clk/X (sky130_fd_sc_hd__clkbuf_16)
                                         clknet_0_clk (net)
                  0.07    0.00    0.13 ^ clkbuf_2_2__f_clk/A (sky130_fd_sc_hd__clkbuf_16)
     7    0.03    0.05    0.14    0.28 ^ clkbuf_2_2__f_clk/X (sky130_fd_sc_hd__clkbuf_16)
                                         clknet_2_2__leaf_clk (net)
                  0.05    0.00    0.28 ^ _340_/CLK (sky130_fd_sc_hd__dfrtp_4)
     6    0.04    0.15    0.49    0.77 ^ _340_/Q (sky130_fd_sc_hd__dfrtp_4)
                                         one_second_counter[10] (net)
                  0.15    0.01    0.77 ^ _224_/A (sky130_fd_sc_hd__nand2_1)
     1    0.02    0.16    0.18    0.95 v _224_/Y (sky130_fd_sc_hd__nand2_1)
                                         _111_ (net)
                  0.16    0.00    0.95 v _225_/C (sky130_fd_sc_hd__and3_1)
     1    0.01    0.06    0.25    1.20 v _225_/X (sky130_fd_sc_hd__and3_1)
                                         _112_ (net)
                  0.06    0.00    1.20 v _226_/A (sky130_fd_sc_hd__clkbuf_1)
     1    0.01    0.06    0.12    1.32 v _226_/X (sky130_fd_sc_hd__clkbuf_1)
                                         _001_ (net)
                  0.06    0.00    1.32 v _340_/D (sky130_fd_sc_hd__dfrtp_4)
                                  1.32   data arrival time

                          0.00    0.00   clock core_clock (rise edge)
                          0.00    0.00   clock source latency
     1    0.02    0.00    0.00    0.00 ^ clk (in)
                                         clk (net)
                  0.00    0.00    0.00 ^ clkbuf_0_clk/A (sky130_fd_sc_hd__clkbuf_16)
     4    0.05    0.07    0.13    0.13 ^ clkbuf_0_clk/X (sky130_fd_sc_hd__clkbuf_16)
                                         clknet_0_clk (net)
                  0.07    0.00    0.13 ^ clkbuf_2_2__f_clk/A (sky130_fd_sc_hd__clkbuf_16)
     7    0.03    0.05    0.14    0.28 ^ clkbuf_2_2__f_clk/X (sky130_fd_sc_hd__clkbuf_16)
                                         clknet_2_2__leaf_clk (net)
                  0.05    0.00    0.28 ^ _340_/CLK (sky130_fd_sc_hd__dfrtp_4)
                          0.00    0.28   clock reconvergence pessimism
                         -0.05    0.23   library hold time
                                  0.23   data required time
-----------------------------------------------------------------------------
                                  0.23   data required time
                                 -1.32   data arrival time
-----------------------------------------------------------------------------
                                  1.09   slack (MET)


Startpoint: _350_ (rising edge-triggered flip-flop clocked by core_clock)
Endpoint: _350_ (rising edge-triggered flip-flop clocked by core_clock)
Path Group: core_clock
Path Type: min
Corner: Typical

Fanout     Cap    Slew   Delay    Time   Description
-----------------------------------------------------------------------------
                          0.00    0.00   clock core_clock (rise edge)
                          0.00    0.00   clock source latency
     1    0.02    0.00    0.00    0.00 ^ clk (in)
                                         clk (net)
                  0.00    0.00    0.00 ^ clkbuf_0_clk/A (sky130_fd_sc_hd__clkbuf_16)
     4    0.05    0.07    0.13    0.13 ^ clkbuf_0_clk/X (sky130_fd_sc_hd__clkbuf_16)
                                         clknet_0_clk (net)
                  0.07    0.00    0.13 ^ clkbuf_2_1__f_clk/A (sky130_fd_sc_hd__clkbuf_16)
    10    0.03    0.05    0.15    0.28 ^ clkbuf_2_1__f_clk/X (sky130_fd_sc_hd__clkbuf_16)
                                         clknet_2_1__leaf_clk (net)
                  0.05    0.00    0.28 ^ _350_/CLK (sky130_fd_sc_hd__dfrtp_1)
     4    0.03    0.25    0.47    0.75 ^ _350_/Q (sky130_fd_sc_hd__dfrtp_1)
                                         one_second_counter[20] (net)
                  0.25    0.00    0.75 ^ _263_/A (sky130_fd_sc_hd__nand2_1)
     2    0.02    0.15    0.19    0.94 v _263_/Y (sky130_fd_sc_hd__nand2_1)
                                         _140_ (net)
                  0.15    0.00    0.95 v _264_/C (sky130_fd_sc_hd__and3_1)
     1    0.01    0.04    0.23    1.18 v _264_/X (sky130_fd_sc_hd__and3_1)
                                         _141_ (net)
                  0.04    0.00    1.18 v _265_/A (sky130_fd_sc_hd__clkbuf_1)
     1    0.02    0.10    0.15    1.33 v _265_/X (sky130_fd_sc_hd__clkbuf_1)
                                         _012_ (net)
                  0.10    0.00    1.33 v _350_/D (sky130_fd_sc_hd__dfrtp_1)
                                  1.33   data arrival time

                          0.00    0.00   clock core_clock (rise edge)
                          0.00    0.00   clock source latency
     1    0.02    0.00    0.00    0.00 ^ clk (in)
                                         clk (net)
                  0.00    0.00    0.00 ^ clkbuf_0_clk/A (sky130_fd_sc_hd__clkbuf_16)
     4    0.05    0.07    0.13    0.13 ^ clkbuf_0_clk/X (sky130_fd_sc_hd__clkbuf_16)
                                         clknet_0_clk (net)
                  0.07    0.00    0.13 ^ clkbuf_2_1__f_clk/A (sky130_fd_sc_hd__clkbuf_16)
    10    0.03    0.05    0.15    0.28 ^ clkbuf_2_1__f_clk/X (sky130_fd_sc_hd__clkbuf_16)
                                         clknet_2_1__leaf_clk (net)
                  0.05    0.00    0.28 ^ _350_/CLK (sky130_fd_sc_hd__dfrtp_1)
                          0.00    0.28   clock reconvergence pessimism
                         -0.07    0.21   library hold time
                                  0.21   data required time
-----------------------------------------------------------------------------
                                  0.21   data required time
                                 -1.33   data arrival time
-----------------------------------------------------------------------------
                                  1.12   slack (MET)


Startpoint: _338_ (rising edge-triggered flip-flop clocked by core_clock)
Endpoint: _338_ (rising edge-triggered flip-flop clocked by core_clock)
Path Group: core_clock
Path Type: min
Corner: Typical

Fanout     Cap    Slew   Delay    Time   Description
-----------------------------------------------------------------------------
                          0.00    0.00   clock core_clock (rise edge)
                          0.00    0.00   clock source latency
     1    0.02    0.00    0.00    0.00 ^ clk (in)
                                         clk (net)
                  0.00    0.00    0.00 ^ clkbuf_0_clk/A (sky130_fd_sc_hd__clkbuf_16)
     4    0.05    0.07    0.13    0.13 ^ clkbuf_0_clk/X (sky130_fd_sc_hd__clkbuf_16)
                                         clknet_0_clk (net)
                  0.07    0.00    0.13 ^ clkbuf_2_3__f_clk/A (sky130_fd_sc_hd__clkbuf_16)
     9    0.03    0.05    0.14    0.28 ^ clkbuf_2_3__f_clk/X (sky130_fd_sc_hd__clkbuf_16)
                                         clknet_2_3__leaf_clk (net)
                  0.05    0.00    0.28 ^ _338_/CLK (sky130_fd_sc_hd__dfrtp_4)
     5    0.04    0.14    0.48    0.76 ^ _338_/Q (sky130_fd_sc_hd__dfrtp_4)
                                         one_second_counter[8] (net)
                  0.14    0.00    0.76 ^ _217_/A (sky130_fd_sc_hd__nand2_1)
     1    0.02    0.13    0.15    0.91 v _217_/Y (sky130_fd_sc_hd__nand2_1)
                                         _106_ (net)
                  0.13    0.00    0.91 v _218_/C (sky130_fd_sc_hd__and3_1)
     1    0.01    0.06    0.25    1.16 v _218_/X (sky130_fd_sc_hd__and3_1)
                                         _107_ (net)
                  0.06    0.00    1.16 v _219_/A (sky130_fd_sc_hd__buf_1)
     1    0.02    0.12    0.17    1.33 v _219_/X (sky130_fd_sc_hd__buf_1)
                                         _025_ (net)
                  0.12    0.00    1.33 v _338_/D (sky130_fd_sc_hd__dfrtp_4)
                                  1.33   data arrival time

                          0.00    0.00   clock core_clock (rise edge)
                          0.00    0.00   clock source latency
     1    0.02    0.00    0.00    0.00 ^ clk (in)
                                         clk (net)
                  0.00    0.00    0.00 ^ clkbuf_0_clk/A (sky130_fd_sc_hd__clkbuf_16)
     4    0.05    0.07    0.13    0.13 ^ clkbuf_0_clk/X (sky130_fd_sc_hd__clkbuf_16)
                                         clknet_0_clk (net)
                  0.07    0.00    0.13 ^ clkbuf_2_3__f_clk/A (sky130_fd_sc_hd__clkbuf_16)
     9    0.03    0.05    0.14    0.28 ^ clkbuf_2_3__f_clk/X (sky130_fd_sc_hd__clkbuf_16)
                                         clknet_2_3__leaf_clk (net)
                  0.05    0.00    0.28 ^ _338_/CLK (sky130_fd_sc_hd__dfrtp_4)
                          0.00    0.28   clock reconvergence pessimism
                         -0.07    0.21   library hold time
                                  0.21   data required time
-----------------------------------------------------------------------------
                                  0.21   data required time
                                 -1.33   data arrival time
-----------------------------------------------------------------------------
                                  1.12   slack (MET)


Startpoint: _346_ (rising edge-triggered flip-flop clocked by core_clock)
Endpoint: _346_ (rising edge-triggered flip-flop clocked by core_clock)
Path Group: core_clock
Path Type: min
Corner: Typical

Fanout     Cap    Slew   Delay    Time   Description
-----------------------------------------------------------------------------
                          0.00    0.00   clock core_clock (rise edge)
                          0.00    0.00   clock source latency
     1    0.02    0.00    0.00    0.00 ^ clk (in)
                                         clk (net)
                  0.00    0.00    0.00 ^ clkbuf_0_clk/A (sky130_fd_sc_hd__clkbuf_16)
     4    0.05    0.07    0.13    0.13 ^ clkbuf_0_clk/X (sky130_fd_sc_hd__clkbuf_16)
                                         clknet_0_clk (net)
                  0.07    0.00    0.13 ^ clkbuf_2_3__f_clk/A (sky130_fd_sc_hd__clkbuf_16)
     9    0.03    0.05    0.14    0.28 ^ clkbuf_2_3__f_clk/X (sky130_fd_sc_hd__clkbuf_16)
                                         clknet_2_3__leaf_clk (net)
                  0.05    0.00    0.28 ^ _346_/CLK (sky130_fd_sc_hd__dfrtp_4)
     6    0.05    0.16    0.50    0.78 ^ _346_/Q (sky130_fd_sc_hd__dfrtp_4)
                                         one_second_counter[16] (net)
                  0.16    0.00    0.78 ^ _248_/A (sky130_fd_sc_hd__nand2_2)
     3    0.03    0.15    0.16    0.94 v _248_/Y (sky130_fd_sc_hd__nand2_2)
                                         _129_ (net)
                  0.15    0.00    0.94 v _249_/C (sky130_fd_sc_hd__and3_1)
     1    0.02    0.12    0.31    1.25 v _249_/X (sky130_fd_sc_hd__and3_1)
                                         _130_ (net)
                  0.12    0.00    1.25 v _250_/A (sky130_fd_sc_hd__clkbuf_1)
     1    0.01    0.05    0.14    1.39 v _250_/X (sky130_fd_sc_hd__clkbuf_1)
                                         _007_ (net)
                  0.05    0.00    1.40 v _346_/D (sky130_fd_sc_hd__dfrtp_4)
                                  1.40   data arrival time

                          0.00    0.00   clock core_clock (rise edge)
                          0.00    0.00   clock source latency
     1    0.02    0.00    0.00    0.00 ^ clk (in)
                                         clk (net)
                  0.00    0.00    0.00 ^ clkbuf_0_clk/A (sky130_fd_sc_hd__clkbuf_16)
     4    0.05    0.07    0.13    0.13 ^ clkbuf_0_clk/X (sky130_fd_sc_hd__clkbuf_16)
                                         clknet_0_clk (net)
                  0.07    0.00    0.13 ^ clkbuf_2_3__f_clk/A (sky130_fd_sc_hd__clkbuf_16)
     9    0.03    0.05    0.14    0.28 ^ clkbuf_2_3__f_clk/X (sky130_fd_sc_hd__clkbuf_16)
                                         clknet_2_3__leaf_clk (net)
                  0.05    0.00    0.28 ^ _346_/CLK (sky130_fd_sc_hd__dfrtp_4)
                          0.00    0.28   clock reconvergence pessimism
                         -0.04    0.24   library hold time
                                  0.24   data required time
-----------------------------------------------------------------------------
                                  0.24   data required time
                                 -1.40   data arrival time
-----------------------------------------------------------------------------
                                  1.16   slack (MET)


Startpoint: _334_ (rising edge-triggered flip-flop clocked by core_clock)
Endpoint: _334_ (rising edge-triggered flip-flop clocked by core_clock)
Path Group: core_clock
Path Type: min
Corner: Typical

Fanout     Cap    Slew   Delay    Time   Description
-----------------------------------------------------------------------------
                          0.00    0.00   clock core_clock (rise edge)
                          0.00    0.00   clock source latency
     1    0.02    0.00    0.00    0.00 ^ clk (in)
                                         clk (net)
                  0.00    0.00    0.00 ^ clkbuf_0_clk/A (sky130_fd_sc_hd__clkbuf_16)
     4    0.05    0.07    0.13    0.13 ^ clkbuf_0_clk/X (sky130_fd_sc_hd__clkbuf_16)
                                         clknet_0_clk (net)
                  0.07    0.00    0.13 ^ clkbuf_2_0__f_clk/A (sky130_fd_sc_hd__clkbuf_16)
     9    0.04    0.06    0.15    0.28 ^ clkbuf_2_0__f_clk/X (sky130_fd_sc_hd__clkbuf_16)
                                         clknet_2_0__leaf_clk (net)
                  0.06    0.00    0.28 ^ _334_/CLK (sky130_fd_sc_hd__dfrtp_4)
     5    0.05    0.16    0.50    0.78 ^ _334_/Q (sky130_fd_sc_hd__dfrtp_4)
                                         one_second_counter[4] (net)
                  0.16    0.00    0.78 ^ _203_/A (sky130_fd_sc_hd__nand2_1)
     1    0.01    0.08    0.11    0.90 v _203_/Y (sky130_fd_sc_hd__nand2_1)
                                         _096_ (net)
                  0.08    0.00    0.90 v _205_/B (sky130_fd_sc_hd__and3_1)
     1    0.03    0.14    0.27    1.17 v _205_/X (sky130_fd_sc_hd__and3_1)
                                         _098_ (net)
                  0.14    0.00    1.17 v _206_/A (sky130_fd_sc_hd__buf_1)
     1    0.02    0.12    0.20    1.38 v _206_/X (sky130_fd_sc_hd__buf_1)
                                         _021_ (net)
                  0.12    0.00    1.38 v _334_/D (sky130_fd_sc_hd__dfrtp_4)
                                  1.38   data arrival time

                          0.00    0.00   clock core_clock (rise edge)
                          0.00    0.00   clock source latency
     1    0.02    0.00    0.00    0.00 ^ clk (in)
                                         clk (net)
                  0.00    0.00    0.00 ^ clkbuf_0_clk/A (sky130_fd_sc_hd__clkbuf_16)
     4    0.05    0.07    0.13    0.13 ^ clkbuf_0_clk/X (sky130_fd_sc_hd__clkbuf_16)
                                         clknet_0_clk (net)
                  0.07    0.00    0.13 ^ clkbuf_2_0__f_clk/A (sky130_fd_sc_hd__clkbuf_16)
     9    0.04    0.06    0.15    0.28 ^ clkbuf_2_0__f_clk/X (sky130_fd_sc_hd__clkbuf_16)
                                         clknet_2_0__leaf_clk (net)
                  0.06    0.00    0.28 ^ _334_/CLK (sky130_fd_sc_hd__dfrtp_4)
                          0.00    0.28   clock reconvergence pessimism
                         -0.07    0.21   library hold time
                                  0.21   data required time
-----------------------------------------------------------------------------
                                  0.21   data required time
                                 -1.38   data arrival time
-----------------------------------------------------------------------------
                                  1.16   slack (MET)


Startpoint: _349_ (rising edge-triggered flip-flop clocked by core_clock)
Endpoint: _349_ (rising edge-triggered flip-flop clocked by core_clock)
Path Group: core_clock
Path Type: min
Corner: Typical

Fanout     Cap    Slew   Delay    Time   Description
-----------------------------------------------------------------------------
                          0.00    0.00   clock core_clock (rise edge)
                          0.00    0.00   clock source latency
     1    0.02    0.00    0.00    0.00 ^ clk (in)
                                         clk (net)
                  0.00    0.00    0.00 ^ clkbuf_0_clk/A (sky130_fd_sc_hd__clkbuf_16)
     4    0.05    0.07    0.13    0.13 ^ clkbuf_0_clk/X (sky130_fd_sc_hd__clkbuf_16)
                                         clknet_0_clk (net)
                  0.07    0.00    0.13 ^ clkbuf_2_0__f_clk/A (sky130_fd_sc_hd__clkbuf_16)
     9    0.04    0.06    0.15    0.28 ^ clkbuf_2_0__f_clk/X (sky130_fd_sc_hd__clkbuf_16)
                                         clknet_2_0__leaf_clk (net)
                  0.06    0.00    0.28 ^ _349_/CLK (sky130_fd_sc_hd__dfrtp_4)
     4    0.04    0.14    0.48    0.77 ^ _349_/Q (sky130_fd_sc_hd__dfrtp_4)
                                         one_second_counter[19] (net)
                  0.14    0.00    0.77 ^ _256_/B1 (sky130_fd_sc_hd__a41o_1)
     1    0.02    0.17    0.21    0.98 ^ _256_/X (sky130_fd_sc_hd__a41o_1)
                                         _134_ (net)
                  0.17    0.00    0.98 ^ _260_/B (sky130_fd_sc_hd__and3_1)
     1    0.01    0.14    0.25    1.23 ^ _260_/X (sky130_fd_sc_hd__and3_1)
                                         _138_ (net)
                  0.14    0.00    1.23 ^ _261_/A (sky130_fd_sc_hd__buf_1)
     1    0.01    0.14    0.18    1.41 ^ _261_/X (sky130_fd_sc_hd__buf_1)
                                         _010_ (net)
                  0.14    0.00    1.41 ^ _349_/D (sky130_fd_sc_hd__dfrtp_4)
                                  1.41   data arrival time

                          0.00    0.00   clock core_clock (rise edge)
                          0.00    0.00   clock source latency
     1    0.02    0.00    0.00    0.00 ^ clk (in)
                                         clk (net)
                  0.00    0.00    0.00 ^ clkbuf_0_clk/A (sky130_fd_sc_hd__clkbuf_16)
     4    0.05    0.07    0.13    0.13 ^ clkbuf_0_clk/X (sky130_fd_sc_hd__clkbuf_16)
                                         clknet_0_clk (net)
                  0.07    0.00    0.13 ^ clkbuf_2_0__f_clk/A (sky130_fd_sc_hd__clkbuf_16)
     9    0.04    0.06    0.15    0.28 ^ clkbuf_2_0__f_clk/X (sky130_fd_sc_hd__clkbuf_16)
                                         clknet_2_0__leaf_clk (net)
                  0.06    0.00    0.28 ^ _349_/CLK (sky130_fd_sc_hd__dfrtp_4)
                          0.00    0.28   clock reconvergence pessimism
                         -0.05    0.23   library hold time
                                  0.23   data required time
-----------------------------------------------------------------------------
                                  0.23   data required time
                                 -1.41   data arrival time
-----------------------------------------------------------------------------
                                  1.18   slack (MET)


Startpoint: _333_ (rising edge-triggered flip-flop clocked by core_clock)
Endpoint: _333_ (rising edge-triggered flip-flop clocked by core_clock)
Path Group: core_clock
Path Type: min
Corner: Typical

Fanout     Cap    Slew   Delay    Time   Description
-----------------------------------------------------------------------------
                          0.00    0.00   clock core_clock (rise edge)
                          0.00    0.00   clock source latency
     1    0.02    0.00    0.00    0.00 ^ clk (in)
                                         clk (net)
                  0.00    0.00    0.00 ^ clkbuf_0_clk/A (sky130_fd_sc_hd__clkbuf_16)
     4    0.05    0.07    0.13    0.13 ^ clkbuf_0_clk/X (sky130_fd_sc_hd__clkbuf_16)
                                         clknet_0_clk (net)
                  0.07    0.00    0.13 ^ clkbuf_2_3__f_clk/A (sky130_fd_sc_hd__clkbuf_16)
     9    0.03    0.05    0.14    0.28 ^ clkbuf_2_3__f_clk/X (sky130_fd_sc_hd__clkbuf_16)
                                         clknet_2_3__leaf_clk (net)
                  0.05    0.00    0.28 ^ _333_/CLK (sky130_fd_sc_hd__dfrtp_2)
     3    0.04    0.18    0.46    0.74 ^ _333_/Q (sky130_fd_sc_hd__dfrtp_2)
                                         one_second_counter[3] (net)
                  0.18    0.00    0.74 ^ _199_/B1 (sky130_fd_sc_hd__a31o_1)
     1    0.02    0.20    0.24    0.98 ^ _199_/X (sky130_fd_sc_hd__a31o_1)
                                         _093_ (net)
                  0.20    0.00    0.98 ^ _200_/C (sky130_fd_sc_hd__and3b_1)
     1    0.01    0.08    0.21    1.19 ^ _200_/X (sky130_fd_sc_hd__and3b_1)
                                         _094_ (net)
                  0.08    0.00    1.19 ^ _201_/A (sky130_fd_sc_hd__buf_1)
     1    0.02    0.21    0.21    1.40 ^ _201_/X (sky130_fd_sc_hd__buf_1)
                                         _020_ (net)
                  0.21    0.00    1.40 ^ _333_/D (sky130_fd_sc_hd__dfrtp_2)
                                  1.40   data arrival time

                          0.00    0.00   clock core_clock (rise edge)
                          0.00    0.00   clock source latency
     1    0.02    0.00    0.00    0.00 ^ clk (in)
                                         clk (net)
                  0.00    0.00    0.00 ^ clkbuf_0_clk/A (sky130_fd_sc_hd__clkbuf_16)
     4    0.05    0.07    0.13    0.13 ^ clkbuf_0_clk/X (sky130_fd_sc_hd__clkbuf_16)
                                         clknet_0_clk (net)
                  0.07    0.00    0.13 ^ clkbuf_2_3__f_clk/A (sky130_fd_sc_hd__clkbuf_16)
     9    0.03    0.05    0.14    0.28 ^ clkbuf_2_3__f_clk/X (sky130_fd_sc_hd__clkbuf_16)
                                         clknet_2_3__leaf_clk (net)
                  0.05    0.00    0.28 ^ _333_/CLK (sky130_fd_sc_hd__dfrtp_2)
                          0.00    0.28   clock reconvergence pessimism
                         -0.07    0.21   library hold time
                                  0.21   data required time
-----------------------------------------------------------------------------
                                  0.21   data required time
                                 -1.40   data arrival time
-----------------------------------------------------------------------------
                                  1.19   slack (MET)


Startpoint: _331_ (rising edge-triggered flip-flop clocked by core_clock)
Endpoint: _331_ (rising edge-triggered flip-flop clocked by core_clock)
Path Group: core_clock
Path Type: min
Corner: Typical

Fanout     Cap    Slew   Delay    Time   Description
-----------------------------------------------------------------------------
                          0.00    0.00   clock core_clock (rise edge)
                          0.00    0.00   clock source latency
     1    0.02    0.00    0.00    0.00 ^ clk (in)
                                         clk (net)
                  0.00    0.00    0.00 ^ clkbuf_0_clk/A (sky130_fd_sc_hd__clkbuf_16)
     4    0.05    0.07    0.13    0.13 ^ clkbuf_0_clk/X (sky130_fd_sc_hd__clkbuf_16)
                                         clknet_0_clk (net)
                  0.07    0.00    0.13 ^ clkbuf_2_0__f_clk/A (sky130_fd_sc_hd__clkbuf_16)
     9    0.04    0.06    0.15    0.28 ^ clkbuf_2_0__f_clk/X (sky130_fd_sc_hd__clkbuf_16)
                                         clknet_2_0__leaf_clk (net)
                  0.06    0.00    0.28 ^ _331_/CLK (sky130_fd_sc_hd__dfrtp_4)
     6    0.05    0.16    0.50    0.78 ^ _331_/Q (sky130_fd_sc_hd__dfrtp_4)
                                         one_second_counter[1] (net)
                  0.16    0.00    0.79 ^ _191_/A (sky130_fd_sc_hd__nand2_1)
     2    0.02    0.16    0.18    0.96 v _191_/Y (sky130_fd_sc_hd__nand2_1)
                                         _087_ (net)
                  0.16    0.00    0.96 v _193_/A (sky130_fd_sc_hd__and3_1)
     1    0.03    0.13    0.29    1.25 v _193_/X (sky130_fd_sc_hd__and3_1)
                                         _089_ (net)
                  0.13    0.00    1.25 v _194_/A (sky130_fd_sc_hd__buf_1)
     1    0.01    0.08    0.17    1.42 v _194_/X (sky130_fd_sc_hd__buf_1)
                                         _011_ (net)
                  0.08    0.00    1.42 v _331_/D (sky130_fd_sc_hd__dfrtp_4)
                                  1.42   data arrival time

                          0.00    0.00   clock core_clock (rise edge)
                          0.00    0.00   clock source latency
     1    0.02    0.00    0.00    0.00 ^ clk (in)
                                         clk (net)
                  0.00    0.00    0.00 ^ clkbuf_0_clk/A (sky130_fd_sc_hd__clkbuf_16)
     4    0.05    0.07    0.13    0.13 ^ clkbuf_0_clk/X (sky130_fd_sc_hd__clkbuf_16)
                                         clknet_0_clk (net)
                  0.07    0.00    0.13 ^ clkbuf_2_0__f_clk/A (sky130_fd_sc_hd__clkbuf_16)
     9    0.04    0.06    0.15    0.28 ^ clkbuf_2_0__f_clk/X (sky130_fd_sc_hd__clkbuf_16)
                                         clknet_2_0__leaf_clk (net)
                  0.06    0.00    0.28 ^ _331_/CLK (sky130_fd_sc_hd__dfrtp_4)
                          0.00    0.28   clock reconvergence pessimism
                         -0.05    0.23   library hold time
                                  0.23   data required time
-----------------------------------------------------------------------------
                                  0.23   data required time
                                 -1.42   data arrival time
-----------------------------------------------------------------------------
                                  1.19   slack (MET)


Startpoint: _332_ (rising edge-triggered flip-flop clocked by core_clock)
Endpoint: _332_ (rising edge-triggered flip-flop clocked by core_clock)
Path Group: core_clock
Path Type: min
Corner: Typical

Fanout     Cap    Slew   Delay    Time   Description
-----------------------------------------------------------------------------
                          0.00    0.00   clock core_clock (rise edge)
                          0.00    0.00   clock source latency
     1    0.02    0.00    0.00    0.00 ^ clk (in)
                                         clk (net)
                  0.00    0.00    0.00 ^ clkbuf_0_clk/A (sky130_fd_sc_hd__clkbuf_16)
     4    0.05    0.07    0.13    0.13 ^ clkbuf_0_clk/X (sky130_fd_sc_hd__clkbuf_16)
                                         clknet_0_clk (net)
                  0.07    0.00    0.13 ^ clkbuf_2_1__f_clk/A (sky130_fd_sc_hd__clkbuf_16)
    10    0.03    0.05    0.15    0.28 ^ clkbuf_2_1__f_clk/X (sky130_fd_sc_hd__clkbuf_16)
                                         clknet_2_1__leaf_clk (net)
                  0.05    0.00    0.28 ^ _332_/CLK (sky130_fd_sc_hd__dfrtp_4)
     4    0.05    0.16    0.50    0.78 ^ _332_/Q (sky130_fd_sc_hd__dfrtp_4)
                                         one_second_counter[2] (net)
                  0.16    0.00    0.78 ^ _196_/B1 (sky130_fd_sc_hd__a21o_1)
     1    0.01    0.08    0.14    0.92 ^ _196_/X (sky130_fd_sc_hd__a21o_1)
                                         _091_ (net)
                  0.08    0.00    0.92 ^ _197_/C (sky130_fd_sc_hd__and3_1)
     1    0.01    0.10    0.20    1.11 ^ _197_/X (sky130_fd_sc_hd__and3_1)
                                         _092_ (net)
                  0.10    0.00    1.11 ^ _198_/A (sky130_fd_sc_hd__buf_1)
     2    0.03    0.30    0.27    1.39 ^ _198_/X (sky130_fd_sc_hd__buf_1)
                                         _019_ (net)
                  0.30    0.00    1.39 ^ _332_/D (sky130_fd_sc_hd__dfrtp_4)
                                  1.39   data arrival time

                          0.00    0.00   clock core_clock (rise edge)
                          0.00    0.00   clock source latency
     1    0.02    0.00    0.00    0.00 ^ clk (in)
                                         clk (net)
                  0.00    0.00    0.00 ^ clkbuf_0_clk/A (sky130_fd_sc_hd__clkbuf_16)
     4    0.05    0.07    0.13    0.13 ^ clkbuf_0_clk/X (sky130_fd_sc_hd__clkbuf_16)
                                         clknet_0_clk (net)
                  0.07    0.00    0.13 ^ clkbuf_2_1__f_clk/A (sky130_fd_sc_hd__clkbuf_16)
    10    0.03    0.05    0.15    0.28 ^ clkbuf_2_1__f_clk/X (sky130_fd_sc_hd__clkbuf_16)
                                         clknet_2_1__leaf_clk (net)
                  0.05    0.00    0.28 ^ _332_/CLK (sky130_fd_sc_hd__dfrtp_4)
                          0.00    0.28   clock reconvergence pessimism
                         -0.09    0.19   library hold time
                                  0.19   data required time
-----------------------------------------------------------------------------
                                  0.19   data required time
                                 -1.39   data arrival time
-----------------------------------------------------------------------------
                                  1.20   slack (MET)


Startpoint: _344_ (rising edge-triggered flip-flop clocked by core_clock)
Endpoint: _344_ (rising edge-triggered flip-flop clocked by core_clock)
Path Group: core_clock
Path Type: min
Corner: Typical

Fanout     Cap    Slew   Delay    Time   Description
-----------------------------------------------------------------------------
                          0.00    0.00   clock core_clock (rise edge)
                          0.00    0.00   clock source latency
     1    0.02    0.00    0.00    0.00 ^ clk (in)
                                         clk (net)
                  0.00    0.00    0.00 ^ clkbuf_0_clk/A (sky130_fd_sc_hd__clkbuf_16)
     4    0.05    0.07    0.13    0.13 ^ clkbuf_0_clk/X (sky130_fd_sc_hd__clkbuf_16)
                                         clknet_0_clk (net)
                  0.07    0.00    0.13 ^ clkbuf_2_3__f_clk/A (sky130_fd_sc_hd__clkbuf_16)
     9    0.03    0.05    0.14    0.28 ^ clkbuf_2_3__f_clk/X (sky130_fd_sc_hd__clkbuf_16)
                                         clknet_2_3__leaf_clk (net)
                  0.05    0.00    0.28 ^ _344_/CLK (sky130_fd_sc_hd__dfrtp_2)
     3    0.03    0.11    0.47    0.75 v _344_/Q (sky130_fd_sc_hd__dfrtp_2)
                                         one_second_counter[14] (net)
                  0.11    0.00    0.75 v _238_/A (sky130_fd_sc_hd__inv_2)
     2    0.03    0.13    0.15    0.90 ^ _238_/Y (sky130_fd_sc_hd__inv_2)
                                         _121_ (net)
                  0.13    0.00    0.90 ^ _239_/A (sky130_fd_sc_hd__nand2_1)
     1    0.01    0.10    0.12    1.02 v _239_/Y (sky130_fd_sc_hd__nand2_1)
                                         _122_ (net)
                  0.10    0.00    1.02 v _241_/B (sky130_fd_sc_hd__and3_1)
     1    0.02    0.10    0.24    1.27 v _241_/X (sky130_fd_sc_hd__and3_1)
                                         _124_ (net)
                  0.10    0.00    1.27 v _242_/A (sky130_fd_sc_hd__buf_1)
     1    0.02    0.14    0.20    1.47 v _242_/X (sky130_fd_sc_hd__buf_1)
                                         _005_ (net)
                  0.14    0.00    1.47 v _344_/D (sky130_fd_sc_hd__dfrtp_2)
                                  1.47   data arrival time

                          0.00    0.00   clock core_clock (rise edge)
                          0.00    0.00   clock source latency
     1    0.02    0.00    0.00    0.00 ^ clk (in)
                                         clk (net)
                  0.00    0.00    0.00 ^ clkbuf_0_clk/A (sky130_fd_sc_hd__clkbuf_16)
     4    0.05    0.07    0.13    0.13 ^ clkbuf_0_clk/X (sky130_fd_sc_hd__clkbuf_16)
                                         clknet_0_clk (net)
                  0.07    0.00    0.13 ^ clkbuf_2_3__f_clk/A (sky130_fd_sc_hd__clkbuf_16)
     9    0.03    0.05    0.14    0.28 ^ clkbuf_2_3__f_clk/X (sky130_fd_sc_hd__clkbuf_16)
                                         clknet_2_3__leaf_clk (net)
                  0.05    0.00    0.28 ^ _344_/CLK (sky130_fd_sc_hd__dfrtp_2)
                          0.00    0.28   clock reconvergence pessimism
                         -0.08    0.20   library hold time
                                  0.20   data required time
-----------------------------------------------------------------------------
                                  0.20   data required time
                                 -1.47   data arrival time
-----------------------------------------------------------------------------
                                  1.27   slack (MET)


Startpoint: _356_ (rising edge-triggered flip-flop clocked by core_clock)
Endpoint: _357_ (rising edge-triggered flip-flop clocked by core_clock)
Path Group: core_clock
Path Type: min
Corner: Typical

Fanout     Cap    Slew   Delay    Time   Description
-----------------------------------------------------------------------------
                          0.00    0.00   clock core_clock (rise edge)
                          0.00    0.00   clock source latency
     1    0.02    0.00    0.00    0.00 ^ clk (in)
                                         clk (net)
                  0.00    0.00    0.00 ^ clkbuf_0_clk/A (sky130_fd_sc_hd__clkbuf_16)
     4    0.05    0.07    0.13    0.13 ^ clkbuf_0_clk/X (sky130_fd_sc_hd__clkbuf_16)
                                         clknet_0_clk (net)
                  0.07    0.00    0.13 ^ clkbuf_2_0__f_clk/A (sky130_fd_sc_hd__clkbuf_16)
     9    0.04    0.06    0.15    0.28 ^ clkbuf_2_0__f_clk/X (sky130_fd_sc_hd__clkbuf_16)
                                         clknet_2_0__leaf_clk (net)
                  0.06    0.00    0.28 ^ _356_/CLK (sky130_fd_sc_hd__dfrtp_1)
     2    0.02    0.16    0.41    0.69 ^ _356_/Q (sky130_fd_sc_hd__dfrtp_1)
                                         one_second_counter[26] (net)
                  0.16    0.00    0.70 ^ _187_/B1_N (sky130_fd_sc_hd__a21bo_2)
     9    0.05    0.14    0.36    1.05 v _187_/X (sky130_fd_sc_hd__a21bo_2)
                                         _085_ (net)
                  0.14    0.00    1.06 v _188_/A (sky130_fd_sc_hd__inv_2)
     2    0.02    0.12    0.15    1.21 ^ _188_/Y (sky130_fd_sc_hd__inv_2)
                                         _086_ (net)
                  0.12    0.00    1.21 ^ _189_/A (sky130_fd_sc_hd__clkbuf_4)
    10    0.08    0.23    0.30    1.50 ^ _189_/X (sky130_fd_sc_hd__clkbuf_4)
                                         _027_ (net)
                  0.23    0.00    1.51 ^ _357_/D (sky130_fd_sc_hd__dfrtp_4)
                                  1.51   data arrival time

                          0.00    0.00   clock core_clock (rise edge)
                          0.00    0.00   clock source latency
     1    0.02    0.00    0.00    0.00 ^ clk (in)
                                         clk (net)
                  0.00    0.00    0.00 ^ clkbuf_0_clk/A (sky130_fd_sc_hd__clkbuf_16)
     4    0.05    0.07    0.13    0.13 ^ clkbuf_0_clk/X (sky130_fd_sc_hd__clkbuf_16)
                                         clknet_0_clk (net)
                  0.07    0.00    0.13 ^ clkbuf_2_0__f_clk/A (sky130_fd_sc_hd__clkbuf_16)
     9    0.04    0.06    0.15    0.28 ^ clkbuf_2_0__f_clk/X (sky130_fd_sc_hd__clkbuf_16)
                                         clknet_2_0__leaf_clk (net)
                  0.06    0.00    0.28 ^ _357_/CLK (sky130_fd_sc_hd__dfrtp_4)
                          0.00    0.28   clock reconvergence pessimism
                         -0.07    0.21   library hold time
                                  0.21   data required time
-----------------------------------------------------------------------------
                                  0.21   data required time
                                 -1.51   data arrival time
-----------------------------------------------------------------------------
                                  1.30   slack (MET)



worst slack corner Typical: 0.6709
