
===========================================================================
report_checks -path_delay max (Setup)
============================================================================
======================= Fastest Corner ===================================

Startpoint: _330_ (rising edge-triggered flip-flop clocked by core_clock)
Endpoint: _341_ (rising edge-triggered flip-flop clocked by core_clock)
Path Group: core_clock
Path Type: max
Corner: Fastest

Fanout     Cap    Slew   Delay    Time   Description
-----------------------------------------------------------------------------
                          0.00    0.00   clock core_clock (rise edge)
                          0.00    0.00   clock source latency
     1    0.02    0.00    0.00    0.00 ^ clk (in)
                                         clk (net)
                  0.00    0.00    0.00 ^ clkbuf_0_clk/A (sky130_fd_sc_hd__clkbuf_16)
     4    0.05    0.05    0.09    0.09 ^ clkbuf_0_clk/X (sky130_fd_sc_hd__clkbuf_16)
                                         clknet_0_clk (net)
                  0.05    0.00    0.09 ^ clkbuf_2_3__f_clk/A (sky130_fd_sc_hd__clkbuf_16)
     9    0.03    0.04    0.10    0.19 ^ clkbuf_2_3__f_clk/X (sky130_fd_sc_hd__clkbuf_16)
                                         clknet_2_3__leaf_clk (net)
                  0.04    0.00    0.19 ^ _330_/CLK (sky130_fd_sc_hd__dfrtp_4)
     7    0.05    0.09    0.35    0.54 v _330_/Q (sky130_fd_sc_hd__dfrtp_4)
                                         one_second_counter[0] (net)
                  0.09    0.00    0.55 v _177_/D (sky130_fd_sc_hd__and4_4)
     8    0.06    0.08    0.20    0.75 v _177_/X (sky130_fd_sc_hd__and4_4)
                                         _075_ (net)
                  0.08    0.00    0.75 v _179_/A (sky130_fd_sc_hd__and2_2)
     5    0.05    0.09    0.19    0.94 v _179_/X (sky130_fd_sc_hd__and2_2)
                                         _077_ (net)
                  0.09    0.00    0.94 v _184_/A2 (sky130_fd_sc_hd__o31a_1)
     1    0.02    0.07    0.23    1.17 v _184_/X (sky130_fd_sc_hd__o31a_1)
                                         _082_ (net)
                  0.07    0.00    1.17 v _186_/A2 (sky130_fd_sc_hd__o211ai_4)
     2    0.02    0.18    0.17    1.34 ^ _186_/Y (sky130_fd_sc_hd__o211ai_4)
                                         _084_ (net)
                  0.18    0.00    1.34 ^ _187_/A2 (sky130_fd_sc_hd__a21bo_2)
     9    0.06    0.23    0.24    1.59 ^ _187_/X (sky130_fd_sc_hd__a21bo_2)
                                         _085_ (net)
                  0.23    0.00    1.59 ^ _188_/A (sky130_fd_sc_hd__inv_2)
     2    0.02    0.08    0.06    1.65 v _188_/Y (sky130_fd_sc_hd__inv_2)
                                         _086_ (net)
                  0.08    0.00    1.65 v _189_/A (sky130_fd_sc_hd__clkbuf_4)
    10    0.07    0.10    0.18    1.83 v _189_/X (sky130_fd_sc_hd__clkbuf_4)
                                         _027_ (net)
                  0.10    0.00    1.84 v _229_/A (sky130_fd_sc_hd__nor3_1)
     1    0.02    0.39    0.36    2.19 ^ _229_/Y (sky130_fd_sc_hd__nor3_1)
                                         _002_ (net)
                  0.39    0.00    2.19 ^ _341_/D (sky130_fd_sc_hd__dfrtp_2)
                                  2.19   data arrival time

                         10.00   10.00   clock core_clock (rise edge)
                          0.00   10.00   clock source latency
     1    0.02    0.00    0.00   10.00 ^ clk (in)
                                         clk (net)
                  0.00    0.00   10.00 ^ clkbuf_0_clk/A (sky130_fd_sc_hd__clkbuf_16)
     4    0.05    0.05    0.09   10.09 ^ clkbuf_0_clk/X (sky130_fd_sc_hd__clkbuf_16)
                                         clknet_0_clk (net)
                  0.05    0.00   10.09 ^ clkbuf_2_1__f_clk/A (sky130_fd_sc_hd__clkbuf_16)
    10    0.03    0.04    0.10   10.19 ^ clkbuf_2_1__f_clk/X (sky130_fd_sc_hd__clkbuf_16)
                                         clknet_2_1__leaf_clk (net)
                  0.04    0.00   10.20 ^ _341_/CLK (sky130_fd_sc_hd__dfrtp_2)
                          0.00   10.20   clock reconvergence pessimism
                         -0.07   10.12   library setup time
                                 10.12   data required time
-----------------------------------------------------------------------------
                                 10.12   data required time
                                 -2.19   data arrival time
-----------------------------------------------------------------------------
                                  7.93   slack (MET)


Startpoint: _330_ (rising edge-triggered flip-flop clocked by core_clock)
Endpoint: _334_ (rising edge-triggered flip-flop clocked by core_clock)
Path Group: core_clock
Path Type: max
Corner: Fastest

Fanout     Cap    Slew   Delay    Time   Description
-----------------------------------------------------------------------------
                          0.00    0.00   clock core_clock (rise edge)
                          0.00    0.00   clock source latency
     1    0.02    0.00    0.00    0.00 ^ clk (in)
                                         clk (net)
                  0.00    0.00    0.00 ^ clkbuf_0_clk/A (sky130_fd_sc_hd__clkbuf_16)
     4    0.05    0.05    0.09    0.09 ^ clkbuf_0_clk/X (sky130_fd_sc_hd__clkbuf_16)
                                         clknet_0_clk (net)
                  0.05    0.00    0.09 ^ clkbuf_2_3__f_clk/A (sky130_fd_sc_hd__clkbuf_16)
     9    0.03    0.04    0.10    0.19 ^ clkbuf_2_3__f_clk/X (sky130_fd_sc_hd__clkbuf_16)
                                         clknet_2_3__leaf_clk (net)
                  0.04    0.00    0.19 ^ _330_/CLK (sky130_fd_sc_hd__dfrtp_4)
     7    0.05    0.09    0.35    0.54 v _330_/Q (sky130_fd_sc_hd__dfrtp_4)
                                         one_second_counter[0] (net)
                  0.09    0.00    0.55 v _177_/D (sky130_fd_sc_hd__and4_4)
     8    0.06    0.08    0.20    0.75 v _177_/X (sky130_fd_sc_hd__and4_4)
                                         _075_ (net)
                  0.08    0.00    0.75 v _179_/A (sky130_fd_sc_hd__and2_2)
     5    0.05    0.09    0.19    0.94 v _179_/X (sky130_fd_sc_hd__and2_2)
                                         _077_ (net)
                  0.09    0.00    0.94 v _184_/A2 (sky130_fd_sc_hd__o31a_1)
     1    0.02    0.07    0.23    1.17 v _184_/X (sky130_fd_sc_hd__o31a_1)
                                         _082_ (net)
                  0.07    0.00    1.17 v _186_/A2 (sky130_fd_sc_hd__o211ai_4)
     2    0.02    0.18    0.17    1.34 ^ _186_/Y (sky130_fd_sc_hd__o211ai_4)
                                         _084_ (net)
                  0.18    0.00    1.34 ^ _187_/A2 (sky130_fd_sc_hd__a21bo_2)
     9    0.06    0.23    0.24    1.59 ^ _187_/X (sky130_fd_sc_hd__a21bo_2)
                                         _085_ (net)
                  0.23    0.00    1.59 ^ _202_/A (sky130_fd_sc_hd__buf_2)
    10    0.05    0.19    0.21    1.80 ^ _202_/X (sky130_fd_sc_hd__buf_2)
                                         _095_ (net)
                  0.19    0.00    1.81 ^ _205_/A (sky130_fd_sc_hd__and3_1)
     1    0.03    0.21    0.23    2.04 ^ _205_/X (sky130_fd_sc_hd__and3_1)
                                         _098_ (net)
                  0.21    0.00    2.04 ^ _206_/A (sky130_fd_sc_hd__buf_1)
     1    0.02    0.18    0.16    2.21 ^ _206_/X (sky130_fd_sc_hd__buf_1)
                                         _021_ (net)
                  0.18    0.00    2.21 ^ _334_/D (sky130_fd_sc_hd__dfrtp_4)
                                  2.21   data arrival time

                         10.00   10.00   clock core_clock (rise edge)
                          0.00   10.00   clock source latency
     1    0.02    0.00    0.00   10.00 ^ clk (in)
                                         clk (net)
                  0.00    0.00   10.00 ^ clkbuf_0_clk/A (sky130_fd_sc_hd__clkbuf_16)
     4    0.05    0.05    0.09   10.09 ^ clkbuf_0_clk/X (sky130_fd_sc_hd__clkbuf_16)
                                         clknet_0_clk (net)
                  0.05    0.00   10.09 ^ clkbuf_2_0__f_clk/A (sky130_fd_sc_hd__clkbuf_16)
     9    0.04    0.04    0.10   10.20 ^ clkbuf_2_0__f_clk/X (sky130_fd_sc_hd__clkbuf_16)
                                         clknet_2_0__leaf_clk (net)
                  0.04    0.00   10.20 ^ _334_/CLK (sky130_fd_sc_hd__dfrtp_4)
                          0.00   10.20   clock reconvergence pessimism
                         -0.05   10.15   library setup time
                                 10.15   data required time
-----------------------------------------------------------------------------
                                 10.15   data required time
                                 -2.21   data arrival time
-----------------------------------------------------------------------------
                                  7.94   slack (MET)


Startpoint: _330_ (rising edge-triggered flip-flop clocked by core_clock)
Endpoint: _354_ (rising edge-triggered flip-flop clocked by core_clock)
Path Group: core_clock
Path Type: max
Corner: Fastest

Fanout     Cap    Slew   Delay    Time   Description
-----------------------------------------------------------------------------
                          0.00    0.00   clock core_clock (rise edge)
                          0.00    0.00   clock source latency
     1    0.02    0.00    0.00    0.00 ^ clk (in)
                                         clk (net)
                  0.00    0.00    0.00 ^ clkbuf_0_clk/A (sky130_fd_sc_hd__clkbuf_16)
     4    0.05    0.05    0.09    0.09 ^ clkbuf_0_clk/X (sky130_fd_sc_hd__clkbuf_16)
                                         clknet_0_clk (net)
                  0.05    0.00    0.09 ^ clkbuf_2_3__f_clk/A (sky130_fd_sc_hd__clkbuf_16)
     9    0.03    0.04    0.10    0.19 ^ clkbuf_2_3__f_clk/X (sky130_fd_sc_hd__clkbuf_16)
                                         clknet_2_3__leaf_clk (net)
                  0.04    0.00    0.19 ^ _330_/CLK (sky130_fd_sc_hd__dfrtp_4)
     7    0.05    0.09    0.35    0.54 v _330_/Q (sky130_fd_sc_hd__dfrtp_4)
                                         one_second_counter[0] (net)
                  0.09    0.00    0.55 v _177_/D (sky130_fd_sc_hd__and4_4)
     8    0.06    0.08    0.20    0.75 v _177_/X (sky130_fd_sc_hd__and4_4)
                                         _075_ (net)
                  0.08    0.00    0.75 v _179_/A (sky130_fd_sc_hd__and2_2)
     5    0.05    0.09    0.19    0.94 v _179_/X (sky130_fd_sc_hd__and2_2)
                                         _077_ (net)
                  0.09    0.00    0.94 v _184_/A2 (sky130_fd_sc_hd__o31a_1)
     1    0.02    0.07    0.23    1.17 v _184_/X (sky130_fd_sc_hd__o31a_1)
                                         _082_ (net)
                  0.07    0.00    1.17 v _186_/A2 (sky130_fd_sc_hd__o211ai_4)
     2    0.02    0.18    0.17    1.34 ^ _186_/Y (sky130_fd_sc_hd__o211ai_4)
                                         _084_ (net)
                  0.18    0.00    1.34 ^ _187_/A2 (sky130_fd_sc_hd__a21bo_2)
     9    0.06    0.23    0.24    1.59 ^ _187_/X (sky130_fd_sc_hd__a21bo_2)
                                         _085_ (net)
                  0.23    0.00    1.59 ^ _188_/A (sky130_fd_sc_hd__inv_2)
     2    0.02    0.08    0.06    1.65 v _188_/Y (sky130_fd_sc_hd__inv_2)
                                         _086_ (net)
                  0.08    0.00    1.65 v _189_/A (sky130_fd_sc_hd__clkbuf_4)
    10    0.07    0.10    0.18    1.83 v _189_/X (sky130_fd_sc_hd__clkbuf_4)
                                         _027_ (net)
                  0.10    0.00    1.84 v _278_/A (sky130_fd_sc_hd__nor3_1)
     1    0.02    0.38    0.35    2.18 ^ _278_/Y (sky130_fd_sc_hd__nor3_1)
                                         _016_ (net)
                  0.38    0.00    2.18 ^ _354_/D (sky130_fd_sc_hd__dfrtp_4)
                                  2.18   data arrival time

                         10.00   10.00   clock core_clock (rise edge)
                          0.00   10.00   clock source latency
     1    0.02    0.00    0.00   10.00 ^ clk (in)
                                         clk (net)
                  0.00    0.00   10.00 ^ clkbuf_0_clk/A (sky130_fd_sc_hd__clkbuf_16)
     4    0.05    0.05    0.09   10.09 ^ clkbuf_0_clk/X (sky130_fd_sc_hd__clkbuf_16)
                                         clknet_0_clk (net)
                  0.05    0.00   10.09 ^ clkbuf_2_0__f_clk/A (sky130_fd_sc_hd__clkbuf_16)
     9    0.04    0.04    0.10   10.20 ^ clkbuf_2_0__f_clk/X (sky130_fd_sc_hd__clkbuf_16)
                                         clknet_2_0__leaf_clk (net)
                  0.04    0.00   10.20 ^ _354_/CLK (sky130_fd_sc_hd__dfrtp_4)
                          0.00   10.20   clock reconvergence pessimism
                         -0.07   10.13   library setup time
                                 10.13   data required time
-----------------------------------------------------------------------------
                                 10.13   data required time
                                 -2.18   data arrival time
-----------------------------------------------------------------------------
                                  7.94   slack (MET)


Startpoint: _330_ (rising edge-triggered flip-flop clocked by core_clock)
Endpoint: _344_ (rising edge-triggered flip-flop clocked by core_clock)
Path Group: core_clock
Path Type: max
Corner: Fastest

Fanout     Cap    Slew   Delay    Time   Description
-----------------------------------------------------------------------------
                          0.00    0.00   clock core_clock (rise edge)
                          0.00    0.00   clock source latency
     1    0.02    0.00    0.00    0.00 ^ clk (in)
                                         clk (net)
                  0.00    0.00    0.00 ^ clkbuf_0_clk/A (sky130_fd_sc_hd__clkbuf_16)
     4    0.05    0.05    0.09    0.09 ^ clkbuf_0_clk/X (sky130_fd_sc_hd__clkbuf_16)
                                         clknet_0_clk (net)
                  0.05    0.00    0.09 ^ clkbuf_2_3__f_clk/A (sky130_fd_sc_hd__clkbuf_16)
     9    0.03    0.04    0.10    0.19 ^ clkbuf_2_3__f_clk/X (sky130_fd_sc_hd__clkbuf_16)
                                         clknet_2_3__leaf_clk (net)
                  0.04    0.00    0.19 ^ _330_/CLK (sky130_fd_sc_hd__dfrtp_4)
     7    0.05    0.09    0.35    0.54 v _330_/Q (sky130_fd_sc_hd__dfrtp_4)
                                         one_second_counter[0] (net)
                  0.09    0.00    0.55 v _177_/D (sky130_fd_sc_hd__and4_4)
     8    0.06    0.08    0.20    0.75 v _177_/X (sky130_fd_sc_hd__and4_4)
                                         _075_ (net)
                  0.08    0.00    0.75 v _179_/A (sky130_fd_sc_hd__and2_2)
     5    0.05    0.09    0.19    0.94 v _179_/X (sky130_fd_sc_hd__and2_2)
                                         _077_ (net)
                  0.09    0.00    0.94 v _184_/A2 (sky130_fd_sc_hd__o31a_1)
     1    0.02    0.07    0.23    1.17 v _184_/X (sky130_fd_sc_hd__o31a_1)
                                         _082_ (net)
                  0.07    0.00    1.17 v _186_/A2 (sky130_fd_sc_hd__o211ai_4)
     2    0.02    0.18    0.17    1.34 ^ _186_/Y (sky130_fd_sc_hd__o211ai_4)
                                         _084_ (net)
                  0.18    0.00    1.34 ^ _187_/A2 (sky130_fd_sc_hd__a21bo_2)
     9    0.06    0.23    0.24    1.59 ^ _187_/X (sky130_fd_sc_hd__a21bo_2)
                                         _085_ (net)
                  0.23    0.00    1.59 ^ _202_/A (sky130_fd_sc_hd__buf_2)
    10    0.05    0.19    0.21    1.80 ^ _202_/X (sky130_fd_sc_hd__buf_2)
                                         _095_ (net)
                  0.19    0.00    1.80 ^ _241_/A (sky130_fd_sc_hd__and3_1)
     1    0.02    0.14    0.19    1.99 ^ _241_/X (sky130_fd_sc_hd__and3_1)
                                         _124_ (net)
                  0.14    0.00    1.99 ^ _242_/A (sky130_fd_sc_hd__buf_1)
     1    0.02    0.21    0.18    2.17 ^ _242_/X (sky130_fd_sc_hd__buf_1)
                                         _005_ (net)
                  0.21    0.00    2.18 ^ _344_/D (sky130_fd_sc_hd__dfrtp_2)
                                  2.18   data arrival time

                         10.00   10.00   clock core_clock (rise edge)
                          0.00   10.00   clock source latency
     1    0.02    0.00    0.00   10.00 ^ clk (in)
                                         clk (net)
                  0.00    0.00   10.00 ^ clkbuf_0_clk/A (sky130_fd_sc_hd__clkbuf_16)
     4    0.05    0.05    0.09   10.09 ^ clkbuf_0_clk/X (sky130_fd_sc_hd__clkbuf_16)
                                         clknet_0_clk (net)
                  0.05    0.00   10.09 ^ clkbuf_2_3__f_clk/A (sky130_fd_sc_hd__clkbuf_16)
     9    0.03    0.04    0.10   10.19 ^ clkbuf_2_3__f_clk/X (sky130_fd_sc_hd__clkbuf_16)
                                         clknet_2_3__leaf_clk (net)
                  0.04    0.00   10.19 ^ _344_/CLK (sky130_fd_sc_hd__dfrtp_2)
                          0.00   10.19   clock reconvergence pessimism
                         -0.05   10.14   library setup time
                                 10.14   data required time
-----------------------------------------------------------------------------
                                 10.14   data required time
                                 -2.18   data arrival time
-----------------------------------------------------------------------------
                                  7.97   slack (MET)


Startpoint: _330_ (rising edge-triggered flip-flop clocked by core_clock)
Endpoint: _335_ (rising edge-triggered flip-flop clocked by core_clock)
Path Group: core_clock
Path Type: max
Corner: Fastest

Fanout     Cap    Slew   Delay    Time   Description
-----------------------------------------------------------------------------
                          0.00    0.00   clock core_clock (rise edge)
                          0.00    0.00   clock source latency
     1    0.02    0.00    0.00    0.00 ^ clk (in)
                                         clk (net)
                  0.00    0.00    0.00 ^ clkbuf_0_clk/A (sky130_fd_sc_hd__clkbuf_16)
     4    0.05    0.05    0.09    0.09 ^ clkbuf_0_clk/X (sky130_fd_sc_hd__clkbuf_16)
                                         clknet_0_clk (net)
                  0.05    0.00    0.09 ^ clkbuf_2_3__f_clk/A (sky130_fd_sc_hd__clkbuf_16)
     9    0.03    0.04    0.10    0.19 ^ clkbuf_2_3__f_clk/X (sky130_fd_sc_hd__clkbuf_16)
                                         clknet_2_3__leaf_clk (net)
                  0.04    0.00    0.19 ^ _330_/CLK (sky130_fd_sc_hd__dfrtp_4)
     7    0.05    0.09    0.35    0.54 v _330_/Q (sky130_fd_sc_hd__dfrtp_4)
                                         one_second_counter[0] (net)
                  0.09    0.00    0.55 v _177_/D (sky130_fd_sc_hd__and4_4)
     8    0.06    0.08    0.20    0.75 v _177_/X (sky130_fd_sc_hd__and4_4)
                                         _075_ (net)
                  0.08    0.00    0.75 v _179_/A (sky130_fd_sc_hd__and2_2)
     5    0.05    0.09    0.19    0.94 v _179_/X (sky130_fd_sc_hd__and2_2)
                                         _077_ (net)
                  0.09    0.00    0.94 v _184_/A2 (sky130_fd_sc_hd__o31a_1)
     1    0.02    0.07    0.23    1.17 v _184_/X (sky130_fd_sc_hd__o31a_1)
                                         _082_ (net)
                  0.07    0.00    1.17 v _186_/A2 (sky130_fd_sc_hd__o211ai_4)
     2    0.02    0.18    0.17    1.34 ^ _186_/Y (sky130_fd_sc_hd__o211ai_4)
                                         _084_ (net)
                  0.18    0.00    1.34 ^ _187_/A2 (sky130_fd_sc_hd__a21bo_2)
     9    0.06    0.23    0.24    1.59 ^ _187_/X (sky130_fd_sc_hd__a21bo_2)
                                         _085_ (net)
                  0.23    0.00    1.59 ^ _188_/A (sky130_fd_sc_hd__inv_2)
     2    0.02    0.08    0.06    1.65 v _188_/Y (sky130_fd_sc_hd__inv_2)
                                         _086_ (net)
                  0.08    0.00    1.65 v _189_/A (sky130_fd_sc_hd__clkbuf_4)
    10    0.07    0.10    0.18    1.83 v _189_/X (sky130_fd_sc_hd__clkbuf_4)
                                         _027_ (net)
                  0.10    0.00    1.84 v _209_/A (sky130_fd_sc_hd__nor3_1)
     1    0.02    0.34    0.32    2.16 ^ _209_/Y (sky130_fd_sc_hd__nor3_1)
                                         _022_ (net)
                  0.34    0.00    2.16 ^ _335_/D (sky130_fd_sc_hd__dfrtp_2)
                                  2.16   data arrival time

                         10.00   10.00   clock core_clock (rise edge)
                          0.00   10.00   clock source latency
     1    0.02    0.00    0.00   10.00 ^ clk (in)
                                         clk (net)
                  0.00    0.00   10.00 ^ clkbuf_0_clk/A (sky130_fd_sc_hd__clkbuf_16)
     4    0.05    0.05    0.09   10.09 ^ clkbuf_0_clk/X (sky130_fd_sc_hd__clkbuf_16)
                                         clknet_0_clk (net)
                  0.05    0.00   10.09 ^ clkbuf_2_1__f_clk/A (sky130_fd_sc_hd__clkbuf_16)
    10    0.03    0.04    0.10   10.19 ^ clkbuf_2_1__f_clk/X (sky130_fd_sc_hd__clkbuf_16)
                                         clknet_2_1__leaf_clk (net)
                  0.04    0.00   10.20 ^ _335_/CLK (sky130_fd_sc_hd__dfrtp_2)
                          0.00   10.20   clock reconvergence pessimism
                         -0.07   10.13   library setup time
                                 10.13   data required time
-----------------------------------------------------------------------------
                                 10.13   data required time
                                 -2.16   data arrival time
-----------------------------------------------------------------------------
                                  7.97   slack (MET)


Startpoint: _330_ (rising edge-triggered flip-flop clocked by core_clock)
Endpoint: _352_ (rising edge-triggered flip-flop clocked by core_clock)
Path Group: core_clock
Path Type: max
Corner: Fastest

Fanout     Cap    Slew   Delay    Time   Description
-----------------------------------------------------------------------------
                          0.00    0.00   clock core_clock (rise edge)
                          0.00    0.00   clock source latency
     1    0.02    0.00    0.00    0.00 ^ clk (in)
                                         clk (net)
                  0.00    0.00    0.00 ^ clkbuf_0_clk/A (sky130_fd_sc_hd__clkbuf_16)
     4    0.05    0.05    0.09    0.09 ^ clkbuf_0_clk/X (sky130_fd_sc_hd__clkbuf_16)
                                         clknet_0_clk (net)
                  0.05    0.00    0.09 ^ clkbuf_2_3__f_clk/A (sky130_fd_sc_hd__clkbuf_16)
     9    0.03    0.04    0.10    0.19 ^ clkbuf_2_3__f_clk/X (sky130_fd_sc_hd__clkbuf_16)
                                         clknet_2_3__leaf_clk (net)
                  0.04    0.00    0.19 ^ _330_/CLK (sky130_fd_sc_hd__dfrtp_4)
     7    0.05    0.12    0.32    0.52 ^ _330_/Q (sky130_fd_sc_hd__dfrtp_4)
                                         one_second_counter[0] (net)
                  0.12    0.00    0.52 ^ _177_/D (sky130_fd_sc_hd__and4_4)
     8    0.06    0.15    0.23    0.75 ^ _177_/X (sky130_fd_sc_hd__and4_4)
                                         _075_ (net)
                  0.15    0.01    0.75 ^ _221_/C (sky130_fd_sc_hd__and4_2)
     6    0.04    0.17    0.25    1.01 ^ _221_/X (sky130_fd_sc_hd__and4_2)
                                         _109_ (net)
                  0.17    0.00    1.01 ^ _244_/D (sky130_fd_sc_hd__and4_1)
     2    0.03    0.24    0.28    1.29 ^ _244_/X (sky130_fd_sc_hd__and4_1)
                                         _126_ (net)
                  0.24    0.00    1.29 ^ _245_/A (sky130_fd_sc_hd__clkbuf_4)
    10    0.07    0.15    0.22    1.51 ^ _245_/X (sky130_fd_sc_hd__clkbuf_4)
                                         _127_ (net)
                  0.15    0.00    1.51 ^ _267_/C (sky130_fd_sc_hd__and4_1)
     3    0.02    0.18    0.23    1.75 ^ _267_/X (sky130_fd_sc_hd__and4_1)
                                         _143_ (net)
                  0.18    0.00    1.75 ^ _270_/B (sky130_fd_sc_hd__nand2_1)
     3    0.03    0.13    0.14    1.88 v _270_/Y (sky130_fd_sc_hd__nand2_1)
                                         _145_ (net)
                  0.13    0.00    1.89 v _271_/C (sky130_fd_sc_hd__and3_1)
     1    0.01    0.05    0.18    2.07 v _271_/X (sky130_fd_sc_hd__and3_1)
                                         _146_ (net)
                  0.05    0.00    2.07 v _272_/A (sky130_fd_sc_hd__clkbuf_1)
     1    0.00    0.02    0.07    2.14 v _272_/X (sky130_fd_sc_hd__clkbuf_1)
                                         _014_ (net)
                  0.02    0.00    2.14 v _352_/D (sky130_fd_sc_hd__dfrtp_1)
                                  2.14   data arrival time

                         10.00   10.00   clock core_clock (rise edge)
                          0.00   10.00   clock source latency
     1    0.02    0.00    0.00   10.00 ^ clk (in)
                                         clk (net)
                  0.00    0.00   10.00 ^ clkbuf_0_clk/A (sky130_fd_sc_hd__clkbuf_16)
     4    0.05    0.05    0.09   10.09 ^ clkbuf_0_clk/X (sky130_fd_sc_hd__clkbuf_16)
                                         clknet_0_clk (net)
                  0.05    0.00   10.09 ^ clkbuf_2_1__f_clk/A (sky130_fd_sc_hd__clkbuf_16)
    10    0.03    0.04    0.10   10.19 ^ clkbuf_2_1__f_clk/X (sky130_fd_sc_hd__clkbuf_16)
                                         clknet_2_1__leaf_clk (net)
                  0.04    0.00   10.20 ^ _352_/CLK (sky130_fd_sc_hd__dfrtp_1)
                          0.00   10.20   clock reconvergence pessimism
                         -0.07   10.13   library setup time
                                 10.13   data required time
-----------------------------------------------------------------------------
                                 10.13   data required time
                                 -2.14   data arrival time
-----------------------------------------------------------------------------
                                  7.99   slack (MET)


Startpoint: _330_ (rising edge-triggered flip-flop clocked by core_clock)
Endpoint: _353_ (rising edge-triggered flip-flop clocked by core_clock)
Path Group: core_clock
Path Type: max
Corner: Fastest

Fanout     Cap    Slew   Delay    Time   Description
-----------------------------------------------------------------------------
                          0.00    0.00   clock core_clock (rise edge)
                          0.00    0.00   clock source latency
     1    0.02    0.00    0.00    0.00 ^ clk (in)
                                         clk (net)
                  0.00    0.00    0.00 ^ clkbuf_0_clk/A (sky130_fd_sc_hd__clkbuf_16)
     4    0.05    0.05    0.09    0.09 ^ clkbuf_0_clk/X (sky130_fd_sc_hd__clkbuf_16)
                                         clknet_0_clk (net)
                  0.05    0.00    0.09 ^ clkbuf_2_3__f_clk/A (sky130_fd_sc_hd__clkbuf_16)
     9    0.03    0.04    0.10    0.19 ^ clkbuf_2_3__f_clk/X (sky130_fd_sc_hd__clkbuf_16)
                                         clknet_2_3__leaf_clk (net)
                  0.04    0.00    0.19 ^ _330_/CLK (sky130_fd_sc_hd__dfrtp_4)
     7    0.05    0.12    0.32    0.52 ^ _330_/Q (sky130_fd_sc_hd__dfrtp_4)
                                         one_second_counter[0] (net)
                  0.12    0.00    0.52 ^ _177_/D (sky130_fd_sc_hd__and4_4)
     8    0.06    0.15    0.23    0.75 ^ _177_/X (sky130_fd_sc_hd__and4_4)
                                         _075_ (net)
                  0.15    0.01    0.75 ^ _221_/C (sky130_fd_sc_hd__and4_2)
     6    0.04    0.17    0.25    1.01 ^ _221_/X (sky130_fd_sc_hd__and4_2)
                                         _109_ (net)
                  0.17    0.00    1.01 ^ _244_/D (sky130_fd_sc_hd__and4_1)
     2    0.03    0.24    0.28    1.29 ^ _244_/X (sky130_fd_sc_hd__and4_1)
                                         _126_ (net)
                  0.24    0.00    1.29 ^ _245_/A (sky130_fd_sc_hd__clkbuf_4)
    10    0.07    0.15    0.22    1.51 ^ _245_/X (sky130_fd_sc_hd__clkbuf_4)
                                         _127_ (net)
                  0.15    0.00    1.51 ^ _267_/C (sky130_fd_sc_hd__and4_1)
     3    0.02    0.18    0.23    1.75 ^ _267_/X (sky130_fd_sc_hd__and4_1)
                                         _143_ (net)
                  0.18    0.00    1.75 ^ _270_/B (sky130_fd_sc_hd__nand2_1)
     3    0.03    0.13    0.14    1.88 v _270_/Y (sky130_fd_sc_hd__nand2_1)
                                         _145_ (net)
                  0.13    0.00    1.89 v _275_/A2 (sky130_fd_sc_hd__a221oi_1)
     1    0.01    0.20    0.24    2.13 ^ _275_/Y (sky130_fd_sc_hd__a221oi_1)
                                         _015_ (net)
                  0.20    0.00    2.13 ^ _353_/D (sky130_fd_sc_hd__dfrtp_2)
                                  2.13   data arrival time

                         10.00   10.00   clock core_clock (rise edge)
                          0.00   10.00   clock source latency
     1    0.02    0.00    0.00   10.00 ^ clk (in)
                                         clk (net)
                  0.00    0.00   10.00 ^ clkbuf_0_clk/A (sky130_fd_sc_hd__clkbuf_16)
     4    0.05    0.05    0.09   10.09 ^ clkbuf_0_clk/X (sky130_fd_sc_hd__clkbuf_16)
                                         clknet_0_clk (net)
                  0.05    0.00   10.09 ^ clkbuf_2_2__f_clk/A (sky130_fd_sc_hd__clkbuf_16)
     7    0.03    0.04    0.10   10.19 ^ clkbuf_2_2__f_clk/X (sky130_fd_sc_hd__clkbuf_16)
                                         clknet_2_2__leaf_clk (net)
                  0.04    0.00   10.19 ^ _353_/CLK (sky130_fd_sc_hd__dfrtp_2)
                          0.00   10.19   clock reconvergence pessimism
                         -0.05   10.14   library setup time
                                 10.14   data required time
-----------------------------------------------------------------------------
                                 10.14   data required time
                                 -2.13   data arrival time
-----------------------------------------------------------------------------
                                  8.01   slack (MET)


Startpoint: _330_ (rising edge-triggered flip-flop clocked by core_clock)
Endpoint: _355_ (rising edge-triggered flip-flop clocked by core_clock)
Path Group: core_clock
Path Type: max
Corner: Fastest

Fanout     Cap    Slew   Delay    Time   Description
-----------------------------------------------------------------------------
                          0.00    0.00   clock core_clock (rise edge)
                          0.00    0.00   clock source latency
     1    0.02    0.00    0.00    0.00 ^ clk (in)
                                         clk (net)
                  0.00    0.00    0.00 ^ clkbuf_0_clk/A (sky130_fd_sc_hd__clkbuf_16)
     4    0.05    0.05    0.09    0.09 ^ clkbuf_0_clk/X (sky130_fd_sc_hd__clkbuf_16)
                                         clknet_0_clk (net)
                  0.05    0.00    0.09 ^ clkbuf_2_3__f_clk/A (sky130_fd_sc_hd__clkbuf_16)
     9    0.03    0.04    0.10    0.19 ^ clkbuf_2_3__f_clk/X (sky130_fd_sc_hd__clkbuf_16)
                                         clknet_2_3__leaf_clk (net)
                  0.04    0.00    0.19 ^ _330_/CLK (sky130_fd_sc_hd__dfrtp_4)
     7    0.05    0.12    0.32    0.52 ^ _330_/Q (sky130_fd_sc_hd__dfrtp_4)
                                         one_second_counter[0] (net)
                  0.12    0.00    0.52 ^ _177_/D (sky130_fd_sc_hd__and4_4)
     8    0.06    0.15    0.23    0.75 ^ _177_/X (sky130_fd_sc_hd__and4_4)
                                         _075_ (net)
                  0.15    0.01    0.75 ^ _221_/C (sky130_fd_sc_hd__and4_2)
     6    0.04    0.17    0.25    1.01 ^ _221_/X (sky130_fd_sc_hd__and4_2)
                                         _109_ (net)
                  0.17    0.00    1.01 ^ _244_/D (sky130_fd_sc_hd__and4_1)
     2    0.03    0.24    0.28    1.29 ^ _244_/X (sky130_fd_sc_hd__and4_1)
                                         _126_ (net)
                  0.24    0.00    1.29 ^ _245_/A (sky130_fd_sc_hd__clkbuf_4)
    10    0.07    0.15    0.22    1.51 ^ _245_/X (sky130_fd_sc_hd__clkbuf_4)
                                         _127_ (net)
                  0.15    0.01    1.51 ^ _277_/B (sky130_fd_sc_hd__and3_2)
     4    0.04    0.17    0.23    1.74 ^ _277_/X (sky130_fd_sc_hd__and3_2)
                                         _150_ (net)
                  0.17    0.00    1.75 ^ _280_/B (sky130_fd_sc_hd__nand2_1)
     1    0.02    0.09    0.10    1.85 v _280_/Y (sky130_fd_sc_hd__nand2_1)
                                         _152_ (net)
                  0.09    0.00    1.85 v _281_/C (sky130_fd_sc_hd__and3_1)
     1    0.01    0.05    0.16    2.01 v _281_/X (sky130_fd_sc_hd__and3_1)
                                         _153_ (net)
                  0.05    0.00    2.01 v _282_/A (sky130_fd_sc_hd__clkbuf_1)
     1    0.01    0.05    0.09    2.10 v _282_/X (sky130_fd_sc_hd__clkbuf_1)
                                         _017_ (net)
                  0.05    0.00    2.10 v _355_/D (sky130_fd_sc_hd__dfrtp_4)
                                  2.10   data arrival time

                         10.00   10.00   clock core_clock (rise edge)
                          0.00   10.00   clock source latency
     1    0.02    0.00    0.00   10.00 ^ clk (in)
                                         clk (net)
                  0.00    0.00   10.00 ^ clkbuf_0_clk/A (sky130_fd_sc_hd__clkbuf_16)
     4    0.05    0.05    0.09   10.09 ^ clkbuf_0_clk/X (sky130_fd_sc_hd__clkbuf_16)
                                         clknet_0_clk (net)
                  0.05    0.00   10.09 ^ clkbuf_2_2__f_clk/A (sky130_fd_sc_hd__clkbuf_16)
     7    0.03    0.04    0.10   10.19 ^ clkbuf_2_2__f_clk/X (sky130_fd_sc_hd__clkbuf_16)
                                         clknet_2_2__leaf_clk (net)
                  0.04    0.00   10.19 ^ _355_/CLK (sky130_fd_sc_hd__dfrtp_4)
                          0.00   10.19   clock reconvergence pessimism
                         -0.08   10.12   library setup time
                                 10.12   data required time
-----------------------------------------------------------------------------
                                 10.12   data required time
                                 -2.10   data arrival time
-----------------------------------------------------------------------------
                                  8.02   slack (MET)


Startpoint: _330_ (rising edge-triggered flip-flop clocked by core_clock)
Endpoint: _350_ (rising edge-triggered flip-flop clocked by core_clock)
Path Group: core_clock
Path Type: max
Corner: Fastest

Fanout     Cap    Slew   Delay    Time   Description
-----------------------------------------------------------------------------
                          0.00    0.00   clock core_clock (rise edge)
                          0.00    0.00   clock source latency
     1    0.02    0.00    0.00    0.00 ^ clk (in)
                                         clk (net)
                  0.00    0.00    0.00 ^ clkbuf_0_clk/A (sky130_fd_sc_hd__clkbuf_16)
     4    0.05    0.05    0.09    0.09 ^ clkbuf_0_clk/X (sky130_fd_sc_hd__clkbuf_16)
                                         clknet_0_clk (net)
                  0.05    0.00    0.09 ^ clkbuf_2_3__f_clk/A (sky130_fd_sc_hd__clkbuf_16)
     9    0.03    0.04    0.10    0.19 ^ clkbuf_2_3__f_clk/X (sky130_fd_sc_hd__clkbuf_16)
                                         clknet_2_3__leaf_clk (net)
                  0.04    0.00    0.19 ^ _330_/CLK (sky130_fd_sc_hd__dfrtp_4)
     7    0.05    0.12    0.32    0.52 ^ _330_/Q (sky130_fd_sc_hd__dfrtp_4)
                                         one_second_counter[0] (net)
                  0.12    0.00    0.52 ^ _177_/D (sky130_fd_sc_hd__and4_4)
     8    0.06    0.15    0.23    0.75 ^ _177_/X (sky130_fd_sc_hd__and4_4)
                                         _075_ (net)
                  0.15    0.01    0.75 ^ _221_/C (sky130_fd_sc_hd__and4_2)
     6    0.04    0.17    0.25    1.01 ^ _221_/X (sky130_fd_sc_hd__and4_2)
                                         _109_ (net)
                  0.17    0.00    1.01 ^ _244_/D (sky130_fd_sc_hd__and4_1)
     2    0.03    0.24    0.28    1.29 ^ _244_/X (sky130_fd_sc_hd__and4_1)
                                         _126_ (net)
                  0.24    0.00    1.29 ^ _245_/A (sky130_fd_sc_hd__clkbuf_4)
    10    0.07    0.15    0.22    1.51 ^ _245_/X (sky130_fd_sc_hd__clkbuf_4)
                                         _127_ (net)
                  0.15    0.00    1.51 ^ _258_/A (sky130_fd_sc_hd__and2_1)
     3    0.03    0.21    0.21    1.72 ^ _258_/X (sky130_fd_sc_hd__and2_1)
                                         _136_ (net)
                  0.21    0.00    1.73 ^ _263_/B (sky130_fd_sc_hd__nand2_1)
     2    0.02    0.11    0.11    1.84 v _263_/Y (sky130_fd_sc_hd__nand2_1)
                                         _140_ (net)
                  0.11    0.00    1.84 v _264_/C (sky130_fd_sc_hd__and3_1)
     1    0.01    0.03    0.15    1.99 v _264_/X (sky130_fd_sc_hd__and3_1)
                                         _141_ (net)
                  0.03    0.00    1.99 v _265_/A (sky130_fd_sc_hd__clkbuf_1)
     1    0.02    0.07    0.10    2.09 v _265_/X (sky130_fd_sc_hd__clkbuf_1)
                                         _012_ (net)
                  0.07    0.00    2.09 v _350_/D (sky130_fd_sc_hd__dfrtp_1)
                                  2.09   data arrival time

                         10.00   10.00   clock core_clock (rise edge)
                          0.00   10.00   clock source latency
     1    0.02    0.00    0.00   10.00 ^ clk (in)
                                         clk (net)
                  0.00    0.00   10.00 ^ clkbuf_0_clk/A (sky130_fd_sc_hd__clkbuf_16)
     4    0.05    0.05    0.09   10.09 ^ clkbuf_0_clk/X (sky130_fd_sc_hd__clkbuf_16)
                                         clknet_0_clk (net)
                  0.05    0.00   10.09 ^ clkbuf_2_1__f_clk/A (sky130_fd_sc_hd__clkbuf_16)
    10    0.03    0.04    0.10   10.19 ^ clkbuf_2_1__f_clk/X (sky130_fd_sc_hd__clkbuf_16)
                                         clknet_2_1__leaf_clk (net)
                  0.04    0.00   10.20 ^ _350_/CLK (sky130_fd_sc_hd__dfrtp_1)
                          0.00   10.20   clock reconvergence pessimism
                         -0.09   10.11   library setup time
                                 10.11   data required time
-----------------------------------------------------------------------------
                                 10.11   data required time
                                 -2.09   data arrival time
-----------------------------------------------------------------------------
                                  8.02   slack (MET)


Startpoint: _330_ (rising edge-triggered flip-flop clocked by core_clock)
Endpoint: _345_ (rising edge-triggered flip-flop clocked by core_clock)
Path Group: core_clock
Path Type: max
Corner: Fastest

Fanout     Cap    Slew   Delay    Time   Description
-----------------------------------------------------------------------------
                          0.00    0.00   clock core_clock (rise edge)
                          0.00    0.00   clock source latency
     1    0.02    0.00    0.00    0.00 ^ clk (in)
                                         clk (net)
                  0.00    0.00    0.00 ^ clkbuf_0_clk/A (sky130_fd_sc_hd__clkbuf_16)
     4    0.05    0.05    0.09    0.09 ^ clkbuf_0_clk/X (sky130_fd_sc_hd__clkbuf_16)
                                         clknet_0_clk (net)
                  0.05    0.00    0.09 ^ clkbuf_2_3__f_clk/A (sky130_fd_sc_hd__clkbuf_16)
     9    0.03    0.04    0.10    0.19 ^ clkbuf_2_3__f_clk/X (sky130_fd_sc_hd__clkbuf_16)
                                         clknet_2_3__leaf_clk (net)
                  0.04    0.00    0.19 ^ _330_/CLK (sky130_fd_sc_hd__dfrtp_4)
     7    0.05    0.09    0.35    0.54 v _330_/Q (sky130_fd_sc_hd__dfrtp_4)
                                         one_second_counter[0] (net)
                  0.09    0.00    0.55 v _177_/D (sky130_fd_sc_hd__and4_4)
     8    0.06    0.08    0.20    0.75 v _177_/X (sky130_fd_sc_hd__and4_4)
                                         _075_ (net)
                  0.08    0.00    0.75 v _179_/A (sky130_fd_sc_hd__and2_2)
     5    0.05    0.09    0.19    0.94 v _179_/X (sky130_fd_sc_hd__and2_2)
                                         _077_ (net)
                  0.09    0.00    0.94 v _184_/A2 (sky130_fd_sc_hd__o31a_1)
     1    0.02    0.07    0.23    1.17 v _184_/X (sky130_fd_sc_hd__o31a_1)
                                         _082_ (net)
                  0.07    0.00    1.17 v _186_/A2 (sky130_fd_sc_hd__o211ai_4)
     2    0.02    0.18    0.17    1.34 ^ _186_/Y (sky130_fd_sc_hd__o211ai_4)
                                         _084_ (net)
                  0.18    0.00    1.34 ^ _187_/A2 (sky130_fd_sc_hd__a21bo_2)
     9    0.06    0.23    0.24    1.59 ^ _187_/X (sky130_fd_sc_hd__a21bo_2)
                                         _085_ (net)
                  0.23    0.00    1.59 ^ _188_/A (sky130_fd_sc_hd__inv_2)
     2    0.02    0.08    0.06    1.65 v _188_/Y (sky130_fd_sc_hd__inv_2)
                                         _086_ (net)
                  0.08    0.00    1.65 v _189_/A (sky130_fd_sc_hd__clkbuf_4)
    10    0.07    0.10    0.18    1.83 v _189_/X (sky130_fd_sc_hd__clkbuf_4)
                                         _027_ (net)
                  0.10    0.00    1.84 v _246_/C1 (sky130_fd_sc_hd__a211oi_1)
     1    0.02    0.38    0.26    2.09 ^ _246_/Y (sky130_fd_sc_hd__a211oi_1)
                                         _006_ (net)
                  0.38    0.00    2.09 ^ _345_/D (sky130_fd_sc_hd__dfrtp_2)
                                  2.09   data arrival time

                         10.00   10.00   clock core_clock (rise edge)
                          0.00   10.00   clock source latency
     1    0.02    0.00    0.00   10.00 ^ clk (in)
                                         clk (net)
                  0.00    0.00   10.00 ^ clkbuf_0_clk/A (sky130_fd_sc_hd__clkbuf_16)
     4    0.05    0.05    0.09   10.09 ^ clkbuf_0_clk/X (sky130_fd_sc_hd__clkbuf_16)
                                         clknet_0_clk (net)
                  0.05    0.00   10.09 ^ clkbuf_2_3__f_clk/A (sky130_fd_sc_hd__clkbuf_16)
     9    0.03    0.04    0.10   10.19 ^ clkbuf_2_3__f_clk/X (sky130_fd_sc_hd__clkbuf_16)
                                         clknet_2_3__leaf_clk (net)
                  0.04    0.00   10.19 ^ _345_/CLK (sky130_fd_sc_hd__dfrtp_2)
                          0.00   10.19   clock reconvergence pessimism
                         -0.07   10.12   library setup time
                                 10.12   data required time
-----------------------------------------------------------------------------
                                 10.12   data required time
                                 -2.09   data arrival time
-----------------------------------------------------------------------------
                                  8.03   slack (MET)


Startpoint: _330_ (rising edge-triggered flip-flop clocked by core_clock)
Endpoint: _346_ (rising edge-triggered flip-flop clocked by core_clock)
Path Group: core_clock
Path Type: max
Corner: Fastest

Fanout     Cap    Slew   Delay    Time   Description
-----------------------------------------------------------------------------
                          0.00    0.00   clock core_clock (rise edge)
                          0.00    0.00   clock source latency
     1    0.02    0.00    0.00    0.00 ^ clk (in)
                                         clk (net)
                  0.00    0.00    0.00 ^ clkbuf_0_clk/A (sky130_fd_sc_hd__clkbuf_16)
     4    0.05    0.05    0.09    0.09 ^ clkbuf_0_clk/X (sky130_fd_sc_hd__clkbuf_16)
                                         clknet_0_clk (net)
                  0.05    0.00    0.09 ^ clkbuf_2_3__f_clk/A (sky130_fd_sc_hd__clkbuf_16)
     9    0.03    0.04    0.10    0.19 ^ clkbuf_2_3__f_clk/X (sky130_fd_sc_hd__clkbuf_16)
                                         clknet_2_3__leaf_clk (net)
                  0.04    0.00    0.19 ^ _330_/CLK (sky130_fd_sc_hd__dfrtp_4)
     7    0.05    0.09    0.35    0.54 v _330_/Q (sky130_fd_sc_hd__dfrtp_4)
                                         one_second_counter[0] (net)
                  0.09    0.00    0.55 v _177_/D (sky130_fd_sc_hd__and4_4)
     8    0.06    0.08    0.20    0.75 v _177_/X (sky130_fd_sc_hd__and4_4)
                                         _075_ (net)
                  0.08    0.00    0.75 v _179_/A (sky130_fd_sc_hd__and2_2)
     5    0.05    0.09    0.19    0.94 v _179_/X (sky130_fd_sc_hd__and2_2)
                                         _077_ (net)
                  0.09    0.00    0.94 v _184_/A2 (sky130_fd_sc_hd__o31a_1)
     1    0.02    0.07    0.23    1.17 v _184_/X (sky130_fd_sc_hd__o31a_1)
                                         _082_ (net)
                  0.07    0.00    1.17 v _186_/A2 (sky130_fd_sc_hd__o211ai_4)
     2    0.02    0.18    0.17    1.34 ^ _186_/Y (sky130_fd_sc_hd__o211ai_4)
                                         _084_ (net)
                  0.18    0.00    1.34 ^ _187_/A2 (sky130_fd_sc_hd__a21bo_2)
     9    0.06    0.23    0.24    1.59 ^ _187_/X (sky130_fd_sc_hd__a21bo_2)
                                         _085_ (net)
                  0.23    0.00    1.59 ^ _202_/A (sky130_fd_sc_hd__buf_2)
    10    0.05    0.19    0.21    1.80 ^ _202_/X (sky130_fd_sc_hd__buf_2)
                                         _095_ (net)
                  0.19    0.00    1.81 ^ _249_/A (sky130_fd_sc_hd__and3_1)
     1    0.02    0.18    0.22    2.02 ^ _249_/X (sky130_fd_sc_hd__and3_1)
                                         _130_ (net)
                  0.18    0.00    2.02 ^ _250_/A (sky130_fd_sc_hd__clkbuf_1)
     1    0.01    0.08    0.09    2.11 ^ _250_/X (sky130_fd_sc_hd__clkbuf_1)
                                         _007_ (net)
                  0.08    0.00    2.11 ^ _346_/D (sky130_fd_sc_hd__dfrtp_4)
                                  2.11   data arrival time

                         10.00   10.00   clock core_clock (rise edge)
                          0.00   10.00   clock source latency
     1    0.02    0.00    0.00   10.00 ^ clk (in)
                                         clk (net)
                  0.00    0.00   10.00 ^ clkbuf_0_clk/A (sky130_fd_sc_hd__clkbuf_16)
     4    0.05    0.05    0.09   10.09 ^ clkbuf_0_clk/X (sky130_fd_sc_hd__clkbuf_16)
                                         clknet_0_clk (net)
                  0.05    0.00   10.09 ^ clkbuf_2_3__f_clk/A (sky130_fd_sc_hd__clkbuf_16)
     9    0.03    0.04    0.10   10.19 ^ clkbuf_2_3__f_clk/X (sky130_fd_sc_hd__clkbuf_16)
                                         clknet_2_3__leaf_clk (net)
                  0.04    0.00   10.19 ^ _346_/CLK (sky130_fd_sc_hd__dfrtp_4)
                          0.00   10.19   clock reconvergence pessimism
                         -0.04   10.15   library setup time
                                 10.15   data required time
-----------------------------------------------------------------------------
                                 10.15   data required time
                                 -2.11   data arrival time
-----------------------------------------------------------------------------
                                  8.04   slack (MET)


Startpoint: _330_ (rising edge-triggered flip-flop clocked by core_clock)
Endpoint: _351_ (rising edge-triggered flip-flop clocked by core_clock)
Path Group: core_clock
Path Type: max
Corner: Fastest

Fanout     Cap    Slew   Delay    Time   Description
-----------------------------------------------------------------------------
                          0.00    0.00   clock core_clock (rise edge)
                          0.00    0.00   clock source latency
     1    0.02    0.00    0.00    0.00 ^ clk (in)
                                         clk (net)
                  0.00    0.00    0.00 ^ clkbuf_0_clk/A (sky130_fd_sc_hd__clkbuf_16)
     4    0.05    0.05    0.09    0.09 ^ clkbuf_0_clk/X (sky130_fd_sc_hd__clkbuf_16)
                                         clknet_0_clk (net)
                  0.05    0.00    0.09 ^ clkbuf_2_3__f_clk/A (sky130_fd_sc_hd__clkbuf_16)
     9    0.03    0.04    0.10    0.19 ^ clkbuf_2_3__f_clk/X (sky130_fd_sc_hd__clkbuf_16)
                                         clknet_2_3__leaf_clk (net)
                  0.04    0.00    0.19 ^ _330_/CLK (sky130_fd_sc_hd__dfrtp_4)
     7    0.05    0.12    0.32    0.52 ^ _330_/Q (sky130_fd_sc_hd__dfrtp_4)
                                         one_second_counter[0] (net)
                  0.12    0.00    0.52 ^ _177_/D (sky130_fd_sc_hd__and4_4)
     8    0.06    0.15    0.23    0.75 ^ _177_/X (sky130_fd_sc_hd__and4_4)
                                         _075_ (net)
                  0.15    0.01    0.75 ^ _221_/C (sky130_fd_sc_hd__and4_2)
     6    0.04    0.17    0.25    1.01 ^ _221_/X (sky130_fd_sc_hd__and4_2)
                                         _109_ (net)
                  0.17    0.00    1.01 ^ _244_/D (sky130_fd_sc_hd__and4_1)
     2    0.03    0.24    0.28    1.29 ^ _244_/X (sky130_fd_sc_hd__and4_1)
                                         _126_ (net)
                  0.24    0.00    1.29 ^ _245_/A (sky130_fd_sc_hd__clkbuf_4)
    10    0.07    0.15    0.22    1.51 ^ _245_/X (sky130_fd_sc_hd__clkbuf_4)
                                         _127_ (net)
                  0.15    0.00    1.51 ^ _258_/A (sky130_fd_sc_hd__and2_1)
     3    0.03    0.21    0.21    1.72 ^ _258_/X (sky130_fd_sc_hd__and2_1)
                                         _136_ (net)
                  0.21    0.00    1.73 ^ _263_/B (sky130_fd_sc_hd__nand2_1)
     2    0.02    0.11    0.11    1.84 v _263_/Y (sky130_fd_sc_hd__nand2_1)
                                         _140_ (net)
                  0.11    0.00    1.84 v _268_/A2 (sky130_fd_sc_hd__a211oi_1)
     1    0.01    0.23    0.25    2.09 ^ _268_/Y (sky130_fd_sc_hd__a211oi_1)
                                         _013_ (net)
                  0.23    0.00    2.09 ^ _351_/D (sky130_fd_sc_hd__dfrtp_2)
                                  2.09   data arrival time

                         10.00   10.00   clock core_clock (rise edge)
                          0.00   10.00   clock source latency
     1    0.02    0.00    0.00   10.00 ^ clk (in)
                                         clk (net)
                  0.00    0.00   10.00 ^ clkbuf_0_clk/A (sky130_fd_sc_hd__clkbuf_16)
     4    0.05    0.05    0.09   10.09 ^ clkbuf_0_clk/X (sky130_fd_sc_hd__clkbuf_16)
                                         clknet_0_clk (net)
                  0.05    0.00   10.09 ^ clkbuf_2_1__f_clk/A (sky130_fd_sc_hd__clkbuf_16)
    10    0.03    0.04    0.10   10.19 ^ clkbuf_2_1__f_clk/X (sky130_fd_sc_hd__clkbuf_16)
                                         clknet_2_1__leaf_clk (net)
                  0.04    0.00   10.20 ^ _351_/CLK (sky130_fd_sc_hd__dfrtp_2)
                          0.00   10.20   clock reconvergence pessimism
                         -0.06   10.14   library setup time
                                 10.14   data required time
-----------------------------------------------------------------------------
                                 10.14   data required time
                                 -2.09   data arrival time
-----------------------------------------------------------------------------
                                  8.05   slack (MET)


Startpoint: _330_ (rising edge-triggered flip-flop clocked by core_clock)
Endpoint: _342_ (rising edge-triggered flip-flop clocked by core_clock)
Path Group: core_clock
Path Type: max
Corner: Fastest

Fanout     Cap    Slew   Delay    Time   Description
-----------------------------------------------------------------------------
                          0.00    0.00   clock core_clock (rise edge)
                          0.00    0.00   clock source latency
     1    0.02    0.00    0.00    0.00 ^ clk (in)
                                         clk (net)
                  0.00    0.00    0.00 ^ clkbuf_0_clk/A (sky130_fd_sc_hd__clkbuf_16)
     4    0.05    0.05    0.09    0.09 ^ clkbuf_0_clk/X (sky130_fd_sc_hd__clkbuf_16)
                                         clknet_0_clk (net)
                  0.05    0.00    0.09 ^ clkbuf_2_3__f_clk/A (sky130_fd_sc_hd__clkbuf_16)
     9    0.03    0.04    0.10    0.19 ^ clkbuf_2_3__f_clk/X (sky130_fd_sc_hd__clkbuf_16)
                                         clknet_2_3__leaf_clk (net)
                  0.04    0.00    0.19 ^ _330_/CLK (sky130_fd_sc_hd__dfrtp_4)
     7    0.05    0.09    0.35    0.54 v _330_/Q (sky130_fd_sc_hd__dfrtp_4)
                                         one_second_counter[0] (net)
                  0.09    0.00    0.55 v _177_/D (sky130_fd_sc_hd__and4_4)
     8    0.06    0.08    0.20    0.75 v _177_/X (sky130_fd_sc_hd__and4_4)
                                         _075_ (net)
                  0.08    0.00    0.75 v _179_/A (sky130_fd_sc_hd__and2_2)
     5    0.05    0.09    0.19    0.94 v _179_/X (sky130_fd_sc_hd__and2_2)
                                         _077_ (net)
                  0.09    0.00    0.94 v _184_/A2 (sky130_fd_sc_hd__o31a_1)
     1    0.02    0.07    0.23    1.17 v _184_/X (sky130_fd_sc_hd__o31a_1)
                                         _082_ (net)
                  0.07    0.00    1.17 v _186_/A2 (sky130_fd_sc_hd__o211ai_4)
     2    0.02    0.18    0.17    1.34 ^ _186_/Y (sky130_fd_sc_hd__o211ai_4)
                                         _084_ (net)
                  0.18    0.00    1.34 ^ _187_/A2 (sky130_fd_sc_hd__a21bo_2)
     9    0.06    0.23    0.24    1.59 ^ _187_/X (sky130_fd_sc_hd__a21bo_2)
                                         _085_ (net)
                  0.23    0.00    1.59 ^ _202_/A (sky130_fd_sc_hd__buf_2)
    10    0.05    0.19    0.21    1.80 ^ _202_/X (sky130_fd_sc_hd__buf_2)
                                         _095_ (net)
                  0.19    0.00    1.81 ^ _232_/A (sky130_fd_sc_hd__and3_1)
     1    0.01    0.11    0.17    1.97 ^ _232_/X (sky130_fd_sc_hd__and3_1)
                                         _117_ (net)
                  0.11    0.00    1.97 ^ _233_/A (sky130_fd_sc_hd__buf_1)
     1    0.01    0.12    0.12    2.10 ^ _233_/X (sky130_fd_sc_hd__buf_1)
                                         _003_ (net)
                  0.12    0.00    2.10 ^ _342_/D (sky130_fd_sc_hd__dfrtp_4)
                                  2.10   data arrival time

                         10.00   10.00   clock core_clock (rise edge)
                          0.00   10.00   clock source latency
     1    0.02    0.00    0.00   10.00 ^ clk (in)
                                         clk (net)
                  0.00    0.00   10.00 ^ clkbuf_0_clk/A (sky130_fd_sc_hd__clkbuf_16)
     4    0.05    0.05    0.09   10.09 ^ clkbuf_0_clk/X (sky130_fd_sc_hd__clkbuf_16)
                                         clknet_0_clk (net)
                  0.05    0.00   10.09 ^ clkbuf_2_3__f_clk/A (sky130_fd_sc_hd__clkbuf_16)
     9    0.03    0.04    0.10   10.19 ^ clkbuf_2_3__f_clk/X (sky130_fd_sc_hd__clkbuf_16)
                                         clknet_2_3__leaf_clk (net)
                  0.04    0.00   10.19 ^ _342_/CLK (sky130_fd_sc_hd__dfrtp_4)
                          0.00   10.19   clock reconvergence pessimism
                         -0.05   10.15   library setup time
                                 10.15   data required time
-----------------------------------------------------------------------------
                                 10.15   data required time
                                 -2.10   data arrival time
-----------------------------------------------------------------------------
                                  8.05   slack (MET)


Startpoint: _330_ (rising edge-triggered flip-flop clocked by core_clock)
Endpoint: _330_ (rising edge-triggered flip-flop clocked by core_clock)
Path Group: core_clock
Path Type: max
Corner: Fastest

Fanout     Cap    Slew   Delay    Time   Description
-----------------------------------------------------------------------------
                          0.00    0.00   clock core_clock (rise edge)
                          0.00    0.00   clock source latency
     1    0.02    0.00    0.00    0.00 ^ clk (in)
                                         clk (net)
                  0.00    0.00    0.00 ^ clkbuf_0_clk/A (sky130_fd_sc_hd__clkbuf_16)
     4    0.05    0.05    0.09    0.09 ^ clkbuf_0_clk/X (sky130_fd_sc_hd__clkbuf_16)
                                         clknet_0_clk (net)
                  0.05    0.00    0.09 ^ clkbuf_2_3__f_clk/A (sky130_fd_sc_hd__clkbuf_16)
     9    0.03    0.04    0.10    0.19 ^ clkbuf_2_3__f_clk/X (sky130_fd_sc_hd__clkbuf_16)
                                         clknet_2_3__leaf_clk (net)
                  0.04    0.00    0.19 ^ _330_/CLK (sky130_fd_sc_hd__dfrtp_4)
     7    0.05    0.09    0.35    0.54 v _330_/Q (sky130_fd_sc_hd__dfrtp_4)
                                         one_second_counter[0] (net)
                  0.09    0.00    0.55 v _177_/D (sky130_fd_sc_hd__and4_4)
     8    0.06    0.08    0.20    0.75 v _177_/X (sky130_fd_sc_hd__and4_4)
                                         _075_ (net)
                  0.08    0.00    0.75 v _179_/A (sky130_fd_sc_hd__and2_2)
     5    0.05    0.09    0.19    0.94 v _179_/X (sky130_fd_sc_hd__and2_2)
                                         _077_ (net)
                  0.09    0.00    0.94 v _184_/A2 (sky130_fd_sc_hd__o31a_1)
     1    0.02    0.07    0.23    1.17 v _184_/X (sky130_fd_sc_hd__o31a_1)
                                         _082_ (net)
                  0.07    0.00    1.17 v _186_/A2 (sky130_fd_sc_hd__o211ai_4)
     2    0.02    0.18    0.17    1.34 ^ _186_/Y (sky130_fd_sc_hd__o211ai_4)
                                         _084_ (net)
                  0.18    0.00    1.34 ^ _187_/A2 (sky130_fd_sc_hd__a21bo_2)
     9    0.06    0.23    0.24    1.59 ^ _187_/X (sky130_fd_sc_hd__a21bo_2)
                                         _085_ (net)
                  0.23    0.00    1.59 ^ _188_/A (sky130_fd_sc_hd__inv_2)
     2    0.02    0.08    0.06    1.65 v _188_/Y (sky130_fd_sc_hd__inv_2)
                                         _086_ (net)
                  0.08    0.00    1.65 v _189_/A (sky130_fd_sc_hd__clkbuf_4)
    10    0.07    0.10    0.18    1.83 v _189_/X (sky130_fd_sc_hd__clkbuf_4)
                                         _027_ (net)
                  0.10    0.00    1.84 v _190_/B (sky130_fd_sc_hd__nor2_1)
     1    0.02    0.26    0.23    2.07 ^ _190_/Y (sky130_fd_sc_hd__nor2_1)
                                         _000_ (net)
                  0.26    0.00    2.07 ^ _330_/D (sky130_fd_sc_hd__dfrtp_4)
                                  2.07   data arrival time

                         10.00   10.00   clock core_clock (rise edge)
                          0.00   10.00   clock source latency
     1    0.02    0.00    0.00   10.00 ^ clk (in)
                                         clk (net)
                  0.00    0.00   10.00 ^ clkbuf_0_clk/A (sky130_fd_sc_hd__clkbuf_16)
     4    0.05    0.05    0.09   10.09 ^ clkbuf_0_clk/X (sky130_fd_sc_hd__clkbuf_16)
                                         clknet_0_clk (net)
                  0.05    0.00   10.09 ^ clkbuf_2_3__f_clk/A (sky130_fd_sc_hd__clkbuf_16)
     9    0.03    0.04    0.10   10.19 ^ clkbuf_2_3__f_clk/X (sky130_fd_sc_hd__clkbuf_16)
                                         clknet_2_3__leaf_clk (net)
                  0.04    0.00   10.19 ^ _330_/CLK (sky130_fd_sc_hd__dfrtp_4)
                          0.00   10.19   clock reconvergence pessimism
                         -0.06   10.14   library setup time
                                 10.14   data required time
-----------------------------------------------------------------------------
                                 10.14   data required time
                                 -2.07   data arrival time
-----------------------------------------------------------------------------
                                  8.07   slack (MET)


Startpoint: _330_ (rising edge-triggered flip-flop clocked by core_clock)
Endpoint: _336_ (rising edge-triggered flip-flop clocked by core_clock)
Path Group: core_clock
Path Type: max
Corner: Fastest

Fanout     Cap    Slew   Delay    Time   Description
-----------------------------------------------------------------------------
                          0.00    0.00   clock core_clock (rise edge)
                          0.00    0.00   clock source latency
     1    0.02    0.00    0.00    0.00 ^ clk (in)
                                         clk (net)
                  0.00    0.00    0.00 ^ clkbuf_0_clk/A (sky130_fd_sc_hd__clkbuf_16)
     4    0.05    0.05    0.09    0.09 ^ clkbuf_0_clk/X (sky130_fd_sc_hd__clkbuf_16)
                                         clknet_0_clk (net)
                  0.05    0.00    0.09 ^ clkbuf_2_3__f_clk/A (sky130_fd_sc_hd__clkbuf_16)
     9    0.03    0.04    0.10    0.19 ^ clkbuf_2_3__f_clk/X (sky130_fd_sc_hd__clkbuf_16)
                                         clknet_2_3__leaf_clk (net)
                  0.04    0.00    0.19 ^ _330_/CLK (sky130_fd_sc_hd__dfrtp_4)
     7    0.05    0.09    0.35    0.54 v _330_/Q (sky130_fd_sc_hd__dfrtp_4)
                                         one_second_counter[0] (net)
                  0.09    0.00    0.55 v _177_/D (sky130_fd_sc_hd__and4_4)
     8    0.06    0.08    0.20    0.75 v _177_/X (sky130_fd_sc_hd__and4_4)
                                         _075_ (net)
                  0.08    0.00    0.75 v _179_/A (sky130_fd_sc_hd__and2_2)
     5    0.05    0.09    0.19    0.94 v _179_/X (sky130_fd_sc_hd__and2_2)
                                         _077_ (net)
                  0.09    0.00    0.94 v _184_/A2 (sky130_fd_sc_hd__o31a_1)
     1    0.02    0.07    0.23    1.17 v _184_/X (sky130_fd_sc_hd__o31a_1)
                                         _082_ (net)
                  0.07    0.00    1.17 v _186_/A2 (sky130_fd_sc_hd__o211ai_4)
     2    0.02    0.18    0.17    1.34 ^ _186_/Y (sky130_fd_sc_hd__o211ai_4)
                                         _084_ (net)
                  0.18    0.00    1.34 ^ _187_/A2 (sky130_fd_sc_hd__a21bo_2)
     9    0.06    0.23    0.24    1.59 ^ _187_/X (sky130_fd_sc_hd__a21bo_2)
                                         _085_ (net)
                  0.23    0.00    1.59 ^ _202_/A (sky130_fd_sc_hd__buf_2)
    10    0.05    0.19    0.21    1.80 ^ _202_/X (sky130_fd_sc_hd__buf_2)
                                         _095_ (net)
                  0.19    0.00    1.80 ^ _212_/A (sky130_fd_sc_hd__and3_1)
     1    0.01    0.07    0.14    1.94 ^ _212_/X (sky130_fd_sc_hd__and3_1)
                                         _103_ (net)
                  0.07    0.00    1.94 ^ _213_/A (sky130_fd_sc_hd__buf_1)
     2    0.02    0.15    0.14    2.08 ^ _213_/X (sky130_fd_sc_hd__buf_1)
                                         _023_ (net)
                  0.15    0.00    2.08 ^ _336_/D (sky130_fd_sc_hd__dfrtp_1)
                                  2.08   data arrival time

                         10.00   10.00   clock core_clock (rise edge)
                          0.00   10.00   clock source latency
     1    0.02    0.00    0.00   10.00 ^ clk (in)
                                         clk (net)
                  0.00    0.00   10.00 ^ clkbuf_0_clk/A (sky130_fd_sc_hd__clkbuf_16)
     4    0.05    0.05    0.09   10.09 ^ clkbuf_0_clk/X (sky130_fd_sc_hd__clkbuf_16)
                                         clknet_0_clk (net)
                  0.05    0.00   10.09 ^ clkbuf_2_0__f_clk/A (sky130_fd_sc_hd__clkbuf_16)
     9    0.04    0.04    0.10   10.20 ^ clkbuf_2_0__f_clk/X (sky130_fd_sc_hd__clkbuf_16)
                                         clknet_2_0__leaf_clk (net)
                  0.04    0.00   10.20 ^ _336_/CLK (sky130_fd_sc_hd__dfrtp_1)
                          0.00   10.20   clock reconvergence pessimism
                         -0.04   10.15   library setup time
                                 10.15   data required time
-----------------------------------------------------------------------------
                                 10.15   data required time
                                 -2.08   data arrival time
-----------------------------------------------------------------------------
                                  8.07   slack (MET)


Startpoint: _330_ (rising edge-triggered flip-flop clocked by core_clock)
Endpoint: _349_ (rising edge-triggered flip-flop clocked by core_clock)
Path Group: core_clock
Path Type: max
Corner: Fastest

Fanout     Cap    Slew   Delay    Time   Description
-----------------------------------------------------------------------------
                          0.00    0.00   clock core_clock (rise edge)
                          0.00    0.00   clock source latency
     1    0.02    0.00    0.00    0.00 ^ clk (in)
                                         clk (net)
                  0.00    0.00    0.00 ^ clkbuf_0_clk/A (sky130_fd_sc_hd__clkbuf_16)
     4    0.05    0.05    0.09    0.09 ^ clkbuf_0_clk/X (sky130_fd_sc_hd__clkbuf_16)
                                         clknet_0_clk (net)
                  0.05    0.00    0.09 ^ clkbuf_2_3__f_clk/A (sky130_fd_sc_hd__clkbuf_16)
     9    0.03    0.04    0.10    0.19 ^ clkbuf_2_3__f_clk/X (sky130_fd_sc_hd__clkbuf_16)
                                         clknet_2_3__leaf_clk (net)
                  0.04    0.00    0.19 ^ _330_/CLK (sky130_fd_sc_hd__dfrtp_4)
     7    0.05    0.09    0.35    0.54 v _330_/Q (sky130_fd_sc_hd__dfrtp_4)
                                         one_second_counter[0] (net)
                  0.09    0.00    0.55 v _177_/D (sky130_fd_sc_hd__and4_4)
     8    0.06    0.08    0.20    0.75 v _177_/X (sky130_fd_sc_hd__and4_4)
                                         _075_ (net)
                  0.08    0.00    0.75 v _179_/A (sky130_fd_sc_hd__and2_2)
     5    0.05    0.09    0.19    0.94 v _179_/X (sky130_fd_sc_hd__and2_2)
                                         _077_ (net)
                  0.09    0.00    0.94 v _184_/A2 (sky130_fd_sc_hd__o31a_1)
     1    0.02    0.07    0.23    1.17 v _184_/X (sky130_fd_sc_hd__o31a_1)
                                         _082_ (net)
                  0.07    0.00    1.17 v _186_/A2 (sky130_fd_sc_hd__o211ai_4)
     2    0.02    0.18    0.17    1.34 ^ _186_/Y (sky130_fd_sc_hd__o211ai_4)
                                         _084_ (net)
                  0.18    0.00    1.34 ^ _187_/A2 (sky130_fd_sc_hd__a21bo_2)
     9    0.06    0.23    0.24    1.59 ^ _187_/X (sky130_fd_sc_hd__a21bo_2)
                                         _085_ (net)
                  0.23    0.00    1.59 ^ _202_/A (sky130_fd_sc_hd__buf_2)
    10    0.05    0.19    0.21    1.80 ^ _202_/X (sky130_fd_sc_hd__buf_2)
                                         _095_ (net)
                  0.19    0.00    1.81 ^ _260_/A (sky130_fd_sc_hd__and3_1)
     1    0.01    0.11    0.16    1.97 ^ _260_/X (sky130_fd_sc_hd__and3_1)
                                         _138_ (net)
                  0.11    0.00    1.97 ^ _261_/A (sky130_fd_sc_hd__buf_1)
     1    0.01    0.11    0.11    2.08 ^ _261_/X (sky130_fd_sc_hd__buf_1)
                                         _010_ (net)
                  0.11    0.00    2.08 ^ _349_/D (sky130_fd_sc_hd__dfrtp_4)
                                  2.08   data arrival time

                         10.00   10.00   clock core_clock (rise edge)
                          0.00   10.00   clock source latency
     1    0.02    0.00    0.00   10.00 ^ clk (in)
                                         clk (net)
                  0.00    0.00   10.00 ^ clkbuf_0_clk/A (sky130_fd_sc_hd__clkbuf_16)
     4    0.05    0.05    0.09   10.09 ^ clkbuf_0_clk/X (sky130_fd_sc_hd__clkbuf_16)
                                         clknet_0_clk (net)
                  0.05    0.00   10.09 ^ clkbuf_2_0__f_clk/A (sky130_fd_sc_hd__clkbuf_16)
     9    0.04    0.04    0.10   10.20 ^ clkbuf_2_0__f_clk/X (sky130_fd_sc_hd__clkbuf_16)
                                         clknet_2_0__leaf_clk (net)
                  0.04    0.00   10.20 ^ _349_/CLK (sky130_fd_sc_hd__dfrtp_4)
                          0.00   10.20   clock reconvergence pessimism
                         -0.04   10.15   library setup time
                                 10.15   data required time
-----------------------------------------------------------------------------
                                 10.15   data required time
                                 -2.08   data arrival time
-----------------------------------------------------------------------------
                                  8.07   slack (MET)


Startpoint: _330_ (rising edge-triggered flip-flop clocked by core_clock)
Endpoint: _347_ (rising edge-triggered flip-flop clocked by core_clock)
Path Group: core_clock
Path Type: max
Corner: Fastest

Fanout     Cap    Slew   Delay    Time   Description
-----------------------------------------------------------------------------
                          0.00    0.00   clock core_clock (rise edge)
                          0.00    0.00   clock source latency
     1    0.02    0.00    0.00    0.00 ^ clk (in)
                                         clk (net)
                  0.00    0.00    0.00 ^ clkbuf_0_clk/A (sky130_fd_sc_hd__clkbuf_16)
     4    0.05    0.05    0.09    0.09 ^ clkbuf_0_clk/X (sky130_fd_sc_hd__clkbuf_16)
                                         clknet_0_clk (net)
                  0.05    0.00    0.09 ^ clkbuf_2_3__f_clk/A (sky130_fd_sc_hd__clkbuf_16)
     9    0.03    0.04    0.10    0.19 ^ clkbuf_2_3__f_clk/X (sky130_fd_sc_hd__clkbuf_16)
                                         clknet_2_3__leaf_clk (net)
                  0.04    0.00    0.19 ^ _330_/CLK (sky130_fd_sc_hd__dfrtp_4)
     7    0.05    0.09    0.35    0.54 v _330_/Q (sky130_fd_sc_hd__dfrtp_4)
                                         one_second_counter[0] (net)
                  0.09    0.00    0.55 v _177_/D (sky130_fd_sc_hd__and4_4)
     8    0.06    0.08    0.20    0.75 v _177_/X (sky130_fd_sc_hd__and4_4)
                                         _075_ (net)
                  0.08    0.00    0.75 v _179_/A (sky130_fd_sc_hd__and2_2)
     5    0.05    0.09    0.19    0.94 v _179_/X (sky130_fd_sc_hd__and2_2)
                                         _077_ (net)
                  0.09    0.00    0.94 v _184_/A2 (sky130_fd_sc_hd__o31a_1)
     1    0.02    0.07    0.23    1.17 v _184_/X (sky130_fd_sc_hd__o31a_1)
                                         _082_ (net)
                  0.07    0.00    1.17 v _186_/A2 (sky130_fd_sc_hd__o211ai_4)
     2    0.02    0.18    0.17    1.34 ^ _186_/Y (sky130_fd_sc_hd__o211ai_4)
                                         _084_ (net)
                  0.18    0.00    1.34 ^ _187_/A2 (sky130_fd_sc_hd__a21bo_2)
     9    0.06    0.23    0.24    1.59 ^ _187_/X (sky130_fd_sc_hd__a21bo_2)
                                         _085_ (net)
                  0.23    0.00    1.59 ^ _188_/A (sky130_fd_sc_hd__inv_2)
     2    0.02    0.08    0.06    1.65 v _188_/Y (sky130_fd_sc_hd__inv_2)
                                         _086_ (net)
                  0.08    0.00    1.65 v _189_/A (sky130_fd_sc_hd__clkbuf_4)
    10    0.07    0.10    0.18    1.83 v _189_/X (sky130_fd_sc_hd__clkbuf_4)
                                         _027_ (net)
                  0.10    0.00    1.84 v _252_/A (sky130_fd_sc_hd__nor2_1)
     1    0.02    0.20    0.20    2.04 ^ _252_/Y (sky130_fd_sc_hd__nor2_1)
                                         _008_ (net)
                  0.20    0.00    2.04 ^ _347_/D (sky130_fd_sc_hd__dfrtp_4)
                                  2.04   data arrival time

                         10.00   10.00   clock core_clock (rise edge)
                          0.00   10.00   clock source latency
     1    0.02    0.00    0.00   10.00 ^ clk (in)
                                         clk (net)
                  0.00    0.00   10.00 ^ clkbuf_0_clk/A (sky130_fd_sc_hd__clkbuf_16)
     4    0.05    0.05    0.09   10.09 ^ clkbuf_0_clk/X (sky130_fd_sc_hd__clkbuf_16)
                                         clknet_0_clk (net)
                  0.05    0.00   10.09 ^ clkbuf_2_3__f_clk/A (sky130_fd_sc_hd__clkbuf_16)
     9    0.03    0.04    0.10   10.19 ^ clkbuf_2_3__f_clk/X (sky130_fd_sc_hd__clkbuf_16)
                                         clknet_2_3__leaf_clk (net)
                  0.04    0.00   10.19 ^ _347_/CLK (sky130_fd_sc_hd__dfrtp_4)
                          0.00   10.19   clock reconvergence pessimism
                         -0.05   10.14   library setup time
                                 10.14   data required time
-----------------------------------------------------------------------------
                                 10.14   data required time
                                 -2.04   data arrival time
-----------------------------------------------------------------------------
                                  8.10   slack (MET)


Startpoint: _330_ (rising edge-triggered flip-flop clocked by core_clock)
Endpoint: _340_ (rising edge-triggered flip-flop clocked by core_clock)
Path Group: core_clock
Path Type: max
Corner: Fastest

Fanout     Cap    Slew   Delay    Time   Description
-----------------------------------------------------------------------------
                          0.00    0.00   clock core_clock (rise edge)
                          0.00    0.00   clock source latency
     1    0.02    0.00    0.00    0.00 ^ clk (in)
                                         clk (net)
                  0.00    0.00    0.00 ^ clkbuf_0_clk/A (sky130_fd_sc_hd__clkbuf_16)
     4    0.05    0.05    0.09    0.09 ^ clkbuf_0_clk/X (sky130_fd_sc_hd__clkbuf_16)
                                         clknet_0_clk (net)
                  0.05    0.00    0.09 ^ clkbuf_2_3__f_clk/A (sky130_fd_sc_hd__clkbuf_16)
     9    0.03    0.04    0.10    0.19 ^ clkbuf_2_3__f_clk/X (sky130_fd_sc_hd__clkbuf_16)
                                         clknet_2_3__leaf_clk (net)
                  0.04    0.00    0.19 ^ _330_/CLK (sky130_fd_sc_hd__dfrtp_4)
     7    0.05    0.09    0.35    0.54 v _330_/Q (sky130_fd_sc_hd__dfrtp_4)
                                         one_second_counter[0] (net)
                  0.09    0.00    0.55 v _177_/D (sky130_fd_sc_hd__and4_4)
     8    0.06    0.08    0.20    0.75 v _177_/X (sky130_fd_sc_hd__and4_4)
                                         _075_ (net)
                  0.08    0.00    0.75 v _179_/A (sky130_fd_sc_hd__and2_2)
     5    0.05    0.09    0.19    0.94 v _179_/X (sky130_fd_sc_hd__and2_2)
                                         _077_ (net)
                  0.09    0.00    0.94 v _184_/A2 (sky130_fd_sc_hd__o31a_1)
     1    0.02    0.07    0.23    1.17 v _184_/X (sky130_fd_sc_hd__o31a_1)
                                         _082_ (net)
                  0.07    0.00    1.17 v _186_/A2 (sky130_fd_sc_hd__o211ai_4)
     2    0.02    0.18    0.17    1.34 ^ _186_/Y (sky130_fd_sc_hd__o211ai_4)
                                         _084_ (net)
                  0.18    0.00    1.34 ^ _187_/A2 (sky130_fd_sc_hd__a21bo_2)
     9    0.06    0.23    0.24    1.59 ^ _187_/X (sky130_fd_sc_hd__a21bo_2)
                                         _085_ (net)
                  0.23    0.00    1.59 ^ _202_/A (sky130_fd_sc_hd__buf_2)
    10    0.05    0.19    0.21    1.80 ^ _202_/X (sky130_fd_sc_hd__buf_2)
                                         _095_ (net)
                  0.19    0.00    1.80 ^ _225_/A (sky130_fd_sc_hd__and3_1)
     1    0.01    0.07    0.14    1.94 ^ _225_/X (sky130_fd_sc_hd__and3_1)
                                         _112_ (net)
                  0.07    0.00    1.94 ^ _226_/A (sky130_fd_sc_hd__clkbuf_1)
     1    0.01    0.09    0.10    2.04 ^ _226_/X (sky130_fd_sc_hd__clkbuf_1)
                                         _001_ (net)
                  0.09    0.00    2.04 ^ _340_/D (sky130_fd_sc_hd__dfrtp_4)
                                  2.04   data arrival time

                         10.00   10.00   clock core_clock (rise edge)
                          0.00   10.00   clock source latency
     1    0.02    0.00    0.00   10.00 ^ clk (in)
                                         clk (net)
                  0.00    0.00   10.00 ^ clkbuf_0_clk/A (sky130_fd_sc_hd__clkbuf_16)
     4    0.05    0.05    0.09   10.09 ^ clkbuf_0_clk/X (sky130_fd_sc_hd__clkbuf_16)
                                         clknet_0_clk (net)
                  0.05    0.00   10.09 ^ clkbuf_2_2__f_clk/A (sky130_fd_sc_hd__clkbuf_16)
     7    0.03    0.04    0.10   10.19 ^ clkbuf_2_2__f_clk/X (sky130_fd_sc_hd__clkbuf_16)
                                         clknet_2_2__leaf_clk (net)
                  0.04    0.00   10.19 ^ _340_/CLK (sky130_fd_sc_hd__dfrtp_4)
                          0.00   10.19   clock reconvergence pessimism
                         -0.04   10.15   library setup time
                                 10.15   data required time
-----------------------------------------------------------------------------
                                 10.15   data required time
                                 -2.04   data arrival time
-----------------------------------------------------------------------------
                                  8.11   slack (MET)


Startpoint: _330_ (rising edge-triggered flip-flop clocked by core_clock)
Endpoint: _339_ (rising edge-triggered flip-flop clocked by core_clock)
Path Group: core_clock
Path Type: max
Corner: Fastest

Fanout     Cap    Slew   Delay    Time   Description
-----------------------------------------------------------------------------
                          0.00    0.00   clock core_clock (rise edge)
                          0.00    0.00   clock source latency
     1    0.02    0.00    0.00    0.00 ^ clk (in)
                                         clk (net)
                  0.00    0.00    0.00 ^ clkbuf_0_clk/A (sky130_fd_sc_hd__clkbuf_16)
     4    0.05    0.05    0.09    0.09 ^ clkbuf_0_clk/X (sky130_fd_sc_hd__clkbuf_16)
                                         clknet_0_clk (net)
                  0.05    0.00    0.09 ^ clkbuf_2_3__f_clk/A (sky130_fd_sc_hd__clkbuf_16)
     9    0.03    0.04    0.10    0.19 ^ clkbuf_2_3__f_clk/X (sky130_fd_sc_hd__clkbuf_16)
                                         clknet_2_3__leaf_clk (net)
                  0.04    0.00    0.19 ^ _330_/CLK (sky130_fd_sc_hd__dfrtp_4)
     7    0.05    0.09    0.35    0.54 v _330_/Q (sky130_fd_sc_hd__dfrtp_4)
                                         one_second_counter[0] (net)
                  0.09    0.00    0.55 v _177_/D (sky130_fd_sc_hd__and4_4)
     8    0.06    0.08    0.20    0.75 v _177_/X (sky130_fd_sc_hd__and4_4)
                                         _075_ (net)
                  0.08    0.00    0.75 v _179_/A (sky130_fd_sc_hd__and2_2)
     5    0.05    0.09    0.19    0.94 v _179_/X (sky130_fd_sc_hd__and2_2)
                                         _077_ (net)
                  0.09    0.00    0.94 v _184_/A2 (sky130_fd_sc_hd__o31a_1)
     1    0.02    0.07    0.23    1.17 v _184_/X (sky130_fd_sc_hd__o31a_1)
                                         _082_ (net)
                  0.07    0.00    1.17 v _186_/A2 (sky130_fd_sc_hd__o211ai_4)
     2    0.02    0.18    0.17    1.34 ^ _186_/Y (sky130_fd_sc_hd__o211ai_4)
                                         _084_ (net)
                  0.18    0.00    1.34 ^ _187_/A2 (sky130_fd_sc_hd__a21bo_2)
     9    0.06    0.23    0.24    1.59 ^ _187_/X (sky130_fd_sc_hd__a21bo_2)
                                         _085_ (net)
                  0.23    0.00    1.59 ^ _188_/A (sky130_fd_sc_hd__inv_2)
     2    0.02    0.08    0.06    1.65 v _188_/Y (sky130_fd_sc_hd__inv_2)
                                         _086_ (net)
                  0.08    0.00    1.65 v _189_/A (sky130_fd_sc_hd__clkbuf_4)
    10    0.07    0.10    0.18    1.83 v _189_/X (sky130_fd_sc_hd__clkbuf_4)
                                         _027_ (net)
                  0.10    0.00    1.84 v _222_/A (sky130_fd_sc_hd__nor3_1)
     1    0.01    0.16    0.18    2.02 ^ _222_/Y (sky130_fd_sc_hd__nor3_1)
                                         _026_ (net)
                  0.16    0.00    2.02 ^ _339_/D (sky130_fd_sc_hd__dfrtp_1)
                                  2.02   data arrival time

                         10.00   10.00   clock core_clock (rise edge)
                          0.00   10.00   clock source latency
     1    0.02    0.00    0.00   10.00 ^ clk (in)
                                         clk (net)
                  0.00    0.00   10.00 ^ clkbuf_0_clk/A (sky130_fd_sc_hd__clkbuf_16)
     4    0.05    0.05    0.09   10.09 ^ clkbuf_0_clk/X (sky130_fd_sc_hd__clkbuf_16)
                                         clknet_0_clk (net)
                  0.05    0.00   10.09 ^ clkbuf_2_0__f_clk/A (sky130_fd_sc_hd__clkbuf_16)
     9    0.04    0.04    0.10   10.20 ^ clkbuf_2_0__f_clk/X (sky130_fd_sc_hd__clkbuf_16)
                                         clknet_2_0__leaf_clk (net)
                  0.04    0.00   10.20 ^ _339_/CLK (sky130_fd_sc_hd__dfrtp_1)
                          0.00   10.20   clock reconvergence pessimism
                         -0.05   10.15   library setup time
                                 10.15   data required time
-----------------------------------------------------------------------------
                                 10.15   data required time
                                 -2.02   data arrival time
-----------------------------------------------------------------------------
                                  8.13   slack (MET)


Startpoint: _330_ (rising edge-triggered flip-flop clocked by core_clock)
Endpoint: _343_ (rising edge-triggered flip-flop clocked by core_clock)
Path Group: core_clock
Path Type: max
Corner: Fastest

Fanout     Cap    Slew   Delay    Time   Description
-----------------------------------------------------------------------------
                          0.00    0.00   clock core_clock (rise edge)
                          0.00    0.00   clock source latency
     1    0.02    0.00    0.00    0.00 ^ clk (in)
                                         clk (net)
                  0.00    0.00    0.00 ^ clkbuf_0_clk/A (sky130_fd_sc_hd__clkbuf_16)
     4    0.05    0.05    0.09    0.09 ^ clkbuf_0_clk/X (sky130_fd_sc_hd__clkbuf_16)
                                         clknet_0_clk (net)
                  0.05    0.00    0.09 ^ clkbuf_2_3__f_clk/A (sky130_fd_sc_hd__clkbuf_16)
     9    0.03    0.04    0.10    0.19 ^ clkbuf_2_3__f_clk/X (sky130_fd_sc_hd__clkbuf_16)
                                         clknet_2_3__leaf_clk (net)
                  0.04    0.00    0.19 ^ _330_/CLK (sky130_fd_sc_hd__dfrtp_4)
     7    0.05    0.09    0.35    0.54 v _330_/Q (sky130_fd_sc_hd__dfrtp_4)
                                         one_second_counter[0] (net)
                  0.09    0.00    0.55 v _177_/D (sky130_fd_sc_hd__and4_4)
     8    0.06    0.08    0.20    0.75 v _177_/X (sky130_fd_sc_hd__and4_4)
                                         _075_ (net)
                  0.08    0.00    0.75 v _179_/A (sky130_fd_sc_hd__and2_2)
     5    0.05    0.09    0.19    0.94 v _179_/X (sky130_fd_sc_hd__and2_2)
                                         _077_ (net)
                  0.09    0.00    0.94 v _184_/A2 (sky130_fd_sc_hd__o31a_1)
     1    0.02    0.07    0.23    1.17 v _184_/X (sky130_fd_sc_hd__o31a_1)
                                         _082_ (net)
                  0.07    0.00    1.17 v _186_/A2 (sky130_fd_sc_hd__o211ai_4)
     2    0.02    0.18    0.17    1.34 ^ _186_/Y (sky130_fd_sc_hd__o211ai_4)
                                         _084_ (net)
                  0.18    0.00    1.34 ^ _187_/A2 (sky130_fd_sc_hd__a21bo_2)
     9    0.06    0.23    0.24    1.59 ^ _187_/X (sky130_fd_sc_hd__a21bo_2)
                                         _085_ (net)
                  0.23    0.00    1.59 ^ _202_/A (sky130_fd_sc_hd__buf_2)
    10    0.05    0.19    0.21    1.80 ^ _202_/X (sky130_fd_sc_hd__buf_2)
                                         _095_ (net)
                  0.19    0.00    1.81 ^ _236_/A (sky130_fd_sc_hd__and3_1)
     1    0.01    0.09    0.15    1.96 ^ _236_/X (sky130_fd_sc_hd__and3_1)
                                         _120_ (net)
                  0.09    0.00    1.96 ^ _237_/A (sky130_fd_sc_hd__clkbuf_1)
     1    0.00    0.03    0.06    2.02 ^ _237_/X (sky130_fd_sc_hd__clkbuf_1)
                                         _004_ (net)
                  0.03    0.00    2.02 ^ _343_/D (sky130_fd_sc_hd__dfrtp_2)
                                  2.02   data arrival time

                         10.00   10.00   clock core_clock (rise edge)
                          0.00   10.00   clock source latency
     1    0.02    0.00    0.00   10.00 ^ clk (in)
                                         clk (net)
                  0.00    0.00   10.00 ^ clkbuf_0_clk/A (sky130_fd_sc_hd__clkbuf_16)
     4    0.05    0.05    0.09   10.09 ^ clkbuf_0_clk/X (sky130_fd_sc_hd__clkbuf_16)
                                         clknet_0_clk (net)
                  0.05    0.00   10.09 ^ clkbuf_2_2__f_clk/A (sky130_fd_sc_hd__clkbuf_16)
     7    0.03    0.04    0.10   10.19 ^ clkbuf_2_2__f_clk/X (sky130_fd_sc_hd__clkbuf_16)
                                         clknet_2_2__leaf_clk (net)
                  0.04    0.00   10.19 ^ _343_/CLK (sky130_fd_sc_hd__dfrtp_2)
                          0.00   10.19   clock reconvergence pessimism
                         -0.04   10.16   library setup time
                                 10.16   data required time
-----------------------------------------------------------------------------
                                 10.16   data required time
                                 -2.02   data arrival time
-----------------------------------------------------------------------------
                                  8.14   slack (MET)


Startpoint: _330_ (rising edge-triggered flip-flop clocked by core_clock)
Endpoint: _356_ (rising edge-triggered flip-flop clocked by core_clock)
Path Group: core_clock
Path Type: max
Corner: Fastest

Fanout     Cap    Slew   Delay    Time   Description
-----------------------------------------------------------------------------
                          0.00    0.00   clock core_clock (rise edge)
                          0.00    0.00   clock source latency
     1    0.02    0.00    0.00    0.00 ^ clk (in)
                                         clk (net)
                  0.00    0.00    0.00 ^ clkbuf_0_clk/A (sky130_fd_sc_hd__clkbuf_16)
     4    0.05    0.05    0.09    0.09 ^ clkbuf_0_clk/X (sky130_fd_sc_hd__clkbuf_16)
                                         clknet_0_clk (net)
                  0.05    0.00    0.09 ^ clkbuf_2_3__f_clk/A (sky130_fd_sc_hd__clkbuf_16)
     9    0.03    0.04    0.10    0.19 ^ clkbuf_2_3__f_clk/X (sky130_fd_sc_hd__clkbuf_16)
                                         clknet_2_3__leaf_clk (net)
                  0.04    0.00    0.19 ^ _330_/CLK (sky130_fd_sc_hd__dfrtp_4)
     7    0.05    0.12    0.32    0.52 ^ _330_/Q (sky130_fd_sc_hd__dfrtp_4)
                                         one_second_counter[0] (net)
                  0.12    0.00    0.52 ^ _177_/D (sky130_fd_sc_hd__and4_4)
     8    0.06    0.15    0.23    0.75 ^ _177_/X (sky130_fd_sc_hd__and4_4)
                                         _075_ (net)
                  0.15    0.01    0.75 ^ _221_/C (sky130_fd_sc_hd__and4_2)
     6    0.04    0.17    0.25    1.01 ^ _221_/X (sky130_fd_sc_hd__and4_2)
                                         _109_ (net)
                  0.17    0.00    1.01 ^ _244_/D (sky130_fd_sc_hd__and4_1)
     2    0.03    0.24    0.28    1.29 ^ _244_/X (sky130_fd_sc_hd__and4_1)
                                         _126_ (net)
                  0.24    0.00    1.29 ^ _245_/A (sky130_fd_sc_hd__clkbuf_4)
    10    0.07    0.15    0.22    1.51 ^ _245_/X (sky130_fd_sc_hd__clkbuf_4)
                                         _127_ (net)
                  0.15    0.01    1.51 ^ _277_/B (sky130_fd_sc_hd__and3_2)
     4    0.04    0.17    0.23    1.74 ^ _277_/X (sky130_fd_sc_hd__and3_2)
                                         _150_ (net)
                  0.17    0.00    1.75 ^ _283_/B1 (sky130_fd_sc_hd__a21o_1)
     1    0.02    0.14    0.13    1.88 ^ _283_/X (sky130_fd_sc_hd__a21o_1)
                                         _154_ (net)
                  0.14    0.00    1.88 ^ _284_/C1 (sky130_fd_sc_hd__o211a_1)
     1    0.01    0.07    0.11    1.98 ^ _284_/X (sky130_fd_sc_hd__o211a_1)
                                         _018_ (net)
                  0.07    0.00    1.98 ^ _356_/D (sky130_fd_sc_hd__dfrtp_1)
                                  1.98   data arrival time

                         10.00   10.00   clock core_clock (rise edge)
                          0.00   10.00   clock source latency
     1    0.02    0.00    0.00   10.00 ^ clk (in)
                                         clk (net)
                  0.00    0.00   10.00 ^ clkbuf_0_clk/A (sky130_fd_sc_hd__clkbuf_16)
     4    0.05    0.05    0.09   10.09 ^ clkbuf_0_clk/X (sky130_fd_sc_hd__clkbuf_16)
                                         clknet_0_clk (net)
                  0.05    0.00   10.09 ^ clkbuf_2_0__f_clk/A (sky130_fd_sc_hd__clkbuf_16)
     9    0.04    0.04    0.10   10.20 ^ clkbuf_2_0__f_clk/X (sky130_fd_sc_hd__clkbuf_16)
                                         clknet_2_0__leaf_clk (net)
                  0.04    0.00   10.20 ^ _356_/CLK (sky130_fd_sc_hd__dfrtp_1)
                          0.00   10.20   clock reconvergence pessimism
                         -0.04   10.16   library setup time
                                 10.16   data required time
-----------------------------------------------------------------------------
                                 10.16   data required time
                                 -1.98   data arrival time
-----------------------------------------------------------------------------
                                  8.18   slack (MET)


Startpoint: _330_ (rising edge-triggered flip-flop clocked by core_clock)
Endpoint: _331_ (rising edge-triggered flip-flop clocked by core_clock)
Path Group: core_clock
Path Type: max
Corner: Fastest

Fanout     Cap    Slew   Delay    Time   Description
-----------------------------------------------------------------------------
                          0.00    0.00   clock core_clock (rise edge)
                          0.00    0.00   clock source latency
     1    0.02    0.00    0.00    0.00 ^ clk (in)
                                         clk (net)
                  0.00    0.00    0.00 ^ clkbuf_0_clk/A (sky130_fd_sc_hd__clkbuf_16)
     4    0.05    0.05    0.09    0.09 ^ clkbuf_0_clk/X (sky130_fd_sc_hd__clkbuf_16)
                                         clknet_0_clk (net)
                  0.05    0.00    0.09 ^ clkbuf_2_3__f_clk/A (sky130_fd_sc_hd__clkbuf_16)
     9    0.03    0.04    0.10    0.19 ^ clkbuf_2_3__f_clk/X (sky130_fd_sc_hd__clkbuf_16)
                                         clknet_2_3__leaf_clk (net)
                  0.04    0.00    0.19 ^ _330_/CLK (sky130_fd_sc_hd__dfrtp_4)
     7    0.05    0.09    0.35    0.54 v _330_/Q (sky130_fd_sc_hd__dfrtp_4)
                                         one_second_counter[0] (net)
                  0.09    0.00    0.55 v _177_/D (sky130_fd_sc_hd__and4_4)
     8    0.06    0.08    0.20    0.75 v _177_/X (sky130_fd_sc_hd__and4_4)
                                         _075_ (net)
                  0.08    0.00    0.75 v _179_/A (sky130_fd_sc_hd__and2_2)
     5    0.05    0.09    0.19    0.94 v _179_/X (sky130_fd_sc_hd__and2_2)
                                         _077_ (net)
                  0.09    0.00    0.94 v _184_/A2 (sky130_fd_sc_hd__o31a_1)
     1    0.02    0.07    0.23    1.17 v _184_/X (sky130_fd_sc_hd__o31a_1)
                                         _082_ (net)
                  0.07    0.00    1.17 v _186_/A2 (sky130_fd_sc_hd__o211ai_4)
     2    0.02    0.18    0.17    1.34 ^ _186_/Y (sky130_fd_sc_hd__o211ai_4)
                                         _084_ (net)
                  0.18    0.00    1.34 ^ _187_/A2 (sky130_fd_sc_hd__a21bo_2)
     9    0.06    0.23    0.24    1.59 ^ _187_/X (sky130_fd_sc_hd__a21bo_2)
                                         _085_ (net)
                  0.23    0.00    1.59 ^ _193_/B (sky130_fd_sc_hd__and3_1)
     1    0.03    0.20    0.24    1.83 ^ _193_/X (sky130_fd_sc_hd__and3_1)
                                         _089_ (net)
                  0.20    0.00    1.83 ^ _194_/A (sky130_fd_sc_hd__buf_1)
     1    0.01    0.12    0.12    1.95 ^ _194_/X (sky130_fd_sc_hd__buf_1)
                                         _011_ (net)
                  0.12    0.00    1.95 ^ _331_/D (sky130_fd_sc_hd__dfrtp_4)
                                  1.95   data arrival time

                         10.00   10.00   clock core_clock (rise edge)
                          0.00   10.00   clock source latency
     1    0.02    0.00    0.00   10.00 ^ clk (in)
                                         clk (net)
                  0.00    0.00   10.00 ^ clkbuf_0_clk/A (sky130_fd_sc_hd__clkbuf_16)
     4    0.05    0.05    0.09   10.09 ^ clkbuf_0_clk/X (sky130_fd_sc_hd__clkbuf_16)
                                         clknet_0_clk (net)
                  0.05    0.00   10.09 ^ clkbuf_2_0__f_clk/A (sky130_fd_sc_hd__clkbuf_16)
     9    0.04    0.04    0.10   10.20 ^ clkbuf_2_0__f_clk/X (sky130_fd_sc_hd__clkbuf_16)
                                         clknet_2_0__leaf_clk (net)
                  0.04    0.00   10.20 ^ _331_/CLK (sky130_fd_sc_hd__dfrtp_4)
                          0.00   10.20   clock reconvergence pessimism
                         -0.05   10.15   library setup time
                                 10.15   data required time
-----------------------------------------------------------------------------
                                 10.15   data required time
                                 -1.95   data arrival time
-----------------------------------------------------------------------------
                                  8.20   slack (MET)


Startpoint: _330_ (rising edge-triggered flip-flop clocked by core_clock)
Endpoint: _332_ (rising edge-triggered flip-flop clocked by core_clock)
Path Group: core_clock
Path Type: max
Corner: Fastest

Fanout     Cap    Slew   Delay    Time   Description
-----------------------------------------------------------------------------
                          0.00    0.00   clock core_clock (rise edge)
                          0.00    0.00   clock source latency
     1    0.02    0.00    0.00    0.00 ^ clk (in)
                                         clk (net)
                  0.00    0.00    0.00 ^ clkbuf_0_clk/A (sky130_fd_sc_hd__clkbuf_16)
     4    0.05    0.05    0.09    0.09 ^ clkbuf_0_clk/X (sky130_fd_sc_hd__clkbuf_16)
                                         clknet_0_clk (net)
                  0.05    0.00    0.09 ^ clkbuf_2_3__f_clk/A (sky130_fd_sc_hd__clkbuf_16)
     9    0.03    0.04    0.10    0.19 ^ clkbuf_2_3__f_clk/X (sky130_fd_sc_hd__clkbuf_16)
                                         clknet_2_3__leaf_clk (net)
                  0.04    0.00    0.19 ^ _330_/CLK (sky130_fd_sc_hd__dfrtp_4)
     7    0.05    0.09    0.35    0.54 v _330_/Q (sky130_fd_sc_hd__dfrtp_4)
                                         one_second_counter[0] (net)
                  0.09    0.00    0.55 v _177_/D (sky130_fd_sc_hd__and4_4)
     8    0.06    0.08    0.20    0.75 v _177_/X (sky130_fd_sc_hd__and4_4)
                                         _075_ (net)
                  0.08    0.00    0.75 v _179_/A (sky130_fd_sc_hd__and2_2)
     5    0.05    0.09    0.19    0.94 v _179_/X (sky130_fd_sc_hd__and2_2)
                                         _077_ (net)
                  0.09    0.00    0.94 v _184_/A2 (sky130_fd_sc_hd__o31a_1)
     1    0.02    0.07    0.23    1.17 v _184_/X (sky130_fd_sc_hd__o31a_1)
                                         _082_ (net)
                  0.07    0.00    1.17 v _186_/A2 (sky130_fd_sc_hd__o211ai_4)
     2    0.02    0.18    0.17    1.34 ^ _186_/Y (sky130_fd_sc_hd__o211ai_4)
                                         _084_ (net)
                  0.18    0.00    1.34 ^ _187_/A2 (sky130_fd_sc_hd__a21bo_2)
     9    0.06    0.23    0.24    1.59 ^ _187_/X (sky130_fd_sc_hd__a21bo_2)
                                         _085_ (net)
                  0.23    0.00    1.59 ^ _197_/B (sky130_fd_sc_hd__and3_1)
     1    0.01    0.07    0.14    1.73 ^ _197_/X (sky130_fd_sc_hd__and3_1)
                                         _092_ (net)
                  0.07    0.00    1.73 ^ _198_/A (sky130_fd_sc_hd__buf_1)
     2    0.03    0.22    0.19    1.92 ^ _198_/X (sky130_fd_sc_hd__buf_1)
                                         _019_ (net)
                  0.22    0.00    1.92 ^ _332_/D (sky130_fd_sc_hd__dfrtp_4)
                                  1.92   data arrival time

                         10.00   10.00   clock core_clock (rise edge)
                          0.00   10.00   clock source latency
     1    0.02    0.00    0.00   10.00 ^ clk (in)
                                         clk (net)
                  0.00    0.00   10.00 ^ clkbuf_0_clk/A (sky130_fd_sc_hd__clkbuf_16)
     4    0.05    0.05    0.09   10.09 ^ clkbuf_0_clk/X (sky130_fd_sc_hd__clkbuf_16)
                                         clknet_0_clk (net)
                  0.05    0.00   10.09 ^ clkbuf_2_1__f_clk/A (sky130_fd_sc_hd__clkbuf_16)
    10    0.03    0.04    0.10   10.19 ^ clkbuf_2_1__f_clk/X (sky130_fd_sc_hd__clkbuf_16)
                                         clknet_2_1__leaf_clk (net)
                  0.04    0.00   10.20 ^ _332_/CLK (sky130_fd_sc_hd__dfrtp_4)
                          0.00   10.20   clock reconvergence pessimism
                         -0.06   10.14   library setup time
                                 10.14   data required time
-----------------------------------------------------------------------------
                                 10.14   data required time
                                 -1.92   data arrival time
-----------------------------------------------------------------------------
                                  8.22   slack (MET)


Startpoint: _330_ (rising edge-triggered flip-flop clocked by core_clock)
Endpoint: _348_ (rising edge-triggered flip-flop clocked by core_clock)
Path Group: core_clock
Path Type: max
Corner: Fastest

Fanout     Cap    Slew   Delay    Time   Description
-----------------------------------------------------------------------------
                          0.00    0.00   clock core_clock (rise edge)
                          0.00    0.00   clock source latency
     1    0.02    0.00    0.00    0.00 ^ clk (in)
                                         clk (net)
                  0.00    0.00    0.00 ^ clkbuf_0_clk/A (sky130_fd_sc_hd__clkbuf_16)
     4    0.05    0.05    0.09    0.09 ^ clkbuf_0_clk/X (sky130_fd_sc_hd__clkbuf_16)
                                         clknet_0_clk (net)
                  0.05    0.00    0.09 ^ clkbuf_2_3__f_clk/A (sky130_fd_sc_hd__clkbuf_16)
     9    0.03    0.04    0.10    0.19 ^ clkbuf_2_3__f_clk/X (sky130_fd_sc_hd__clkbuf_16)
                                         clknet_2_3__leaf_clk (net)
                  0.04    0.00    0.19 ^ _330_/CLK (sky130_fd_sc_hd__dfrtp_4)
     7    0.05    0.09    0.35    0.54 v _330_/Q (sky130_fd_sc_hd__dfrtp_4)
                                         one_second_counter[0] (net)
                  0.09    0.00    0.55 v _177_/D (sky130_fd_sc_hd__and4_4)
     8    0.06    0.08    0.20    0.75 v _177_/X (sky130_fd_sc_hd__and4_4)
                                         _075_ (net)
                  0.08    0.00    0.75 v _179_/A (sky130_fd_sc_hd__and2_2)
     5    0.05    0.09    0.19    0.94 v _179_/X (sky130_fd_sc_hd__and2_2)
                                         _077_ (net)
                  0.09    0.00    0.94 v _184_/A2 (sky130_fd_sc_hd__o31a_1)
     1    0.02    0.07    0.23    1.17 v _184_/X (sky130_fd_sc_hd__o31a_1)
                                         _082_ (net)
                  0.07    0.00    1.17 v _186_/A2 (sky130_fd_sc_hd__o211ai_4)
     2    0.02    0.18    0.17    1.34 ^ _186_/Y (sky130_fd_sc_hd__o211ai_4)
                                         _084_ (net)
                  0.18    0.00    1.34 ^ _187_/A2 (sky130_fd_sc_hd__a21bo_2)
     9    0.06    0.23    0.24    1.59 ^ _187_/X (sky130_fd_sc_hd__a21bo_2)
                                         _085_ (net)
                  0.23    0.00    1.59 ^ _202_/A (sky130_fd_sc_hd__buf_2)
    10    0.05    0.19    0.21    1.80 ^ _202_/X (sky130_fd_sc_hd__buf_2)
                                         _095_ (net)
                  0.19    0.00    1.80 ^ _255_/C1 (sky130_fd_sc_hd__o211a_1)
     1    0.01    0.09    0.12    1.93 ^ _255_/X (sky130_fd_sc_hd__o211a_1)
                                         _009_ (net)
                  0.09    0.00    1.93 ^ _348_/D (sky130_fd_sc_hd__dfrtp_4)
                                  1.93   data arrival time

                         10.00   10.00   clock core_clock (rise edge)
                          0.00   10.00   clock source latency
     1    0.02    0.00    0.00   10.00 ^ clk (in)
                                         clk (net)
                  0.00    0.00   10.00 ^ clkbuf_0_clk/A (sky130_fd_sc_hd__clkbuf_16)
     4    0.05    0.05    0.09   10.09 ^ clkbuf_0_clk/X (sky130_fd_sc_hd__clkbuf_16)
                                         clknet_0_clk (net)
                  0.05    0.00   10.09 ^ clkbuf_2_1__f_clk/A (sky130_fd_sc_hd__clkbuf_16)
    10    0.03    0.04    0.10   10.19 ^ clkbuf_2_1__f_clk/X (sky130_fd_sc_hd__clkbuf_16)
                                         clknet_2_1__leaf_clk (net)
                  0.04    0.00   10.20 ^ _348_/CLK (sky130_fd_sc_hd__dfrtp_4)
                          0.00   10.20   clock reconvergence pessimism
                         -0.04   10.15   library setup time
                                 10.15   data required time
-----------------------------------------------------------------------------
                                 10.15   data required time
                                 -1.93   data arrival time
-----------------------------------------------------------------------------
                                  8.22   slack (MET)


Startpoint: _330_ (rising edge-triggered flip-flop clocked by core_clock)
Endpoint: _338_ (rising edge-triggered flip-flop clocked by core_clock)
Path Group: core_clock
Path Type: max
Corner: Fastest

Fanout     Cap    Slew   Delay    Time   Description
-----------------------------------------------------------------------------
                          0.00    0.00   clock core_clock (rise edge)
                          0.00    0.00   clock source latency
     1    0.02    0.00    0.00    0.00 ^ clk (in)
                                         clk (net)
                  0.00    0.00    0.00 ^ clkbuf_0_clk/A (sky130_fd_sc_hd__clkbuf_16)
     4    0.05    0.05    0.09    0.09 ^ clkbuf_0_clk/X (sky130_fd_sc_hd__clkbuf_16)
                                         clknet_0_clk (net)
                  0.05    0.00    0.09 ^ clkbuf_2_3__f_clk/A (sky130_fd_sc_hd__clkbuf_16)
     9    0.03    0.04    0.10    0.19 ^ clkbuf_2_3__f_clk/X (sky130_fd_sc_hd__clkbuf_16)
                                         clknet_2_3__leaf_clk (net)
                  0.04    0.00    0.19 ^ _330_/CLK (sky130_fd_sc_hd__dfrtp_4)
     7    0.05    0.09    0.35    0.54 v _330_/Q (sky130_fd_sc_hd__dfrtp_4)
                                         one_second_counter[0] (net)
                  0.09    0.00    0.55 v _177_/D (sky130_fd_sc_hd__and4_4)
     8    0.06    0.08    0.20    0.75 v _177_/X (sky130_fd_sc_hd__and4_4)
                                         _075_ (net)
                  0.08    0.00    0.75 v _179_/A (sky130_fd_sc_hd__and2_2)
     5    0.05    0.09    0.19    0.94 v _179_/X (sky130_fd_sc_hd__and2_2)
                                         _077_ (net)
                  0.09    0.00    0.94 v _184_/A2 (sky130_fd_sc_hd__o31a_1)
     1    0.02    0.07    0.23    1.17 v _184_/X (sky130_fd_sc_hd__o31a_1)
                                         _082_ (net)
                  0.07    0.00    1.17 v _186_/A2 (sky130_fd_sc_hd__o211ai_4)
     2    0.02    0.18    0.17    1.34 ^ _186_/Y (sky130_fd_sc_hd__o211ai_4)
                                         _084_ (net)
                  0.18    0.00    1.34 ^ _187_/A2 (sky130_fd_sc_hd__a21bo_2)
     9    0.06    0.23    0.24    1.59 ^ _187_/X (sky130_fd_sc_hd__a21bo_2)
                                         _085_ (net)
                  0.23    0.00    1.59 ^ _218_/B (sky130_fd_sc_hd__and3_1)
     1    0.01    0.09    0.16    1.74 ^ _218_/X (sky130_fd_sc_hd__and3_1)
                                         _107_ (net)
                  0.09    0.00    1.75 ^ _219_/A (sky130_fd_sc_hd__buf_1)
     1    0.02    0.18    0.16    1.91 ^ _219_/X (sky130_fd_sc_hd__buf_1)
                                         _025_ (net)
                  0.18    0.00    1.91 ^ _338_/D (sky130_fd_sc_hd__dfrtp_4)
                                  1.91   data arrival time

                         10.00   10.00   clock core_clock (rise edge)
                          0.00   10.00   clock source latency
     1    0.02    0.00    0.00   10.00 ^ clk (in)
                                         clk (net)
                  0.00    0.00   10.00 ^ clkbuf_0_clk/A (sky130_fd_sc_hd__clkbuf_16)
     4    0.05    0.05    0.09   10.09 ^ clkbuf_0_clk/X (sky130_fd_sc_hd__clkbuf_16)
                                         clknet_0_clk (net)
                  0.05    0.00   10.09 ^ clkbuf_2_3__f_clk/A (sky130_fd_sc_hd__clkbuf_16)
     9    0.03    0.04    0.10   10.19 ^ clkbuf_2_3__f_clk/X (sky130_fd_sc_hd__clkbuf_16)
                                         clknet_2_3__leaf_clk (net)
                  0.04    0.00   10.19 ^ _338_/CLK (sky130_fd_sc_hd__dfrtp_4)
                          0.00   10.19   clock reconvergence pessimism
                         -0.05   10.14   library setup time
                                 10.14   data required time
-----------------------------------------------------------------------------
                                 10.14   data required time
                                 -1.91   data arrival time
-----------------------------------------------------------------------------
                                  8.23   slack (MET)


Startpoint: _330_ (rising edge-triggered flip-flop clocked by core_clock)
Endpoint: _357_ (rising edge-triggered flip-flop clocked by core_clock)
Path Group: core_clock
Path Type: max
Corner: Fastest

Fanout     Cap    Slew   Delay    Time   Description
-----------------------------------------------------------------------------
                          0.00    0.00   clock core_clock (rise edge)
                          0.00    0.00   clock source latency
     1    0.02    0.00    0.00    0.00 ^ clk (in)
                                         clk (net)
                  0.00    0.00    0.00 ^ clkbuf_0_clk/A (sky130_fd_sc_hd__clkbuf_16)
     4    0.05    0.05    0.09    0.09 ^ clkbuf_0_clk/X (sky130_fd_sc_hd__clkbuf_16)
                                         clknet_0_clk (net)
                  0.05    0.00    0.09 ^ clkbuf_2_3__f_clk/A (sky130_fd_sc_hd__clkbuf_16)
     9    0.03    0.04    0.10    0.19 ^ clkbuf_2_3__f_clk/X (sky130_fd_sc_hd__clkbuf_16)
                                         clknet_2_3__leaf_clk (net)
                  0.04    0.00    0.19 ^ _330_/CLK (sky130_fd_sc_hd__dfrtp_4)
     7    0.05    0.09    0.35    0.54 v _330_/Q (sky130_fd_sc_hd__dfrtp_4)
                                         one_second_counter[0] (net)
                  0.09    0.00    0.55 v _177_/D (sky130_fd_sc_hd__and4_4)
     8    0.06    0.08    0.20    0.75 v _177_/X (sky130_fd_sc_hd__and4_4)
                                         _075_ (net)
                  0.08    0.00    0.75 v _179_/A (sky130_fd_sc_hd__and2_2)
     5    0.05    0.09    0.19    0.94 v _179_/X (sky130_fd_sc_hd__and2_2)
                                         _077_ (net)
                  0.09    0.00    0.94 v _184_/A2 (sky130_fd_sc_hd__o31a_1)
     1    0.02    0.07    0.23    1.17 v _184_/X (sky130_fd_sc_hd__o31a_1)
                                         _082_ (net)
                  0.07    0.00    1.17 v _186_/A2 (sky130_fd_sc_hd__o211ai_4)
     2    0.02    0.18    0.17    1.34 ^ _186_/Y (sky130_fd_sc_hd__o211ai_4)
                                         _084_ (net)
                  0.18    0.00    1.34 ^ _187_/A2 (sky130_fd_sc_hd__a21bo_2)
     9    0.06    0.23    0.24    1.59 ^ _187_/X (sky130_fd_sc_hd__a21bo_2)
                                         _085_ (net)
                  0.23    0.00    1.59 ^ _188_/A (sky130_fd_sc_hd__inv_2)
     2    0.02    0.08    0.06    1.65 v _188_/Y (sky130_fd_sc_hd__inv_2)
                                         _086_ (net)
                  0.08    0.00    1.65 v _189_/A (sky130_fd_sc_hd__clkbuf_4)
    10    0.07    0.10    0.18    1.83 v _189_/X (sky130_fd_sc_hd__clkbuf_4)
                                         _027_ (net)
                  0.10    0.00    1.84 v _357_/D (sky130_fd_sc_hd__dfrtp_4)
                                  1.84   data arrival time

                         10.00   10.00   clock core_clock (rise edge)
                          0.00   10.00   clock source latency
     1    0.02    0.00    0.00   10.00 ^ clk (in)
                                         clk (net)
                  0.00    0.00   10.00 ^ clkbuf_0_clk/A (sky130_fd_sc_hd__clkbuf_16)
     4    0.05    0.05    0.09   10.09 ^ clkbuf_0_clk/X (sky130_fd_sc_hd__clkbuf_16)
                                         clknet_0_clk (net)
                  0.05    0.00   10.09 ^ clkbuf_2_0__f_clk/A (sky130_fd_sc_hd__clkbuf_16)
     9    0.04    0.04    0.10   10.20 ^ clkbuf_2_0__f_clk/X (sky130_fd_sc_hd__clkbuf_16)
                                         clknet_2_0__leaf_clk (net)
                  0.04    0.00   10.20 ^ _357_/CLK (sky130_fd_sc_hd__dfrtp_4)
                          0.00   10.20   clock reconvergence pessimism
                         -0.10   10.10   library setup time
                                 10.10   data required time
-----------------------------------------------------------------------------
                                 10.10   data required time
                                 -1.84   data arrival time
-----------------------------------------------------------------------------
                                  8.26   slack (MET)


Startpoint: _330_ (rising edge-triggered flip-flop clocked by core_clock)
Endpoint: _333_ (rising edge-triggered flip-flop clocked by core_clock)
Path Group: core_clock
Path Type: max
Corner: Fastest

Fanout     Cap    Slew   Delay    Time   Description
-----------------------------------------------------------------------------
                          0.00    0.00   clock core_clock (rise edge)
                          0.00    0.00   clock source latency
     1    0.02    0.00    0.00    0.00 ^ clk (in)
                                         clk (net)
                  0.00    0.00    0.00 ^ clkbuf_0_clk/A (sky130_fd_sc_hd__clkbuf_16)
     4    0.05    0.05    0.09    0.09 ^ clkbuf_0_clk/X (sky130_fd_sc_hd__clkbuf_16)
                                         clknet_0_clk (net)
                  0.05    0.00    0.09 ^ clkbuf_2_3__f_clk/A (sky130_fd_sc_hd__clkbuf_16)
     9    0.03    0.04    0.10    0.19 ^ clkbuf_2_3__f_clk/X (sky130_fd_sc_hd__clkbuf_16)
                                         clknet_2_3__leaf_clk (net)
                  0.04    0.00    0.19 ^ _330_/CLK (sky130_fd_sc_hd__dfrtp_4)
     7    0.05    0.09    0.35    0.54 v _330_/Q (sky130_fd_sc_hd__dfrtp_4)
                                         one_second_counter[0] (net)
                  0.09    0.00    0.55 v _177_/D (sky130_fd_sc_hd__and4_4)
     8    0.06    0.08    0.20    0.75 v _177_/X (sky130_fd_sc_hd__and4_4)
                                         _075_ (net)
                  0.08    0.00    0.75 v _179_/A (sky130_fd_sc_hd__and2_2)
     5    0.05    0.09    0.19    0.94 v _179_/X (sky130_fd_sc_hd__and2_2)
                                         _077_ (net)
                  0.09    0.00    0.94 v _184_/A2 (sky130_fd_sc_hd__o31a_1)
     1    0.02    0.07    0.23    1.17 v _184_/X (sky130_fd_sc_hd__o31a_1)
                                         _082_ (net)
                  0.07    0.00    1.17 v _186_/A2 (sky130_fd_sc_hd__o211ai_4)
     2    0.02    0.18    0.17    1.34 ^ _186_/Y (sky130_fd_sc_hd__o211ai_4)
                                         _084_ (net)
                  0.18    0.00    1.34 ^ _187_/A2 (sky130_fd_sc_hd__a21bo_2)
     9    0.06    0.23    0.24    1.59 ^ _187_/X (sky130_fd_sc_hd__a21bo_2)
                                         _085_ (net)
                  0.23    0.00    1.59 ^ _200_/B (sky130_fd_sc_hd__and3b_1)
     1    0.01    0.06    0.14    1.73 ^ _200_/X (sky130_fd_sc_hd__and3b_1)
                                         _094_ (net)
                  0.06    0.00    1.73 ^ _201_/A (sky130_fd_sc_hd__buf_1)
     1    0.02    0.16    0.14    1.87 ^ _201_/X (sky130_fd_sc_hd__buf_1)
                                         _020_ (net)
                  0.16    0.00    1.87 ^ _333_/D (sky130_fd_sc_hd__dfrtp_2)
                                  1.87   data arrival time

                         10.00   10.00   clock core_clock (rise edge)
                          0.00   10.00   clock source latency
     1    0.02    0.00    0.00   10.00 ^ clk (in)
                                         clk (net)
                  0.00    0.00   10.00 ^ clkbuf_0_clk/A (sky130_fd_sc_hd__clkbuf_16)
     4    0.05    0.05    0.09   10.09 ^ clkbuf_0_clk/X (sky130_fd_sc_hd__clkbuf_16)
                                         clknet_0_clk (net)
                  0.05    0.00   10.09 ^ clkbuf_2_3__f_clk/A (sky130_fd_sc_hd__clkbuf_16)
     9    0.03    0.04    0.10   10.19 ^ clkbuf_2_3__f_clk/X (sky130_fd_sc_hd__clkbuf_16)
                                         clknet_2_3__leaf_clk (net)
                  0.04    0.00   10.19 ^ _333_/CLK (sky130_fd_sc_hd__dfrtp_2)
                          0.00   10.19   clock reconvergence pessimism
                         -0.05   10.15   library setup time
                                 10.15   data required time
-----------------------------------------------------------------------------
                                 10.15   data required time
                                 -1.87   data arrival time
-----------------------------------------------------------------------------
                                  8.28   slack (MET)


Startpoint: _330_ (rising edge-triggered flip-flop clocked by core_clock)
Endpoint: _337_ (rising edge-triggered flip-flop clocked by core_clock)
Path Group: core_clock
Path Type: max
Corner: Fastest

Fanout     Cap    Slew   Delay    Time   Description
-----------------------------------------------------------------------------
                          0.00    0.00   clock core_clock (rise edge)
                          0.00    0.00   clock source latency
     1    0.02    0.00    0.00    0.00 ^ clk (in)
                                         clk (net)
                  0.00    0.00    0.00 ^ clkbuf_0_clk/A (sky130_fd_sc_hd__clkbuf_16)
     4    0.05    0.05    0.09    0.09 ^ clkbuf_0_clk/X (sky130_fd_sc_hd__clkbuf_16)
                                         clknet_0_clk (net)
                  0.05    0.00    0.09 ^ clkbuf_2_3__f_clk/A (sky130_fd_sc_hd__clkbuf_16)
     9    0.03    0.04    0.10    0.19 ^ clkbuf_2_3__f_clk/X (sky130_fd_sc_hd__clkbuf_16)
                                         clknet_2_3__leaf_clk (net)
                  0.04    0.00    0.19 ^ _330_/CLK (sky130_fd_sc_hd__dfrtp_4)
     7    0.05    0.09    0.35    0.54 v _330_/Q (sky130_fd_sc_hd__dfrtp_4)
                                         one_second_counter[0] (net)
                  0.09    0.00    0.55 v _177_/D (sky130_fd_sc_hd__and4_4)
     8    0.06    0.08    0.20    0.75 v _177_/X (sky130_fd_sc_hd__and4_4)
                                         _075_ (net)
                  0.08    0.00    0.75 v _179_/A (sky130_fd_sc_hd__and2_2)
     5    0.05    0.09    0.19    0.94 v _179_/X (sky130_fd_sc_hd__and2_2)
                                         _077_ (net)
                  0.09    0.00    0.94 v _184_/A2 (sky130_fd_sc_hd__o31a_1)
     1    0.02    0.07    0.23    1.17 v _184_/X (sky130_fd_sc_hd__o31a_1)
                                         _082_ (net)
                  0.07    0.00    1.17 v _186_/A2 (sky130_fd_sc_hd__o211ai_4)
     2    0.02    0.18    0.17    1.34 ^ _186_/Y (sky130_fd_sc_hd__o211ai_4)
                                         _084_ (net)
                  0.18    0.00    1.34 ^ _187_/A2 (sky130_fd_sc_hd__a21bo_2)
     9    0.06    0.23    0.24    1.59 ^ _187_/X (sky130_fd_sc_hd__a21bo_2)
                                         _085_ (net)
                  0.23    0.00    1.59 ^ _188_/A (sky130_fd_sc_hd__inv_2)
     2    0.02    0.08    0.06    1.65 v _188_/Y (sky130_fd_sc_hd__inv_2)
                                         _086_ (net)
                  0.08    0.00    1.66 v _215_/B1 (sky130_fd_sc_hd__a211oi_2)
     1    0.02    0.24    0.19    1.84 ^ _215_/Y (sky130_fd_sc_hd__a211oi_2)
                                         _024_ (net)
                  0.24    0.00    1.85 ^ _337_/D (sky130_fd_sc_hd__dfrtp_1)
                                  1.85   data arrival time

                         10.00   10.00   clock core_clock (rise edge)
                          0.00   10.00   clock source latency
     1    0.02    0.00    0.00   10.00 ^ clk (in)
                                         clk (net)
                  0.00    0.00   10.00 ^ clkbuf_0_clk/A (sky130_fd_sc_hd__clkbuf_16)
     4    0.05    0.05    0.09   10.09 ^ clkbuf_0_clk/X (sky130_fd_sc_hd__clkbuf_16)
                                         clknet_0_clk (net)
                  0.05    0.00   10.09 ^ clkbuf_2_0__f_clk/A (sky130_fd_sc_hd__clkbuf_16)
     9    0.04    0.04    0.10   10.20 ^ clkbuf_2_0__f_clk/X (sky130_fd_sc_hd__clkbuf_16)
                                         clknet_2_0__leaf_clk (net)
                  0.04    0.00   10.20 ^ _337_/CLK (sky130_fd_sc_hd__dfrtp_1)
                          0.00   10.20   clock reconvergence pessimism
                         -0.05   10.14   library setup time
                                 10.14   data required time
-----------------------------------------------------------------------------
                                 10.14   data required time
                                 -1.85   data arrival time
-----------------------------------------------------------------------------
                                  8.30   slack (MET)


Startpoint: _361_ (rising edge-triggered flip-flop clocked by core_clock)
Endpoint: _360_ (rising edge-triggered flip-flop clocked by core_clock)
Path Group: core_clock
Path Type: max
Corner: Fastest

Fanout     Cap    Slew   Delay    Time   Description
-----------------------------------------------------------------------------
                          0.00    0.00   clock core_clock (rise edge)
                          0.00    0.00   clock source latency
     1    0.02    0.00    0.00    0.00 ^ clk (in)
                                         clk (net)
                  0.00    0.00    0.00 ^ clkbuf_0_clk/A (sky130_fd_sc_hd__clkbuf_16)
     4    0.05    0.05    0.09    0.09 ^ clkbuf_0_clk/X (sky130_fd_sc_hd__clkbuf_16)
                                         clknet_0_clk (net)
                  0.05    0.00    0.09 ^ clkbuf_2_1__f_clk/A (sky130_fd_sc_hd__clkbuf_16)
    10    0.03    0.04    0.10    0.19 ^ clkbuf_2_1__f_clk/X (sky130_fd_sc_hd__clkbuf_16)
                                         clknet_2_1__leaf_clk (net)
                  0.04    0.00    0.20 ^ _361_/CLK (sky130_fd_sc_hd__dfrtp_4)
     6    0.06    0.09    0.36    0.55 v _361_/Q (sky130_fd_sc_hd__dfrtp_4)
                                         decoder.digit[3] (net)
                  0.09    0.00    0.55 v _165_/A (sky130_fd_sc_hd__nor2_2)
     2    0.03    0.27    0.25    0.80 ^ _165_/Y (sky130_fd_sc_hd__nor2_2)
                                         _066_ (net)
                  0.27    0.00    0.81 ^ _166_/B (sky130_fd_sc_hd__nand2_2)
     3    0.03    0.11    0.11    0.91 v _166_/Y (sky130_fd_sc_hd__nand2_2)
                                         _067_ (net)
                  0.11    0.00    0.92 v _167_/B (sky130_fd_sc_hd__nor2_1)
     3    0.03    0.33    0.28    1.20 ^ _167_/Y (sky130_fd_sc_hd__nor2_1)
                                         _068_ (net)
                  0.33    0.00    1.20 ^ _168_/A2_N (sky130_fd_sc_hd__o2bb2a_1)
     1    0.01    0.07    0.17    1.37 v _168_/X (sky130_fd_sc_hd__o2bb2a_1)
                                         _069_ (net)
                  0.07    0.00    1.37 v _169_/B (sky130_fd_sc_hd__and2_1)
     1    0.01    0.04    0.13    1.50 v _169_/X (sky130_fd_sc_hd__and2_1)
                                         _070_ (net)
                  0.04    0.00    1.50 v _170_/A (sky130_fd_sc_hd__clkbuf_1)
     1    0.01    0.04    0.08    1.57 v _170_/X (sky130_fd_sc_hd__clkbuf_1)
                                         _062_ (net)
                  0.04    0.00    1.57 v _360_/D (sky130_fd_sc_hd__dfrtp_4)
                                  1.57   data arrival time

                         10.00   10.00   clock core_clock (rise edge)
                          0.00   10.00   clock source latency
     1    0.02    0.00    0.00   10.00 ^ clk (in)
                                         clk (net)
                  0.00    0.00   10.00 ^ clkbuf_0_clk/A (sky130_fd_sc_hd__clkbuf_16)
     4    0.05    0.05    0.09   10.09 ^ clkbuf_0_clk/X (sky130_fd_sc_hd__clkbuf_16)
                                         clknet_0_clk (net)
                  0.05    0.00   10.09 ^ clkbuf_2_2__f_clk/A (sky130_fd_sc_hd__clkbuf_16)
     7    0.03    0.04    0.10   10.19 ^ clkbuf_2_2__f_clk/X (sky130_fd_sc_hd__clkbuf_16)
                                         clknet_2_2__leaf_clk (net)
                  0.04    0.00   10.19 ^ _360_/CLK (sky130_fd_sc_hd__dfrtp_4)
                          0.00   10.19   clock reconvergence pessimism
                         -0.07   10.12   library setup time
                                 10.12   data required time
-----------------------------------------------------------------------------
                                 10.12   data required time
                                 -1.57   data arrival time
-----------------------------------------------------------------------------
                                  8.55   slack (MET)


Startpoint: _361_ (rising edge-triggered flip-flop clocked by core_clock)
Endpoint: _358_ (rising edge-triggered flip-flop clocked by core_clock)
Path Group: core_clock
Path Type: max
Corner: Fastest

Fanout     Cap    Slew   Delay    Time   Description
-----------------------------------------------------------------------------
                          0.00    0.00   clock core_clock (rise edge)
                          0.00    0.00   clock source latency
     1    0.02    0.00    0.00    0.00 ^ clk (in)
                                         clk (net)
                  0.00    0.00    0.00 ^ clkbuf_0_clk/A (sky130_fd_sc_hd__clkbuf_16)
     4    0.05    0.05    0.09    0.09 ^ clkbuf_0_clk/X (sky130_fd_sc_hd__clkbuf_16)
                                         clknet_0_clk (net)
                  0.05    0.00    0.09 ^ clkbuf_2_1__f_clk/A (sky130_fd_sc_hd__clkbuf_16)
    10    0.03    0.04    0.10    0.19 ^ clkbuf_2_1__f_clk/X (sky130_fd_sc_hd__clkbuf_16)
                                         clknet_2_1__leaf_clk (net)
                  0.04    0.00    0.20 ^ _361_/CLK (sky130_fd_sc_hd__dfrtp_4)
     6    0.06    0.09    0.36    0.55 v _361_/Q (sky130_fd_sc_hd__dfrtp_4)
                                         decoder.digit[3] (net)
                  0.09    0.00    0.55 v _165_/A (sky130_fd_sc_hd__nor2_2)
     2    0.03    0.27    0.25    0.80 ^ _165_/Y (sky130_fd_sc_hd__nor2_2)
                                         _066_ (net)
                  0.27    0.00    0.81 ^ _166_/B (sky130_fd_sc_hd__nand2_2)
     3    0.03    0.11    0.11    0.91 v _166_/Y (sky130_fd_sc_hd__nand2_2)
                                         _067_ (net)
                  0.11    0.00    0.92 v _173_/A2 (sky130_fd_sc_hd__a21oi_1)
     1    0.01    0.11    0.15    1.06 ^ _173_/Y (sky130_fd_sc_hd__a21oi_1)
                                         _072_ (net)
                  0.11    0.00    1.06 ^ _174_/B1 (sky130_fd_sc_hd__a21oi_1)
     1    0.01    0.08    0.06    1.13 v _174_/Y (sky130_fd_sc_hd__a21oi_1)
                                         _060_ (net)
                  0.08    0.00    1.13 v _358_/D (sky130_fd_sc_hd__dfrtp_4)
                                  1.13   data arrival time

                         10.00   10.00   clock core_clock (rise edge)
                          0.00   10.00   clock source latency
     1    0.02    0.00    0.00   10.00 ^ clk (in)
                                         clk (net)
                  0.00    0.00   10.00 ^ clkbuf_0_clk/A (sky130_fd_sc_hd__clkbuf_16)
     4    0.05    0.05    0.09   10.09 ^ clkbuf_0_clk/X (sky130_fd_sc_hd__clkbuf_16)
                                         clknet_0_clk (net)
                  0.05    0.00   10.09 ^ clkbuf_2_1__f_clk/A (sky130_fd_sc_hd__clkbuf_16)
    10    0.03    0.04    0.10   10.19 ^ clkbuf_2_1__f_clk/X (sky130_fd_sc_hd__clkbuf_16)
                                         clknet_2_1__leaf_clk (net)
                  0.04    0.00   10.20 ^ _358_/CLK (sky130_fd_sc_hd__dfrtp_4)
                          0.00   10.20   clock reconvergence pessimism
                         -0.09   10.11   library setup time
                                 10.11   data required time
-----------------------------------------------------------------------------
                                 10.11   data required time
                                 -1.13   data arrival time
-----------------------------------------------------------------------------
                                  8.98   slack (MET)


Startpoint: _359_ (rising edge-triggered flip-flop clocked by core_clock)
Endpoint: _361_ (rising edge-triggered flip-flop clocked by core_clock)
Path Group: core_clock
Path Type: max
Corner: Fastest

Fanout     Cap    Slew   Delay    Time   Description
-----------------------------------------------------------------------------
                          0.00    0.00   clock core_clock (rise edge)
                          0.00    0.00   clock source latency
     1    0.02    0.00    0.00    0.00 ^ clk (in)
                                         clk (net)
                  0.00    0.00    0.00 ^ clkbuf_0_clk/A (sky130_fd_sc_hd__clkbuf_16)
     4    0.05    0.05    0.09    0.09 ^ clkbuf_0_clk/X (sky130_fd_sc_hd__clkbuf_16)
                                         clknet_0_clk (net)
                  0.05    0.00    0.09 ^ clkbuf_2_2__f_clk/A (sky130_fd_sc_hd__clkbuf_16)
     7    0.03    0.04    0.10    0.19 ^ clkbuf_2_2__f_clk/X (sky130_fd_sc_hd__clkbuf_16)
                                         clknet_2_2__leaf_clk (net)
                  0.04    0.00    0.19 ^ _359_/CLK (sky130_fd_sc_hd__dfrtp_4)
     7    0.06    0.15    0.34    0.53 ^ _359_/Q (sky130_fd_sc_hd__dfrtp_4)
                                         decoder.digit[1] (net)
                  0.15    0.00    0.54 ^ _162_/B (sky130_fd_sc_hd__and3_2)
     3    0.04    0.14    0.21    0.75 ^ _162_/X (sky130_fd_sc_hd__and3_2)
                                         _064_ (net)
                  0.14    0.00    0.75 ^ _163_/B (sky130_fd_sc_hd__nand2_1)
     2    0.02    0.11    0.12    0.86 v _163_/Y (sky130_fd_sc_hd__nand2_1)
                                         _065_ (net)
                  0.11    0.00    0.86 v _164_/B (sky130_fd_sc_hd__xnor2_1)
     1    0.01    0.17    0.18    1.05 ^ _164_/Y (sky130_fd_sc_hd__xnor2_1)
                                         _063_ (net)
                  0.17    0.00    1.05 ^ _361_/D (sky130_fd_sc_hd__dfrtp_4)
                                  1.05   data arrival time

                         10.00   10.00   clock core_clock (rise edge)
                          0.00   10.00   clock source latency
     1    0.02    0.00    0.00   10.00 ^ clk (in)
                                         clk (net)
                  0.00    0.00   10.00 ^ clkbuf_0_clk/A (sky130_fd_sc_hd__clkbuf_16)
     4    0.05    0.05    0.09   10.09 ^ clkbuf_0_clk/X (sky130_fd_sc_hd__clkbuf_16)
                                         clknet_0_clk (net)
                  0.05    0.00   10.09 ^ clkbuf_2_1__f_clk/A (sky130_fd_sc_hd__clkbuf_16)
    10    0.03    0.04    0.10   10.19 ^ clkbuf_2_1__f_clk/X (sky130_fd_sc_hd__clkbuf_16)
                                         clknet_2_1__leaf_clk (net)
                  0.04    0.00   10.20 ^ _361_/CLK (sky130_fd_sc_hd__dfrtp_4)
                          0.00   10.20   clock reconvergence pessimism
                         -0.05   10.14   library setup time
                                 10.14   data required time
-----------------------------------------------------------------------------
                                 10.14   data required time
                                 -1.05   data arrival time
-----------------------------------------------------------------------------
                                  9.10   slack (MET)


Startpoint: _358_ (rising edge-triggered flip-flop clocked by core_clock)
Endpoint: _359_ (rising edge-triggered flip-flop clocked by core_clock)
Path Group: core_clock
Path Type: max
Corner: Fastest

Fanout     Cap    Slew   Delay    Time   Description
-----------------------------------------------------------------------------
                          0.00    0.00   clock core_clock (rise edge)
                          0.00    0.00   clock source latency
     1    0.02    0.00    0.00    0.00 ^ clk (in)
                                         clk (net)
                  0.00    0.00    0.00 ^ clkbuf_0_clk/A (sky130_fd_sc_hd__clkbuf_16)
     4    0.05    0.05    0.09    0.09 ^ clkbuf_0_clk/X (sky130_fd_sc_hd__clkbuf_16)
                                         clknet_0_clk (net)
                  0.05    0.00    0.09 ^ clkbuf_2_1__f_clk/A (sky130_fd_sc_hd__clkbuf_16)
    10    0.03    0.04    0.10    0.19 ^ clkbuf_2_1__f_clk/X (sky130_fd_sc_hd__clkbuf_16)
                                         clknet_2_1__leaf_clk (net)
                  0.04    0.00    0.20 ^ _358_/CLK (sky130_fd_sc_hd__dfrtp_4)
     8    0.06    0.09    0.35    0.55 v _358_/Q (sky130_fd_sc_hd__dfrtp_4)
                                         decoder.digit[0] (net)
                  0.09    0.00    0.55 v _162_/C (sky130_fd_sc_hd__and3_2)
     3    0.04    0.08    0.21    0.76 v _162_/X (sky130_fd_sc_hd__and3_2)
                                         _064_ (net)
                  0.08    0.00    0.77 v _172_/A (sky130_fd_sc_hd__nor2_1)
     1    0.01    0.11    0.13    0.89 ^ _172_/Y (sky130_fd_sc_hd__nor2_1)
                                         _061_ (net)
                  0.11    0.00    0.89 ^ _359_/D (sky130_fd_sc_hd__dfrtp_4)
                                  0.89   data arrival time

                         10.00   10.00   clock core_clock (rise edge)
                          0.00   10.00   clock source latency
     1    0.02    0.00    0.00   10.00 ^ clk (in)
                                         clk (net)
                  0.00    0.00   10.00 ^ clkbuf_0_clk/A (sky130_fd_sc_hd__clkbuf_16)
     4    0.05    0.05    0.09   10.09 ^ clkbuf_0_clk/X (sky130_fd_sc_hd__clkbuf_16)
                                         clknet_0_clk (net)
                  0.05    0.00   10.09 ^ clkbuf_2_2__f_clk/A (sky130_fd_sc_hd__clkbuf_16)
     7    0.03    0.04    0.10   10.19 ^ clkbuf_2_2__f_clk/X (sky130_fd_sc_hd__clkbuf_16)
                                         clknet_2_2__leaf_clk (net)
                  0.04    0.00   10.19 ^ _359_/CLK (sky130_fd_sc_hd__dfrtp_4)
                          0.00   10.19   clock reconvergence pessimism
                         -0.05   10.15   library setup time
                                 10.15   data required time
-----------------------------------------------------------------------------
                                 10.15   data required time
                                 -0.89   data arrival time
-----------------------------------------------------------------------------
                                  9.26   slack (MET)



worst slack corner Fastest: 7.9274
======================= Slowest Corner ===================================

Startpoint: _342_ (rising edge-triggered flip-flop clocked by core_clock)
Endpoint: _341_ (rising edge-triggered flip-flop clocked by core_clock)
Path Group: core_clock
Path Type: max
Corner: Slowest

Fanout     Cap    Slew   Delay    Time   Description
-----------------------------------------------------------------------------
                          0.00    0.00   clock core_clock (rise edge)
                          0.00    0.00   clock source latency
     1    0.02    0.00    0.00    0.00 ^ clk (in)
                                         clk (net)
                  0.00    0.00    0.00 ^ clkbuf_0_clk/A (sky130_fd_sc_hd__clkbuf_16)
     4    0.05    0.10    0.23    0.23 ^ clkbuf_0_clk/X (sky130_fd_sc_hd__clkbuf_16)
                                         clknet_0_clk (net)
                  0.10    0.00    0.23 ^ clkbuf_2_3__f_clk/A (sky130_fd_sc_hd__clkbuf_16)
     9    0.03    0.08    0.25    0.49 ^ clkbuf_2_3__f_clk/X (sky130_fd_sc_hd__clkbuf_16)
                                         clknet_2_3__leaf_clk (net)
                  0.08    0.00    0.49 ^ _342_/CLK (sky130_fd_sc_hd__dfrtp_4)
     5    0.04    0.19    1.11    1.59 v _342_/Q (sky130_fd_sc_hd__dfrtp_4)
                                         one_second_counter[12] (net)
                  0.19    0.00    1.59 v _180_/C (sky130_fd_sc_hd__and4_1)
     2    0.02    0.20    0.57    2.17 v _180_/X (sky130_fd_sc_hd__and4_1)
                                         _078_ (net)
                  0.20    0.00    2.17 v _181_/D (sky130_fd_sc_hd__or4_1)
     1    0.01    0.22    1.07    3.24 v _181_/X (sky130_fd_sc_hd__or4_1)
                                         _079_ (net)
                  0.22    0.00    3.24 v _184_/A3 (sky130_fd_sc_hd__o31a_1)
     1    0.02    0.18    0.63    3.87 v _184_/X (sky130_fd_sc_hd__o31a_1)
                                         _082_ (net)
                  0.18    0.00    3.87 v _186_/A2 (sky130_fd_sc_hd__o211ai_4)
     2    0.02    0.36    0.42    4.28 ^ _186_/Y (sky130_fd_sc_hd__o211ai_4)
                                         _084_ (net)
                  0.36    0.00    4.28 ^ _187_/A2 (sky130_fd_sc_hd__a21bo_2)
     9    0.05    0.46    0.67    4.95 ^ _187_/X (sky130_fd_sc_hd__a21bo_2)
                                         _085_ (net)
                  0.46    0.00    4.95 ^ _188_/A (sky130_fd_sc_hd__inv_2)
     2    0.02    0.16    0.28    5.23 v _188_/Y (sky130_fd_sc_hd__inv_2)
                                         _086_ (net)
                  0.16    0.00    5.23 v _189_/A (sky130_fd_sc_hd__clkbuf_4)
    10    0.07    0.26    0.46    5.70 v _189_/X (sky130_fd_sc_hd__clkbuf_4)
                                         _027_ (net)
                  0.26    0.00    5.70 v _229_/A (sky130_fd_sc_hd__nor3_1)
     1    0.02    0.95    0.92    6.62 ^ _229_/Y (sky130_fd_sc_hd__nor3_1)
                                         _002_ (net)
                  0.95    0.00    6.62 ^ _341_/D (sky130_fd_sc_hd__dfrtp_2)
                                  6.62   data arrival time

                         10.00   10.00   clock core_clock (rise edge)
                          0.00   10.00   clock source latency
     1    0.02    0.00    0.00   10.00 ^ clk (in)
                                         clk (net)
                  0.00    0.00   10.00 ^ clkbuf_0_clk/A (sky130_fd_sc_hd__clkbuf_16)
     4    0.05    0.10    0.23   10.23 ^ clkbuf_0_clk/X (sky130_fd_sc_hd__clkbuf_16)
                                         clknet_0_clk (net)
                  0.10    0.00   10.23 ^ clkbuf_2_1__f_clk/A (sky130_fd_sc_hd__clkbuf_16)
    10    0.03    0.08    0.26   10.49 ^ clkbuf_2_1__f_clk/X (sky130_fd_sc_hd__clkbuf_16)
                                         clknet_2_1__leaf_clk (net)
                  0.08    0.00   10.49 ^ _341_/CLK (sky130_fd_sc_hd__dfrtp_2)
                          0.00   10.49   clock reconvergence pessimism
                         -0.36   10.13   library setup time
                                 10.13   data required time
-----------------------------------------------------------------------------
                                 10.13   data required time
                                 -6.62   data arrival time
-----------------------------------------------------------------------------
                                  3.51   slack (MET)


Startpoint: _330_ (rising edge-triggered flip-flop clocked by core_clock)
Endpoint: _352_ (rising edge-triggered flip-flop clocked by core_clock)
Path Group: core_clock
Path Type: max
Corner: Slowest

Fanout     Cap    Slew   Delay    Time   Description
-----------------------------------------------------------------------------
                          0.00    0.00   clock core_clock (rise edge)
                          0.00    0.00   clock source latency
     1    0.02    0.00    0.00    0.00 ^ clk (in)
                                         clk (net)
                  0.00    0.00    0.00 ^ clkbuf_0_clk/A (sky130_fd_sc_hd__clkbuf_16)
     4    0.05    0.10    0.23    0.23 ^ clkbuf_0_clk/X (sky130_fd_sc_hd__clkbuf_16)
                                         clknet_0_clk (net)
                  0.10    0.00    0.23 ^ clkbuf_2_3__f_clk/A (sky130_fd_sc_hd__clkbuf_16)
     9    0.03    0.08    0.25    0.49 ^ clkbuf_2_3__f_clk/X (sky130_fd_sc_hd__clkbuf_16)
                                         clknet_2_3__leaf_clk (net)
                  0.08    0.00    0.49 ^ _330_/CLK (sky130_fd_sc_hd__dfrtp_4)
     7    0.05    0.28    1.00    1.48 ^ _330_/Q (sky130_fd_sc_hd__dfrtp_4)
                                         one_second_counter[0] (net)
                  0.28    0.00    1.49 ^ _177_/D (sky130_fd_sc_hd__and4_4)
     8    0.06    0.34    0.82    2.30 ^ _177_/X (sky130_fd_sc_hd__and4_4)
                                         _075_ (net)
                  0.34    0.01    2.31 ^ _221_/C (sky130_fd_sc_hd__and4_2)
     6    0.04    0.40    0.83    3.14 ^ _221_/X (sky130_fd_sc_hd__and4_2)
                                         _109_ (net)
                  0.40    0.00    3.15 ^ _244_/D (sky130_fd_sc_hd__and4_1)
     2    0.03    0.53    0.85    3.99 ^ _244_/X (sky130_fd_sc_hd__and4_1)
                                         _126_ (net)
                  0.53    0.00    3.99 ^ _245_/A (sky130_fd_sc_hd__clkbuf_4)
    10    0.07    0.32    0.63    4.63 ^ _245_/X (sky130_fd_sc_hd__clkbuf_4)
                                         _127_ (net)
                  0.32    0.00    4.63 ^ _267_/C (sky130_fd_sc_hd__and4_1)
     3    0.02    0.40    0.72    5.35 ^ _267_/X (sky130_fd_sc_hd__and4_1)
                                         _143_ (net)
                  0.40    0.00    5.35 ^ _270_/B (sky130_fd_sc_hd__nand2_1)
     3    0.03    0.45    0.51    5.86 v _270_/Y (sky130_fd_sc_hd__nand2_1)
                                         _145_ (net)
                  0.45    0.00    5.86 v _271_/C (sky130_fd_sc_hd__and3_1)
     1    0.01    0.15    0.63    6.50 v _271_/X (sky130_fd_sc_hd__and3_1)
                                         _146_ (net)
                  0.15    0.00    6.50 v _272_/A (sky130_fd_sc_hd__clkbuf_1)
     1    0.00    0.05    0.20    6.70 v _272_/X (sky130_fd_sc_hd__clkbuf_1)
                                         _014_ (net)
                  0.05    0.00    6.70 v _352_/D (sky130_fd_sc_hd__dfrtp_1)
                                  6.70   data arrival time

                         10.00   10.00   clock core_clock (rise edge)
                          0.00   10.00   clock source latency
     1    0.02    0.00    0.00   10.00 ^ clk (in)
                                         clk (net)
                  0.00    0.00   10.00 ^ clkbuf_0_clk/A (sky130_fd_sc_hd__clkbuf_16)
     4    0.05    0.10    0.23   10.23 ^ clkbuf_0_clk/X (sky130_fd_sc_hd__clkbuf_16)
                                         clknet_0_clk (net)
                  0.10    0.00   10.23 ^ clkbuf_2_1__f_clk/A (sky130_fd_sc_hd__clkbuf_16)
    10    0.03    0.08    0.26   10.49 ^ clkbuf_2_1__f_clk/X (sky130_fd_sc_hd__clkbuf_16)
                                         clknet_2_1__leaf_clk (net)
                  0.08    0.00   10.49 ^ _352_/CLK (sky130_fd_sc_hd__dfrtp_1)
                          0.00   10.49   clock reconvergence pessimism
                         -0.26   10.22   library setup time
                                 10.22   data required time
-----------------------------------------------------------------------------
                                 10.22   data required time
                                 -6.70   data arrival time
-----------------------------------------------------------------------------
                                  3.53   slack (MET)


Startpoint: _342_ (rising edge-triggered flip-flop clocked by core_clock)
Endpoint: _354_ (rising edge-triggered flip-flop clocked by core_clock)
Path Group: core_clock
Path Type: max
Corner: Slowest

Fanout     Cap    Slew   Delay    Time   Description
-----------------------------------------------------------------------------
                          0.00    0.00   clock core_clock (rise edge)
                          0.00    0.00   clock source latency
     1    0.02    0.00    0.00    0.00 ^ clk (in)
                                         clk (net)
                  0.00    0.00    0.00 ^ clkbuf_0_clk/A (sky130_fd_sc_hd__clkbuf_16)
     4    0.05    0.10    0.23    0.23 ^ clkbuf_0_clk/X (sky130_fd_sc_hd__clkbuf_16)
                                         clknet_0_clk (net)
                  0.10    0.00    0.23 ^ clkbuf_2_3__f_clk/A (sky130_fd_sc_hd__clkbuf_16)
     9    0.03    0.08    0.25    0.49 ^ clkbuf_2_3__f_clk/X (sky130_fd_sc_hd__clkbuf_16)
                                         clknet_2_3__leaf_clk (net)
                  0.08    0.00    0.49 ^ _342_/CLK (sky130_fd_sc_hd__dfrtp_4)
     5    0.04    0.19    1.11    1.59 v _342_/Q (sky130_fd_sc_hd__dfrtp_4)
                                         one_second_counter[12] (net)
                  0.19    0.00    1.59 v _180_/C (sky130_fd_sc_hd__and4_1)
     2    0.02    0.20    0.57    2.17 v _180_/X (sky130_fd_sc_hd__and4_1)
                                         _078_ (net)
                  0.20    0.00    2.17 v _181_/D (sky130_fd_sc_hd__or4_1)
     1    0.01    0.22    1.07    3.24 v _181_/X (sky130_fd_sc_hd__or4_1)
                                         _079_ (net)
                  0.22    0.00    3.24 v _184_/A3 (sky130_fd_sc_hd__o31a_1)
     1    0.02    0.18    0.63    3.87 v _184_/X (sky130_fd_sc_hd__o31a_1)
                                         _082_ (net)
                  0.18    0.00    3.87 v _186_/A2 (sky130_fd_sc_hd__o211ai_4)
     2    0.02    0.36    0.42    4.28 ^ _186_/Y (sky130_fd_sc_hd__o211ai_4)
                                         _084_ (net)
                  0.36    0.00    4.28 ^ _187_/A2 (sky130_fd_sc_hd__a21bo_2)
     9    0.05    0.46    0.67    4.95 ^ _187_/X (sky130_fd_sc_hd__a21bo_2)
                                         _085_ (net)
                  0.46    0.00    4.95 ^ _188_/A (sky130_fd_sc_hd__inv_2)
     2    0.02    0.16    0.28    5.23 v _188_/Y (sky130_fd_sc_hd__inv_2)
                                         _086_ (net)
                  0.16    0.00    5.23 v _189_/A (sky130_fd_sc_hd__clkbuf_4)
    10    0.07    0.26    0.46    5.70 v _189_/X (sky130_fd_sc_hd__clkbuf_4)
                                         _027_ (net)
                  0.26    0.00    5.70 v _278_/A (sky130_fd_sc_hd__nor3_1)
     1    0.02    0.91    0.89    6.59 ^ _278_/Y (sky130_fd_sc_hd__nor3_1)
                                         _016_ (net)
                  0.91    0.00    6.59 ^ _354_/D (sky130_fd_sc_hd__dfrtp_4)
                                  6.59   data arrival time

                         10.00   10.00   clock core_clock (rise edge)
                          0.00   10.00   clock source latency
     1    0.02    0.00    0.00   10.00 ^ clk (in)
                                         clk (net)
                  0.00    0.00   10.00 ^ clkbuf_0_clk/A (sky130_fd_sc_hd__clkbuf_16)
     4    0.05    0.10    0.23   10.23 ^ clkbuf_0_clk/X (sky130_fd_sc_hd__clkbuf_16)
                                         clknet_0_clk (net)
                  0.10    0.00   10.23 ^ clkbuf_2_0__f_clk/A (sky130_fd_sc_hd__clkbuf_16)
     9    0.04    0.09    0.26   10.49 ^ clkbuf_2_0__f_clk/X (sky130_fd_sc_hd__clkbuf_16)
                                         clknet_2_0__leaf_clk (net)
                  0.09    0.00   10.49 ^ _354_/CLK (sky130_fd_sc_hd__dfrtp_4)
                          0.00   10.49   clock reconvergence pessimism
                         -0.35   10.14   library setup time
                                 10.14   data required time
-----------------------------------------------------------------------------
                                 10.14   data required time
                                 -6.59   data arrival time
-----------------------------------------------------------------------------
                                  3.55   slack (MET)


Startpoint: _342_ (rising edge-triggered flip-flop clocked by core_clock)
Endpoint: _334_ (rising edge-triggered flip-flop clocked by core_clock)
Path Group: core_clock
Path Type: max
Corner: Slowest

Fanout     Cap    Slew   Delay    Time   Description
-----------------------------------------------------------------------------
                          0.00    0.00   clock core_clock (rise edge)
                          0.00    0.00   clock source latency
     1    0.02    0.00    0.00    0.00 ^ clk (in)
                                         clk (net)
                  0.00    0.00    0.00 ^ clkbuf_0_clk/A (sky130_fd_sc_hd__clkbuf_16)
     4    0.05    0.10    0.23    0.23 ^ clkbuf_0_clk/X (sky130_fd_sc_hd__clkbuf_16)
                                         clknet_0_clk (net)
                  0.10    0.00    0.23 ^ clkbuf_2_3__f_clk/A (sky130_fd_sc_hd__clkbuf_16)
     9    0.03    0.08    0.25    0.49 ^ clkbuf_2_3__f_clk/X (sky130_fd_sc_hd__clkbuf_16)
                                         clknet_2_3__leaf_clk (net)
                  0.08    0.00    0.49 ^ _342_/CLK (sky130_fd_sc_hd__dfrtp_4)
     5    0.04    0.19    1.11    1.59 v _342_/Q (sky130_fd_sc_hd__dfrtp_4)
                                         one_second_counter[12] (net)
                  0.19    0.00    1.59 v _180_/C (sky130_fd_sc_hd__and4_1)
     2    0.02    0.20    0.57    2.17 v _180_/X (sky130_fd_sc_hd__and4_1)
                                         _078_ (net)
                  0.20    0.00    2.17 v _181_/D (sky130_fd_sc_hd__or4_1)
     1    0.01    0.22    1.07    3.24 v _181_/X (sky130_fd_sc_hd__or4_1)
                                         _079_ (net)
                  0.22    0.00    3.24 v _184_/A3 (sky130_fd_sc_hd__o31a_1)
     1    0.02    0.18    0.63    3.87 v _184_/X (sky130_fd_sc_hd__o31a_1)
                                         _082_ (net)
                  0.18    0.00    3.87 v _186_/A2 (sky130_fd_sc_hd__o211ai_4)
     2    0.02    0.36    0.42    4.28 ^ _186_/Y (sky130_fd_sc_hd__o211ai_4)
                                         _084_ (net)
                  0.36    0.00    4.28 ^ _187_/A2 (sky130_fd_sc_hd__a21bo_2)
     9    0.05    0.46    0.67    4.95 ^ _187_/X (sky130_fd_sc_hd__a21bo_2)
                                         _085_ (net)
                  0.46    0.00    4.95 ^ _202_/A (sky130_fd_sc_hd__buf_2)
    10    0.05    0.39    0.59    5.54 ^ _202_/X (sky130_fd_sc_hd__buf_2)
                                         _095_ (net)
                  0.39    0.00    5.55 ^ _205_/A (sky130_fd_sc_hd__and3_1)
     1    0.03    0.43    0.67    6.22 ^ _205_/X (sky130_fd_sc_hd__and3_1)
                                         _098_ (net)
                  0.43    0.00    6.22 ^ _206_/A (sky130_fd_sc_hd__buf_1)
     1    0.02    0.39    0.50    6.72 ^ _206_/X (sky130_fd_sc_hd__buf_1)
                                         _021_ (net)
                  0.39    0.00    6.72 ^ _334_/D (sky130_fd_sc_hd__dfrtp_4)
                                  6.72   data arrival time

                         10.00   10.00   clock core_clock (rise edge)
                          0.00   10.00   clock source latency
     1    0.02    0.00    0.00   10.00 ^ clk (in)
                                         clk (net)
                  0.00    0.00   10.00 ^ clkbuf_0_clk/A (sky130_fd_sc_hd__clkbuf_16)
     4    0.05    0.10    0.23   10.23 ^ clkbuf_0_clk/X (sky130_fd_sc_hd__clkbuf_16)
                                         clknet_0_clk (net)
                  0.10    0.00   10.23 ^ clkbuf_2_0__f_clk/A (sky130_fd_sc_hd__clkbuf_16)
     9    0.04    0.09    0.26   10.49 ^ clkbuf_2_0__f_clk/X (sky130_fd_sc_hd__clkbuf_16)
                                         clknet_2_0__leaf_clk (net)
                  0.09    0.00   10.49 ^ _334_/CLK (sky130_fd_sc_hd__dfrtp_4)
                          0.00   10.49   clock reconvergence pessimism
                         -0.21   10.28   library setup time
                                 10.28   data required time
-----------------------------------------------------------------------------
                                 10.28   data required time
                                 -6.72   data arrival time
-----------------------------------------------------------------------------
                                  3.55   slack (MET)


Startpoint: _330_ (rising edge-triggered flip-flop clocked by core_clock)
Endpoint: _353_ (rising edge-triggered flip-flop clocked by core_clock)
Path Group: core_clock
Path Type: max
Corner: Slowest

Fanout     Cap    Slew   Delay    Time   Description
-----------------------------------------------------------------------------
                          0.00    0.00   clock core_clock (rise edge)
                          0.00    0.00   clock source latency
     1    0.02    0.00    0.00    0.00 ^ clk (in)
                                         clk (net)
                  0.00    0.00    0.00 ^ clkbuf_0_clk/A (sky130_fd_sc_hd__clkbuf_16)
     4    0.05    0.10    0.23    0.23 ^ clkbuf_0_clk/X (sky130_fd_sc_hd__clkbuf_16)
                                         clknet_0_clk (net)
                  0.10    0.00    0.23 ^ clkbuf_2_3__f_clk/A (sky130_fd_sc_hd__clkbuf_16)
     9    0.03    0.08    0.25    0.49 ^ clkbuf_2_3__f_clk/X (sky130_fd_sc_hd__clkbuf_16)
                                         clknet_2_3__leaf_clk (net)
                  0.08    0.00    0.49 ^ _330_/CLK (sky130_fd_sc_hd__dfrtp_4)
     7    0.05    0.28    1.00    1.48 ^ _330_/Q (sky130_fd_sc_hd__dfrtp_4)
                                         one_second_counter[0] (net)
                  0.28    0.00    1.49 ^ _177_/D (sky130_fd_sc_hd__and4_4)
     8    0.06    0.34    0.82    2.30 ^ _177_/X (sky130_fd_sc_hd__and4_4)
                                         _075_ (net)
                  0.34    0.01    2.31 ^ _221_/C (sky130_fd_sc_hd__and4_2)
     6    0.04    0.40    0.83    3.14 ^ _221_/X (sky130_fd_sc_hd__and4_2)
                                         _109_ (net)
                  0.40    0.00    3.15 ^ _244_/D (sky130_fd_sc_hd__and4_1)
     2    0.03    0.53    0.85    3.99 ^ _244_/X (sky130_fd_sc_hd__and4_1)
                                         _126_ (net)
                  0.53    0.00    3.99 ^ _245_/A (sky130_fd_sc_hd__clkbuf_4)
    10    0.07    0.32    0.63    4.63 ^ _245_/X (sky130_fd_sc_hd__clkbuf_4)
                                         _127_ (net)
                  0.32    0.00    4.63 ^ _267_/C (sky130_fd_sc_hd__and4_1)
     3    0.02    0.40    0.72    5.35 ^ _267_/X (sky130_fd_sc_hd__and4_1)
                                         _143_ (net)
                  0.40    0.00    5.35 ^ _270_/B (sky130_fd_sc_hd__nand2_1)
     3    0.03    0.45    0.51    5.86 v _270_/Y (sky130_fd_sc_hd__nand2_1)
                                         _145_ (net)
                  0.45    0.00    5.86 v _275_/A2 (sky130_fd_sc_hd__a221oi_1)
     1    0.01    0.56    0.77    6.64 ^ _275_/Y (sky130_fd_sc_hd__a221oi_1)
                                         _015_ (net)
                  0.56    0.00    6.64 ^ _353_/D (sky130_fd_sc_hd__dfrtp_2)
                                  6.64   data arrival time

                         10.00   10.00   clock core_clock (rise edge)
                          0.00   10.00   clock source latency
     1    0.02    0.00    0.00   10.00 ^ clk (in)
                                         clk (net)
                  0.00    0.00   10.00 ^ clkbuf_0_clk/A (sky130_fd_sc_hd__clkbuf_16)
     4    0.05    0.10    0.23   10.23 ^ clkbuf_0_clk/X (sky130_fd_sc_hd__clkbuf_16)
                                         clknet_0_clk (net)
                  0.10    0.00   10.23 ^ clkbuf_2_2__f_clk/A (sky130_fd_sc_hd__clkbuf_16)
     7    0.03    0.08    0.25   10.48 ^ clkbuf_2_2__f_clk/X (sky130_fd_sc_hd__clkbuf_16)
                                         clknet_2_2__leaf_clk (net)
                  0.08    0.00   10.48 ^ _353_/CLK (sky130_fd_sc_hd__dfrtp_2)
                          0.00   10.48   clock reconvergence pessimism
                         -0.26   10.22   library setup time
                                 10.22   data required time
-----------------------------------------------------------------------------
                                 10.22   data required time
                                 -6.64   data arrival time
-----------------------------------------------------------------------------
                                  3.59   slack (MET)


Startpoint: _342_ (rising edge-triggered flip-flop clocked by core_clock)
Endpoint: _345_ (rising edge-triggered flip-flop clocked by core_clock)
Path Group: core_clock
Path Type: max
Corner: Slowest

Fanout     Cap    Slew   Delay    Time   Description
-----------------------------------------------------------------------------
                          0.00    0.00   clock core_clock (rise edge)
                          0.00    0.00   clock source latency
     1    0.02    0.00    0.00    0.00 ^ clk (in)
                                         clk (net)
                  0.00    0.00    0.00 ^ clkbuf_0_clk/A (sky130_fd_sc_hd__clkbuf_16)
     4    0.05    0.10    0.23    0.23 ^ clkbuf_0_clk/X (sky130_fd_sc_hd__clkbuf_16)
                                         clknet_0_clk (net)
                  0.10    0.00    0.23 ^ clkbuf_2_3__f_clk/A (sky130_fd_sc_hd__clkbuf_16)
     9    0.03    0.08    0.25    0.49 ^ clkbuf_2_3__f_clk/X (sky130_fd_sc_hd__clkbuf_16)
                                         clknet_2_3__leaf_clk (net)
                  0.08    0.00    0.49 ^ _342_/CLK (sky130_fd_sc_hd__dfrtp_4)
     5    0.04    0.19    1.11    1.59 v _342_/Q (sky130_fd_sc_hd__dfrtp_4)
                                         one_second_counter[12] (net)
                  0.19    0.00    1.59 v _180_/C (sky130_fd_sc_hd__and4_1)
     2    0.02    0.20    0.57    2.17 v _180_/X (sky130_fd_sc_hd__and4_1)
                                         _078_ (net)
                  0.20    0.00    2.17 v _181_/D (sky130_fd_sc_hd__or4_1)
     1    0.01    0.22    1.07    3.24 v _181_/X (sky130_fd_sc_hd__or4_1)
                                         _079_ (net)
                  0.22    0.00    3.24 v _184_/A3 (sky130_fd_sc_hd__o31a_1)
     1    0.02    0.18    0.63    3.87 v _184_/X (sky130_fd_sc_hd__o31a_1)
                                         _082_ (net)
                  0.18    0.00    3.87 v _186_/A2 (sky130_fd_sc_hd__o211ai_4)
     2    0.02    0.36    0.42    4.28 ^ _186_/Y (sky130_fd_sc_hd__o211ai_4)
                                         _084_ (net)
                  0.36    0.00    4.28 ^ _187_/A2 (sky130_fd_sc_hd__a21bo_2)
     9    0.05    0.46    0.67    4.95 ^ _187_/X (sky130_fd_sc_hd__a21bo_2)
                                         _085_ (net)
                  0.46    0.00    4.95 ^ _188_/A (sky130_fd_sc_hd__inv_2)
     2    0.02    0.16    0.28    5.23 v _188_/Y (sky130_fd_sc_hd__inv_2)
                                         _086_ (net)
                  0.16    0.00    5.23 v _189_/A (sky130_fd_sc_hd__clkbuf_4)
    10    0.07    0.26    0.46    5.70 v _189_/X (sky130_fd_sc_hd__clkbuf_4)
                                         _027_ (net)
                  0.26    0.00    5.70 v _246_/C1 (sky130_fd_sc_hd__a211oi_1)
     1    0.02    0.89    0.81    6.51 ^ _246_/Y (sky130_fd_sc_hd__a211oi_1)
                                         _006_ (net)
                  0.89    0.00    6.51 ^ _345_/D (sky130_fd_sc_hd__dfrtp_2)
                                  6.51   data arrival time

                         10.00   10.00   clock core_clock (rise edge)
                          0.00   10.00   clock source latency
     1    0.02    0.00    0.00   10.00 ^ clk (in)
                                         clk (net)
                  0.00    0.00   10.00 ^ clkbuf_0_clk/A (sky130_fd_sc_hd__clkbuf_16)
     4    0.05    0.10    0.23   10.23 ^ clkbuf_0_clk/X (sky130_fd_sc_hd__clkbuf_16)
                                         clknet_0_clk (net)
                  0.10    0.00   10.23 ^ clkbuf_2_3__f_clk/A (sky130_fd_sc_hd__clkbuf_16)
     9    0.03    0.08    0.25   10.49 ^ clkbuf_2_3__f_clk/X (sky130_fd_sc_hd__clkbuf_16)
                                         clknet_2_3__leaf_clk (net)
                  0.08    0.00   10.49 ^ _345_/CLK (sky130_fd_sc_hd__dfrtp_2)
                          0.00   10.49   clock reconvergence pessimism
                         -0.34   10.14   library setup time
                                 10.14   data required time
-----------------------------------------------------------------------------
                                 10.14   data required time
                                 -6.51   data arrival time
-----------------------------------------------------------------------------
                                  3.63   slack (MET)


Startpoint: _342_ (rising edge-triggered flip-flop clocked by core_clock)
Endpoint: _344_ (rising edge-triggered flip-flop clocked by core_clock)
Path Group: core_clock
Path Type: max
Corner: Slowest

Fanout     Cap    Slew   Delay    Time   Description
-----------------------------------------------------------------------------
                          0.00    0.00   clock core_clock (rise edge)
                          0.00    0.00   clock source latency
     1    0.02    0.00    0.00    0.00 ^ clk (in)
                                         clk (net)
                  0.00    0.00    0.00 ^ clkbuf_0_clk/A (sky130_fd_sc_hd__clkbuf_16)
     4    0.05    0.10    0.23    0.23 ^ clkbuf_0_clk/X (sky130_fd_sc_hd__clkbuf_16)
                                         clknet_0_clk (net)
                  0.10    0.00    0.23 ^ clkbuf_2_3__f_clk/A (sky130_fd_sc_hd__clkbuf_16)
     9    0.03    0.08    0.25    0.49 ^ clkbuf_2_3__f_clk/X (sky130_fd_sc_hd__clkbuf_16)
                                         clknet_2_3__leaf_clk (net)
                  0.08    0.00    0.49 ^ _342_/CLK (sky130_fd_sc_hd__dfrtp_4)
     5    0.04    0.19    1.11    1.59 v _342_/Q (sky130_fd_sc_hd__dfrtp_4)
                                         one_second_counter[12] (net)
                  0.19    0.00    1.59 v _180_/C (sky130_fd_sc_hd__and4_1)
     2    0.02    0.20    0.57    2.17 v _180_/X (sky130_fd_sc_hd__and4_1)
                                         _078_ (net)
                  0.20    0.00    2.17 v _181_/D (sky130_fd_sc_hd__or4_1)
     1    0.01    0.22    1.07    3.24 v _181_/X (sky130_fd_sc_hd__or4_1)
                                         _079_ (net)
                  0.22    0.00    3.24 v _184_/A3 (sky130_fd_sc_hd__o31a_1)
     1    0.02    0.18    0.63    3.87 v _184_/X (sky130_fd_sc_hd__o31a_1)
                                         _082_ (net)
                  0.18    0.00    3.87 v _186_/A2 (sky130_fd_sc_hd__o211ai_4)
     2    0.02    0.36    0.42    4.28 ^ _186_/Y (sky130_fd_sc_hd__o211ai_4)
                                         _084_ (net)
                  0.36    0.00    4.28 ^ _187_/A2 (sky130_fd_sc_hd__a21bo_2)
     9    0.05    0.46    0.67    4.95 ^ _187_/X (sky130_fd_sc_hd__a21bo_2)
                                         _085_ (net)
                  0.46    0.00    4.95 ^ _202_/A (sky130_fd_sc_hd__buf_2)
    10    0.05    0.39    0.59    5.54 ^ _202_/X (sky130_fd_sc_hd__buf_2)
                                         _095_ (net)
                  0.39    0.00    5.55 ^ _241_/A (sky130_fd_sc_hd__and3_1)
     1    0.02    0.29    0.57    6.12 ^ _241_/X (sky130_fd_sc_hd__and3_1)
                                         _124_ (net)
                  0.29    0.00    6.12 ^ _242_/A (sky130_fd_sc_hd__buf_1)
     1    0.02    0.44    0.50    6.62 ^ _242_/X (sky130_fd_sc_hd__buf_1)
                                         _005_ (net)
                  0.44    0.00    6.62 ^ _344_/D (sky130_fd_sc_hd__dfrtp_2)
                                  6.62   data arrival time

                         10.00   10.00   clock core_clock (rise edge)
                          0.00   10.00   clock source latency
     1    0.02    0.00    0.00   10.00 ^ clk (in)
                                         clk (net)
                  0.00    0.00   10.00 ^ clkbuf_0_clk/A (sky130_fd_sc_hd__clkbuf_16)
     4    0.05    0.10    0.23   10.23 ^ clkbuf_0_clk/X (sky130_fd_sc_hd__clkbuf_16)
                                         clknet_0_clk (net)
                  0.10    0.00   10.23 ^ clkbuf_2_3__f_clk/A (sky130_fd_sc_hd__clkbuf_16)
     9    0.03    0.08    0.25   10.49 ^ clkbuf_2_3__f_clk/X (sky130_fd_sc_hd__clkbuf_16)
                                         clknet_2_3__leaf_clk (net)
                  0.08    0.00   10.49 ^ _344_/CLK (sky130_fd_sc_hd__dfrtp_2)
                          0.00   10.49   clock reconvergence pessimism
                         -0.23   10.26   library setup time
                                 10.26   data required time
-----------------------------------------------------------------------------
                                 10.26   data required time
                                 -6.62   data arrival time
-----------------------------------------------------------------------------
                                  3.63   slack (MET)


Startpoint: _342_ (rising edge-triggered flip-flop clocked by core_clock)
Endpoint: _335_ (rising edge-triggered flip-flop clocked by core_clock)
Path Group: core_clock
Path Type: max
Corner: Slowest

Fanout     Cap    Slew   Delay    Time   Description
-----------------------------------------------------------------------------
                          0.00    0.00   clock core_clock (rise edge)
                          0.00    0.00   clock source latency
     1    0.02    0.00    0.00    0.00 ^ clk (in)
                                         clk (net)
                  0.00    0.00    0.00 ^ clkbuf_0_clk/A (sky130_fd_sc_hd__clkbuf_16)
     4    0.05    0.10    0.23    0.23 ^ clkbuf_0_clk/X (sky130_fd_sc_hd__clkbuf_16)
                                         clknet_0_clk (net)
                  0.10    0.00    0.23 ^ clkbuf_2_3__f_clk/A (sky130_fd_sc_hd__clkbuf_16)
     9    0.03    0.08    0.25    0.49 ^ clkbuf_2_3__f_clk/X (sky130_fd_sc_hd__clkbuf_16)
                                         clknet_2_3__leaf_clk (net)
                  0.08    0.00    0.49 ^ _342_/CLK (sky130_fd_sc_hd__dfrtp_4)
     5    0.04    0.19    1.11    1.59 v _342_/Q (sky130_fd_sc_hd__dfrtp_4)
                                         one_second_counter[12] (net)
                  0.19    0.00    1.59 v _180_/C (sky130_fd_sc_hd__and4_1)
     2    0.02    0.20    0.57    2.17 v _180_/X (sky130_fd_sc_hd__and4_1)
                                         _078_ (net)
                  0.20    0.00    2.17 v _181_/D (sky130_fd_sc_hd__or4_1)
     1    0.01    0.22    1.07    3.24 v _181_/X (sky130_fd_sc_hd__or4_1)
                                         _079_ (net)
                  0.22    0.00    3.24 v _184_/A3 (sky130_fd_sc_hd__o31a_1)
     1    0.02    0.18    0.63    3.87 v _184_/X (sky130_fd_sc_hd__o31a_1)
                                         _082_ (net)
                  0.18    0.00    3.87 v _186_/A2 (sky130_fd_sc_hd__o211ai_4)
     2    0.02    0.36    0.42    4.28 ^ _186_/Y (sky130_fd_sc_hd__o211ai_4)
                                         _084_ (net)
                  0.36    0.00    4.28 ^ _187_/A2 (sky130_fd_sc_hd__a21bo_2)
     9    0.05    0.46    0.67    4.95 ^ _187_/X (sky130_fd_sc_hd__a21bo_2)
                                         _085_ (net)
                  0.46    0.00    4.95 ^ _188_/A (sky130_fd_sc_hd__inv_2)
     2    0.02    0.16    0.28    5.23 v _188_/Y (sky130_fd_sc_hd__inv_2)
                                         _086_ (net)
                  0.16    0.00    5.23 v _189_/A (sky130_fd_sc_hd__clkbuf_4)
    10    0.07    0.26    0.46    5.70 v _189_/X (sky130_fd_sc_hd__clkbuf_4)
                                         _027_ (net)
                  0.26    0.00    5.70 v _209_/A (sky130_fd_sc_hd__nor3_1)
     1    0.02    0.83    0.82    6.52 ^ _209_/Y (sky130_fd_sc_hd__nor3_1)
                                         _022_ (net)
                  0.83    0.00    6.52 ^ _335_/D (sky130_fd_sc_hd__dfrtp_2)
                                  6.52   data arrival time

                         10.00   10.00   clock core_clock (rise edge)
                          0.00   10.00   clock source latency
     1    0.02    0.00    0.00   10.00 ^ clk (in)
                                         clk (net)
                  0.00    0.00   10.00 ^ clkbuf_0_clk/A (sky130_fd_sc_hd__clkbuf_16)
     4    0.05    0.10    0.23   10.23 ^ clkbuf_0_clk/X (sky130_fd_sc_hd__clkbuf_16)
                                         clknet_0_clk (net)
                  0.10    0.00   10.23 ^ clkbuf_2_1__f_clk/A (sky130_fd_sc_hd__clkbuf_16)
    10    0.03    0.08    0.26   10.49 ^ clkbuf_2_1__f_clk/X (sky130_fd_sc_hd__clkbuf_16)
                                         clknet_2_1__leaf_clk (net)
                  0.08    0.00   10.49 ^ _335_/CLK (sky130_fd_sc_hd__dfrtp_2)
                          0.00   10.49   clock reconvergence pessimism
                         -0.33   10.16   library setup time
                                 10.16   data required time
-----------------------------------------------------------------------------
                                 10.16   data required time
                                 -6.52   data arrival time
-----------------------------------------------------------------------------
                                  3.64   slack (MET)


Startpoint: _330_ (rising edge-triggered flip-flop clocked by core_clock)
Endpoint: _355_ (rising edge-triggered flip-flop clocked by core_clock)
Path Group: core_clock
Path Type: max
Corner: Slowest

Fanout     Cap    Slew   Delay    Time   Description
-----------------------------------------------------------------------------
                          0.00    0.00   clock core_clock (rise edge)
                          0.00    0.00   clock source latency
     1    0.02    0.00    0.00    0.00 ^ clk (in)
                                         clk (net)
                  0.00    0.00    0.00 ^ clkbuf_0_clk/A (sky130_fd_sc_hd__clkbuf_16)
     4    0.05    0.10    0.23    0.23 ^ clkbuf_0_clk/X (sky130_fd_sc_hd__clkbuf_16)
                                         clknet_0_clk (net)
                  0.10    0.00    0.23 ^ clkbuf_2_3__f_clk/A (sky130_fd_sc_hd__clkbuf_16)
     9    0.03    0.08    0.25    0.49 ^ clkbuf_2_3__f_clk/X (sky130_fd_sc_hd__clkbuf_16)
                                         clknet_2_3__leaf_clk (net)
                  0.08    0.00    0.49 ^ _330_/CLK (sky130_fd_sc_hd__dfrtp_4)
     7    0.05    0.28    1.00    1.48 ^ _330_/Q (sky130_fd_sc_hd__dfrtp_4)
                                         one_second_counter[0] (net)
                  0.28    0.00    1.49 ^ _177_/D (sky130_fd_sc_hd__and4_4)
     8    0.06    0.34    0.82    2.30 ^ _177_/X (sky130_fd_sc_hd__and4_4)
                                         _075_ (net)
                  0.34    0.01    2.31 ^ _221_/C (sky130_fd_sc_hd__and4_2)
     6    0.04    0.40    0.83    3.14 ^ _221_/X (sky130_fd_sc_hd__and4_2)
                                         _109_ (net)
                  0.40    0.00    3.15 ^ _244_/D (sky130_fd_sc_hd__and4_1)
     2    0.03    0.53    0.85    3.99 ^ _244_/X (sky130_fd_sc_hd__and4_1)
                                         _126_ (net)
                  0.53    0.00    3.99 ^ _245_/A (sky130_fd_sc_hd__clkbuf_4)
    10    0.07    0.32    0.63    4.63 ^ _245_/X (sky130_fd_sc_hd__clkbuf_4)
                                         _127_ (net)
                  0.32    0.01    4.63 ^ _277_/B (sky130_fd_sc_hd__and3_2)
     4    0.04    0.36    0.69    5.32 ^ _277_/X (sky130_fd_sc_hd__and3_2)
                                         _150_ (net)
                  0.36    0.00    5.32 ^ _280_/B (sky130_fd_sc_hd__nand2_1)
     1    0.02    0.30    0.39    5.71 v _280_/Y (sky130_fd_sc_hd__nand2_1)
                                         _152_ (net)
                  0.30    0.00    5.71 v _281_/C (sky130_fd_sc_hd__and3_1)
     1    0.01    0.13    0.54    6.26 v _281_/X (sky130_fd_sc_hd__and3_1)
                                         _153_ (net)
                  0.13    0.00    6.26 v _282_/A (sky130_fd_sc_hd__clkbuf_1)
     1    0.01    0.13    0.26    6.51 v _282_/X (sky130_fd_sc_hd__clkbuf_1)
                                         _017_ (net)
                  0.13    0.00    6.51 v _355_/D (sky130_fd_sc_hd__dfrtp_4)
                                  6.51   data arrival time

                         10.00   10.00   clock core_clock (rise edge)
                          0.00   10.00   clock source latency
     1    0.02    0.00    0.00   10.00 ^ clk (in)
                                         clk (net)
                  0.00    0.00   10.00 ^ clkbuf_0_clk/A (sky130_fd_sc_hd__clkbuf_16)
     4    0.05    0.10    0.23   10.23 ^ clkbuf_0_clk/X (sky130_fd_sc_hd__clkbuf_16)
                                         clknet_0_clk (net)
                  0.10    0.00   10.23 ^ clkbuf_2_2__f_clk/A (sky130_fd_sc_hd__clkbuf_16)
     7    0.03    0.08    0.25   10.48 ^ clkbuf_2_2__f_clk/X (sky130_fd_sc_hd__clkbuf_16)
                                         clknet_2_2__leaf_clk (net)
                  0.08    0.00   10.48 ^ _355_/CLK (sky130_fd_sc_hd__dfrtp_4)
                          0.00   10.48   clock reconvergence pessimism
                         -0.30   10.19   library setup time
                                 10.19   data required time
-----------------------------------------------------------------------------
                                 10.19   data required time
                                 -6.51   data arrival time
-----------------------------------------------------------------------------
                                  3.67   slack (MET)


Startpoint: _330_ (rising edge-triggered flip-flop clocked by core_clock)
Endpoint: _350_ (rising edge-triggered flip-flop clocked by core_clock)
Path Group: core_clock
Path Type: max
Corner: Slowest

Fanout     Cap    Slew   Delay    Time   Description
-----------------------------------------------------------------------------
                          0.00    0.00   clock core_clock (rise edge)
                          0.00    0.00   clock source latency
     1    0.02    0.00    0.00    0.00 ^ clk (in)
                                         clk (net)
                  0.00    0.00    0.00 ^ clkbuf_0_clk/A (sky130_fd_sc_hd__clkbuf_16)
     4    0.05    0.10    0.23    0.23 ^ clkbuf_0_clk/X (sky130_fd_sc_hd__clkbuf_16)
                                         clknet_0_clk (net)
                  0.10    0.00    0.23 ^ clkbuf_2_3__f_clk/A (sky130_fd_sc_hd__clkbuf_16)
     9    0.03    0.08    0.25    0.49 ^ clkbuf_2_3__f_clk/X (sky130_fd_sc_hd__clkbuf_16)
                                         clknet_2_3__leaf_clk (net)
                  0.08    0.00    0.49 ^ _330_/CLK (sky130_fd_sc_hd__dfrtp_4)
     7    0.05    0.28    1.00    1.48 ^ _330_/Q (sky130_fd_sc_hd__dfrtp_4)
                                         one_second_counter[0] (net)
                  0.28    0.00    1.49 ^ _177_/D (sky130_fd_sc_hd__and4_4)
     8    0.06    0.34    0.82    2.30 ^ _177_/X (sky130_fd_sc_hd__and4_4)
                                         _075_ (net)
                  0.34    0.01    2.31 ^ _221_/C (sky130_fd_sc_hd__and4_2)
     6    0.04    0.40    0.83    3.14 ^ _221_/X (sky130_fd_sc_hd__and4_2)
                                         _109_ (net)
                  0.40    0.00    3.15 ^ _244_/D (sky130_fd_sc_hd__and4_1)
     2    0.03    0.53    0.85    3.99 ^ _244_/X (sky130_fd_sc_hd__and4_1)
                                         _126_ (net)
                  0.53    0.00    3.99 ^ _245_/A (sky130_fd_sc_hd__clkbuf_4)
    10    0.07    0.32    0.63    4.63 ^ _245_/X (sky130_fd_sc_hd__clkbuf_4)
                                         _127_ (net)
                  0.32    0.00    4.63 ^ _258_/A (sky130_fd_sc_hd__and2_1)
     3    0.03    0.43    0.58    5.21 ^ _258_/X (sky130_fd_sc_hd__and2_1)
                                         _136_ (net)
                  0.43    0.00    5.21 ^ _263_/B (sky130_fd_sc_hd__nand2_1)
     2    0.02    0.32    0.43    5.64 v _263_/Y (sky130_fd_sc_hd__nand2_1)
                                         _140_ (net)
                  0.32    0.00    5.64 v _264_/C (sky130_fd_sc_hd__and3_1)
     1    0.01    0.09    0.51    6.15 v _264_/X (sky130_fd_sc_hd__and3_1)
                                         _141_ (net)
                  0.09    0.00    6.15 v _265_/A (sky130_fd_sc_hd__clkbuf_1)
     1    0.02    0.20    0.28    6.43 v _265_/X (sky130_fd_sc_hd__clkbuf_1)
                                         _012_ (net)
                  0.20    0.00    6.44 v _350_/D (sky130_fd_sc_hd__dfrtp_1)
                                  6.44   data arrival time

                         10.00   10.00   clock core_clock (rise edge)
                          0.00   10.00   clock source latency
     1    0.02    0.00    0.00   10.00 ^ clk (in)
                                         clk (net)
                  0.00    0.00   10.00 ^ clkbuf_0_clk/A (sky130_fd_sc_hd__clkbuf_16)
     4    0.05    0.10    0.23   10.23 ^ clkbuf_0_clk/X (sky130_fd_sc_hd__clkbuf_16)
                                         clknet_0_clk (net)
                  0.10    0.00   10.23 ^ clkbuf_2_1__f_clk/A (sky130_fd_sc_hd__clkbuf_16)
    10    0.03    0.08    0.26   10.49 ^ clkbuf_2_1__f_clk/X (sky130_fd_sc_hd__clkbuf_16)
                                         clknet_2_1__leaf_clk (net)
                  0.08    0.00   10.49 ^ _350_/CLK (sky130_fd_sc_hd__dfrtp_1)
                          0.00   10.49   clock reconvergence pessimism
                         -0.33   10.16   library setup time
                                 10.16   data required time
-----------------------------------------------------------------------------
                                 10.16   data required time
                                 -6.44   data arrival time
-----------------------------------------------------------------------------
                                  3.73   slack (MET)


Startpoint: _342_ (rising edge-triggered flip-flop clocked by core_clock)
Endpoint: _346_ (rising edge-triggered flip-flop clocked by core_clock)
Path Group: core_clock
Path Type: max
Corner: Slowest

Fanout     Cap    Slew   Delay    Time   Description
-----------------------------------------------------------------------------
                          0.00    0.00   clock core_clock (rise edge)
                          0.00    0.00   clock source latency
     1    0.02    0.00    0.00    0.00 ^ clk (in)
                                         clk (net)
                  0.00    0.00    0.00 ^ clkbuf_0_clk/A (sky130_fd_sc_hd__clkbuf_16)
     4    0.05    0.10    0.23    0.23 ^ clkbuf_0_clk/X (sky130_fd_sc_hd__clkbuf_16)
                                         clknet_0_clk (net)
                  0.10    0.00    0.23 ^ clkbuf_2_3__f_clk/A (sky130_fd_sc_hd__clkbuf_16)
     9    0.03    0.08    0.25    0.49 ^ clkbuf_2_3__f_clk/X (sky130_fd_sc_hd__clkbuf_16)
                                         clknet_2_3__leaf_clk (net)
                  0.08    0.00    0.49 ^ _342_/CLK (sky130_fd_sc_hd__dfrtp_4)
     5    0.04    0.19    1.11    1.59 v _342_/Q (sky130_fd_sc_hd__dfrtp_4)
                                         one_second_counter[12] (net)
                  0.19    0.00    1.59 v _180_/C (sky130_fd_sc_hd__and4_1)
     2    0.02    0.20    0.57    2.17 v _180_/X (sky130_fd_sc_hd__and4_1)
                                         _078_ (net)
                  0.20    0.00    2.17 v _181_/D (sky130_fd_sc_hd__or4_1)
     1    0.01    0.22    1.07    3.24 v _181_/X (sky130_fd_sc_hd__or4_1)
                                         _079_ (net)
                  0.22    0.00    3.24 v _184_/A3 (sky130_fd_sc_hd__o31a_1)
     1    0.02    0.18    0.63    3.87 v _184_/X (sky130_fd_sc_hd__o31a_1)
                                         _082_ (net)
                  0.18    0.00    3.87 v _186_/A2 (sky130_fd_sc_hd__o211ai_4)
     2    0.02    0.36    0.42    4.28 ^ _186_/Y (sky130_fd_sc_hd__o211ai_4)
                                         _084_ (net)
                  0.36    0.00    4.28 ^ _187_/A2 (sky130_fd_sc_hd__a21bo_2)
     9    0.05    0.46    0.67    4.95 ^ _187_/X (sky130_fd_sc_hd__a21bo_2)
                                         _085_ (net)
                  0.46    0.00    4.95 ^ _202_/A (sky130_fd_sc_hd__buf_2)
    10    0.05    0.39    0.59    5.54 ^ _202_/X (sky130_fd_sc_hd__buf_2)
                                         _095_ (net)
                  0.39    0.00    5.55 ^ _249_/A (sky130_fd_sc_hd__and3_1)
     1    0.02    0.37    0.63    6.18 ^ _249_/X (sky130_fd_sc_hd__and3_1)
                                         _130_ (net)
                  0.37    0.00    6.18 ^ _250_/A (sky130_fd_sc_hd__clkbuf_1)
     1    0.01    0.16    0.32    6.50 ^ _250_/X (sky130_fd_sc_hd__clkbuf_1)
                                         _007_ (net)
                  0.16    0.00    6.50 ^ _346_/D (sky130_fd_sc_hd__dfrtp_4)
                                  6.50   data arrival time

                         10.00   10.00   clock core_clock (rise edge)
                          0.00   10.00   clock source latency
     1    0.02    0.00    0.00   10.00 ^ clk (in)
                                         clk (net)
                  0.00    0.00   10.00 ^ clkbuf_0_clk/A (sky130_fd_sc_hd__clkbuf_16)
     4    0.05    0.10    0.23   10.23 ^ clkbuf_0_clk/X (sky130_fd_sc_hd__clkbuf_16)
                                         clknet_0_clk (net)
                  0.10    0.00   10.23 ^ clkbuf_2_3__f_clk/A (sky130_fd_sc_hd__clkbuf_16)
     9    0.03    0.08    0.25   10.49 ^ clkbuf_2_3__f_clk/X (sky130_fd_sc_hd__clkbuf_16)
                                         clknet_2_3__leaf_clk (net)
                  0.08    0.00   10.49 ^ _346_/CLK (sky130_fd_sc_hd__dfrtp_4)
                          0.00   10.49   clock reconvergence pessimism
                         -0.16   10.33   library setup time
                                 10.33   data required time
-----------------------------------------------------------------------------
                                 10.33   data required time
                                 -6.50   data arrival time
-----------------------------------------------------------------------------
                                  3.83   slack (MET)


Startpoint: _342_ (rising edge-triggered flip-flop clocked by core_clock)
Endpoint: _342_ (rising edge-triggered flip-flop clocked by core_clock)
Path Group: core_clock
Path Type: max
Corner: Slowest

Fanout     Cap    Slew   Delay    Time   Description
-----------------------------------------------------------------------------
                          0.00    0.00   clock core_clock (rise edge)
                          0.00    0.00   clock source latency
     1    0.02    0.00    0.00    0.00 ^ clk (in)
                                         clk (net)
                  0.00    0.00    0.00 ^ clkbuf_0_clk/A (sky130_fd_sc_hd__clkbuf_16)
     4    0.05    0.10    0.23    0.23 ^ clkbuf_0_clk/X (sky130_fd_sc_hd__clkbuf_16)
                                         clknet_0_clk (net)
                  0.10    0.00    0.23 ^ clkbuf_2_3__f_clk/A (sky130_fd_sc_hd__clkbuf_16)
     9    0.03    0.08    0.25    0.49 ^ clkbuf_2_3__f_clk/X (sky130_fd_sc_hd__clkbuf_16)
                                         clknet_2_3__leaf_clk (net)
                  0.08    0.00    0.49 ^ _342_/CLK (sky130_fd_sc_hd__dfrtp_4)
     5    0.04    0.19    1.11    1.59 v _342_/Q (sky130_fd_sc_hd__dfrtp_4)
                                         one_second_counter[12] (net)
                  0.19    0.00    1.59 v _180_/C (sky130_fd_sc_hd__and4_1)
     2    0.02    0.20    0.57    2.17 v _180_/X (sky130_fd_sc_hd__and4_1)
                                         _078_ (net)
                  0.20    0.00    2.17 v _181_/D (sky130_fd_sc_hd__or4_1)
     1    0.01    0.22    1.07    3.24 v _181_/X (sky130_fd_sc_hd__or4_1)
                                         _079_ (net)
                  0.22    0.00    3.24 v _184_/A3 (sky130_fd_sc_hd__o31a_1)
     1    0.02    0.18    0.63    3.87 v _184_/X (sky130_fd_sc_hd__o31a_1)
                                         _082_ (net)
                  0.18    0.00    3.87 v _186_/A2 (sky130_fd_sc_hd__o211ai_4)
     2    0.02    0.36    0.42    4.28 ^ _186_/Y (sky130_fd_sc_hd__o211ai_4)
                                         _084_ (net)
                  0.36    0.00    4.28 ^ _187_/A2 (sky130_fd_sc_hd__a21bo_2)
     9    0.05    0.46    0.67    4.95 ^ _187_/X (sky130_fd_sc_hd__a21bo_2)
                                         _085_ (net)
                  0.46    0.00    4.95 ^ _202_/A (sky130_fd_sc_hd__buf_2)
    10    0.05    0.39    0.59    5.54 ^ _202_/X (sky130_fd_sc_hd__buf_2)
                                         _095_ (net)
                  0.39    0.00    5.55 ^ _232_/A (sky130_fd_sc_hd__and3_1)
     1    0.01    0.24    0.53    6.08 ^ _232_/X (sky130_fd_sc_hd__and3_1)
                                         _117_ (net)
                  0.24    0.00    6.08 ^ _233_/A (sky130_fd_sc_hd__buf_1)
     1    0.01    0.26    0.36    6.43 ^ _233_/X (sky130_fd_sc_hd__buf_1)
                                         _003_ (net)
                  0.26    0.00    6.44 ^ _342_/D (sky130_fd_sc_hd__dfrtp_4)
                                  6.44   data arrival time

                         10.00   10.00   clock core_clock (rise edge)
                          0.00   10.00   clock source latency
     1    0.02    0.00    0.00   10.00 ^ clk (in)
                                         clk (net)
                  0.00    0.00   10.00 ^ clkbuf_0_clk/A (sky130_fd_sc_hd__clkbuf_16)
     4    0.05    0.10    0.23   10.23 ^ clkbuf_0_clk/X (sky130_fd_sc_hd__clkbuf_16)
                                         clknet_0_clk (net)
                  0.10    0.00   10.23 ^ clkbuf_2_3__f_clk/A (sky130_fd_sc_hd__clkbuf_16)
     9    0.03    0.08    0.25   10.49 ^ clkbuf_2_3__f_clk/X (sky130_fd_sc_hd__clkbuf_16)
                                         clknet_2_3__leaf_clk (net)
                  0.08    0.00   10.49 ^ _342_/CLK (sky130_fd_sc_hd__dfrtp_4)
                          0.00   10.49   clock reconvergence pessimism
                         -0.18   10.30   library setup time
                                 10.30   data required time
-----------------------------------------------------------------------------
                                 10.30   data required time
                                 -6.44   data arrival time
-----------------------------------------------------------------------------
                                  3.87   slack (MET)


Startpoint: _342_ (rising edge-triggered flip-flop clocked by core_clock)
Endpoint: _336_ (rising edge-triggered flip-flop clocked by core_clock)
Path Group: core_clock
Path Type: max
Corner: Slowest

Fanout     Cap    Slew   Delay    Time   Description
-----------------------------------------------------------------------------
                          0.00    0.00   clock core_clock (rise edge)
                          0.00    0.00   clock source latency
     1    0.02    0.00    0.00    0.00 ^ clk (in)
                                         clk (net)
                  0.00    0.00    0.00 ^ clkbuf_0_clk/A (sky130_fd_sc_hd__clkbuf_16)
     4    0.05    0.10    0.23    0.23 ^ clkbuf_0_clk/X (sky130_fd_sc_hd__clkbuf_16)
                                         clknet_0_clk (net)
                  0.10    0.00    0.23 ^ clkbuf_2_3__f_clk/A (sky130_fd_sc_hd__clkbuf_16)
     9    0.03    0.08    0.25    0.49 ^ clkbuf_2_3__f_clk/X (sky130_fd_sc_hd__clkbuf_16)
                                         clknet_2_3__leaf_clk (net)
                  0.08    0.00    0.49 ^ _342_/CLK (sky130_fd_sc_hd__dfrtp_4)
     5    0.04    0.19    1.11    1.59 v _342_/Q (sky130_fd_sc_hd__dfrtp_4)
                                         one_second_counter[12] (net)
                  0.19    0.00    1.59 v _180_/C (sky130_fd_sc_hd__and4_1)
     2    0.02    0.20    0.57    2.17 v _180_/X (sky130_fd_sc_hd__and4_1)
                                         _078_ (net)
                  0.20    0.00    2.17 v _181_/D (sky130_fd_sc_hd__or4_1)
     1    0.01    0.22    1.07    3.24 v _181_/X (sky130_fd_sc_hd__or4_1)
                                         _079_ (net)
                  0.22    0.00    3.24 v _184_/A3 (sky130_fd_sc_hd__o31a_1)
     1    0.02    0.18    0.63    3.87 v _184_/X (sky130_fd_sc_hd__o31a_1)
                                         _082_ (net)
                  0.18    0.00    3.87 v _186_/A2 (sky130_fd_sc_hd__o211ai_4)
     2    0.02    0.36    0.42    4.28 ^ _186_/Y (sky130_fd_sc_hd__o211ai_4)
                                         _084_ (net)
                  0.36    0.00    4.28 ^ _187_/A2 (sky130_fd_sc_hd__a21bo_2)
     9    0.05    0.46    0.67    4.95 ^ _187_/X (sky130_fd_sc_hd__a21bo_2)
                                         _085_ (net)
                  0.46    0.00    4.95 ^ _202_/A (sky130_fd_sc_hd__buf_2)
    10    0.05    0.39    0.59    5.54 ^ _202_/X (sky130_fd_sc_hd__buf_2)
                                         _095_ (net)
                  0.39    0.00    5.55 ^ _212_/A (sky130_fd_sc_hd__and3_1)
     1    0.01    0.16    0.47    6.01 ^ _212_/X (sky130_fd_sc_hd__and3_1)
                                         _103_ (net)
                  0.16    0.00    6.01 ^ _213_/A (sky130_fd_sc_hd__buf_1)
     2    0.02    0.33    0.37    6.39 ^ _213_/X (sky130_fd_sc_hd__buf_1)
                                         _023_ (net)
                  0.33    0.00    6.39 ^ _336_/D (sky130_fd_sc_hd__dfrtp_1)
                                  6.39   data arrival time

                         10.00   10.00   clock core_clock (rise edge)
                          0.00   10.00   clock source latency
     1    0.02    0.00    0.00   10.00 ^ clk (in)
                                         clk (net)
                  0.00    0.00   10.00 ^ clkbuf_0_clk/A (sky130_fd_sc_hd__clkbuf_16)
     4    0.05    0.10    0.23   10.23 ^ clkbuf_0_clk/X (sky130_fd_sc_hd__clkbuf_16)
                                         clknet_0_clk (net)
                  0.10    0.00   10.23 ^ clkbuf_2_0__f_clk/A (sky130_fd_sc_hd__clkbuf_16)
     9    0.04    0.09    0.26   10.49 ^ clkbuf_2_0__f_clk/X (sky130_fd_sc_hd__clkbuf_16)
                                         clknet_2_0__leaf_clk (net)
                  0.09    0.00   10.49 ^ _336_/CLK (sky130_fd_sc_hd__dfrtp_1)
                          0.00   10.49   clock reconvergence pessimism
                         -0.20   10.30   library setup time
                                 10.30   data required time
-----------------------------------------------------------------------------
                                 10.30   data required time
                                 -6.39   data arrival time
-----------------------------------------------------------------------------
                                  3.91   slack (MET)


Startpoint: _342_ (rising edge-triggered flip-flop clocked by core_clock)
Endpoint: _349_ (rising edge-triggered flip-flop clocked by core_clock)
Path Group: core_clock
Path Type: max
Corner: Slowest

Fanout     Cap    Slew   Delay    Time   Description
-----------------------------------------------------------------------------
                          0.00    0.00   clock core_clock (rise edge)
                          0.00    0.00   clock source latency
     1    0.02    0.00    0.00    0.00 ^ clk (in)
                                         clk (net)
                  0.00    0.00    0.00 ^ clkbuf_0_clk/A (sky130_fd_sc_hd__clkbuf_16)
     4    0.05    0.10    0.23    0.23 ^ clkbuf_0_clk/X (sky130_fd_sc_hd__clkbuf_16)
                                         clknet_0_clk (net)
                  0.10    0.00    0.23 ^ clkbuf_2_3__f_clk/A (sky130_fd_sc_hd__clkbuf_16)
     9    0.03    0.08    0.25    0.49 ^ clkbuf_2_3__f_clk/X (sky130_fd_sc_hd__clkbuf_16)
                                         clknet_2_3__leaf_clk (net)
                  0.08    0.00    0.49 ^ _342_/CLK (sky130_fd_sc_hd__dfrtp_4)
     5    0.04    0.19    1.11    1.59 v _342_/Q (sky130_fd_sc_hd__dfrtp_4)
                                         one_second_counter[12] (net)
                  0.19    0.00    1.59 v _180_/C (sky130_fd_sc_hd__and4_1)
     2    0.02    0.20    0.57    2.17 v _180_/X (sky130_fd_sc_hd__and4_1)
                                         _078_ (net)
                  0.20    0.00    2.17 v _181_/D (sky130_fd_sc_hd__or4_1)
     1    0.01    0.22    1.07    3.24 v _181_/X (sky130_fd_sc_hd__or4_1)
                                         _079_ (net)
                  0.22    0.00    3.24 v _184_/A3 (sky130_fd_sc_hd__o31a_1)
     1    0.02    0.18    0.63    3.87 v _184_/X (sky130_fd_sc_hd__o31a_1)
                                         _082_ (net)
                  0.18    0.00    3.87 v _186_/A2 (sky130_fd_sc_hd__o211ai_4)
     2    0.02    0.36    0.42    4.28 ^ _186_/Y (sky130_fd_sc_hd__o211ai_4)
                                         _084_ (net)
                  0.36    0.00    4.28 ^ _187_/A2 (sky130_fd_sc_hd__a21bo_2)
     9    0.05    0.46    0.67    4.95 ^ _187_/X (sky130_fd_sc_hd__a21bo_2)
                                         _085_ (net)
                  0.46    0.00    4.95 ^ _202_/A (sky130_fd_sc_hd__buf_2)
    10    0.05    0.39    0.59    5.54 ^ _202_/X (sky130_fd_sc_hd__buf_2)
                                         _095_ (net)
                  0.39    0.00    5.55 ^ _260_/A (sky130_fd_sc_hd__and3_1)
     1    0.01    0.23    0.53    6.07 ^ _260_/X (sky130_fd_sc_hd__and3_1)
                                         _138_ (net)
                  0.23    0.00    6.07 ^ _261_/A (sky130_fd_sc_hd__buf_1)
     1    0.01    0.23    0.33    6.41 ^ _261_/X (sky130_fd_sc_hd__buf_1)
                                         _010_ (net)
                  0.23    0.00    6.41 ^ _349_/D (sky130_fd_sc_hd__dfrtp_4)
                                  6.41   data arrival time

                         10.00   10.00   clock core_clock (rise edge)
                          0.00   10.00   clock source latency
     1    0.02    0.00    0.00   10.00 ^ clk (in)
                                         clk (net)
                  0.00    0.00   10.00 ^ clkbuf_0_clk/A (sky130_fd_sc_hd__clkbuf_16)
     4    0.05    0.10    0.23   10.23 ^ clkbuf_0_clk/X (sky130_fd_sc_hd__clkbuf_16)
                                         clknet_0_clk (net)
                  0.10    0.00   10.23 ^ clkbuf_2_0__f_clk/A (sky130_fd_sc_hd__clkbuf_16)
     9    0.04    0.09    0.26   10.49 ^ clkbuf_2_0__f_clk/X (sky130_fd_sc_hd__clkbuf_16)
                                         clknet_2_0__leaf_clk (net)
                  0.09    0.00   10.49 ^ _349_/CLK (sky130_fd_sc_hd__dfrtp_4)
                          0.00   10.49   clock reconvergence pessimism
                         -0.17   10.32   library setup time
                                 10.32   data required time
-----------------------------------------------------------------------------
                                 10.32   data required time
                                 -6.41   data arrival time
-----------------------------------------------------------------------------
                                  3.91   slack (MET)


Startpoint: _330_ (rising edge-triggered flip-flop clocked by core_clock)
Endpoint: _351_ (rising edge-triggered flip-flop clocked by core_clock)
Path Group: core_clock
Path Type: max
Corner: Slowest

Fanout     Cap    Slew   Delay    Time   Description
-----------------------------------------------------------------------------
                          0.00    0.00   clock core_clock (rise edge)
                          0.00    0.00   clock source latency
     1    0.02    0.00    0.00    0.00 ^ clk (in)
                                         clk (net)
                  0.00    0.00    0.00 ^ clkbuf_0_clk/A (sky130_fd_sc_hd__clkbuf_16)
     4    0.05    0.10    0.23    0.23 ^ clkbuf_0_clk/X (sky130_fd_sc_hd__clkbuf_16)
                                         clknet_0_clk (net)
                  0.10    0.00    0.23 ^ clkbuf_2_3__f_clk/A (sky130_fd_sc_hd__clkbuf_16)
     9    0.03    0.08    0.25    0.49 ^ clkbuf_2_3__f_clk/X (sky130_fd_sc_hd__clkbuf_16)
                                         clknet_2_3__leaf_clk (net)
                  0.08    0.00    0.49 ^ _330_/CLK (sky130_fd_sc_hd__dfrtp_4)
     7    0.05    0.28    1.00    1.48 ^ _330_/Q (sky130_fd_sc_hd__dfrtp_4)
                                         one_second_counter[0] (net)
                  0.28    0.00    1.49 ^ _177_/D (sky130_fd_sc_hd__and4_4)
     8    0.06    0.34    0.82    2.30 ^ _177_/X (sky130_fd_sc_hd__and4_4)
                                         _075_ (net)
                  0.34    0.01    2.31 ^ _221_/C (sky130_fd_sc_hd__and4_2)
     6    0.04    0.40    0.83    3.14 ^ _221_/X (sky130_fd_sc_hd__and4_2)
                                         _109_ (net)
                  0.40    0.00    3.15 ^ _244_/D (sky130_fd_sc_hd__and4_1)
     2    0.03    0.53    0.85    3.99 ^ _244_/X (sky130_fd_sc_hd__and4_1)
                                         _126_ (net)
                  0.53    0.00    3.99 ^ _245_/A (sky130_fd_sc_hd__clkbuf_4)
    10    0.07    0.32    0.63    4.63 ^ _245_/X (sky130_fd_sc_hd__clkbuf_4)
                                         _127_ (net)
                  0.32    0.00    4.63 ^ _258_/A (sky130_fd_sc_hd__and2_1)
     3    0.03    0.43    0.58    5.21 ^ _258_/X (sky130_fd_sc_hd__and2_1)
                                         _136_ (net)
                  0.43    0.00    5.21 ^ _263_/B (sky130_fd_sc_hd__nand2_1)
     2    0.02    0.32    0.43    5.64 v _263_/Y (sky130_fd_sc_hd__nand2_1)
                                         _140_ (net)
                  0.32    0.00    5.64 v _268_/A2 (sky130_fd_sc_hd__a211oi_1)
     1    0.01    0.54    0.67    6.31 ^ _268_/Y (sky130_fd_sc_hd__a211oi_1)
                                         _013_ (net)
                  0.54    0.00    6.31 ^ _351_/D (sky130_fd_sc_hd__dfrtp_2)
                                  6.31   data arrival time

                         10.00   10.00   clock core_clock (rise edge)
                          0.00   10.00   clock source latency
     1    0.02    0.00    0.00   10.00 ^ clk (in)
                                         clk (net)
                  0.00    0.00   10.00 ^ clkbuf_0_clk/A (sky130_fd_sc_hd__clkbuf_16)
     4    0.05    0.10    0.23   10.23 ^ clkbuf_0_clk/X (sky130_fd_sc_hd__clkbuf_16)
                                         clknet_0_clk (net)
                  0.10    0.00   10.23 ^ clkbuf_2_1__f_clk/A (sky130_fd_sc_hd__clkbuf_16)
    10    0.03    0.08    0.26   10.49 ^ clkbuf_2_1__f_clk/X (sky130_fd_sc_hd__clkbuf_16)
                                         clknet_2_1__leaf_clk (net)
                  0.08    0.00   10.49 ^ _351_/CLK (sky130_fd_sc_hd__dfrtp_2)
                          0.00   10.49   clock reconvergence pessimism
                         -0.25   10.23   library setup time
                                 10.23   data required time
-----------------------------------------------------------------------------
                                 10.23   data required time
                                 -6.31   data arrival time
-----------------------------------------------------------------------------
                                  3.92   slack (MET)


Startpoint: _342_ (rising edge-triggered flip-flop clocked by core_clock)
Endpoint: _330_ (rising edge-triggered flip-flop clocked by core_clock)
Path Group: core_clock
Path Type: max
Corner: Slowest

Fanout     Cap    Slew   Delay    Time   Description
-----------------------------------------------------------------------------
                          0.00    0.00   clock core_clock (rise edge)
                          0.00    0.00   clock source latency
     1    0.02    0.00    0.00    0.00 ^ clk (in)
                                         clk (net)
                  0.00    0.00    0.00 ^ clkbuf_0_clk/A (sky130_fd_sc_hd__clkbuf_16)
     4    0.05    0.10    0.23    0.23 ^ clkbuf_0_clk/X (sky130_fd_sc_hd__clkbuf_16)
                                         clknet_0_clk (net)
                  0.10    0.00    0.23 ^ clkbuf_2_3__f_clk/A (sky130_fd_sc_hd__clkbuf_16)
     9    0.03    0.08    0.25    0.49 ^ clkbuf_2_3__f_clk/X (sky130_fd_sc_hd__clkbuf_16)
                                         clknet_2_3__leaf_clk (net)
                  0.08    0.00    0.49 ^ _342_/CLK (sky130_fd_sc_hd__dfrtp_4)
     5    0.04    0.19    1.11    1.59 v _342_/Q (sky130_fd_sc_hd__dfrtp_4)
                                         one_second_counter[12] (net)
                  0.19    0.00    1.59 v _180_/C (sky130_fd_sc_hd__and4_1)
     2    0.02    0.20    0.57    2.17 v _180_/X (sky130_fd_sc_hd__and4_1)
                                         _078_ (net)
                  0.20    0.00    2.17 v _181_/D (sky130_fd_sc_hd__or4_1)
     1    0.01    0.22    1.07    3.24 v _181_/X (sky130_fd_sc_hd__or4_1)
                                         _079_ (net)
                  0.22    0.00    3.24 v _184_/A3 (sky130_fd_sc_hd__o31a_1)
     1    0.02    0.18    0.63    3.87 v _184_/X (sky130_fd_sc_hd__o31a_1)
                                         _082_ (net)
                  0.18    0.00    3.87 v _186_/A2 (sky130_fd_sc_hd__o211ai_4)
     2    0.02    0.36    0.42    4.28 ^ _186_/Y (sky130_fd_sc_hd__o211ai_4)
                                         _084_ (net)
                  0.36    0.00    4.28 ^ _187_/A2 (sky130_fd_sc_hd__a21bo_2)
     9    0.05    0.46    0.67    4.95 ^ _187_/X (sky130_fd_sc_hd__a21bo_2)
                                         _085_ (net)
                  0.46    0.00    4.95 ^ _188_/A (sky130_fd_sc_hd__inv_2)
     2    0.02    0.16    0.28    5.23 v _188_/Y (sky130_fd_sc_hd__inv_2)
                                         _086_ (net)
                  0.16    0.00    5.23 v _189_/A (sky130_fd_sc_hd__clkbuf_4)
    10    0.07    0.26    0.46    5.70 v _189_/X (sky130_fd_sc_hd__clkbuf_4)
                                         _027_ (net)
                  0.26    0.00    5.70 v _190_/B (sky130_fd_sc_hd__nor2_1)
     1    0.02    0.60    0.57    6.27 ^ _190_/Y (sky130_fd_sc_hd__nor2_1)
                                         _000_ (net)
                  0.60    0.00    6.27 ^ _330_/D (sky130_fd_sc_hd__dfrtp_4)
                                  6.27   data arrival time

                         10.00   10.00   clock core_clock (rise edge)
                          0.00   10.00   clock source latency
     1    0.02    0.00    0.00   10.00 ^ clk (in)
                                         clk (net)
                  0.00    0.00   10.00 ^ clkbuf_0_clk/A (sky130_fd_sc_hd__clkbuf_16)
     4    0.05    0.10    0.23   10.23 ^ clkbuf_0_clk/X (sky130_fd_sc_hd__clkbuf_16)
                                         clknet_0_clk (net)
                  0.10    0.00   10.23 ^ clkbuf_2_3__f_clk/A (sky130_fd_sc_hd__clkbuf_16)
     9    0.03    0.08    0.25   10.49 ^ clkbuf_2_3__f_clk/X (sky130_fd_sc_hd__clkbuf_16)
                                         clknet_2_3__leaf_clk (net)
                  0.08    0.00   10.49 ^ _330_/CLK (sky130_fd_sc_hd__dfrtp_4)
                          0.00   10.49   clock reconvergence pessimism
                         -0.27   10.22   library setup time
                                 10.22   data required time
-----------------------------------------------------------------------------
                                 10.22   data required time
                                 -6.27   data arrival time
-----------------------------------------------------------------------------
                                  3.95   slack (MET)


Startpoint: _342_ (rising edge-triggered flip-flop clocked by core_clock)
Endpoint: _340_ (rising edge-triggered flip-flop clocked by core_clock)
Path Group: core_clock
Path Type: max
Corner: Slowest

Fanout     Cap    Slew   Delay    Time   Description
-----------------------------------------------------------------------------
                          0.00    0.00   clock core_clock (rise edge)
                          0.00    0.00   clock source latency
     1    0.02    0.00    0.00    0.00 ^ clk (in)
                                         clk (net)
                  0.00    0.00    0.00 ^ clkbuf_0_clk/A (sky130_fd_sc_hd__clkbuf_16)
     4    0.05    0.10    0.23    0.23 ^ clkbuf_0_clk/X (sky130_fd_sc_hd__clkbuf_16)
                                         clknet_0_clk (net)
                  0.10    0.00    0.23 ^ clkbuf_2_3__f_clk/A (sky130_fd_sc_hd__clkbuf_16)
     9    0.03    0.08    0.25    0.49 ^ clkbuf_2_3__f_clk/X (sky130_fd_sc_hd__clkbuf_16)
                                         clknet_2_3__leaf_clk (net)
                  0.08    0.00    0.49 ^ _342_/CLK (sky130_fd_sc_hd__dfrtp_4)
     5    0.04    0.19    1.11    1.59 v _342_/Q (sky130_fd_sc_hd__dfrtp_4)
                                         one_second_counter[12] (net)
                  0.19    0.00    1.59 v _180_/C (sky130_fd_sc_hd__and4_1)
     2    0.02    0.20    0.57    2.17 v _180_/X (sky130_fd_sc_hd__and4_1)
                                         _078_ (net)
                  0.20    0.00    2.17 v _181_/D (sky130_fd_sc_hd__or4_1)
     1    0.01    0.22    1.07    3.24 v _181_/X (sky130_fd_sc_hd__or4_1)
                                         _079_ (net)
                  0.22    0.00    3.24 v _184_/A3 (sky130_fd_sc_hd__o31a_1)
     1    0.02    0.18    0.63    3.87 v _184_/X (sky130_fd_sc_hd__o31a_1)
                                         _082_ (net)
                  0.18    0.00    3.87 v _186_/A2 (sky130_fd_sc_hd__o211ai_4)
     2    0.02    0.36    0.42    4.28 ^ _186_/Y (sky130_fd_sc_hd__o211ai_4)
                                         _084_ (net)
                  0.36    0.00    4.28 ^ _187_/A2 (sky130_fd_sc_hd__a21bo_2)
     9    0.05    0.46    0.67    4.95 ^ _187_/X (sky130_fd_sc_hd__a21bo_2)
                                         _085_ (net)
                  0.46    0.00    4.95 ^ _202_/A (sky130_fd_sc_hd__buf_2)
    10    0.05    0.39    0.59    5.54 ^ _202_/X (sky130_fd_sc_hd__buf_2)
                                         _095_ (net)
                  0.39    0.00    5.55 ^ _225_/A (sky130_fd_sc_hd__and3_1)
     1    0.01    0.16    0.46    6.01 ^ _225_/X (sky130_fd_sc_hd__and3_1)
                                         _112_ (net)
                  0.16    0.00    6.01 ^ _226_/A (sky130_fd_sc_hd__clkbuf_1)
     1    0.01    0.19    0.27    6.28 ^ _226_/X (sky130_fd_sc_hd__clkbuf_1)
                                         _001_ (net)
                  0.19    0.00    6.28 ^ _340_/D (sky130_fd_sc_hd__dfrtp_4)
                                  6.28   data arrival time

                         10.00   10.00   clock core_clock (rise edge)
                          0.00   10.00   clock source latency
     1    0.02    0.00    0.00   10.00 ^ clk (in)
                                         clk (net)
                  0.00    0.00   10.00 ^ clkbuf_0_clk/A (sky130_fd_sc_hd__clkbuf_16)
     4    0.05    0.10    0.23   10.23 ^ clkbuf_0_clk/X (sky130_fd_sc_hd__clkbuf_16)
                                         clknet_0_clk (net)
                  0.10    0.00   10.23 ^ clkbuf_2_2__f_clk/A (sky130_fd_sc_hd__clkbuf_16)
     7    0.03    0.08    0.25   10.48 ^ clkbuf_2_2__f_clk/X (sky130_fd_sc_hd__clkbuf_16)
                                         clknet_2_2__leaf_clk (net)
                  0.08    0.00   10.48 ^ _340_/CLK (sky130_fd_sc_hd__dfrtp_4)
                          0.00   10.48   clock reconvergence pessimism
                         -0.16   10.32   library setup time
                                 10.32   data required time
-----------------------------------------------------------------------------
                                 10.32   data required time
                                 -6.28   data arrival time
-----------------------------------------------------------------------------
                                  4.04   slack (MET)


Startpoint: _342_ (rising edge-triggered flip-flop clocked by core_clock)
Endpoint: _347_ (rising edge-triggered flip-flop clocked by core_clock)
Path Group: core_clock
Path Type: max
Corner: Slowest

Fanout     Cap    Slew   Delay    Time   Description
-----------------------------------------------------------------------------
                          0.00    0.00   clock core_clock (rise edge)
                          0.00    0.00   clock source latency
     1    0.02    0.00    0.00    0.00 ^ clk (in)
                                         clk (net)
                  0.00    0.00    0.00 ^ clkbuf_0_clk/A (sky130_fd_sc_hd__clkbuf_16)
     4    0.05    0.10    0.23    0.23 ^ clkbuf_0_clk/X (sky130_fd_sc_hd__clkbuf_16)
                                         clknet_0_clk (net)
                  0.10    0.00    0.23 ^ clkbuf_2_3__f_clk/A (sky130_fd_sc_hd__clkbuf_16)
     9    0.03    0.08    0.25    0.49 ^ clkbuf_2_3__f_clk/X (sky130_fd_sc_hd__clkbuf_16)
                                         clknet_2_3__leaf_clk (net)
                  0.08    0.00    0.49 ^ _342_/CLK (sky130_fd_sc_hd__dfrtp_4)
     5    0.04    0.19    1.11    1.59 v _342_/Q (sky130_fd_sc_hd__dfrtp_4)
                                         one_second_counter[12] (net)
                  0.19    0.00    1.59 v _180_/C (sky130_fd_sc_hd__and4_1)
     2    0.02    0.20    0.57    2.17 v _180_/X (sky130_fd_sc_hd__and4_1)
                                         _078_ (net)
                  0.20    0.00    2.17 v _181_/D (sky130_fd_sc_hd__or4_1)
     1    0.01    0.22    1.07    3.24 v _181_/X (sky130_fd_sc_hd__or4_1)
                                         _079_ (net)
                  0.22    0.00    3.24 v _184_/A3 (sky130_fd_sc_hd__o31a_1)
     1    0.02    0.18    0.63    3.87 v _184_/X (sky130_fd_sc_hd__o31a_1)
                                         _082_ (net)
                  0.18    0.00    3.87 v _186_/A2 (sky130_fd_sc_hd__o211ai_4)
     2    0.02    0.36    0.42    4.28 ^ _186_/Y (sky130_fd_sc_hd__o211ai_4)
                                         _084_ (net)
                  0.36    0.00    4.28 ^ _187_/A2 (sky130_fd_sc_hd__a21bo_2)
     9    0.05    0.46    0.67    4.95 ^ _187_/X (sky130_fd_sc_hd__a21bo_2)
                                         _085_ (net)
                  0.46    0.00    4.95 ^ _188_/A (sky130_fd_sc_hd__inv_2)
     2    0.02    0.16    0.28    5.23 v _188_/Y (sky130_fd_sc_hd__inv_2)
                                         _086_ (net)
                  0.16    0.00    5.23 v _189_/A (sky130_fd_sc_hd__clkbuf_4)
    10    0.07    0.26    0.46    5.70 v _189_/X (sky130_fd_sc_hd__clkbuf_4)
                                         _027_ (net)
                  0.26    0.00    5.70 v _252_/A (sky130_fd_sc_hd__nor2_1)
     1    0.02    0.47    0.50    6.20 ^ _252_/Y (sky130_fd_sc_hd__nor2_1)
                                         _008_ (net)
                  0.47    0.00    6.20 ^ _347_/D (sky130_fd_sc_hd__dfrtp_4)
                                  6.20   data arrival time

                         10.00   10.00   clock core_clock (rise edge)
                          0.00   10.00   clock source latency
     1    0.02    0.00    0.00   10.00 ^ clk (in)
                                         clk (net)
                  0.00    0.00   10.00 ^ clkbuf_0_clk/A (sky130_fd_sc_hd__clkbuf_16)
     4    0.05    0.10    0.23   10.23 ^ clkbuf_0_clk/X (sky130_fd_sc_hd__clkbuf_16)
                                         clknet_0_clk (net)
                  0.10    0.00   10.23 ^ clkbuf_2_3__f_clk/A (sky130_fd_sc_hd__clkbuf_16)
     9    0.03    0.08    0.25   10.49 ^ clkbuf_2_3__f_clk/X (sky130_fd_sc_hd__clkbuf_16)
                                         clknet_2_3__leaf_clk (net)
                  0.08    0.00   10.49 ^ _347_/CLK (sky130_fd_sc_hd__dfrtp_4)
                          0.00   10.49   clock reconvergence pessimism
                         -0.24   10.25   library setup time
                                 10.25   data required time
-----------------------------------------------------------------------------
                                 10.25   data required time
                                 -6.20   data arrival time
-----------------------------------------------------------------------------
                                  4.05   slack (MET)


Startpoint: _342_ (rising edge-triggered flip-flop clocked by core_clock)
Endpoint: _343_ (rising edge-triggered flip-flop clocked by core_clock)
Path Group: core_clock
Path Type: max
Corner: Slowest

Fanout     Cap    Slew   Delay    Time   Description
-----------------------------------------------------------------------------
                          0.00    0.00   clock core_clock (rise edge)
                          0.00    0.00   clock source latency
     1    0.02    0.00    0.00    0.00 ^ clk (in)
                                         clk (net)
                  0.00    0.00    0.00 ^ clkbuf_0_clk/A (sky130_fd_sc_hd__clkbuf_16)
     4    0.05    0.10    0.23    0.23 ^ clkbuf_0_clk/X (sky130_fd_sc_hd__clkbuf_16)
                                         clknet_0_clk (net)
                  0.10    0.00    0.23 ^ clkbuf_2_3__f_clk/A (sky130_fd_sc_hd__clkbuf_16)
     9    0.03    0.08    0.25    0.49 ^ clkbuf_2_3__f_clk/X (sky130_fd_sc_hd__clkbuf_16)
                                         clknet_2_3__leaf_clk (net)
                  0.08    0.00    0.49 ^ _342_/CLK (sky130_fd_sc_hd__dfrtp_4)
     5    0.04    0.19    1.11    1.59 v _342_/Q (sky130_fd_sc_hd__dfrtp_4)
                                         one_second_counter[12] (net)
                  0.19    0.00    1.59 v _180_/C (sky130_fd_sc_hd__and4_1)
     2    0.02    0.20    0.57    2.17 v _180_/X (sky130_fd_sc_hd__and4_1)
                                         _078_ (net)
                  0.20    0.00    2.17 v _181_/D (sky130_fd_sc_hd__or4_1)
     1    0.01    0.22    1.07    3.24 v _181_/X (sky130_fd_sc_hd__or4_1)
                                         _079_ (net)
                  0.22    0.00    3.24 v _184_/A3 (sky130_fd_sc_hd__o31a_1)
     1    0.02    0.18    0.63    3.87 v _184_/X (sky130_fd_sc_hd__o31a_1)
                                         _082_ (net)
                  0.18    0.00    3.87 v _186_/A2 (sky130_fd_sc_hd__o211ai_4)
     2    0.02    0.36    0.42    4.28 ^ _186_/Y (sky130_fd_sc_hd__o211ai_4)
                                         _084_ (net)
                  0.36    0.00    4.28 ^ _187_/A2 (sky130_fd_sc_hd__a21bo_2)
     9    0.05    0.46    0.67    4.95 ^ _187_/X (sky130_fd_sc_hd__a21bo_2)
                                         _085_ (net)
                  0.46    0.00    4.95 ^ _202_/A (sky130_fd_sc_hd__buf_2)
    10    0.05    0.39    0.59    5.54 ^ _202_/X (sky130_fd_sc_hd__buf_2)
                                         _095_ (net)
                  0.39    0.00    5.55 ^ _236_/A (sky130_fd_sc_hd__and3_1)
     1    0.01    0.20    0.50    6.05 ^ _236_/X (sky130_fd_sc_hd__and3_1)
                                         _120_ (net)
                  0.20    0.00    6.05 ^ _237_/A (sky130_fd_sc_hd__clkbuf_1)
     1    0.00    0.07    0.20    6.25 ^ _237_/X (sky130_fd_sc_hd__clkbuf_1)
                                         _004_ (net)
                  0.07    0.00    6.25 ^ _343_/D (sky130_fd_sc_hd__dfrtp_2)
                                  6.25   data arrival time

                         10.00   10.00   clock core_clock (rise edge)
                          0.00   10.00   clock source latency
     1    0.02    0.00    0.00   10.00 ^ clk (in)
                                         clk (net)
                  0.00    0.00   10.00 ^ clkbuf_0_clk/A (sky130_fd_sc_hd__clkbuf_16)
     4    0.05    0.10    0.23   10.23 ^ clkbuf_0_clk/X (sky130_fd_sc_hd__clkbuf_16)
                                         clknet_0_clk (net)
                  0.10    0.00   10.23 ^ clkbuf_2_2__f_clk/A (sky130_fd_sc_hd__clkbuf_16)
     7    0.03    0.08    0.25   10.48 ^ clkbuf_2_2__f_clk/X (sky130_fd_sc_hd__clkbuf_16)
                                         clknet_2_2__leaf_clk (net)
                  0.08    0.00   10.48 ^ _343_/CLK (sky130_fd_sc_hd__dfrtp_2)
                          0.00   10.48   clock reconvergence pessimism
                         -0.14   10.35   library setup time
                                 10.35   data required time
-----------------------------------------------------------------------------
                                 10.35   data required time
                                 -6.25   data arrival time
-----------------------------------------------------------------------------
                                  4.10   slack (MET)


Startpoint: _342_ (rising edge-triggered flip-flop clocked by core_clock)
Endpoint: _339_ (rising edge-triggered flip-flop clocked by core_clock)
Path Group: core_clock
Path Type: max
Corner: Slowest

Fanout     Cap    Slew   Delay    Time   Description
-----------------------------------------------------------------------------
                          0.00    0.00   clock core_clock (rise edge)
                          0.00    0.00   clock source latency
     1    0.02    0.00    0.00    0.00 ^ clk (in)
                                         clk (net)
                  0.00    0.00    0.00 ^ clkbuf_0_clk/A (sky130_fd_sc_hd__clkbuf_16)
     4    0.05    0.10    0.23    0.23 ^ clkbuf_0_clk/X (sky130_fd_sc_hd__clkbuf_16)
                                         clknet_0_clk (net)
                  0.10    0.00    0.23 ^ clkbuf_2_3__f_clk/A (sky130_fd_sc_hd__clkbuf_16)
     9    0.03    0.08    0.25    0.49 ^ clkbuf_2_3__f_clk/X (sky130_fd_sc_hd__clkbuf_16)
                                         clknet_2_3__leaf_clk (net)
                  0.08    0.00    0.49 ^ _342_/CLK (sky130_fd_sc_hd__dfrtp_4)
     5    0.04    0.19    1.11    1.59 v _342_/Q (sky130_fd_sc_hd__dfrtp_4)
                                         one_second_counter[12] (net)
                  0.19    0.00    1.59 v _180_/C (sky130_fd_sc_hd__and4_1)
     2    0.02    0.20    0.57    2.17 v _180_/X (sky130_fd_sc_hd__and4_1)
                                         _078_ (net)
                  0.20    0.00    2.17 v _181_/D (sky130_fd_sc_hd__or4_1)
     1    0.01    0.22    1.07    3.24 v _181_/X (sky130_fd_sc_hd__or4_1)
                                         _079_ (net)
                  0.22    0.00    3.24 v _184_/A3 (sky130_fd_sc_hd__o31a_1)
     1    0.02    0.18    0.63    3.87 v _184_/X (sky130_fd_sc_hd__o31a_1)
                                         _082_ (net)
                  0.18    0.00    3.87 v _186_/A2 (sky130_fd_sc_hd__o211ai_4)
     2    0.02    0.36    0.42    4.28 ^ _186_/Y (sky130_fd_sc_hd__o211ai_4)
                                         _084_ (net)
                  0.36    0.00    4.28 ^ _187_/A2 (sky130_fd_sc_hd__a21bo_2)
     9    0.05    0.46    0.67    4.95 ^ _187_/X (sky130_fd_sc_hd__a21bo_2)
                                         _085_ (net)
                  0.46    0.00    4.95 ^ _188_/A (sky130_fd_sc_hd__inv_2)
     2    0.02    0.16    0.28    5.23 v _188_/Y (sky130_fd_sc_hd__inv_2)
                                         _086_ (net)
                  0.16    0.00    5.23 v _189_/A (sky130_fd_sc_hd__clkbuf_4)
    10    0.07    0.26    0.46    5.70 v _189_/X (sky130_fd_sc_hd__clkbuf_4)
                                         _027_ (net)
                  0.26    0.00    5.70 v _222_/A (sky130_fd_sc_hd__nor3_1)
     1    0.01    0.38    0.48    6.18 ^ _222_/Y (sky130_fd_sc_hd__nor3_1)
                                         _026_ (net)
                  0.38    0.00    6.18 ^ _339_/D (sky130_fd_sc_hd__dfrtp_1)
                                  6.18   data arrival time

                         10.00   10.00   clock core_clock (rise edge)
                          0.00   10.00   clock source latency
     1    0.02    0.00    0.00   10.00 ^ clk (in)
                                         clk (net)
                  0.00    0.00   10.00 ^ clkbuf_0_clk/A (sky130_fd_sc_hd__clkbuf_16)
     4    0.05    0.10    0.23   10.23 ^ clkbuf_0_clk/X (sky130_fd_sc_hd__clkbuf_16)
                                         clknet_0_clk (net)
                  0.10    0.00   10.23 ^ clkbuf_2_0__f_clk/A (sky130_fd_sc_hd__clkbuf_16)
     9    0.04    0.09    0.26   10.49 ^ clkbuf_2_0__f_clk/X (sky130_fd_sc_hd__clkbuf_16)
                                         clknet_2_0__leaf_clk (net)
                  0.09    0.00   10.49 ^ _339_/CLK (sky130_fd_sc_hd__dfrtp_1)
                          0.00   10.49   clock reconvergence pessimism
                         -0.21   10.28   library setup time
                                 10.28   data required time
-----------------------------------------------------------------------------
                                 10.28   data required time
                                 -6.18   data arrival time
-----------------------------------------------------------------------------
                                  4.10   slack (MET)


Startpoint: _330_ (rising edge-triggered flip-flop clocked by core_clock)
Endpoint: _356_ (rising edge-triggered flip-flop clocked by core_clock)
Path Group: core_clock
Path Type: max
Corner: Slowest

Fanout     Cap    Slew   Delay    Time   Description
-----------------------------------------------------------------------------
                          0.00    0.00   clock core_clock (rise edge)
                          0.00    0.00   clock source latency
     1    0.02    0.00    0.00    0.00 ^ clk (in)
                                         clk (net)
                  0.00    0.00    0.00 ^ clkbuf_0_clk/A (sky130_fd_sc_hd__clkbuf_16)
     4    0.05    0.10    0.23    0.23 ^ clkbuf_0_clk/X (sky130_fd_sc_hd__clkbuf_16)
                                         clknet_0_clk (net)
                  0.10    0.00    0.23 ^ clkbuf_2_3__f_clk/A (sky130_fd_sc_hd__clkbuf_16)
     9    0.03    0.08    0.25    0.49 ^ clkbuf_2_3__f_clk/X (sky130_fd_sc_hd__clkbuf_16)
                                         clknet_2_3__leaf_clk (net)
                  0.08    0.00    0.49 ^ _330_/CLK (sky130_fd_sc_hd__dfrtp_4)
     7    0.05    0.28    1.00    1.48 ^ _330_/Q (sky130_fd_sc_hd__dfrtp_4)
                                         one_second_counter[0] (net)
                  0.28    0.00    1.49 ^ _177_/D (sky130_fd_sc_hd__and4_4)
     8    0.06    0.34    0.82    2.30 ^ _177_/X (sky130_fd_sc_hd__and4_4)
                                         _075_ (net)
                  0.34    0.01    2.31 ^ _221_/C (sky130_fd_sc_hd__and4_2)
     6    0.04    0.40    0.83    3.14 ^ _221_/X (sky130_fd_sc_hd__and4_2)
                                         _109_ (net)
                  0.40    0.00    3.15 ^ _244_/D (sky130_fd_sc_hd__and4_1)
     2    0.03    0.53    0.85    3.99 ^ _244_/X (sky130_fd_sc_hd__and4_1)
                                         _126_ (net)
                  0.53    0.00    3.99 ^ _245_/A (sky130_fd_sc_hd__clkbuf_4)
    10    0.07    0.32    0.63    4.63 ^ _245_/X (sky130_fd_sc_hd__clkbuf_4)
                                         _127_ (net)
                  0.32    0.01    4.63 ^ _277_/B (sky130_fd_sc_hd__and3_2)
     4    0.04    0.36    0.69    5.32 ^ _277_/X (sky130_fd_sc_hd__and3_2)
                                         _150_ (net)
                  0.36    0.00    5.32 ^ _283_/B1 (sky130_fd_sc_hd__a21o_1)
     1    0.02    0.29    0.41    5.73 ^ _283_/X (sky130_fd_sc_hd__a21o_1)
                                         _154_ (net)
                  0.29    0.00    5.73 ^ _284_/C1 (sky130_fd_sc_hd__o211a_1)
     1    0.01    0.15    0.43    6.16 ^ _284_/X (sky130_fd_sc_hd__o211a_1)
                                         _018_ (net)
                  0.15    0.00    6.16 ^ _356_/D (sky130_fd_sc_hd__dfrtp_1)
                                  6.16   data arrival time

                         10.00   10.00   clock core_clock (rise edge)
                          0.00   10.00   clock source latency
     1    0.02    0.00    0.00   10.00 ^ clk (in)
                                         clk (net)
                  0.00    0.00   10.00 ^ clkbuf_0_clk/A (sky130_fd_sc_hd__clkbuf_16)
     4    0.05    0.10    0.23   10.23 ^ clkbuf_0_clk/X (sky130_fd_sc_hd__clkbuf_16)
                                         clknet_0_clk (net)
                  0.10    0.00   10.23 ^ clkbuf_2_0__f_clk/A (sky130_fd_sc_hd__clkbuf_16)
     9    0.04    0.09    0.26   10.49 ^ clkbuf_2_0__f_clk/X (sky130_fd_sc_hd__clkbuf_16)
                                         clknet_2_0__leaf_clk (net)
                  0.09    0.00   10.49 ^ _356_/CLK (sky130_fd_sc_hd__dfrtp_1)
                          0.00   10.49   clock reconvergence pessimism
                         -0.15   10.34   library setup time
                                 10.34   data required time
-----------------------------------------------------------------------------
                                 10.34   data required time
                                 -6.16   data arrival time
-----------------------------------------------------------------------------
                                  4.18   slack (MET)


Startpoint: _342_ (rising edge-triggered flip-flop clocked by core_clock)
Endpoint: _331_ (rising edge-triggered flip-flop clocked by core_clock)
Path Group: core_clock
Path Type: max
Corner: Slowest

Fanout     Cap    Slew   Delay    Time   Description
-----------------------------------------------------------------------------
                          0.00    0.00   clock core_clock (rise edge)
                          0.00    0.00   clock source latency
     1    0.02    0.00    0.00    0.00 ^ clk (in)
                                         clk (net)
                  0.00    0.00    0.00 ^ clkbuf_0_clk/A (sky130_fd_sc_hd__clkbuf_16)
     4    0.05    0.10    0.23    0.23 ^ clkbuf_0_clk/X (sky130_fd_sc_hd__clkbuf_16)
                                         clknet_0_clk (net)
                  0.10    0.00    0.23 ^ clkbuf_2_3__f_clk/A (sky130_fd_sc_hd__clkbuf_16)
     9    0.03    0.08    0.25    0.49 ^ clkbuf_2_3__f_clk/X (sky130_fd_sc_hd__clkbuf_16)
                                         clknet_2_3__leaf_clk (net)
                  0.08    0.00    0.49 ^ _342_/CLK (sky130_fd_sc_hd__dfrtp_4)
     5    0.04    0.19    1.11    1.59 v _342_/Q (sky130_fd_sc_hd__dfrtp_4)
                                         one_second_counter[12] (net)
                  0.19    0.00    1.59 v _180_/C (sky130_fd_sc_hd__and4_1)
     2    0.02    0.20    0.57    2.17 v _180_/X (sky130_fd_sc_hd__and4_1)
                                         _078_ (net)
                  0.20    0.00    2.17 v _181_/D (sky130_fd_sc_hd__or4_1)
     1    0.01    0.22    1.07    3.24 v _181_/X (sky130_fd_sc_hd__or4_1)
                                         _079_ (net)
                  0.22    0.00    3.24 v _184_/A3 (sky130_fd_sc_hd__o31a_1)
     1    0.02    0.18    0.63    3.87 v _184_/X (sky130_fd_sc_hd__o31a_1)
                                         _082_ (net)
                  0.18    0.00    3.87 v _186_/A2 (sky130_fd_sc_hd__o211ai_4)
     2    0.02    0.36    0.42    4.28 ^ _186_/Y (sky130_fd_sc_hd__o211ai_4)
                                         _084_ (net)
                  0.36    0.00    4.28 ^ _187_/A2 (sky130_fd_sc_hd__a21bo_2)
     9    0.05    0.46    0.67    4.95 ^ _187_/X (sky130_fd_sc_hd__a21bo_2)
                                         _085_ (net)
                  0.46    0.00    4.95 ^ _193_/B (sky130_fd_sc_hd__and3_1)
     1    0.03    0.42    0.69    5.65 ^ _193_/X (sky130_fd_sc_hd__and3_1)
                                         _089_ (net)
                  0.42    0.00    5.65 ^ _194_/A (sky130_fd_sc_hd__buf_1)
     1    0.01    0.25    0.40    6.05 ^ _194_/X (sky130_fd_sc_hd__buf_1)
                                         _011_ (net)
                  0.25    0.00    6.05 ^ _331_/D (sky130_fd_sc_hd__dfrtp_4)
                                  6.05   data arrival time

                         10.00   10.00   clock core_clock (rise edge)
                          0.00   10.00   clock source latency
     1    0.02    0.00    0.00   10.00 ^ clk (in)
                                         clk (net)
                  0.00    0.00   10.00 ^ clkbuf_0_clk/A (sky130_fd_sc_hd__clkbuf_16)
     4    0.05    0.10    0.23   10.23 ^ clkbuf_0_clk/X (sky130_fd_sc_hd__clkbuf_16)
                                         clknet_0_clk (net)
                  0.10    0.00   10.23 ^ clkbuf_2_0__f_clk/A (sky130_fd_sc_hd__clkbuf_16)
     9    0.04    0.09    0.26   10.49 ^ clkbuf_2_0__f_clk/X (sky130_fd_sc_hd__clkbuf_16)
                                         clknet_2_0__leaf_clk (net)
                  0.09    0.00   10.49 ^ _331_/CLK (sky130_fd_sc_hd__dfrtp_4)
                          0.00   10.49   clock reconvergence pessimism
                         -0.18   10.31   library setup time
                                 10.31   data required time
-----------------------------------------------------------------------------
                                 10.31   data required time
                                 -6.05   data arrival time
-----------------------------------------------------------------------------
                                  4.27   slack (MET)


Startpoint: _342_ (rising edge-triggered flip-flop clocked by core_clock)
Endpoint: _348_ (rising edge-triggered flip-flop clocked by core_clock)
Path Group: core_clock
Path Type: max
Corner: Slowest

Fanout     Cap    Slew   Delay    Time   Description
-----------------------------------------------------------------------------
                          0.00    0.00   clock core_clock (rise edge)
                          0.00    0.00   clock source latency
     1    0.02    0.00    0.00    0.00 ^ clk (in)
                                         clk (net)
                  0.00    0.00    0.00 ^ clkbuf_0_clk/A (sky130_fd_sc_hd__clkbuf_16)
     4    0.05    0.10    0.23    0.23 ^ clkbuf_0_clk/X (sky130_fd_sc_hd__clkbuf_16)
                                         clknet_0_clk (net)
                  0.10    0.00    0.23 ^ clkbuf_2_3__f_clk/A (sky130_fd_sc_hd__clkbuf_16)
     9    0.03    0.08    0.25    0.49 ^ clkbuf_2_3__f_clk/X (sky130_fd_sc_hd__clkbuf_16)
                                         clknet_2_3__leaf_clk (net)
                  0.08    0.00    0.49 ^ _342_/CLK (sky130_fd_sc_hd__dfrtp_4)
     5    0.04    0.19    1.11    1.59 v _342_/Q (sky130_fd_sc_hd__dfrtp_4)
                                         one_second_counter[12] (net)
                  0.19    0.00    1.59 v _180_/C (sky130_fd_sc_hd__and4_1)
     2    0.02    0.20    0.57    2.17 v _180_/X (sky130_fd_sc_hd__and4_1)
                                         _078_ (net)
                  0.20    0.00    2.17 v _181_/D (sky130_fd_sc_hd__or4_1)
     1    0.01    0.22    1.07    3.24 v _181_/X (sky130_fd_sc_hd__or4_1)
                                         _079_ (net)
                  0.22    0.00    3.24 v _184_/A3 (sky130_fd_sc_hd__o31a_1)
     1    0.02    0.18    0.63    3.87 v _184_/X (sky130_fd_sc_hd__o31a_1)
                                         _082_ (net)
                  0.18    0.00    3.87 v _186_/A2 (sky130_fd_sc_hd__o211ai_4)
     2    0.02    0.36    0.42    4.28 ^ _186_/Y (sky130_fd_sc_hd__o211ai_4)
                                         _084_ (net)
                  0.36    0.00    4.28 ^ _187_/A2 (sky130_fd_sc_hd__a21bo_2)
     9    0.05    0.46    0.67    4.95 ^ _187_/X (sky130_fd_sc_hd__a21bo_2)
                                         _085_ (net)
                  0.46    0.00    4.95 ^ _202_/A (sky130_fd_sc_hd__buf_2)
    10    0.05    0.39    0.59    5.54 ^ _202_/X (sky130_fd_sc_hd__buf_2)
                                         _095_ (net)
                  0.39    0.00    5.55 ^ _255_/C1 (sky130_fd_sc_hd__o211a_1)
     1    0.01    0.19    0.50    6.05 ^ _255_/X (sky130_fd_sc_hd__o211a_1)
                                         _009_ (net)
                  0.19    0.00    6.05 ^ _348_/D (sky130_fd_sc_hd__dfrtp_4)
                                  6.05   data arrival time

                         10.00   10.00   clock core_clock (rise edge)
                          0.00   10.00   clock source latency
     1    0.02    0.00    0.00   10.00 ^ clk (in)
                                         clk (net)
                  0.00    0.00   10.00 ^ clkbuf_0_clk/A (sky130_fd_sc_hd__clkbuf_16)
     4    0.05    0.10    0.23   10.23 ^ clkbuf_0_clk/X (sky130_fd_sc_hd__clkbuf_16)
                                         clknet_0_clk (net)
                  0.10    0.00   10.23 ^ clkbuf_2_1__f_clk/A (sky130_fd_sc_hd__clkbuf_16)
    10    0.03    0.08    0.26   10.49 ^ clkbuf_2_1__f_clk/X (sky130_fd_sc_hd__clkbuf_16)
                                         clknet_2_1__leaf_clk (net)
                  0.08    0.00   10.49 ^ _348_/CLK (sky130_fd_sc_hd__dfrtp_4)
                          0.00   10.49   clock reconvergence pessimism
                         -0.17   10.32   library setup time
                                 10.32   data required time
-----------------------------------------------------------------------------
                                 10.32   data required time
                                 -6.05   data arrival time
-----------------------------------------------------------------------------
                                  4.27   slack (MET)


Startpoint: _342_ (rising edge-triggered flip-flop clocked by core_clock)
Endpoint: _332_ (rising edge-triggered flip-flop clocked by core_clock)
Path Group: core_clock
Path Type: max
Corner: Slowest

Fanout     Cap    Slew   Delay    Time   Description
-----------------------------------------------------------------------------
                          0.00    0.00   clock core_clock (rise edge)
                          0.00    0.00   clock source latency
     1    0.02    0.00    0.00    0.00 ^ clk (in)
                                         clk (net)
                  0.00    0.00    0.00 ^ clkbuf_0_clk/A (sky130_fd_sc_hd__clkbuf_16)
     4    0.05    0.10    0.23    0.23 ^ clkbuf_0_clk/X (sky130_fd_sc_hd__clkbuf_16)
                                         clknet_0_clk (net)
                  0.10    0.00    0.23 ^ clkbuf_2_3__f_clk/A (sky130_fd_sc_hd__clkbuf_16)
     9    0.03    0.08    0.25    0.49 ^ clkbuf_2_3__f_clk/X (sky130_fd_sc_hd__clkbuf_16)
                                         clknet_2_3__leaf_clk (net)
                  0.08    0.00    0.49 ^ _342_/CLK (sky130_fd_sc_hd__dfrtp_4)
     5    0.04    0.19    1.11    1.59 v _342_/Q (sky130_fd_sc_hd__dfrtp_4)
                                         one_second_counter[12] (net)
                  0.19    0.00    1.59 v _180_/C (sky130_fd_sc_hd__and4_1)
     2    0.02    0.20    0.57    2.17 v _180_/X (sky130_fd_sc_hd__and4_1)
                                         _078_ (net)
                  0.20    0.00    2.17 v _181_/D (sky130_fd_sc_hd__or4_1)
     1    0.01    0.22    1.07    3.24 v _181_/X (sky130_fd_sc_hd__or4_1)
                                         _079_ (net)
                  0.22    0.00    3.24 v _184_/A3 (sky130_fd_sc_hd__o31a_1)
     1    0.02    0.18    0.63    3.87 v _184_/X (sky130_fd_sc_hd__o31a_1)
                                         _082_ (net)
                  0.18    0.00    3.87 v _186_/A2 (sky130_fd_sc_hd__o211ai_4)
     2    0.02    0.36    0.42    4.28 ^ _186_/Y (sky130_fd_sc_hd__o211ai_4)
                                         _084_ (net)
                  0.36    0.00    4.28 ^ _187_/A2 (sky130_fd_sc_hd__a21bo_2)
     9    0.05    0.46    0.67    4.95 ^ _187_/X (sky130_fd_sc_hd__a21bo_2)
                                         _085_ (net)
                  0.46    0.00    4.95 ^ _197_/B (sky130_fd_sc_hd__and3_1)
     1    0.01    0.16    0.49    5.44 ^ _197_/X (sky130_fd_sc_hd__and3_1)
                                         _092_ (net)
                  0.16    0.00    5.44 ^ _198_/A (sky130_fd_sc_hd__buf_1)
     2    0.03    0.48    0.48    5.93 ^ _198_/X (sky130_fd_sc_hd__buf_1)
                                         _019_ (net)
                  0.48    0.00    5.93 ^ _332_/D (sky130_fd_sc_hd__dfrtp_4)
                                  5.93   data arrival time

                         10.00   10.00   clock core_clock (rise edge)
                          0.00   10.00   clock source latency
     1    0.02    0.00    0.00   10.00 ^ clk (in)
                                         clk (net)
                  0.00    0.00   10.00 ^ clkbuf_0_clk/A (sky130_fd_sc_hd__clkbuf_16)
     4    0.05    0.10    0.23   10.23 ^ clkbuf_0_clk/X (sky130_fd_sc_hd__clkbuf_16)
                                         clknet_0_clk (net)
                  0.10    0.00   10.23 ^ clkbuf_2_1__f_clk/A (sky130_fd_sc_hd__clkbuf_16)
    10    0.03    0.08    0.26   10.49 ^ clkbuf_2_1__f_clk/X (sky130_fd_sc_hd__clkbuf_16)
                                         clknet_2_1__leaf_clk (net)
                  0.08    0.00   10.49 ^ _332_/CLK (sky130_fd_sc_hd__dfrtp_4)
                          0.00   10.49   clock reconvergence pessimism
                         -0.24   10.25   library setup time
                                 10.25   data required time
-----------------------------------------------------------------------------
                                 10.25   data required time
                                 -5.93   data arrival time
-----------------------------------------------------------------------------
                                  4.32   slack (MET)


Startpoint: _342_ (rising edge-triggered flip-flop clocked by core_clock)
Endpoint: _338_ (rising edge-triggered flip-flop clocked by core_clock)
Path Group: core_clock
Path Type: max
Corner: Slowest

Fanout     Cap    Slew   Delay    Time   Description
-----------------------------------------------------------------------------
                          0.00    0.00   clock core_clock (rise edge)
                          0.00    0.00   clock source latency
     1    0.02    0.00    0.00    0.00 ^ clk (in)
                                         clk (net)
                  0.00    0.00    0.00 ^ clkbuf_0_clk/A (sky130_fd_sc_hd__clkbuf_16)
     4    0.05    0.10    0.23    0.23 ^ clkbuf_0_clk/X (sky130_fd_sc_hd__clkbuf_16)
                                         clknet_0_clk (net)
                  0.10    0.00    0.23 ^ clkbuf_2_3__f_clk/A (sky130_fd_sc_hd__clkbuf_16)
     9    0.03    0.08    0.25    0.49 ^ clkbuf_2_3__f_clk/X (sky130_fd_sc_hd__clkbuf_16)
                                         clknet_2_3__leaf_clk (net)
                  0.08    0.00    0.49 ^ _342_/CLK (sky130_fd_sc_hd__dfrtp_4)
     5    0.04    0.19    1.11    1.59 v _342_/Q (sky130_fd_sc_hd__dfrtp_4)
                                         one_second_counter[12] (net)
                  0.19    0.00    1.59 v _180_/C (sky130_fd_sc_hd__and4_1)
     2    0.02    0.20    0.57    2.17 v _180_/X (sky130_fd_sc_hd__and4_1)
                                         _078_ (net)
                  0.20    0.00    2.17 v _181_/D (sky130_fd_sc_hd__or4_1)
     1    0.01    0.22    1.07    3.24 v _181_/X (sky130_fd_sc_hd__or4_1)
                                         _079_ (net)
                  0.22    0.00    3.24 v _184_/A3 (sky130_fd_sc_hd__o31a_1)
     1    0.02    0.18    0.63    3.87 v _184_/X (sky130_fd_sc_hd__o31a_1)
                                         _082_ (net)
                  0.18    0.00    3.87 v _186_/A2 (sky130_fd_sc_hd__o211ai_4)
     2    0.02    0.36    0.42    4.28 ^ _186_/Y (sky130_fd_sc_hd__o211ai_4)
                                         _084_ (net)
                  0.36    0.00    4.28 ^ _187_/A2 (sky130_fd_sc_hd__a21bo_2)
     9    0.05    0.46    0.67    4.95 ^ _187_/X (sky130_fd_sc_hd__a21bo_2)
                                         _085_ (net)
                  0.46    0.00    4.95 ^ _218_/B (sky130_fd_sc_hd__and3_1)
     1    0.01    0.19    0.52    5.47 ^ _218_/X (sky130_fd_sc_hd__and3_1)
                                         _107_ (net)
                  0.19    0.00    5.47 ^ _219_/A (sky130_fd_sc_hd__buf_1)
     1    0.02    0.39    0.43    5.90 ^ _219_/X (sky130_fd_sc_hd__buf_1)
                                         _025_ (net)
                  0.39    0.00    5.90 ^ _338_/D (sky130_fd_sc_hd__dfrtp_4)
                                  5.90   data arrival time

                         10.00   10.00   clock core_clock (rise edge)
                          0.00   10.00   clock source latency
     1    0.02    0.00    0.00   10.00 ^ clk (in)
                                         clk (net)
                  0.00    0.00   10.00 ^ clkbuf_0_clk/A (sky130_fd_sc_hd__clkbuf_16)
     4    0.05    0.10    0.23   10.23 ^ clkbuf_0_clk/X (sky130_fd_sc_hd__clkbuf_16)
                                         clknet_0_clk (net)
                  0.10    0.00   10.23 ^ clkbuf_2_3__f_clk/A (sky130_fd_sc_hd__clkbuf_16)
     9    0.03    0.08    0.25   10.49 ^ clkbuf_2_3__f_clk/X (sky130_fd_sc_hd__clkbuf_16)
                                         clknet_2_3__leaf_clk (net)
                  0.08    0.00   10.49 ^ _338_/CLK (sky130_fd_sc_hd__dfrtp_4)
                          0.00   10.49   clock reconvergence pessimism
                         -0.21   10.27   library setup time
                                 10.27   data required time
-----------------------------------------------------------------------------
                                 10.27   data required time
                                 -5.90   data arrival time
-----------------------------------------------------------------------------
                                  4.37   slack (MET)


Startpoint: _342_ (rising edge-triggered flip-flop clocked by core_clock)
Endpoint: _337_ (rising edge-triggered flip-flop clocked by core_clock)
Path Group: core_clock
Path Type: max
Corner: Slowest

Fanout     Cap    Slew   Delay    Time   Description
-----------------------------------------------------------------------------
                          0.00    0.00   clock core_clock (rise edge)
                          0.00    0.00   clock source latency
     1    0.02    0.00    0.00    0.00 ^ clk (in)
                                         clk (net)
                  0.00    0.00    0.00 ^ clkbuf_0_clk/A (sky130_fd_sc_hd__clkbuf_16)
     4    0.05    0.10    0.23    0.23 ^ clkbuf_0_clk/X (sky130_fd_sc_hd__clkbuf_16)
                                         clknet_0_clk (net)
                  0.10    0.00    0.23 ^ clkbuf_2_3__f_clk/A (sky130_fd_sc_hd__clkbuf_16)
     9    0.03    0.08    0.25    0.49 ^ clkbuf_2_3__f_clk/X (sky130_fd_sc_hd__clkbuf_16)
                                         clknet_2_3__leaf_clk (net)
                  0.08    0.00    0.49 ^ _342_/CLK (sky130_fd_sc_hd__dfrtp_4)
     5    0.04    0.19    1.11    1.59 v _342_/Q (sky130_fd_sc_hd__dfrtp_4)
                                         one_second_counter[12] (net)
                  0.19    0.00    1.59 v _180_/C (sky130_fd_sc_hd__and4_1)
     2    0.02    0.20    0.57    2.17 v _180_/X (sky130_fd_sc_hd__and4_1)
                                         _078_ (net)
                  0.20    0.00    2.17 v _181_/D (sky130_fd_sc_hd__or4_1)
     1    0.01    0.22    1.07    3.24 v _181_/X (sky130_fd_sc_hd__or4_1)
                                         _079_ (net)
                  0.22    0.00    3.24 v _184_/A3 (sky130_fd_sc_hd__o31a_1)
     1    0.02    0.18    0.63    3.87 v _184_/X (sky130_fd_sc_hd__o31a_1)
                                         _082_ (net)
                  0.18    0.00    3.87 v _186_/A2 (sky130_fd_sc_hd__o211ai_4)
     2    0.02    0.36    0.42    4.28 ^ _186_/Y (sky130_fd_sc_hd__o211ai_4)
                                         _084_ (net)
                  0.36    0.00    4.28 ^ _187_/A2 (sky130_fd_sc_hd__a21bo_2)
     9    0.05    0.46    0.67    4.95 ^ _187_/X (sky130_fd_sc_hd__a21bo_2)
                                         _085_ (net)
                  0.46    0.00    4.95 ^ _188_/A (sky130_fd_sc_hd__inv_2)
     2    0.02    0.16    0.28    5.23 v _188_/Y (sky130_fd_sc_hd__inv_2)
                                         _086_ (net)
                  0.16    0.00    5.23 v _215_/B1 (sky130_fd_sc_hd__a211oi_2)
     1    0.02    0.55    0.60    5.83 ^ _215_/Y (sky130_fd_sc_hd__a211oi_2)
                                         _024_ (net)
                  0.55    0.00    5.84 ^ _337_/D (sky130_fd_sc_hd__dfrtp_1)
                                  5.84   data arrival time

                         10.00   10.00   clock core_clock (rise edge)
                          0.00   10.00   clock source latency
     1    0.02    0.00    0.00   10.00 ^ clk (in)
                                         clk (net)
                  0.00    0.00   10.00 ^ clkbuf_0_clk/A (sky130_fd_sc_hd__clkbuf_16)
     4    0.05    0.10    0.23   10.23 ^ clkbuf_0_clk/X (sky130_fd_sc_hd__clkbuf_16)
                                         clknet_0_clk (net)
                  0.10    0.00   10.23 ^ clkbuf_2_0__f_clk/A (sky130_fd_sc_hd__clkbuf_16)
     9    0.04    0.09    0.26   10.49 ^ clkbuf_2_0__f_clk/X (sky130_fd_sc_hd__clkbuf_16)
                                         clknet_2_0__leaf_clk (net)
                  0.09    0.00   10.49 ^ _337_/CLK (sky130_fd_sc_hd__dfrtp_1)
                          0.00   10.49   clock reconvergence pessimism
                         -0.25   10.24   library setup time
                                 10.24   data required time
-----------------------------------------------------------------------------
                                 10.24   data required time
                                 -5.84   data arrival time
-----------------------------------------------------------------------------
                                  4.41   slack (MET)


Startpoint: _342_ (rising edge-triggered flip-flop clocked by core_clock)
Endpoint: _357_ (rising edge-triggered flip-flop clocked by core_clock)
Path Group: core_clock
Path Type: max
Corner: Slowest

Fanout     Cap    Slew   Delay    Time   Description
-----------------------------------------------------------------------------
                          0.00    0.00   clock core_clock (rise edge)
                          0.00    0.00   clock source latency
     1    0.02    0.00    0.00    0.00 ^ clk (in)
                                         clk (net)
                  0.00    0.00    0.00 ^ clkbuf_0_clk/A (sky130_fd_sc_hd__clkbuf_16)
     4    0.05    0.10    0.23    0.23 ^ clkbuf_0_clk/X (sky130_fd_sc_hd__clkbuf_16)
                                         clknet_0_clk (net)
                  0.10    0.00    0.23 ^ clkbuf_2_3__f_clk/A (sky130_fd_sc_hd__clkbuf_16)
     9    0.03    0.08    0.25    0.49 ^ clkbuf_2_3__f_clk/X (sky130_fd_sc_hd__clkbuf_16)
                                         clknet_2_3__leaf_clk (net)
                  0.08    0.00    0.49 ^ _342_/CLK (sky130_fd_sc_hd__dfrtp_4)
     5    0.04    0.19    1.11    1.59 v _342_/Q (sky130_fd_sc_hd__dfrtp_4)
                                         one_second_counter[12] (net)
                  0.19    0.00    1.59 v _180_/C (sky130_fd_sc_hd__and4_1)
     2    0.02    0.20    0.57    2.17 v _180_/X (sky130_fd_sc_hd__and4_1)
                                         _078_ (net)
                  0.20    0.00    2.17 v _181_/D (sky130_fd_sc_hd__or4_1)
     1    0.01    0.22    1.07    3.24 v _181_/X (sky130_fd_sc_hd__or4_1)
                                         _079_ (net)
                  0.22    0.00    3.24 v _184_/A3 (sky130_fd_sc_hd__o31a_1)
     1    0.02    0.18    0.63    3.87 v _184_/X (sky130_fd_sc_hd__o31a_1)
                                         _082_ (net)
                  0.18    0.00    3.87 v _186_/A2 (sky130_fd_sc_hd__o211ai_4)
     2    0.02    0.36    0.42    4.28 ^ _186_/Y (sky130_fd_sc_hd__o211ai_4)
                                         _084_ (net)
                  0.36    0.00    4.28 ^ _187_/A2 (sky130_fd_sc_hd__a21bo_2)
     9    0.05    0.46    0.67    4.95 ^ _187_/X (sky130_fd_sc_hd__a21bo_2)
                                         _085_ (net)
                  0.46    0.00    4.95 ^ _188_/A (sky130_fd_sc_hd__inv_2)
     2    0.02    0.16    0.28    5.23 v _188_/Y (sky130_fd_sc_hd__inv_2)
                                         _086_ (net)
                  0.16    0.00    5.23 v _189_/A (sky130_fd_sc_hd__clkbuf_4)
    10    0.07    0.26    0.46    5.70 v _189_/X (sky130_fd_sc_hd__clkbuf_4)
                                         _027_ (net)
                  0.26    0.00    5.70 v _357_/D (sky130_fd_sc_hd__dfrtp_4)
                                  5.70   data arrival time

                         10.00   10.00   clock core_clock (rise edge)
                          0.00   10.00   clock source latency
     1    0.02    0.00    0.00   10.00 ^ clk (in)
                                         clk (net)
                  0.00    0.00   10.00 ^ clkbuf_0_clk/A (sky130_fd_sc_hd__clkbuf_16)
     4    0.05    0.10    0.23   10.23 ^ clkbuf_0_clk/X (sky130_fd_sc_hd__clkbuf_16)
                                         clknet_0_clk (net)
                  0.10    0.00   10.23 ^ clkbuf_2_0__f_clk/A (sky130_fd_sc_hd__clkbuf_16)
     9    0.04    0.09    0.26   10.49 ^ clkbuf_2_0__f_clk/X (sky130_fd_sc_hd__clkbuf_16)
                                         clknet_2_0__leaf_clk (net)
                  0.09    0.00   10.49 ^ _357_/CLK (sky130_fd_sc_hd__dfrtp_4)
                          0.00   10.49   clock reconvergence pessimism
                         -0.35   10.14   library setup time
                                 10.14   data required time
-----------------------------------------------------------------------------
                                 10.14   data required time
                                 -5.70   data arrival time
-----------------------------------------------------------------------------
                                  4.44   slack (MET)


Startpoint: _342_ (rising edge-triggered flip-flop clocked by core_clock)
Endpoint: _333_ (rising edge-triggered flip-flop clocked by core_clock)
Path Group: core_clock
Path Type: max
Corner: Slowest

Fanout     Cap    Slew   Delay    Time   Description
-----------------------------------------------------------------------------
                          0.00    0.00   clock core_clock (rise edge)
                          0.00    0.00   clock source latency
     1    0.02    0.00    0.00    0.00 ^ clk (in)
                                         clk (net)
                  0.00    0.00    0.00 ^ clkbuf_0_clk/A (sky130_fd_sc_hd__clkbuf_16)
     4    0.05    0.10    0.23    0.23 ^ clkbuf_0_clk/X (sky130_fd_sc_hd__clkbuf_16)
                                         clknet_0_clk (net)
                  0.10    0.00    0.23 ^ clkbuf_2_3__f_clk/A (sky130_fd_sc_hd__clkbuf_16)
     9    0.03    0.08    0.25    0.49 ^ clkbuf_2_3__f_clk/X (sky130_fd_sc_hd__clkbuf_16)
                                         clknet_2_3__leaf_clk (net)
                  0.08    0.00    0.49 ^ _342_/CLK (sky130_fd_sc_hd__dfrtp_4)
     5    0.04    0.19    1.11    1.59 v _342_/Q (sky130_fd_sc_hd__dfrtp_4)
                                         one_second_counter[12] (net)
                  0.19    0.00    1.59 v _180_/C (sky130_fd_sc_hd__and4_1)
     2    0.02    0.20    0.57    2.17 v _180_/X (sky130_fd_sc_hd__and4_1)
                                         _078_ (net)
                  0.20    0.00    2.17 v _181_/D (sky130_fd_sc_hd__or4_1)
     1    0.01    0.22    1.07    3.24 v _181_/X (sky130_fd_sc_hd__or4_1)
                                         _079_ (net)
                  0.22    0.00    3.24 v _184_/A3 (sky130_fd_sc_hd__o31a_1)
     1    0.02    0.18    0.63    3.87 v _184_/X (sky130_fd_sc_hd__o31a_1)
                                         _082_ (net)
                  0.18    0.00    3.87 v _186_/A2 (sky130_fd_sc_hd__o211ai_4)
     2    0.02    0.36    0.42    4.28 ^ _186_/Y (sky130_fd_sc_hd__o211ai_4)
                                         _084_ (net)
                  0.36    0.00    4.28 ^ _187_/A2 (sky130_fd_sc_hd__a21bo_2)
     9    0.05    0.46    0.67    4.95 ^ _187_/X (sky130_fd_sc_hd__a21bo_2)
                                         _085_ (net)
                  0.46    0.00    4.95 ^ _200_/B (sky130_fd_sc_hd__and3b_1)
     1    0.01    0.14    0.48    5.43 ^ _200_/X (sky130_fd_sc_hd__and3b_1)
                                         _094_ (net)
                  0.14    0.00    5.43 ^ _201_/A (sky130_fd_sc_hd__buf_1)
     1    0.02    0.33    0.37    5.80 ^ _201_/X (sky130_fd_sc_hd__buf_1)
                                         _020_ (net)
                  0.33    0.00    5.80 ^ _333_/D (sky130_fd_sc_hd__dfrtp_2)
                                  5.80   data arrival time

                         10.00   10.00   clock core_clock (rise edge)
                          0.00   10.00   clock source latency
     1    0.02    0.00    0.00   10.00 ^ clk (in)
                                         clk (net)
                  0.00    0.00   10.00 ^ clkbuf_0_clk/A (sky130_fd_sc_hd__clkbuf_16)
     4    0.05    0.10    0.23   10.23 ^ clkbuf_0_clk/X (sky130_fd_sc_hd__clkbuf_16)
                                         clknet_0_clk (net)
                  0.10    0.00   10.23 ^ clkbuf_2_3__f_clk/A (sky130_fd_sc_hd__clkbuf_16)
     9    0.03    0.08    0.25   10.49 ^ clkbuf_2_3__f_clk/X (sky130_fd_sc_hd__clkbuf_16)
                                         clknet_2_3__leaf_clk (net)
                  0.08    0.00   10.49 ^ _333_/CLK (sky130_fd_sc_hd__dfrtp_2)
                          0.00   10.49   clock reconvergence pessimism
                         -0.20   10.28   library setup time
                                 10.28   data required time
-----------------------------------------------------------------------------
                                 10.28   data required time
                                 -5.80   data arrival time
-----------------------------------------------------------------------------
                                  4.48   slack (MET)


Startpoint: _361_ (rising edge-triggered flip-flop clocked by core_clock)
Endpoint: _360_ (rising edge-triggered flip-flop clocked by core_clock)
Path Group: core_clock
Path Type: max
Corner: Slowest

Fanout     Cap    Slew   Delay    Time   Description
-----------------------------------------------------------------------------
                          0.00    0.00   clock core_clock (rise edge)
                          0.00    0.00   clock source latency
     1    0.02    0.00    0.00    0.00 ^ clk (in)
                                         clk (net)
                  0.00    0.00    0.00 ^ clkbuf_0_clk/A (sky130_fd_sc_hd__clkbuf_16)
     4    0.05    0.10    0.23    0.23 ^ clkbuf_0_clk/X (sky130_fd_sc_hd__clkbuf_16)
                                         clknet_0_clk (net)
                  0.10    0.00    0.23 ^ clkbuf_2_1__f_clk/A (sky130_fd_sc_hd__clkbuf_16)
    10    0.03    0.08    0.26    0.49 ^ clkbuf_2_1__f_clk/X (sky130_fd_sc_hd__clkbuf_16)
                                         clknet_2_1__leaf_clk (net)
                  0.08    0.00    0.49 ^ _361_/CLK (sky130_fd_sc_hd__dfrtp_4)
     6    0.06    0.23    1.16    1.64 v _361_/Q (sky130_fd_sc_hd__dfrtp_4)
                                         decoder.digit[3] (net)
                  0.23    0.00    1.65 v _165_/A (sky130_fd_sc_hd__nor2_2)
     2    0.03    0.61    0.61    2.25 ^ _165_/Y (sky130_fd_sc_hd__nor2_2)
                                         _066_ (net)
                  0.61    0.00    2.26 ^ _166_/B (sky130_fd_sc_hd__nand2_2)
     3    0.03    0.28    0.44    2.70 v _166_/Y (sky130_fd_sc_hd__nand2_2)
                                         _067_ (net)
                  0.28    0.00    2.70 v _167_/B (sky130_fd_sc_hd__nor2_1)
     3    0.03    0.77    0.71    3.40 ^ _167_/Y (sky130_fd_sc_hd__nor2_1)
                                         _068_ (net)
                  0.77    0.00    3.40 ^ _168_/A2_N (sky130_fd_sc_hd__o2bb2a_1)
     1    0.01    0.19    0.75    4.16 v _168_/X (sky130_fd_sc_hd__o2bb2a_1)
                                         _069_ (net)
                  0.19    0.00    4.16 v _169_/B (sky130_fd_sc_hd__and2_1)
     1    0.01    0.11    0.41    4.57 v _169_/X (sky130_fd_sc_hd__and2_1)
                                         _070_ (net)
                  0.11    0.00    4.57 v _170_/A (sky130_fd_sc_hd__clkbuf_1)
     1    0.01    0.10    0.22    4.79 v _170_/X (sky130_fd_sc_hd__clkbuf_1)
                                         _062_ (net)
                  0.10    0.00    4.79 v _360_/D (sky130_fd_sc_hd__dfrtp_4)
                                  4.79   data arrival time

                         10.00   10.00   clock core_clock (rise edge)
                          0.00   10.00   clock source latency
     1    0.02    0.00    0.00   10.00 ^ clk (in)
                                         clk (net)
                  0.00    0.00   10.00 ^ clkbuf_0_clk/A (sky130_fd_sc_hd__clkbuf_16)
     4    0.05    0.10    0.23   10.23 ^ clkbuf_0_clk/X (sky130_fd_sc_hd__clkbuf_16)
                                         clknet_0_clk (net)
                  0.10    0.00   10.23 ^ clkbuf_2_2__f_clk/A (sky130_fd_sc_hd__clkbuf_16)
     7    0.03    0.08    0.25   10.48 ^ clkbuf_2_2__f_clk/X (sky130_fd_sc_hd__clkbuf_16)
                                         clknet_2_2__leaf_clk (net)
                  0.08    0.00   10.48 ^ _360_/CLK (sky130_fd_sc_hd__dfrtp_4)
                          0.00   10.48   clock reconvergence pessimism
                         -0.28   10.20   library setup time
                                 10.20   data required time
-----------------------------------------------------------------------------
                                 10.20   data required time
                                 -4.79   data arrival time
-----------------------------------------------------------------------------
                                  5.41   slack (MET)


Startpoint: _361_ (rising edge-triggered flip-flop clocked by core_clock)
Endpoint: _358_ (rising edge-triggered flip-flop clocked by core_clock)
Path Group: core_clock
Path Type: max
Corner: Slowest

Fanout     Cap    Slew   Delay    Time   Description
-----------------------------------------------------------------------------
                          0.00    0.00   clock core_clock (rise edge)
                          0.00    0.00   clock source latency
     1    0.02    0.00    0.00    0.00 ^ clk (in)
                                         clk (net)
                  0.00    0.00    0.00 ^ clkbuf_0_clk/A (sky130_fd_sc_hd__clkbuf_16)
     4    0.05    0.10    0.23    0.23 ^ clkbuf_0_clk/X (sky130_fd_sc_hd__clkbuf_16)
                                         clknet_0_clk (net)
                  0.10    0.00    0.23 ^ clkbuf_2_1__f_clk/A (sky130_fd_sc_hd__clkbuf_16)
    10    0.03    0.08    0.26    0.49 ^ clkbuf_2_1__f_clk/X (sky130_fd_sc_hd__clkbuf_16)
                                         clknet_2_1__leaf_clk (net)
                  0.08    0.00    0.49 ^ _361_/CLK (sky130_fd_sc_hd__dfrtp_4)
     6    0.06    0.23    1.16    1.64 v _361_/Q (sky130_fd_sc_hd__dfrtp_4)
                                         decoder.digit[3] (net)
                  0.23    0.00    1.65 v _165_/A (sky130_fd_sc_hd__nor2_2)
     2    0.03    0.61    0.61    2.25 ^ _165_/Y (sky130_fd_sc_hd__nor2_2)
                                         _066_ (net)
                  0.61    0.00    2.26 ^ _166_/B (sky130_fd_sc_hd__nand2_2)
     3    0.03    0.28    0.44    2.70 v _166_/Y (sky130_fd_sc_hd__nand2_2)
                                         _067_ (net)
                  0.28    0.00    2.70 v _173_/A2 (sky130_fd_sc_hd__a21oi_1)
     1    0.01    0.25    0.37    3.07 ^ _173_/Y (sky130_fd_sc_hd__a21oi_1)
                                         _072_ (net)
                  0.25    0.00    3.07 ^ _174_/B1 (sky130_fd_sc_hd__a21oi_1)
     1    0.01    0.24    0.21    3.28 v _174_/Y (sky130_fd_sc_hd__a21oi_1)
                                         _060_ (net)
                  0.24    0.00    3.28 v _358_/D (sky130_fd_sc_hd__dfrtp_4)
                                  3.28   data arrival time

                         10.00   10.00   clock core_clock (rise edge)
                          0.00   10.00   clock source latency
     1    0.02    0.00    0.00   10.00 ^ clk (in)
                                         clk (net)
                  0.00    0.00   10.00 ^ clkbuf_0_clk/A (sky130_fd_sc_hd__clkbuf_16)
     4    0.05    0.10    0.23   10.23 ^ clkbuf_0_clk/X (sky130_fd_sc_hd__clkbuf_16)
                                         clknet_0_clk (net)
                  0.10    0.00   10.23 ^ clkbuf_2_1__f_clk/A (sky130_fd_sc_hd__clkbuf_16)
    10    0.03    0.08    0.26   10.49 ^ clkbuf_2_1__f_clk/X (sky130_fd_sc_hd__clkbuf_16)
                                         clknet_2_1__leaf_clk (net)
                  0.08    0.00   10.49 ^ _358_/CLK (sky130_fd_sc_hd__dfrtp_4)
                          0.00   10.49   clock reconvergence pessimism
                         -0.34   10.15   library setup time
                                 10.15   data required time
-----------------------------------------------------------------------------
                                 10.15   data required time
                                 -3.28   data arrival time
-----------------------------------------------------------------------------
                                  6.86   slack (MET)


Startpoint: _359_ (rising edge-triggered flip-flop clocked by core_clock)
Endpoint: _361_ (rising edge-triggered flip-flop clocked by core_clock)
Path Group: core_clock
Path Type: max
Corner: Slowest

Fanout     Cap    Slew   Delay    Time   Description
-----------------------------------------------------------------------------
                          0.00    0.00   clock core_clock (rise edge)
                          0.00    0.00   clock source latency
     1    0.02    0.00    0.00    0.00 ^ clk (in)
                                         clk (net)
                  0.00    0.00    0.00 ^ clkbuf_0_clk/A (sky130_fd_sc_hd__clkbuf_16)
     4    0.05    0.10    0.23    0.23 ^ clkbuf_0_clk/X (sky130_fd_sc_hd__clkbuf_16)
                                         clknet_0_clk (net)
                  0.10    0.00    0.23 ^ clkbuf_2_2__f_clk/A (sky130_fd_sc_hd__clkbuf_16)
     7    0.03    0.08    0.25    0.48 ^ clkbuf_2_2__f_clk/X (sky130_fd_sc_hd__clkbuf_16)
                                         clknet_2_2__leaf_clk (net)
                  0.08    0.00    0.48 ^ _359_/CLK (sky130_fd_sc_hd__dfrtp_4)
     7    0.06    0.33    1.03    1.52 ^ _359_/Q (sky130_fd_sc_hd__dfrtp_4)
                                         decoder.digit[1] (net)
                  0.33    0.00    1.52 ^ _162_/B (sky130_fd_sc_hd__and3_2)
     3    0.04    0.31    0.65    2.17 ^ _162_/X (sky130_fd_sc_hd__and3_2)
                                         _064_ (net)
                  0.31    0.00    2.18 ^ _163_/B (sky130_fd_sc_hd__nand2_1)
     2    0.02    0.38    0.43    2.60 v _163_/Y (sky130_fd_sc_hd__nand2_1)
                                         _065_ (net)
                  0.38    0.00    2.60 v _164_/B (sky130_fd_sc_hd__xnor2_1)
     1    0.01    0.18    0.40    3.01 v _164_/Y (sky130_fd_sc_hd__xnor2_1)
                                         _063_ (net)
                  0.18    0.00    3.01 v _361_/D (sky130_fd_sc_hd__dfrtp_4)
                                  3.01   data arrival time

                         10.00   10.00   clock core_clock (rise edge)
                          0.00   10.00   clock source latency
     1    0.02    0.00    0.00   10.00 ^ clk (in)
                                         clk (net)
                  0.00    0.00   10.00 ^ clkbuf_0_clk/A (sky130_fd_sc_hd__clkbuf_16)
     4    0.05    0.10    0.23   10.23 ^ clkbuf_0_clk/X (sky130_fd_sc_hd__clkbuf_16)
                                         clknet_0_clk (net)
                  0.10    0.00   10.23 ^ clkbuf_2_1__f_clk/A (sky130_fd_sc_hd__clkbuf_16)
    10    0.03    0.08    0.26   10.49 ^ clkbuf_2_1__f_clk/X (sky130_fd_sc_hd__clkbuf_16)
                                         clknet_2_1__leaf_clk (net)
                  0.08    0.00   10.49 ^ _361_/CLK (sky130_fd_sc_hd__dfrtp_4)
                          0.00   10.49   clock reconvergence pessimism
                         -0.32   10.17   library setup time
                                 10.17   data required time
-----------------------------------------------------------------------------
                                 10.17   data required time
                                 -3.01   data arrival time
-----------------------------------------------------------------------------
                                  7.16   slack (MET)


Startpoint: _358_ (rising edge-triggered flip-flop clocked by core_clock)
Endpoint: _359_ (rising edge-triggered flip-flop clocked by core_clock)
Path Group: core_clock
Path Type: max
Corner: Slowest

Fanout     Cap    Slew   Delay    Time   Description
-----------------------------------------------------------------------------
                          0.00    0.00   clock core_clock (rise edge)
                          0.00    0.00   clock source latency
     1    0.02    0.00    0.00    0.00 ^ clk (in)
                                         clk (net)
                  0.00    0.00    0.00 ^ clkbuf_0_clk/A (sky130_fd_sc_hd__clkbuf_16)
     4    0.05    0.10    0.23    0.23 ^ clkbuf_0_clk/X (sky130_fd_sc_hd__clkbuf_16)
                                         clknet_0_clk (net)
                  0.10    0.00    0.23 ^ clkbuf_2_1__f_clk/A (sky130_fd_sc_hd__clkbuf_16)
    10    0.03    0.08    0.26    0.49 ^ clkbuf_2_1__f_clk/X (sky130_fd_sc_hd__clkbuf_16)
                                         clknet_2_1__leaf_clk (net)
                  0.08    0.00    0.49 ^ _358_/CLK (sky130_fd_sc_hd__dfrtp_4)
     8    0.06    0.23    1.15    1.64 v _358_/Q (sky130_fd_sc_hd__dfrtp_4)
                                         decoder.digit[0] (net)
                  0.23    0.00    1.64 v _162_/C (sky130_fd_sc_hd__and3_2)
     3    0.04    0.20    0.67    2.31 v _162_/X (sky130_fd_sc_hd__and3_2)
                                         _064_ (net)
                  0.20    0.00    2.31 v _172_/A (sky130_fd_sc_hd__nor2_1)
     1    0.01    0.26    0.32    2.63 ^ _172_/Y (sky130_fd_sc_hd__nor2_1)
                                         _061_ (net)
                  0.26    0.00    2.63 ^ _359_/D (sky130_fd_sc_hd__dfrtp_4)
                                  2.63   data arrival time

                         10.00   10.00   clock core_clock (rise edge)
                          0.00   10.00   clock source latency
     1    0.02    0.00    0.00   10.00 ^ clk (in)
                                         clk (net)
                  0.00    0.00   10.00 ^ clkbuf_0_clk/A (sky130_fd_sc_hd__clkbuf_16)
     4    0.05    0.10    0.23   10.23 ^ clkbuf_0_clk/X (sky130_fd_sc_hd__clkbuf_16)
                                         clknet_0_clk (net)
                  0.10    0.00   10.23 ^ clkbuf_2_2__f_clk/A (sky130_fd_sc_hd__clkbuf_16)
     7    0.03    0.08    0.25   10.48 ^ clkbuf_2_2__f_clk/X (sky130_fd_sc_hd__clkbuf_16)
                                         clknet_2_2__leaf_clk (net)
                  0.08    0.00   10.48 ^ _359_/CLK (sky130_fd_sc_hd__dfrtp_4)
                          0.00   10.48   clock reconvergence pessimism
                         -0.18   10.30   library setup time
                                 10.30   data required time
-----------------------------------------------------------------------------
                                 10.30   data required time
                                 -2.63   data arrival time
-----------------------------------------------------------------------------
                                  7.67   slack (MET)



worst slack corner Slowest: 3.5092
======================= Typical Corner ===================================

Startpoint: _342_ (rising edge-triggered flip-flop clocked by core_clock)
Endpoint: _341_ (rising edge-triggered flip-flop clocked by core_clock)
Path Group: core_clock
Path Type: max
Corner: Typical

Fanout     Cap    Slew   Delay    Time   Description
-----------------------------------------------------------------------------
                          0.00    0.00   clock core_clock (rise edge)
                          0.00    0.00   clock source latency
     1    0.02    0.00    0.00    0.00 ^ clk (in)
                                         clk (net)
                  0.00    0.00    0.00 ^ clkbuf_0_clk/A (sky130_fd_sc_hd__clkbuf_16)
     4    0.05    0.07    0.13    0.13 ^ clkbuf_0_clk/X (sky130_fd_sc_hd__clkbuf_16)
                                         clknet_0_clk (net)
                  0.07    0.00    0.13 ^ clkbuf_2_3__f_clk/A (sky130_fd_sc_hd__clkbuf_16)
     9    0.03    0.05    0.14    0.28 ^ clkbuf_2_3__f_clk/X (sky130_fd_sc_hd__clkbuf_16)
                                         clknet_2_3__leaf_clk (net)
                  0.05    0.00    0.28 ^ _342_/CLK (sky130_fd_sc_hd__dfrtp_4)
     5    0.04    0.10    0.53    0.81 v _342_/Q (sky130_fd_sc_hd__dfrtp_4)
                                         one_second_counter[12] (net)
                  0.10    0.00    0.81 v _180_/C (sky130_fd_sc_hd__and4_1)
     2    0.02    0.11    0.28    1.09 v _180_/X (sky130_fd_sc_hd__and4_1)
                                         _078_ (net)
                  0.11    0.00    1.09 v _181_/D (sky130_fd_sc_hd__or4_1)
     1    0.01    0.11    0.45    1.54 v _181_/X (sky130_fd_sc_hd__or4_1)
                                         _079_ (net)
                  0.11    0.00    1.54 v _184_/A3 (sky130_fd_sc_hd__o31a_1)
     1    0.02    0.10    0.32    1.86 v _184_/X (sky130_fd_sc_hd__o31a_1)
                                         _082_ (net)
                  0.10    0.00    1.86 v _186_/A2 (sky130_fd_sc_hd__o211ai_4)
     2    0.02    0.23    0.25    2.10 ^ _186_/Y (sky130_fd_sc_hd__o211ai_4)
                                         _084_ (net)
                  0.23    0.00    2.10 ^ _187_/A2 (sky130_fd_sc_hd__a21bo_2)
     9    0.06    0.30    0.36    2.46 ^ _187_/X (sky130_fd_sc_hd__a21bo_2)
                                         _085_ (net)
                  0.30    0.00    2.47 ^ _188_/A (sky130_fd_sc_hd__inv_2)
     2    0.02    0.10    0.13    2.60 v _188_/Y (sky130_fd_sc_hd__inv_2)
                                         _086_ (net)
                  0.10    0.00    2.60 v _189_/A (sky130_fd_sc_hd__clkbuf_4)
    10    0.07    0.15    0.26    2.86 v _189_/X (sky130_fd_sc_hd__clkbuf_4)
                                         _027_ (net)
                  0.15    0.00    2.86 v _229_/A (sky130_fd_sc_hd__nor3_1)
     1    0.02    0.56    0.53    3.39 ^ _229_/Y (sky130_fd_sc_hd__nor3_1)
                                         _002_ (net)
                  0.56    0.00    3.39 ^ _341_/D (sky130_fd_sc_hd__dfrtp_2)
                                  3.39   data arrival time

                         10.00   10.00   clock core_clock (rise edge)
                          0.00   10.00   clock source latency
     1    0.02    0.00    0.00   10.00 ^ clk (in)
                                         clk (net)
                  0.00    0.00   10.00 ^ clkbuf_0_clk/A (sky130_fd_sc_hd__clkbuf_16)
     4    0.05    0.07    0.13   10.13 ^ clkbuf_0_clk/X (sky130_fd_sc_hd__clkbuf_16)
                                         clknet_0_clk (net)
                  0.07    0.00   10.13 ^ clkbuf_2_1__f_clk/A (sky130_fd_sc_hd__clkbuf_16)
    10    0.03    0.05    0.15   10.28 ^ clkbuf_2_1__f_clk/X (sky130_fd_sc_hd__clkbuf_16)
                                         clknet_2_1__leaf_clk (net)
                  0.05    0.00   10.28 ^ _341_/CLK (sky130_fd_sc_hd__dfrtp_2)
                          0.00   10.28   clock reconvergence pessimism
                         -0.17   10.11   library setup time
                                 10.11   data required time
-----------------------------------------------------------------------------
                                 10.11   data required time
                                 -3.39   data arrival time
-----------------------------------------------------------------------------
                                  6.72   slack (MET)


Startpoint: _342_ (rising edge-triggered flip-flop clocked by core_clock)
Endpoint: _354_ (rising edge-triggered flip-flop clocked by core_clock)
Path Group: core_clock
Path Type: max
Corner: Typical

Fanout     Cap    Slew   Delay    Time   Description
-----------------------------------------------------------------------------
                          0.00    0.00   clock core_clock (rise edge)
                          0.00    0.00   clock source latency
     1    0.02    0.00    0.00    0.00 ^ clk (in)
                                         clk (net)
                  0.00    0.00    0.00 ^ clkbuf_0_clk/A (sky130_fd_sc_hd__clkbuf_16)
     4    0.05    0.07    0.13    0.13 ^ clkbuf_0_clk/X (sky130_fd_sc_hd__clkbuf_16)
                                         clknet_0_clk (net)
                  0.07    0.00    0.13 ^ clkbuf_2_3__f_clk/A (sky130_fd_sc_hd__clkbuf_16)
     9    0.03    0.05    0.14    0.28 ^ clkbuf_2_3__f_clk/X (sky130_fd_sc_hd__clkbuf_16)
                                         clknet_2_3__leaf_clk (net)
                  0.05    0.00    0.28 ^ _342_/CLK (sky130_fd_sc_hd__dfrtp_4)
     5    0.04    0.10    0.53    0.81 v _342_/Q (sky130_fd_sc_hd__dfrtp_4)
                                         one_second_counter[12] (net)
                  0.10    0.00    0.81 v _180_/C (sky130_fd_sc_hd__and4_1)
     2    0.02    0.11    0.28    1.09 v _180_/X (sky130_fd_sc_hd__and4_1)
                                         _078_ (net)
                  0.11    0.00    1.09 v _181_/D (sky130_fd_sc_hd__or4_1)
     1    0.01    0.11    0.45    1.54 v _181_/X (sky130_fd_sc_hd__or4_1)
                                         _079_ (net)
                  0.11    0.00    1.54 v _184_/A3 (sky130_fd_sc_hd__o31a_1)
     1    0.02    0.10    0.32    1.86 v _184_/X (sky130_fd_sc_hd__o31a_1)
                                         _082_ (net)
                  0.10    0.00    1.86 v _186_/A2 (sky130_fd_sc_hd__o211ai_4)
     2    0.02    0.23    0.25    2.10 ^ _186_/Y (sky130_fd_sc_hd__o211ai_4)
                                         _084_ (net)
                  0.23    0.00    2.10 ^ _187_/A2 (sky130_fd_sc_hd__a21bo_2)
     9    0.06    0.30    0.36    2.46 ^ _187_/X (sky130_fd_sc_hd__a21bo_2)
                                         _085_ (net)
                  0.30    0.00    2.47 ^ _188_/A (sky130_fd_sc_hd__inv_2)
     2    0.02    0.10    0.13    2.60 v _188_/Y (sky130_fd_sc_hd__inv_2)
                                         _086_ (net)
                  0.10    0.00    2.60 v _189_/A (sky130_fd_sc_hd__clkbuf_4)
    10    0.07    0.15    0.26    2.86 v _189_/X (sky130_fd_sc_hd__clkbuf_4)
                                         _027_ (net)
                  0.15    0.00    2.86 v _278_/A (sky130_fd_sc_hd__nor3_1)
     1    0.02    0.54    0.51    3.37 ^ _278_/Y (sky130_fd_sc_hd__nor3_1)
                                         _016_ (net)
                  0.54    0.00    3.37 ^ _354_/D (sky130_fd_sc_hd__dfrtp_4)
                                  3.37   data arrival time

                         10.00   10.00   clock core_clock (rise edge)
                          0.00   10.00   clock source latency
     1    0.02    0.00    0.00   10.00 ^ clk (in)
                                         clk (net)
                  0.00    0.00   10.00 ^ clkbuf_0_clk/A (sky130_fd_sc_hd__clkbuf_16)
     4    0.05    0.07    0.13   10.13 ^ clkbuf_0_clk/X (sky130_fd_sc_hd__clkbuf_16)
                                         clknet_0_clk (net)
                  0.07    0.00   10.13 ^ clkbuf_2_0__f_clk/A (sky130_fd_sc_hd__clkbuf_16)
     9    0.04    0.06    0.15   10.28 ^ clkbuf_2_0__f_clk/X (sky130_fd_sc_hd__clkbuf_16)
                                         clknet_2_0__leaf_clk (net)
                  0.06    0.00   10.28 ^ _354_/CLK (sky130_fd_sc_hd__dfrtp_4)
                          0.00   10.28   clock reconvergence pessimism
                         -0.17   10.11   library setup time
                                 10.11   data required time
-----------------------------------------------------------------------------
                                 10.11   data required time
                                 -3.37   data arrival time
-----------------------------------------------------------------------------
                                  6.74   slack (MET)


Startpoint: _342_ (rising edge-triggered flip-flop clocked by core_clock)
Endpoint: _334_ (rising edge-triggered flip-flop clocked by core_clock)
Path Group: core_clock
Path Type: max
Corner: Typical

Fanout     Cap    Slew   Delay    Time   Description
-----------------------------------------------------------------------------
                          0.00    0.00   clock core_clock (rise edge)
                          0.00    0.00   clock source latency
     1    0.02    0.00    0.00    0.00 ^ clk (in)
                                         clk (net)
                  0.00    0.00    0.00 ^ clkbuf_0_clk/A (sky130_fd_sc_hd__clkbuf_16)
     4    0.05    0.07    0.13    0.13 ^ clkbuf_0_clk/X (sky130_fd_sc_hd__clkbuf_16)
                                         clknet_0_clk (net)
                  0.07    0.00    0.13 ^ clkbuf_2_3__f_clk/A (sky130_fd_sc_hd__clkbuf_16)
     9    0.03    0.05    0.14    0.28 ^ clkbuf_2_3__f_clk/X (sky130_fd_sc_hd__clkbuf_16)
                                         clknet_2_3__leaf_clk (net)
                  0.05    0.00    0.28 ^ _342_/CLK (sky130_fd_sc_hd__dfrtp_4)
     5    0.04    0.10    0.53    0.81 v _342_/Q (sky130_fd_sc_hd__dfrtp_4)
                                         one_second_counter[12] (net)
                  0.10    0.00    0.81 v _180_/C (sky130_fd_sc_hd__and4_1)
     2    0.02    0.11    0.28    1.09 v _180_/X (sky130_fd_sc_hd__and4_1)
                                         _078_ (net)
                  0.11    0.00    1.09 v _181_/D (sky130_fd_sc_hd__or4_1)
     1    0.01    0.11    0.45    1.54 v _181_/X (sky130_fd_sc_hd__or4_1)
                                         _079_ (net)
                  0.11    0.00    1.54 v _184_/A3 (sky130_fd_sc_hd__o31a_1)
     1    0.02    0.10    0.32    1.86 v _184_/X (sky130_fd_sc_hd__o31a_1)
                                         _082_ (net)
                  0.10    0.00    1.86 v _186_/A2 (sky130_fd_sc_hd__o211ai_4)
     2    0.02    0.23    0.25    2.10 ^ _186_/Y (sky130_fd_sc_hd__o211ai_4)
                                         _084_ (net)
                  0.23    0.00    2.10 ^ _187_/A2 (sky130_fd_sc_hd__a21bo_2)
     9    0.06    0.30    0.36    2.46 ^ _187_/X (sky130_fd_sc_hd__a21bo_2)
                                         _085_ (net)
                  0.30    0.00    2.47 ^ _202_/A (sky130_fd_sc_hd__buf_2)
    10    0.05    0.25    0.33    2.79 ^ _202_/X (sky130_fd_sc_hd__buf_2)
                                         _095_ (net)
                  0.25    0.00    2.80 ^ _205_/A (sky130_fd_sc_hd__and3_1)
     1    0.03    0.28    0.36    3.16 ^ _205_/X (sky130_fd_sc_hd__and3_1)
                                         _098_ (net)
                  0.28    0.00    3.17 ^ _206_/A (sky130_fd_sc_hd__buf_1)
     1    0.02    0.24    0.26    3.43 ^ _206_/X (sky130_fd_sc_hd__buf_1)
                                         _021_ (net)
                  0.24    0.00    3.43 ^ _334_/D (sky130_fd_sc_hd__dfrtp_4)
                                  3.43   data arrival time

                         10.00   10.00   clock core_clock (rise edge)
                          0.00   10.00   clock source latency
     1    0.02    0.00    0.00   10.00 ^ clk (in)
                                         clk (net)
                  0.00    0.00   10.00 ^ clkbuf_0_clk/A (sky130_fd_sc_hd__clkbuf_16)
     4    0.05    0.07    0.13   10.13 ^ clkbuf_0_clk/X (sky130_fd_sc_hd__clkbuf_16)
                                         clknet_0_clk (net)
                  0.07    0.00   10.13 ^ clkbuf_2_0__f_clk/A (sky130_fd_sc_hd__clkbuf_16)
     9    0.04    0.06    0.15   10.28 ^ clkbuf_2_0__f_clk/X (sky130_fd_sc_hd__clkbuf_16)
                                         clknet_2_0__leaf_clk (net)
                  0.06    0.00   10.28 ^ _334_/CLK (sky130_fd_sc_hd__dfrtp_4)
                          0.00   10.28   clock reconvergence pessimism
                         -0.11   10.17   library setup time
                                 10.17   data required time
-----------------------------------------------------------------------------
                                 10.17   data required time
                                 -3.43   data arrival time
-----------------------------------------------------------------------------
                                  6.75   slack (MET)


Startpoint: _330_ (rising edge-triggered flip-flop clocked by core_clock)
Endpoint: _353_ (rising edge-triggered flip-flop clocked by core_clock)
Path Group: core_clock
Path Type: max
Corner: Typical

Fanout     Cap    Slew   Delay    Time   Description
-----------------------------------------------------------------------------
                          0.00    0.00   clock core_clock (rise edge)
                          0.00    0.00   clock source latency
     1    0.02    0.00    0.00    0.00 ^ clk (in)
                                         clk (net)
                  0.00    0.00    0.00 ^ clkbuf_0_clk/A (sky130_fd_sc_hd__clkbuf_16)
     4    0.05    0.07    0.13    0.13 ^ clkbuf_0_clk/X (sky130_fd_sc_hd__clkbuf_16)
                                         clknet_0_clk (net)
                  0.07    0.00    0.13 ^ clkbuf_2_3__f_clk/A (sky130_fd_sc_hd__clkbuf_16)
     9    0.03    0.05    0.14    0.28 ^ clkbuf_2_3__f_clk/X (sky130_fd_sc_hd__clkbuf_16)
                                         clknet_2_3__leaf_clk (net)
                  0.05    0.00    0.28 ^ _330_/CLK (sky130_fd_sc_hd__dfrtp_4)
     7    0.05    0.17    0.51    0.79 ^ _330_/Q (sky130_fd_sc_hd__dfrtp_4)
                                         one_second_counter[0] (net)
                  0.17    0.00    0.79 ^ _177_/D (sky130_fd_sc_hd__and4_4)
     8    0.06    0.20    0.38    1.17 ^ _177_/X (sky130_fd_sc_hd__and4_4)
                                         _075_ (net)
                  0.20    0.01    1.17 ^ _221_/C (sky130_fd_sc_hd__and4_2)
     6    0.04    0.23    0.41    1.58 ^ _221_/X (sky130_fd_sc_hd__and4_2)
                                         _109_ (net)
                  0.23    0.00    1.59 ^ _244_/D (sky130_fd_sc_hd__and4_1)
     2    0.03    0.32    0.43    2.02 ^ _244_/X (sky130_fd_sc_hd__and4_1)
                                         _126_ (net)
                  0.32    0.00    2.02 ^ _245_/A (sky130_fd_sc_hd__clkbuf_4)
    10    0.07    0.20    0.34    2.36 ^ _245_/X (sky130_fd_sc_hd__clkbuf_4)
                                         _127_ (net)
                  0.20    0.00    2.36 ^ _267_/C (sky130_fd_sc_hd__and4_1)
     3    0.02    0.24    0.37    2.73 ^ _267_/X (sky130_fd_sc_hd__and4_1)
                                         _143_ (net)
                  0.24    0.00    2.73 ^ _270_/B (sky130_fd_sc_hd__nand2_1)
     3    0.03    0.20    0.23    2.97 v _270_/Y (sky130_fd_sc_hd__nand2_1)
                                         _145_ (net)
                  0.20    0.00    2.97 v _275_/A2 (sky130_fd_sc_hd__a221oi_1)
     1    0.01    0.35    0.43    3.39 ^ _275_/Y (sky130_fd_sc_hd__a221oi_1)
                                         _015_ (net)
                  0.35    0.00    3.39 ^ _353_/D (sky130_fd_sc_hd__dfrtp_2)
                                  3.39   data arrival time

                         10.00   10.00   clock core_clock (rise edge)
                          0.00   10.00   clock source latency
     1    0.02    0.00    0.00   10.00 ^ clk (in)
                                         clk (net)
                  0.00    0.00   10.00 ^ clkbuf_0_clk/A (sky130_fd_sc_hd__clkbuf_16)
     4    0.05    0.07    0.13   10.13 ^ clkbuf_0_clk/X (sky130_fd_sc_hd__clkbuf_16)
                                         clknet_0_clk (net)
                  0.07    0.00   10.13 ^ clkbuf_2_2__f_clk/A (sky130_fd_sc_hd__clkbuf_16)
     7    0.03    0.05    0.14   10.28 ^ clkbuf_2_2__f_clk/X (sky130_fd_sc_hd__clkbuf_16)
                                         clknet_2_2__leaf_clk (net)
                  0.05    0.00   10.28 ^ _353_/CLK (sky130_fd_sc_hd__dfrtp_2)
                          0.00   10.28   clock reconvergence pessimism
                         -0.13   10.15   library setup time
                                 10.15   data required time
-----------------------------------------------------------------------------
                                 10.15   data required time
                                 -3.39   data arrival time
-----------------------------------------------------------------------------
                                  6.75   slack (MET)


Startpoint: _342_ (rising edge-triggered flip-flop clocked by core_clock)
Endpoint: _345_ (rising edge-triggered flip-flop clocked by core_clock)
Path Group: core_clock
Path Type: max
Corner: Typical

Fanout     Cap    Slew   Delay    Time   Description
-----------------------------------------------------------------------------
                          0.00    0.00   clock core_clock (rise edge)
                          0.00    0.00   clock source latency
     1    0.02    0.00    0.00    0.00 ^ clk (in)
                                         clk (net)
                  0.00    0.00    0.00 ^ clkbuf_0_clk/A (sky130_fd_sc_hd__clkbuf_16)
     4    0.05    0.07    0.13    0.13 ^ clkbuf_0_clk/X (sky130_fd_sc_hd__clkbuf_16)
                                         clknet_0_clk (net)
                  0.07    0.00    0.13 ^ clkbuf_2_3__f_clk/A (sky130_fd_sc_hd__clkbuf_16)
     9    0.03    0.05    0.14    0.28 ^ clkbuf_2_3__f_clk/X (sky130_fd_sc_hd__clkbuf_16)
                                         clknet_2_3__leaf_clk (net)
                  0.05    0.00    0.28 ^ _342_/CLK (sky130_fd_sc_hd__dfrtp_4)
     5    0.04    0.10    0.53    0.81 v _342_/Q (sky130_fd_sc_hd__dfrtp_4)
                                         one_second_counter[12] (net)
                  0.10    0.00    0.81 v _180_/C (sky130_fd_sc_hd__and4_1)
     2    0.02    0.11    0.28    1.09 v _180_/X (sky130_fd_sc_hd__and4_1)
                                         _078_ (net)
                  0.11    0.00    1.09 v _181_/D (sky130_fd_sc_hd__or4_1)
     1    0.01    0.11    0.45    1.54 v _181_/X (sky130_fd_sc_hd__or4_1)
                                         _079_ (net)
                  0.11    0.00    1.54 v _184_/A3 (sky130_fd_sc_hd__o31a_1)
     1    0.02    0.10    0.32    1.86 v _184_/X (sky130_fd_sc_hd__o31a_1)
                                         _082_ (net)
                  0.10    0.00    1.86 v _186_/A2 (sky130_fd_sc_hd__o211ai_4)
     2    0.02    0.23    0.25    2.10 ^ _186_/Y (sky130_fd_sc_hd__o211ai_4)
                                         _084_ (net)
                  0.23    0.00    2.10 ^ _187_/A2 (sky130_fd_sc_hd__a21bo_2)
     9    0.06    0.30    0.36    2.46 ^ _187_/X (sky130_fd_sc_hd__a21bo_2)
                                         _085_ (net)
                  0.30    0.00    2.47 ^ _188_/A (sky130_fd_sc_hd__inv_2)
     2    0.02    0.10    0.13    2.60 v _188_/Y (sky130_fd_sc_hd__inv_2)
                                         _086_ (net)
                  0.10    0.00    2.60 v _189_/A (sky130_fd_sc_hd__clkbuf_4)
    10    0.07    0.15    0.26    2.86 v _189_/X (sky130_fd_sc_hd__clkbuf_4)
                                         _027_ (net)
                  0.15    0.00    2.86 v _246_/C1 (sky130_fd_sc_hd__a211oi_1)
     1    0.02    0.53    0.47    3.33 ^ _246_/Y (sky130_fd_sc_hd__a211oi_1)
                                         _006_ (net)
                  0.53    0.00    3.33 ^ _345_/D (sky130_fd_sc_hd__dfrtp_2)
                                  3.33   data arrival time

                         10.00   10.00   clock core_clock (rise edge)
                          0.00   10.00   clock source latency
     1    0.02    0.00    0.00   10.00 ^ clk (in)
                                         clk (net)
                  0.00    0.00   10.00 ^ clkbuf_0_clk/A (sky130_fd_sc_hd__clkbuf_16)
     4    0.05    0.07    0.13   10.13 ^ clkbuf_0_clk/X (sky130_fd_sc_hd__clkbuf_16)
                                         clknet_0_clk (net)
                  0.07    0.00   10.13 ^ clkbuf_2_3__f_clk/A (sky130_fd_sc_hd__clkbuf_16)
     9    0.03    0.05    0.14   10.28 ^ clkbuf_2_3__f_clk/X (sky130_fd_sc_hd__clkbuf_16)
                                         clknet_2_3__leaf_clk (net)
                  0.05    0.00   10.28 ^ _345_/CLK (sky130_fd_sc_hd__dfrtp_2)
                          0.00   10.28   clock reconvergence pessimism
                         -0.17   10.11   library setup time
                                 10.11   data required time
-----------------------------------------------------------------------------
                                 10.11   data required time
                                 -3.33   data arrival time
-----------------------------------------------------------------------------
                                  6.77   slack (MET)


Startpoint: _342_ (rising edge-triggered flip-flop clocked by core_clock)
Endpoint: _335_ (rising edge-triggered flip-flop clocked by core_clock)
Path Group: core_clock
Path Type: max
Corner: Typical

Fanout     Cap    Slew   Delay    Time   Description
-----------------------------------------------------------------------------
                          0.00    0.00   clock core_clock (rise edge)
                          0.00    0.00   clock source latency
     1    0.02    0.00    0.00    0.00 ^ clk (in)
                                         clk (net)
                  0.00    0.00    0.00 ^ clkbuf_0_clk/A (sky130_fd_sc_hd__clkbuf_16)
     4    0.05    0.07    0.13    0.13 ^ clkbuf_0_clk/X (sky130_fd_sc_hd__clkbuf_16)
                                         clknet_0_clk (net)
                  0.07    0.00    0.13 ^ clkbuf_2_3__f_clk/A (sky130_fd_sc_hd__clkbuf_16)
     9    0.03    0.05    0.14    0.28 ^ clkbuf_2_3__f_clk/X (sky130_fd_sc_hd__clkbuf_16)
                                         clknet_2_3__leaf_clk (net)
                  0.05    0.00    0.28 ^ _342_/CLK (sky130_fd_sc_hd__dfrtp_4)
     5    0.04    0.10    0.53    0.81 v _342_/Q (sky130_fd_sc_hd__dfrtp_4)
                                         one_second_counter[12] (net)
                  0.10    0.00    0.81 v _180_/C (sky130_fd_sc_hd__and4_1)
     2    0.02    0.11    0.28    1.09 v _180_/X (sky130_fd_sc_hd__and4_1)
                                         _078_ (net)
                  0.11    0.00    1.09 v _181_/D (sky130_fd_sc_hd__or4_1)
     1    0.01    0.11    0.45    1.54 v _181_/X (sky130_fd_sc_hd__or4_1)
                                         _079_ (net)
                  0.11    0.00    1.54 v _184_/A3 (sky130_fd_sc_hd__o31a_1)
     1    0.02    0.10    0.32    1.86 v _184_/X (sky130_fd_sc_hd__o31a_1)
                                         _082_ (net)
                  0.10    0.00    1.86 v _186_/A2 (sky130_fd_sc_hd__o211ai_4)
     2    0.02    0.23    0.25    2.10 ^ _186_/Y (sky130_fd_sc_hd__o211ai_4)
                                         _084_ (net)
                  0.23    0.00    2.10 ^ _187_/A2 (sky130_fd_sc_hd__a21bo_2)
     9    0.06    0.30    0.36    2.46 ^ _187_/X (sky130_fd_sc_hd__a21bo_2)
                                         _085_ (net)
                  0.30    0.00    2.47 ^ _188_/A (sky130_fd_sc_hd__inv_2)
     2    0.02    0.10    0.13    2.60 v _188_/Y (sky130_fd_sc_hd__inv_2)
                                         _086_ (net)
                  0.10    0.00    2.60 v _189_/A (sky130_fd_sc_hd__clkbuf_4)
    10    0.07    0.15    0.26    2.86 v _189_/X (sky130_fd_sc_hd__clkbuf_4)
                                         _027_ (net)
                  0.15    0.00    2.86 v _209_/A (sky130_fd_sc_hd__nor3_1)
     1    0.02    0.49    0.47    3.33 ^ _209_/Y (sky130_fd_sc_hd__nor3_1)
                                         _022_ (net)
                  0.49    0.00    3.33 ^ _335_/D (sky130_fd_sc_hd__dfrtp_2)
                                  3.33   data arrival time

                         10.00   10.00   clock core_clock (rise edge)
                          0.00   10.00   clock source latency
     1    0.02    0.00    0.00   10.00 ^ clk (in)
                                         clk (net)
                  0.00    0.00   10.00 ^ clkbuf_0_clk/A (sky130_fd_sc_hd__clkbuf_16)
     4    0.05    0.07    0.13   10.13 ^ clkbuf_0_clk/X (sky130_fd_sc_hd__clkbuf_16)
                                         clknet_0_clk (net)
                  0.07    0.00   10.13 ^ clkbuf_2_1__f_clk/A (sky130_fd_sc_hd__clkbuf_16)
    10    0.03    0.05    0.15   10.28 ^ clkbuf_2_1__f_clk/X (sky130_fd_sc_hd__clkbuf_16)
                                         clknet_2_1__leaf_clk (net)
                  0.05    0.00   10.28 ^ _335_/CLK (sky130_fd_sc_hd__dfrtp_2)
                          0.00   10.28   clock reconvergence pessimism
                         -0.17   10.11   library setup time
                                 10.11   data required time
-----------------------------------------------------------------------------
                                 10.11   data required time
                                 -3.33   data arrival time
-----------------------------------------------------------------------------
                                  6.78   slack (MET)


Startpoint: _342_ (rising edge-triggered flip-flop clocked by core_clock)
Endpoint: _344_ (rising edge-triggered flip-flop clocked by core_clock)
Path Group: core_clock
Path Type: max
Corner: Typical

Fanout     Cap    Slew   Delay    Time   Description
-----------------------------------------------------------------------------
                          0.00    0.00   clock core_clock (rise edge)
                          0.00    0.00   clock source latency
     1    0.02    0.00    0.00    0.00 ^ clk (in)
                                         clk (net)
                  0.00    0.00    0.00 ^ clkbuf_0_clk/A (sky130_fd_sc_hd__clkbuf_16)
     4    0.05    0.07    0.13    0.13 ^ clkbuf_0_clk/X (sky130_fd_sc_hd__clkbuf_16)
                                         clknet_0_clk (net)
                  0.07    0.00    0.13 ^ clkbuf_2_3__f_clk/A (sky130_fd_sc_hd__clkbuf_16)
     9    0.03    0.05    0.14    0.28 ^ clkbuf_2_3__f_clk/X (sky130_fd_sc_hd__clkbuf_16)
                                         clknet_2_3__leaf_clk (net)
                  0.05    0.00    0.28 ^ _342_/CLK (sky130_fd_sc_hd__dfrtp_4)
     5    0.04    0.10    0.53    0.81 v _342_/Q (sky130_fd_sc_hd__dfrtp_4)
                                         one_second_counter[12] (net)
                  0.10    0.00    0.81 v _180_/C (sky130_fd_sc_hd__and4_1)
     2    0.02    0.11    0.28    1.09 v _180_/X (sky130_fd_sc_hd__and4_1)
                                         _078_ (net)
                  0.11    0.00    1.09 v _181_/D (sky130_fd_sc_hd__or4_1)
     1    0.01    0.11    0.45    1.54 v _181_/X (sky130_fd_sc_hd__or4_1)
                                         _079_ (net)
                  0.11    0.00    1.54 v _184_/A3 (sky130_fd_sc_hd__o31a_1)
     1    0.02    0.10    0.32    1.86 v _184_/X (sky130_fd_sc_hd__o31a_1)
                                         _082_ (net)
                  0.10    0.00    1.86 v _186_/A2 (sky130_fd_sc_hd__o211ai_4)
     2    0.02    0.23    0.25    2.10 ^ _186_/Y (sky130_fd_sc_hd__o211ai_4)
                                         _084_ (net)
                  0.23    0.00    2.10 ^ _187_/A2 (sky130_fd_sc_hd__a21bo_2)
     9    0.06    0.30    0.36    2.46 ^ _187_/X (sky130_fd_sc_hd__a21bo_2)
                                         _085_ (net)
                  0.30    0.00    2.47 ^ _202_/A (sky130_fd_sc_hd__buf_2)
    10    0.05    0.25    0.33    2.79 ^ _202_/X (sky130_fd_sc_hd__buf_2)
                                         _095_ (net)
                  0.25    0.00    2.80 ^ _241_/A (sky130_fd_sc_hd__and3_1)
     1    0.02    0.19    0.30    3.10 ^ _241_/X (sky130_fd_sc_hd__and3_1)
                                         _124_ (net)
                  0.19    0.00    3.10 ^ _242_/A (sky130_fd_sc_hd__buf_1)
     1    0.02    0.28    0.28    3.37 ^ _242_/X (sky130_fd_sc_hd__buf_1)
                                         _005_ (net)
                  0.28    0.00    3.37 ^ _344_/D (sky130_fd_sc_hd__dfrtp_2)
                                  3.37   data arrival time

                         10.00   10.00   clock core_clock (rise edge)
                          0.00   10.00   clock source latency
     1    0.02    0.00    0.00   10.00 ^ clk (in)
                                         clk (net)
                  0.00    0.00   10.00 ^ clkbuf_0_clk/A (sky130_fd_sc_hd__clkbuf_16)
     4    0.05    0.07    0.13   10.13 ^ clkbuf_0_clk/X (sky130_fd_sc_hd__clkbuf_16)
                                         clknet_0_clk (net)
                  0.07    0.00   10.13 ^ clkbuf_2_3__f_clk/A (sky130_fd_sc_hd__clkbuf_16)
     9    0.03    0.05    0.14   10.28 ^ clkbuf_2_3__f_clk/X (sky130_fd_sc_hd__clkbuf_16)
                                         clknet_2_3__leaf_clk (net)
                  0.05    0.00   10.28 ^ _344_/CLK (sky130_fd_sc_hd__dfrtp_2)
                          0.00   10.28   clock reconvergence pessimism
                         -0.12   10.16   library setup time
                                 10.16   data required time
-----------------------------------------------------------------------------
                                 10.16   data required time
                                 -3.37   data arrival time
-----------------------------------------------------------------------------
                                  6.79   slack (MET)


Startpoint: _330_ (rising edge-triggered flip-flop clocked by core_clock)
Endpoint: _352_ (rising edge-triggered flip-flop clocked by core_clock)
Path Group: core_clock
Path Type: max
Corner: Typical

Fanout     Cap    Slew   Delay    Time   Description
-----------------------------------------------------------------------------
                          0.00    0.00   clock core_clock (rise edge)
                          0.00    0.00   clock source latency
     1    0.02    0.00    0.00    0.00 ^ clk (in)
                                         clk (net)
                  0.00    0.00    0.00 ^ clkbuf_0_clk/A (sky130_fd_sc_hd__clkbuf_16)
     4    0.05    0.07    0.13    0.13 ^ clkbuf_0_clk/X (sky130_fd_sc_hd__clkbuf_16)
                                         clknet_0_clk (net)
                  0.07    0.00    0.13 ^ clkbuf_2_3__f_clk/A (sky130_fd_sc_hd__clkbuf_16)
     9    0.03    0.05    0.14    0.28 ^ clkbuf_2_3__f_clk/X (sky130_fd_sc_hd__clkbuf_16)
                                         clknet_2_3__leaf_clk (net)
                  0.05    0.00    0.28 ^ _330_/CLK (sky130_fd_sc_hd__dfrtp_4)
     7    0.05    0.17    0.51    0.79 ^ _330_/Q (sky130_fd_sc_hd__dfrtp_4)
                                         one_second_counter[0] (net)
                  0.17    0.00    0.79 ^ _177_/D (sky130_fd_sc_hd__and4_4)
     8    0.06    0.20    0.38    1.17 ^ _177_/X (sky130_fd_sc_hd__and4_4)
                                         _075_ (net)
                  0.20    0.01    1.17 ^ _221_/C (sky130_fd_sc_hd__and4_2)
     6    0.04    0.23    0.41    1.58 ^ _221_/X (sky130_fd_sc_hd__and4_2)
                                         _109_ (net)
                  0.23    0.00    1.59 ^ _244_/D (sky130_fd_sc_hd__and4_1)
     2    0.03    0.32    0.43    2.02 ^ _244_/X (sky130_fd_sc_hd__and4_1)
                                         _126_ (net)
                  0.32    0.00    2.02 ^ _245_/A (sky130_fd_sc_hd__clkbuf_4)
    10    0.07    0.20    0.34    2.36 ^ _245_/X (sky130_fd_sc_hd__clkbuf_4)
                                         _127_ (net)
                  0.20    0.00    2.36 ^ _267_/C (sky130_fd_sc_hd__and4_1)
     3    0.02    0.24    0.37    2.73 ^ _267_/X (sky130_fd_sc_hd__and4_1)
                                         _143_ (net)
                  0.24    0.00    2.73 ^ _270_/B (sky130_fd_sc_hd__nand2_1)
     3    0.03    0.20    0.23    2.97 v _270_/Y (sky130_fd_sc_hd__nand2_1)
                                         _145_ (net)
                  0.20    0.00    2.97 v _271_/C (sky130_fd_sc_hd__and3_1)
     1    0.01    0.08    0.29    3.26 v _271_/X (sky130_fd_sc_hd__and3_1)
                                         _146_ (net)
                  0.08    0.00    3.26 v _272_/A (sky130_fd_sc_hd__clkbuf_1)
     1    0.00    0.03    0.10    3.36 v _272_/X (sky130_fd_sc_hd__clkbuf_1)
                                         _014_ (net)
                  0.03    0.00    3.36 v _352_/D (sky130_fd_sc_hd__dfrtp_1)
                                  3.36   data arrival time

                         10.00   10.00   clock core_clock (rise edge)
                          0.00   10.00   clock source latency
     1    0.02    0.00    0.00   10.00 ^ clk (in)
                                         clk (net)
                  0.00    0.00   10.00 ^ clkbuf_0_clk/A (sky130_fd_sc_hd__clkbuf_16)
     4    0.05    0.07    0.13   10.13 ^ clkbuf_0_clk/X (sky130_fd_sc_hd__clkbuf_16)
                                         clknet_0_clk (net)
                  0.07    0.00   10.13 ^ clkbuf_2_1__f_clk/A (sky130_fd_sc_hd__clkbuf_16)
    10    0.03    0.05    0.15   10.28 ^ clkbuf_2_1__f_clk/X (sky130_fd_sc_hd__clkbuf_16)
                                         clknet_2_1__leaf_clk (net)
                  0.05    0.00   10.28 ^ _352_/CLK (sky130_fd_sc_hd__dfrtp_1)
                          0.00   10.28   clock reconvergence pessimism
                         -0.10   10.18   library setup time
                                 10.18   data required time
-----------------------------------------------------------------------------
                                 10.18   data required time
                                 -3.36   data arrival time
-----------------------------------------------------------------------------
                                  6.82   slack (MET)


Startpoint: _330_ (rising edge-triggered flip-flop clocked by core_clock)
Endpoint: _355_ (rising edge-triggered flip-flop clocked by core_clock)
Path Group: core_clock
Path Type: max
Corner: Typical

Fanout     Cap    Slew   Delay    Time   Description
-----------------------------------------------------------------------------
                          0.00    0.00   clock core_clock (rise edge)
                          0.00    0.00   clock source latency
     1    0.02    0.00    0.00    0.00 ^ clk (in)
                                         clk (net)
                  0.00    0.00    0.00 ^ clkbuf_0_clk/A (sky130_fd_sc_hd__clkbuf_16)
     4    0.05    0.07    0.13    0.13 ^ clkbuf_0_clk/X (sky130_fd_sc_hd__clkbuf_16)
                                         clknet_0_clk (net)
                  0.07    0.00    0.13 ^ clkbuf_2_3__f_clk/A (sky130_fd_sc_hd__clkbuf_16)
     9    0.03    0.05    0.14    0.28 ^ clkbuf_2_3__f_clk/X (sky130_fd_sc_hd__clkbuf_16)
                                         clknet_2_3__leaf_clk (net)
                  0.05    0.00    0.28 ^ _330_/CLK (sky130_fd_sc_hd__dfrtp_4)
     7    0.05    0.17    0.51    0.79 ^ _330_/Q (sky130_fd_sc_hd__dfrtp_4)
                                         one_second_counter[0] (net)
                  0.17    0.00    0.79 ^ _177_/D (sky130_fd_sc_hd__and4_4)
     8    0.06    0.20    0.38    1.17 ^ _177_/X (sky130_fd_sc_hd__and4_4)
                                         _075_ (net)
                  0.20    0.01    1.17 ^ _221_/C (sky130_fd_sc_hd__and4_2)
     6    0.04    0.23    0.41    1.58 ^ _221_/X (sky130_fd_sc_hd__and4_2)
                                         _109_ (net)
                  0.23    0.00    1.59 ^ _244_/D (sky130_fd_sc_hd__and4_1)
     2    0.03    0.32    0.43    2.02 ^ _244_/X (sky130_fd_sc_hd__and4_1)
                                         _126_ (net)
                  0.32    0.00    2.02 ^ _245_/A (sky130_fd_sc_hd__clkbuf_4)
    10    0.07    0.20    0.34    2.36 ^ _245_/X (sky130_fd_sc_hd__clkbuf_4)
                                         _127_ (net)
                  0.20    0.01    2.37 ^ _277_/B (sky130_fd_sc_hd__and3_2)
     4    0.04    0.22    0.36    2.72 ^ _277_/X (sky130_fd_sc_hd__and3_2)
                                         _150_ (net)
                  0.22    0.00    2.73 ^ _280_/B (sky130_fd_sc_hd__nand2_1)
     1    0.02    0.14    0.17    2.90 v _280_/Y (sky130_fd_sc_hd__nand2_1)
                                         _152_ (net)
                  0.14    0.00    2.90 v _281_/C (sky130_fd_sc_hd__and3_1)
     1    0.01    0.07    0.25    3.16 v _281_/X (sky130_fd_sc_hd__and3_1)
                                         _153_ (net)
                  0.07    0.00    3.16 v _282_/A (sky130_fd_sc_hd__clkbuf_1)
     1    0.01    0.07    0.13    3.29 v _282_/X (sky130_fd_sc_hd__clkbuf_1)
                                         _017_ (net)
                  0.07    0.00    3.29 v _355_/D (sky130_fd_sc_hd__dfrtp_4)
                                  3.29   data arrival time

                         10.00   10.00   clock core_clock (rise edge)
                          0.00   10.00   clock source latency
     1    0.02    0.00    0.00   10.00 ^ clk (in)
                                         clk (net)
                  0.00    0.00   10.00 ^ clkbuf_0_clk/A (sky130_fd_sc_hd__clkbuf_16)
     4    0.05    0.07    0.13   10.13 ^ clkbuf_0_clk/X (sky130_fd_sc_hd__clkbuf_16)
                                         clknet_0_clk (net)
                  0.07    0.00   10.13 ^ clkbuf_2_2__f_clk/A (sky130_fd_sc_hd__clkbuf_16)
     7    0.03    0.05    0.14   10.28 ^ clkbuf_2_2__f_clk/X (sky130_fd_sc_hd__clkbuf_16)
                                         clknet_2_2__leaf_clk (net)
                  0.05    0.00   10.28 ^ _355_/CLK (sky130_fd_sc_hd__dfrtp_4)
                          0.00   10.28   clock reconvergence pessimism
                         -0.12   10.15   library setup time
                                 10.15   data required time
-----------------------------------------------------------------------------
                                 10.15   data required time
                                 -3.29   data arrival time
-----------------------------------------------------------------------------
                                  6.86   slack (MET)


Startpoint: _330_ (rising edge-triggered flip-flop clocked by core_clock)
Endpoint: _350_ (rising edge-triggered flip-flop clocked by core_clock)
Path Group: core_clock
Path Type: max
Corner: Typical

Fanout     Cap    Slew   Delay    Time   Description
-----------------------------------------------------------------------------
                          0.00    0.00   clock core_clock (rise edge)
                          0.00    0.00   clock source latency
     1    0.02    0.00    0.00    0.00 ^ clk (in)
                                         clk (net)
                  0.00    0.00    0.00 ^ clkbuf_0_clk/A (sky130_fd_sc_hd__clkbuf_16)
     4    0.05    0.07    0.13    0.13 ^ clkbuf_0_clk/X (sky130_fd_sc_hd__clkbuf_16)
                                         clknet_0_clk (net)
                  0.07    0.00    0.13 ^ clkbuf_2_3__f_clk/A (sky130_fd_sc_hd__clkbuf_16)
     9    0.03    0.05    0.14    0.28 ^ clkbuf_2_3__f_clk/X (sky130_fd_sc_hd__clkbuf_16)
                                         clknet_2_3__leaf_clk (net)
                  0.05    0.00    0.28 ^ _330_/CLK (sky130_fd_sc_hd__dfrtp_4)
     7    0.05    0.17    0.51    0.79 ^ _330_/Q (sky130_fd_sc_hd__dfrtp_4)
                                         one_second_counter[0] (net)
                  0.17    0.00    0.79 ^ _177_/D (sky130_fd_sc_hd__and4_4)
     8    0.06    0.20    0.38    1.17 ^ _177_/X (sky130_fd_sc_hd__and4_4)
                                         _075_ (net)
                  0.20    0.01    1.17 ^ _221_/C (sky130_fd_sc_hd__and4_2)
     6    0.04    0.23    0.41    1.58 ^ _221_/X (sky130_fd_sc_hd__and4_2)
                                         _109_ (net)
                  0.23    0.00    1.59 ^ _244_/D (sky130_fd_sc_hd__and4_1)
     2    0.03    0.32    0.43    2.02 ^ _244_/X (sky130_fd_sc_hd__and4_1)
                                         _126_ (net)
                  0.32    0.00    2.02 ^ _245_/A (sky130_fd_sc_hd__clkbuf_4)
    10    0.07    0.20    0.34    2.36 ^ _245_/X (sky130_fd_sc_hd__clkbuf_4)
                                         _127_ (net)
                  0.20    0.00    2.37 ^ _258_/A (sky130_fd_sc_hd__and2_1)
     3    0.03    0.27    0.32    2.69 ^ _258_/X (sky130_fd_sc_hd__and2_1)
                                         _136_ (net)
                  0.27    0.00    2.69 ^ _263_/B (sky130_fd_sc_hd__nand2_1)
     2    0.02    0.16    0.19    2.88 v _263_/Y (sky130_fd_sc_hd__nand2_1)
                                         _140_ (net)
                  0.16    0.00    2.88 v _264_/C (sky130_fd_sc_hd__and3_1)
     1    0.01    0.05    0.24    3.12 v _264_/X (sky130_fd_sc_hd__and3_1)
                                         _141_ (net)
                  0.05    0.00    3.12 v _265_/A (sky130_fd_sc_hd__clkbuf_1)
     1    0.02    0.10    0.15    3.27 v _265_/X (sky130_fd_sc_hd__clkbuf_1)
                                         _012_ (net)
                  0.10    0.00    3.27 v _350_/D (sky130_fd_sc_hd__dfrtp_1)
                                  3.27   data arrival time

                         10.00   10.00   clock core_clock (rise edge)
                          0.00   10.00   clock source latency
     1    0.02    0.00    0.00   10.00 ^ clk (in)
                                         clk (net)
                  0.00    0.00   10.00 ^ clkbuf_0_clk/A (sky130_fd_sc_hd__clkbuf_16)
     4    0.05    0.07    0.13   10.13 ^ clkbuf_0_clk/X (sky130_fd_sc_hd__clkbuf_16)
                                         clknet_0_clk (net)
                  0.07    0.00   10.13 ^ clkbuf_2_1__f_clk/A (sky130_fd_sc_hd__clkbuf_16)
    10    0.03    0.05    0.15   10.28 ^ clkbuf_2_1__f_clk/X (sky130_fd_sc_hd__clkbuf_16)
                                         clknet_2_1__leaf_clk (net)
                  0.05    0.00   10.28 ^ _350_/CLK (sky130_fd_sc_hd__dfrtp_1)
                          0.00   10.28   clock reconvergence pessimism
                         -0.14   10.14   library setup time
                                 10.14   data required time
-----------------------------------------------------------------------------
                                 10.14   data required time
                                 -3.27   data arrival time
-----------------------------------------------------------------------------
                                  6.87   slack (MET)


Startpoint: _330_ (rising edge-triggered flip-flop clocked by core_clock)
Endpoint: _351_ (rising edge-triggered flip-flop clocked by core_clock)
Path Group: core_clock
Path Type: max
Corner: Typical

Fanout     Cap    Slew   Delay    Time   Description
-----------------------------------------------------------------------------
                          0.00    0.00   clock core_clock (rise edge)
                          0.00    0.00   clock source latency
     1    0.02    0.00    0.00    0.00 ^ clk (in)
                                         clk (net)
                  0.00    0.00    0.00 ^ clkbuf_0_clk/A (sky130_fd_sc_hd__clkbuf_16)
     4    0.05    0.07    0.13    0.13 ^ clkbuf_0_clk/X (sky130_fd_sc_hd__clkbuf_16)
                                         clknet_0_clk (net)
                  0.07    0.00    0.13 ^ clkbuf_2_3__f_clk/A (sky130_fd_sc_hd__clkbuf_16)
     9    0.03    0.05    0.14    0.28 ^ clkbuf_2_3__f_clk/X (sky130_fd_sc_hd__clkbuf_16)
                                         clknet_2_3__leaf_clk (net)
                  0.05    0.00    0.28 ^ _330_/CLK (sky130_fd_sc_hd__dfrtp_4)
     7    0.05    0.17    0.51    0.79 ^ _330_/Q (sky130_fd_sc_hd__dfrtp_4)
                                         one_second_counter[0] (net)
                  0.17    0.00    0.79 ^ _177_/D (sky130_fd_sc_hd__and4_4)
     8    0.06    0.20    0.38    1.17 ^ _177_/X (sky130_fd_sc_hd__and4_4)
                                         _075_ (net)
                  0.20    0.01    1.17 ^ _221_/C (sky130_fd_sc_hd__and4_2)
     6    0.04    0.23    0.41    1.58 ^ _221_/X (sky130_fd_sc_hd__and4_2)
                                         _109_ (net)
                  0.23    0.00    1.59 ^ _244_/D (sky130_fd_sc_hd__and4_1)
     2    0.03    0.32    0.43    2.02 ^ _244_/X (sky130_fd_sc_hd__and4_1)
                                         _126_ (net)
                  0.32    0.00    2.02 ^ _245_/A (sky130_fd_sc_hd__clkbuf_4)
    10    0.07    0.20    0.34    2.36 ^ _245_/X (sky130_fd_sc_hd__clkbuf_4)
                                         _127_ (net)
                  0.20    0.00    2.37 ^ _258_/A (sky130_fd_sc_hd__and2_1)
     3    0.03    0.27    0.32    2.69 ^ _258_/X (sky130_fd_sc_hd__and2_1)
                                         _136_ (net)
                  0.27    0.00    2.69 ^ _263_/B (sky130_fd_sc_hd__nand2_1)
     2    0.02    0.16    0.19    2.88 v _263_/Y (sky130_fd_sc_hd__nand2_1)
                                         _140_ (net)
                  0.16    0.00    2.88 v _268_/A2 (sky130_fd_sc_hd__a211oi_1)
     1    0.01    0.33    0.38    3.26 ^ _268_/Y (sky130_fd_sc_hd__a211oi_1)
                                         _013_ (net)
                  0.33    0.00    3.26 ^ _351_/D (sky130_fd_sc_hd__dfrtp_2)
                                  3.26   data arrival time

                         10.00   10.00   clock core_clock (rise edge)
                          0.00   10.00   clock source latency
     1    0.02    0.00    0.00   10.00 ^ clk (in)
                                         clk (net)
                  0.00    0.00   10.00 ^ clkbuf_0_clk/A (sky130_fd_sc_hd__clkbuf_16)
     4    0.05    0.07    0.13   10.13 ^ clkbuf_0_clk/X (sky130_fd_sc_hd__clkbuf_16)
                                         clknet_0_clk (net)
                  0.07    0.00   10.13 ^ clkbuf_2_1__f_clk/A (sky130_fd_sc_hd__clkbuf_16)
    10    0.03    0.05    0.15   10.28 ^ clkbuf_2_1__f_clk/X (sky130_fd_sc_hd__clkbuf_16)
                                         clknet_2_1__leaf_clk (net)
                  0.05    0.00   10.28 ^ _351_/CLK (sky130_fd_sc_hd__dfrtp_2)
                          0.00   10.28   clock reconvergence pessimism
                         -0.13   10.15   library setup time
                                 10.15   data required time
-----------------------------------------------------------------------------
                                 10.15   data required time
                                 -3.26   data arrival time
-----------------------------------------------------------------------------
                                  6.89   slack (MET)


Startpoint: _342_ (rising edge-triggered flip-flop clocked by core_clock)
Endpoint: _346_ (rising edge-triggered flip-flop clocked by core_clock)
Path Group: core_clock
Path Type: max
Corner: Typical

Fanout     Cap    Slew   Delay    Time   Description
-----------------------------------------------------------------------------
                          0.00    0.00   clock core_clock (rise edge)
                          0.00    0.00   clock source latency
     1    0.02    0.00    0.00    0.00 ^ clk (in)
                                         clk (net)
                  0.00    0.00    0.00 ^ clkbuf_0_clk/A (sky130_fd_sc_hd__clkbuf_16)
     4    0.05    0.07    0.13    0.13 ^ clkbuf_0_clk/X (sky130_fd_sc_hd__clkbuf_16)
                                         clknet_0_clk (net)
                  0.07    0.00    0.13 ^ clkbuf_2_3__f_clk/A (sky130_fd_sc_hd__clkbuf_16)
     9    0.03    0.05    0.14    0.28 ^ clkbuf_2_3__f_clk/X (sky130_fd_sc_hd__clkbuf_16)
                                         clknet_2_3__leaf_clk (net)
                  0.05    0.00    0.28 ^ _342_/CLK (sky130_fd_sc_hd__dfrtp_4)
     5    0.04    0.10    0.53    0.81 v _342_/Q (sky130_fd_sc_hd__dfrtp_4)
                                         one_second_counter[12] (net)
                  0.10    0.00    0.81 v _180_/C (sky130_fd_sc_hd__and4_1)
     2    0.02    0.11    0.28    1.09 v _180_/X (sky130_fd_sc_hd__and4_1)
                                         _078_ (net)
                  0.11    0.00    1.09 v _181_/D (sky130_fd_sc_hd__or4_1)
     1    0.01    0.11    0.45    1.54 v _181_/X (sky130_fd_sc_hd__or4_1)
                                         _079_ (net)
                  0.11    0.00    1.54 v _184_/A3 (sky130_fd_sc_hd__o31a_1)
     1    0.02    0.10    0.32    1.86 v _184_/X (sky130_fd_sc_hd__o31a_1)
                                         _082_ (net)
                  0.10    0.00    1.86 v _186_/A2 (sky130_fd_sc_hd__o211ai_4)
     2    0.02    0.23    0.25    2.10 ^ _186_/Y (sky130_fd_sc_hd__o211ai_4)
                                         _084_ (net)
                  0.23    0.00    2.10 ^ _187_/A2 (sky130_fd_sc_hd__a21bo_2)
     9    0.06    0.30    0.36    2.46 ^ _187_/X (sky130_fd_sc_hd__a21bo_2)
                                         _085_ (net)
                  0.30    0.00    2.47 ^ _202_/A (sky130_fd_sc_hd__buf_2)
    10    0.05    0.25    0.33    2.79 ^ _202_/X (sky130_fd_sc_hd__buf_2)
                                         _095_ (net)
                  0.25    0.00    2.80 ^ _249_/A (sky130_fd_sc_hd__and3_1)
     1    0.02    0.24    0.34    3.14 ^ _249_/X (sky130_fd_sc_hd__and3_1)
                                         _130_ (net)
                  0.24    0.00    3.14 ^ _250_/A (sky130_fd_sc_hd__clkbuf_1)
     1    0.01    0.10    0.16    3.30 ^ _250_/X (sky130_fd_sc_hd__clkbuf_1)
                                         _007_ (net)
                  0.10    0.00    3.30 ^ _346_/D (sky130_fd_sc_hd__dfrtp_4)
                                  3.30   data arrival time

                         10.00   10.00   clock core_clock (rise edge)
                          0.00   10.00   clock source latency
     1    0.02    0.00    0.00   10.00 ^ clk (in)
                                         clk (net)
                  0.00    0.00   10.00 ^ clkbuf_0_clk/A (sky130_fd_sc_hd__clkbuf_16)
     4    0.05    0.07    0.13   10.13 ^ clkbuf_0_clk/X (sky130_fd_sc_hd__clkbuf_16)
                                         clknet_0_clk (net)
                  0.07    0.00   10.13 ^ clkbuf_2_3__f_clk/A (sky130_fd_sc_hd__clkbuf_16)
     9    0.03    0.05    0.14   10.28 ^ clkbuf_2_3__f_clk/X (sky130_fd_sc_hd__clkbuf_16)
                                         clknet_2_3__leaf_clk (net)
                  0.05    0.00   10.28 ^ _346_/CLK (sky130_fd_sc_hd__dfrtp_4)
                          0.00   10.28   clock reconvergence pessimism
                         -0.08   10.20   library setup time
                                 10.20   data required time
-----------------------------------------------------------------------------
                                 10.20   data required time
                                 -3.30   data arrival time
-----------------------------------------------------------------------------
                                  6.91   slack (MET)


Startpoint: _342_ (rising edge-triggered flip-flop clocked by core_clock)
Endpoint: _342_ (rising edge-triggered flip-flop clocked by core_clock)
Path Group: core_clock
Path Type: max
Corner: Typical

Fanout     Cap    Slew   Delay    Time   Description
-----------------------------------------------------------------------------
                          0.00    0.00   clock core_clock (rise edge)
                          0.00    0.00   clock source latency
     1    0.02    0.00    0.00    0.00 ^ clk (in)
                                         clk (net)
                  0.00    0.00    0.00 ^ clkbuf_0_clk/A (sky130_fd_sc_hd__clkbuf_16)
     4    0.05    0.07    0.13    0.13 ^ clkbuf_0_clk/X (sky130_fd_sc_hd__clkbuf_16)
                                         clknet_0_clk (net)
                  0.07    0.00    0.13 ^ clkbuf_2_3__f_clk/A (sky130_fd_sc_hd__clkbuf_16)
     9    0.03    0.05    0.14    0.28 ^ clkbuf_2_3__f_clk/X (sky130_fd_sc_hd__clkbuf_16)
                                         clknet_2_3__leaf_clk (net)
                  0.05    0.00    0.28 ^ _342_/CLK (sky130_fd_sc_hd__dfrtp_4)
     5    0.04    0.10    0.53    0.81 v _342_/Q (sky130_fd_sc_hd__dfrtp_4)
                                         one_second_counter[12] (net)
                  0.10    0.00    0.81 v _180_/C (sky130_fd_sc_hd__and4_1)
     2    0.02    0.11    0.28    1.09 v _180_/X (sky130_fd_sc_hd__and4_1)
                                         _078_ (net)
                  0.11    0.00    1.09 v _181_/D (sky130_fd_sc_hd__or4_1)
     1    0.01    0.11    0.45    1.54 v _181_/X (sky130_fd_sc_hd__or4_1)
                                         _079_ (net)
                  0.11    0.00    1.54 v _184_/A3 (sky130_fd_sc_hd__o31a_1)
     1    0.02    0.10    0.32    1.86 v _184_/X (sky130_fd_sc_hd__o31a_1)
                                         _082_ (net)
                  0.10    0.00    1.86 v _186_/A2 (sky130_fd_sc_hd__o211ai_4)
     2    0.02    0.23    0.25    2.10 ^ _186_/Y (sky130_fd_sc_hd__o211ai_4)
                                         _084_ (net)
                  0.23    0.00    2.10 ^ _187_/A2 (sky130_fd_sc_hd__a21bo_2)
     9    0.06    0.30    0.36    2.46 ^ _187_/X (sky130_fd_sc_hd__a21bo_2)
                                         _085_ (net)
                  0.30    0.00    2.47 ^ _202_/A (sky130_fd_sc_hd__buf_2)
    10    0.05    0.25    0.33    2.79 ^ _202_/X (sky130_fd_sc_hd__buf_2)
                                         _095_ (net)
                  0.25    0.00    2.80 ^ _232_/A (sky130_fd_sc_hd__and3_1)
     1    0.01    0.15    0.27    3.07 ^ _232_/X (sky130_fd_sc_hd__and3_1)
                                         _117_ (net)
                  0.15    0.00    3.07 ^ _233_/A (sky130_fd_sc_hd__buf_1)
     1    0.01    0.17    0.19    3.26 ^ _233_/X (sky130_fd_sc_hd__buf_1)
                                         _003_ (net)
                  0.17    0.00    3.26 ^ _342_/D (sky130_fd_sc_hd__dfrtp_4)
                                  3.26   data arrival time

                         10.00   10.00   clock core_clock (rise edge)
                          0.00   10.00   clock source latency
     1    0.02    0.00    0.00   10.00 ^ clk (in)
                                         clk (net)
                  0.00    0.00   10.00 ^ clkbuf_0_clk/A (sky130_fd_sc_hd__clkbuf_16)
     4    0.05    0.07    0.13   10.13 ^ clkbuf_0_clk/X (sky130_fd_sc_hd__clkbuf_16)
                                         clknet_0_clk (net)
                  0.07    0.00   10.13 ^ clkbuf_2_3__f_clk/A (sky130_fd_sc_hd__clkbuf_16)
     9    0.03    0.05    0.14   10.28 ^ clkbuf_2_3__f_clk/X (sky130_fd_sc_hd__clkbuf_16)
                                         clknet_2_3__leaf_clk (net)
                  0.05    0.00   10.28 ^ _342_/CLK (sky130_fd_sc_hd__dfrtp_4)
                          0.00   10.28   clock reconvergence pessimism
                         -0.09   10.19   library setup time
                                 10.19   data required time
-----------------------------------------------------------------------------
                                 10.19   data required time
                                 -3.26   data arrival time
-----------------------------------------------------------------------------
                                  6.93   slack (MET)


Startpoint: _342_ (rising edge-triggered flip-flop clocked by core_clock)
Endpoint: _336_ (rising edge-triggered flip-flop clocked by core_clock)
Path Group: core_clock
Path Type: max
Corner: Typical

Fanout     Cap    Slew   Delay    Time   Description
-----------------------------------------------------------------------------
                          0.00    0.00   clock core_clock (rise edge)
                          0.00    0.00   clock source latency
     1    0.02    0.00    0.00    0.00 ^ clk (in)
                                         clk (net)
                  0.00    0.00    0.00 ^ clkbuf_0_clk/A (sky130_fd_sc_hd__clkbuf_16)
     4    0.05    0.07    0.13    0.13 ^ clkbuf_0_clk/X (sky130_fd_sc_hd__clkbuf_16)
                                         clknet_0_clk (net)
                  0.07    0.00    0.13 ^ clkbuf_2_3__f_clk/A (sky130_fd_sc_hd__clkbuf_16)
     9    0.03    0.05    0.14    0.28 ^ clkbuf_2_3__f_clk/X (sky130_fd_sc_hd__clkbuf_16)
                                         clknet_2_3__leaf_clk (net)
                  0.05    0.00    0.28 ^ _342_/CLK (sky130_fd_sc_hd__dfrtp_4)
     5    0.04    0.10    0.53    0.81 v _342_/Q (sky130_fd_sc_hd__dfrtp_4)
                                         one_second_counter[12] (net)
                  0.10    0.00    0.81 v _180_/C (sky130_fd_sc_hd__and4_1)
     2    0.02    0.11    0.28    1.09 v _180_/X (sky130_fd_sc_hd__and4_1)
                                         _078_ (net)
                  0.11    0.00    1.09 v _181_/D (sky130_fd_sc_hd__or4_1)
     1    0.01    0.11    0.45    1.54 v _181_/X (sky130_fd_sc_hd__or4_1)
                                         _079_ (net)
                  0.11    0.00    1.54 v _184_/A3 (sky130_fd_sc_hd__o31a_1)
     1    0.02    0.10    0.32    1.86 v _184_/X (sky130_fd_sc_hd__o31a_1)
                                         _082_ (net)
                  0.10    0.00    1.86 v _186_/A2 (sky130_fd_sc_hd__o211ai_4)
     2    0.02    0.23    0.25    2.10 ^ _186_/Y (sky130_fd_sc_hd__o211ai_4)
                                         _084_ (net)
                  0.23    0.00    2.10 ^ _187_/A2 (sky130_fd_sc_hd__a21bo_2)
     9    0.06    0.30    0.36    2.46 ^ _187_/X (sky130_fd_sc_hd__a21bo_2)
                                         _085_ (net)
                  0.30    0.00    2.47 ^ _202_/A (sky130_fd_sc_hd__buf_2)
    10    0.05    0.25    0.33    2.79 ^ _202_/X (sky130_fd_sc_hd__buf_2)
                                         _095_ (net)
                  0.25    0.00    2.80 ^ _212_/A (sky130_fd_sc_hd__and3_1)
     1    0.01    0.10    0.23    3.03 ^ _212_/X (sky130_fd_sc_hd__and3_1)
                                         _103_ (net)
                  0.10    0.00    3.03 ^ _213_/A (sky130_fd_sc_hd__buf_1)
     2    0.02    0.21    0.21    3.24 ^ _213_/X (sky130_fd_sc_hd__buf_1)
                                         _023_ (net)
                  0.21    0.00    3.24 ^ _336_/D (sky130_fd_sc_hd__dfrtp_1)
                                  3.24   data arrival time

                         10.00   10.00   clock core_clock (rise edge)
                          0.00   10.00   clock source latency
     1    0.02    0.00    0.00   10.00 ^ clk (in)
                                         clk (net)
                  0.00    0.00   10.00 ^ clkbuf_0_clk/A (sky130_fd_sc_hd__clkbuf_16)
     4    0.05    0.07    0.13   10.13 ^ clkbuf_0_clk/X (sky130_fd_sc_hd__clkbuf_16)
                                         clknet_0_clk (net)
                  0.07    0.00   10.13 ^ clkbuf_2_0__f_clk/A (sky130_fd_sc_hd__clkbuf_16)
     9    0.04    0.06    0.15   10.28 ^ clkbuf_2_0__f_clk/X (sky130_fd_sc_hd__clkbuf_16)
                                         clknet_2_0__leaf_clk (net)
                  0.06    0.00   10.28 ^ _336_/CLK (sky130_fd_sc_hd__dfrtp_1)
                          0.00   10.28   clock reconvergence pessimism
                         -0.10   10.19   library setup time
                                 10.19   data required time
-----------------------------------------------------------------------------
                                 10.19   data required time
                                 -3.24   data arrival time
-----------------------------------------------------------------------------
                                  6.95   slack (MET)


Startpoint: _342_ (rising edge-triggered flip-flop clocked by core_clock)
Endpoint: _330_ (rising edge-triggered flip-flop clocked by core_clock)
Path Group: core_clock
Path Type: max
Corner: Typical

Fanout     Cap    Slew   Delay    Time   Description
-----------------------------------------------------------------------------
                          0.00    0.00   clock core_clock (rise edge)
                          0.00    0.00   clock source latency
     1    0.02    0.00    0.00    0.00 ^ clk (in)
                                         clk (net)
                  0.00    0.00    0.00 ^ clkbuf_0_clk/A (sky130_fd_sc_hd__clkbuf_16)
     4    0.05    0.07    0.13    0.13 ^ clkbuf_0_clk/X (sky130_fd_sc_hd__clkbuf_16)
                                         clknet_0_clk (net)
                  0.07    0.00    0.13 ^ clkbuf_2_3__f_clk/A (sky130_fd_sc_hd__clkbuf_16)
     9    0.03    0.05    0.14    0.28 ^ clkbuf_2_3__f_clk/X (sky130_fd_sc_hd__clkbuf_16)
                                         clknet_2_3__leaf_clk (net)
                  0.05    0.00    0.28 ^ _342_/CLK (sky130_fd_sc_hd__dfrtp_4)
     5    0.04    0.10    0.53    0.81 v _342_/Q (sky130_fd_sc_hd__dfrtp_4)
                                         one_second_counter[12] (net)
                  0.10    0.00    0.81 v _180_/C (sky130_fd_sc_hd__and4_1)
     2    0.02    0.11    0.28    1.09 v _180_/X (sky130_fd_sc_hd__and4_1)
                                         _078_ (net)
                  0.11    0.00    1.09 v _181_/D (sky130_fd_sc_hd__or4_1)
     1    0.01    0.11    0.45    1.54 v _181_/X (sky130_fd_sc_hd__or4_1)
                                         _079_ (net)
                  0.11    0.00    1.54 v _184_/A3 (sky130_fd_sc_hd__o31a_1)
     1    0.02    0.10    0.32    1.86 v _184_/X (sky130_fd_sc_hd__o31a_1)
                                         _082_ (net)
                  0.10    0.00    1.86 v _186_/A2 (sky130_fd_sc_hd__o211ai_4)
     2    0.02    0.23    0.25    2.10 ^ _186_/Y (sky130_fd_sc_hd__o211ai_4)
                                         _084_ (net)
                  0.23    0.00    2.10 ^ _187_/A2 (sky130_fd_sc_hd__a21bo_2)
     9    0.06    0.30    0.36    2.46 ^ _187_/X (sky130_fd_sc_hd__a21bo_2)
                                         _085_ (net)
                  0.30    0.00    2.47 ^ _188_/A (sky130_fd_sc_hd__inv_2)
     2    0.02    0.10    0.13    2.60 v _188_/Y (sky130_fd_sc_hd__inv_2)
                                         _086_ (net)
                  0.10    0.00    2.60 v _189_/A (sky130_fd_sc_hd__clkbuf_4)
    10    0.07    0.15    0.26    2.86 v _189_/X (sky130_fd_sc_hd__clkbuf_4)
                                         _027_ (net)
                  0.15    0.00    2.86 v _190_/B (sky130_fd_sc_hd__nor2_1)
     1    0.02    0.36    0.33    3.19 ^ _190_/Y (sky130_fd_sc_hd__nor2_1)
                                         _000_ (net)
                  0.36    0.00    3.19 ^ _330_/D (sky130_fd_sc_hd__dfrtp_4)
                                  3.19   data arrival time

                         10.00   10.00   clock core_clock (rise edge)
                          0.00   10.00   clock source latency
     1    0.02    0.00    0.00   10.00 ^ clk (in)
                                         clk (net)
                  0.00    0.00   10.00 ^ clkbuf_0_clk/A (sky130_fd_sc_hd__clkbuf_16)
     4    0.05    0.07    0.13   10.13 ^ clkbuf_0_clk/X (sky130_fd_sc_hd__clkbuf_16)
                                         clknet_0_clk (net)
                  0.07    0.00   10.13 ^ clkbuf_2_3__f_clk/A (sky130_fd_sc_hd__clkbuf_16)
     9    0.03    0.05    0.14   10.28 ^ clkbuf_2_3__f_clk/X (sky130_fd_sc_hd__clkbuf_16)
                                         clknet_2_3__leaf_clk (net)
                  0.05    0.00   10.28 ^ _330_/CLK (sky130_fd_sc_hd__dfrtp_4)
                          0.00   10.28   clock reconvergence pessimism
                         -0.14   10.14   library setup time
                                 10.14   data required time
-----------------------------------------------------------------------------
                                 10.14   data required time
                                 -3.19   data arrival time
-----------------------------------------------------------------------------
                                  6.95   slack (MET)


Startpoint: _342_ (rising edge-triggered flip-flop clocked by core_clock)
Endpoint: _349_ (rising edge-triggered flip-flop clocked by core_clock)
Path Group: core_clock
Path Type: max
Corner: Typical

Fanout     Cap    Slew   Delay    Time   Description
-----------------------------------------------------------------------------
                          0.00    0.00   clock core_clock (rise edge)
                          0.00    0.00   clock source latency
     1    0.02    0.00    0.00    0.00 ^ clk (in)
                                         clk (net)
                  0.00    0.00    0.00 ^ clkbuf_0_clk/A (sky130_fd_sc_hd__clkbuf_16)
     4    0.05    0.07    0.13    0.13 ^ clkbuf_0_clk/X (sky130_fd_sc_hd__clkbuf_16)
                                         clknet_0_clk (net)
                  0.07    0.00    0.13 ^ clkbuf_2_3__f_clk/A (sky130_fd_sc_hd__clkbuf_16)
     9    0.03    0.05    0.14    0.28 ^ clkbuf_2_3__f_clk/X (sky130_fd_sc_hd__clkbuf_16)
                                         clknet_2_3__leaf_clk (net)
                  0.05    0.00    0.28 ^ _342_/CLK (sky130_fd_sc_hd__dfrtp_4)
     5    0.04    0.10    0.53    0.81 v _342_/Q (sky130_fd_sc_hd__dfrtp_4)
                                         one_second_counter[12] (net)
                  0.10    0.00    0.81 v _180_/C (sky130_fd_sc_hd__and4_1)
     2    0.02    0.11    0.28    1.09 v _180_/X (sky130_fd_sc_hd__and4_1)
                                         _078_ (net)
                  0.11    0.00    1.09 v _181_/D (sky130_fd_sc_hd__or4_1)
     1    0.01    0.11    0.45    1.54 v _181_/X (sky130_fd_sc_hd__or4_1)
                                         _079_ (net)
                  0.11    0.00    1.54 v _184_/A3 (sky130_fd_sc_hd__o31a_1)
     1    0.02    0.10    0.32    1.86 v _184_/X (sky130_fd_sc_hd__o31a_1)
                                         _082_ (net)
                  0.10    0.00    1.86 v _186_/A2 (sky130_fd_sc_hd__o211ai_4)
     2    0.02    0.23    0.25    2.10 ^ _186_/Y (sky130_fd_sc_hd__o211ai_4)
                                         _084_ (net)
                  0.23    0.00    2.10 ^ _187_/A2 (sky130_fd_sc_hd__a21bo_2)
     9    0.06    0.30    0.36    2.46 ^ _187_/X (sky130_fd_sc_hd__a21bo_2)
                                         _085_ (net)
                  0.30    0.00    2.47 ^ _202_/A (sky130_fd_sc_hd__buf_2)
    10    0.05    0.25    0.33    2.79 ^ _202_/X (sky130_fd_sc_hd__buf_2)
                                         _095_ (net)
                  0.25    0.00    2.80 ^ _260_/A (sky130_fd_sc_hd__and3_1)
     1    0.01    0.15    0.27    3.07 ^ _260_/X (sky130_fd_sc_hd__and3_1)
                                         _138_ (net)
                  0.15    0.00    3.07 ^ _261_/A (sky130_fd_sc_hd__buf_1)
     1    0.01    0.14    0.18    3.24 ^ _261_/X (sky130_fd_sc_hd__buf_1)
                                         _010_ (net)
                  0.14    0.00    3.25 ^ _349_/D (sky130_fd_sc_hd__dfrtp_4)
                                  3.25   data arrival time

                         10.00   10.00   clock core_clock (rise edge)
                          0.00   10.00   clock source latency
     1    0.02    0.00    0.00   10.00 ^ clk (in)
                                         clk (net)
                  0.00    0.00   10.00 ^ clkbuf_0_clk/A (sky130_fd_sc_hd__clkbuf_16)
     4    0.05    0.07    0.13   10.13 ^ clkbuf_0_clk/X (sky130_fd_sc_hd__clkbuf_16)
                                         clknet_0_clk (net)
                  0.07    0.00   10.13 ^ clkbuf_2_0__f_clk/A (sky130_fd_sc_hd__clkbuf_16)
     9    0.04    0.06    0.15   10.28 ^ clkbuf_2_0__f_clk/X (sky130_fd_sc_hd__clkbuf_16)
                                         clknet_2_0__leaf_clk (net)
                  0.06    0.00   10.28 ^ _349_/CLK (sky130_fd_sc_hd__dfrtp_4)
                          0.00   10.28   clock reconvergence pessimism
                         -0.08   10.20   library setup time
                                 10.20   data required time
-----------------------------------------------------------------------------
                                 10.20   data required time
                                 -3.25   data arrival time
-----------------------------------------------------------------------------
                                  6.95   slack (MET)


Startpoint: _342_ (rising edge-triggered flip-flop clocked by core_clock)
Endpoint: _347_ (rising edge-triggered flip-flop clocked by core_clock)
Path Group: core_clock
Path Type: max
Corner: Typical

Fanout     Cap    Slew   Delay    Time   Description
-----------------------------------------------------------------------------
                          0.00    0.00   clock core_clock (rise edge)
                          0.00    0.00   clock source latency
     1    0.02    0.00    0.00    0.00 ^ clk (in)
                                         clk (net)
                  0.00    0.00    0.00 ^ clkbuf_0_clk/A (sky130_fd_sc_hd__clkbuf_16)
     4    0.05    0.07    0.13    0.13 ^ clkbuf_0_clk/X (sky130_fd_sc_hd__clkbuf_16)
                                         clknet_0_clk (net)
                  0.07    0.00    0.13 ^ clkbuf_2_3__f_clk/A (sky130_fd_sc_hd__clkbuf_16)
     9    0.03    0.05    0.14    0.28 ^ clkbuf_2_3__f_clk/X (sky130_fd_sc_hd__clkbuf_16)
                                         clknet_2_3__leaf_clk (net)
                  0.05    0.00    0.28 ^ _342_/CLK (sky130_fd_sc_hd__dfrtp_4)
     5    0.04    0.10    0.53    0.81 v _342_/Q (sky130_fd_sc_hd__dfrtp_4)
                                         one_second_counter[12] (net)
                  0.10    0.00    0.81 v _180_/C (sky130_fd_sc_hd__and4_1)
     2    0.02    0.11    0.28    1.09 v _180_/X (sky130_fd_sc_hd__and4_1)
                                         _078_ (net)
                  0.11    0.00    1.09 v _181_/D (sky130_fd_sc_hd__or4_1)
     1    0.01    0.11    0.45    1.54 v _181_/X (sky130_fd_sc_hd__or4_1)
                                         _079_ (net)
                  0.11    0.00    1.54 v _184_/A3 (sky130_fd_sc_hd__o31a_1)
     1    0.02    0.10    0.32    1.86 v _184_/X (sky130_fd_sc_hd__o31a_1)
                                         _082_ (net)
                  0.10    0.00    1.86 v _186_/A2 (sky130_fd_sc_hd__o211ai_4)
     2    0.02    0.23    0.25    2.10 ^ _186_/Y (sky130_fd_sc_hd__o211ai_4)
                                         _084_ (net)
                  0.23    0.00    2.10 ^ _187_/A2 (sky130_fd_sc_hd__a21bo_2)
     9    0.06    0.30    0.36    2.46 ^ _187_/X (sky130_fd_sc_hd__a21bo_2)
                                         _085_ (net)
                  0.30    0.00    2.47 ^ _188_/A (sky130_fd_sc_hd__inv_2)
     2    0.02    0.10    0.13    2.60 v _188_/Y (sky130_fd_sc_hd__inv_2)
                                         _086_ (net)
                  0.10    0.00    2.60 v _189_/A (sky130_fd_sc_hd__clkbuf_4)
    10    0.07    0.15    0.26    2.86 v _189_/X (sky130_fd_sc_hd__clkbuf_4)
                                         _027_ (net)
                  0.15    0.00    2.86 v _252_/A (sky130_fd_sc_hd__nor2_1)
     1    0.02    0.28    0.29    3.15 ^ _252_/Y (sky130_fd_sc_hd__nor2_1)
                                         _008_ (net)
                  0.28    0.00    3.15 ^ _347_/D (sky130_fd_sc_hd__dfrtp_4)
                                  3.15   data arrival time

                         10.00   10.00   clock core_clock (rise edge)
                          0.00   10.00   clock source latency
     1    0.02    0.00    0.00   10.00 ^ clk (in)
                                         clk (net)
                  0.00    0.00   10.00 ^ clkbuf_0_clk/A (sky130_fd_sc_hd__clkbuf_16)
     4    0.05    0.07    0.13   10.13 ^ clkbuf_0_clk/X (sky130_fd_sc_hd__clkbuf_16)
                                         clknet_0_clk (net)
                  0.07    0.00   10.13 ^ clkbuf_2_3__f_clk/A (sky130_fd_sc_hd__clkbuf_16)
     9    0.03    0.05    0.14   10.28 ^ clkbuf_2_3__f_clk/X (sky130_fd_sc_hd__clkbuf_16)
                                         clknet_2_3__leaf_clk (net)
                  0.05    0.00   10.28 ^ _347_/CLK (sky130_fd_sc_hd__dfrtp_4)
                          0.00   10.28   clock reconvergence pessimism
                         -0.12   10.16   library setup time
                                 10.16   data required time
-----------------------------------------------------------------------------
                                 10.16   data required time
                                 -3.15   data arrival time
-----------------------------------------------------------------------------
                                  7.01   slack (MET)


Startpoint: _342_ (rising edge-triggered flip-flop clocked by core_clock)
Endpoint: _340_ (rising edge-triggered flip-flop clocked by core_clock)
Path Group: core_clock
Path Type: max
Corner: Typical

Fanout     Cap    Slew   Delay    Time   Description
-----------------------------------------------------------------------------
                          0.00    0.00   clock core_clock (rise edge)
                          0.00    0.00   clock source latency
     1    0.02    0.00    0.00    0.00 ^ clk (in)
                                         clk (net)
                  0.00    0.00    0.00 ^ clkbuf_0_clk/A (sky130_fd_sc_hd__clkbuf_16)
     4    0.05    0.07    0.13    0.13 ^ clkbuf_0_clk/X (sky130_fd_sc_hd__clkbuf_16)
                                         clknet_0_clk (net)
                  0.07    0.00    0.13 ^ clkbuf_2_3__f_clk/A (sky130_fd_sc_hd__clkbuf_16)
     9    0.03    0.05    0.14    0.28 ^ clkbuf_2_3__f_clk/X (sky130_fd_sc_hd__clkbuf_16)
                                         clknet_2_3__leaf_clk (net)
                  0.05    0.00    0.28 ^ _342_/CLK (sky130_fd_sc_hd__dfrtp_4)
     5    0.04    0.10    0.53    0.81 v _342_/Q (sky130_fd_sc_hd__dfrtp_4)
                                         one_second_counter[12] (net)
                  0.10    0.00    0.81 v _180_/C (sky130_fd_sc_hd__and4_1)
     2    0.02    0.11    0.28    1.09 v _180_/X (sky130_fd_sc_hd__and4_1)
                                         _078_ (net)
                  0.11    0.00    1.09 v _181_/D (sky130_fd_sc_hd__or4_1)
     1    0.01    0.11    0.45    1.54 v _181_/X (sky130_fd_sc_hd__or4_1)
                                         _079_ (net)
                  0.11    0.00    1.54 v _184_/A3 (sky130_fd_sc_hd__o31a_1)
     1    0.02    0.10    0.32    1.86 v _184_/X (sky130_fd_sc_hd__o31a_1)
                                         _082_ (net)
                  0.10    0.00    1.86 v _186_/A2 (sky130_fd_sc_hd__o211ai_4)
     2    0.02    0.23    0.25    2.10 ^ _186_/Y (sky130_fd_sc_hd__o211ai_4)
                                         _084_ (net)
                  0.23    0.00    2.10 ^ _187_/A2 (sky130_fd_sc_hd__a21bo_2)
     9    0.06    0.30    0.36    2.46 ^ _187_/X (sky130_fd_sc_hd__a21bo_2)
                                         _085_ (net)
                  0.30    0.00    2.47 ^ _202_/A (sky130_fd_sc_hd__buf_2)
    10    0.05    0.25    0.33    2.79 ^ _202_/X (sky130_fd_sc_hd__buf_2)
                                         _095_ (net)
                  0.25    0.00    2.80 ^ _225_/A (sky130_fd_sc_hd__and3_1)
     1    0.01    0.10    0.23    3.03 ^ _225_/X (sky130_fd_sc_hd__and3_1)
                                         _112_ (net)
                  0.10    0.00    3.03 ^ _226_/A (sky130_fd_sc_hd__clkbuf_1)
     1    0.01    0.12    0.15    3.18 ^ _226_/X (sky130_fd_sc_hd__clkbuf_1)
                                         _001_ (net)
                  0.12    0.00    3.18 ^ _340_/D (sky130_fd_sc_hd__dfrtp_4)
                                  3.18   data arrival time

                         10.00   10.00   clock core_clock (rise edge)
                          0.00   10.00   clock source latency
     1    0.02    0.00    0.00   10.00 ^ clk (in)
                                         clk (net)
                  0.00    0.00   10.00 ^ clkbuf_0_clk/A (sky130_fd_sc_hd__clkbuf_16)
     4    0.05    0.07    0.13   10.13 ^ clkbuf_0_clk/X (sky130_fd_sc_hd__clkbuf_16)
                                         clknet_0_clk (net)
                  0.07    0.00   10.13 ^ clkbuf_2_2__f_clk/A (sky130_fd_sc_hd__clkbuf_16)
     7    0.03    0.05    0.14   10.28 ^ clkbuf_2_2__f_clk/X (sky130_fd_sc_hd__clkbuf_16)
                                         clknet_2_2__leaf_clk (net)
                  0.05    0.00   10.28 ^ _340_/CLK (sky130_fd_sc_hd__dfrtp_4)
                          0.00   10.28   clock reconvergence pessimism
                         -0.08   10.20   library setup time
                                 10.20   data required time
-----------------------------------------------------------------------------
                                 10.20   data required time
                                 -3.18   data arrival time
-----------------------------------------------------------------------------
                                  7.02   slack (MET)


Startpoint: _342_ (rising edge-triggered flip-flop clocked by core_clock)
Endpoint: _339_ (rising edge-triggered flip-flop clocked by core_clock)
Path Group: core_clock
Path Type: max
Corner: Typical

Fanout     Cap    Slew   Delay    Time   Description
-----------------------------------------------------------------------------
                          0.00    0.00   clock core_clock (rise edge)
                          0.00    0.00   clock source latency
     1    0.02    0.00    0.00    0.00 ^ clk (in)
                                         clk (net)
                  0.00    0.00    0.00 ^ clkbuf_0_clk/A (sky130_fd_sc_hd__clkbuf_16)
     4    0.05    0.07    0.13    0.13 ^ clkbuf_0_clk/X (sky130_fd_sc_hd__clkbuf_16)
                                         clknet_0_clk (net)
                  0.07    0.00    0.13 ^ clkbuf_2_3__f_clk/A (sky130_fd_sc_hd__clkbuf_16)
     9    0.03    0.05    0.14    0.28 ^ clkbuf_2_3__f_clk/X (sky130_fd_sc_hd__clkbuf_16)
                                         clknet_2_3__leaf_clk (net)
                  0.05    0.00    0.28 ^ _342_/CLK (sky130_fd_sc_hd__dfrtp_4)
     5    0.04    0.10    0.53    0.81 v _342_/Q (sky130_fd_sc_hd__dfrtp_4)
                                         one_second_counter[12] (net)
                  0.10    0.00    0.81 v _180_/C (sky130_fd_sc_hd__and4_1)
     2    0.02    0.11    0.28    1.09 v _180_/X (sky130_fd_sc_hd__and4_1)
                                         _078_ (net)
                  0.11    0.00    1.09 v _181_/D (sky130_fd_sc_hd__or4_1)
     1    0.01    0.11    0.45    1.54 v _181_/X (sky130_fd_sc_hd__or4_1)
                                         _079_ (net)
                  0.11    0.00    1.54 v _184_/A3 (sky130_fd_sc_hd__o31a_1)
     1    0.02    0.10    0.32    1.86 v _184_/X (sky130_fd_sc_hd__o31a_1)
                                         _082_ (net)
                  0.10    0.00    1.86 v _186_/A2 (sky130_fd_sc_hd__o211ai_4)
     2    0.02    0.23    0.25    2.10 ^ _186_/Y (sky130_fd_sc_hd__o211ai_4)
                                         _084_ (net)
                  0.23    0.00    2.10 ^ _187_/A2 (sky130_fd_sc_hd__a21bo_2)
     9    0.06    0.30    0.36    2.46 ^ _187_/X (sky130_fd_sc_hd__a21bo_2)
                                         _085_ (net)
                  0.30    0.00    2.47 ^ _188_/A (sky130_fd_sc_hd__inv_2)
     2    0.02    0.10    0.13    2.60 v _188_/Y (sky130_fd_sc_hd__inv_2)
                                         _086_ (net)
                  0.10    0.00    2.60 v _189_/A (sky130_fd_sc_hd__clkbuf_4)
    10    0.07    0.15    0.26    2.86 v _189_/X (sky130_fd_sc_hd__clkbuf_4)
                                         _027_ (net)
                  0.15    0.00    2.86 v _222_/A (sky130_fd_sc_hd__nor3_1)
     1    0.01    0.22    0.27    3.14 ^ _222_/Y (sky130_fd_sc_hd__nor3_1)
                                         _026_ (net)
                  0.22    0.00    3.14 ^ _339_/D (sky130_fd_sc_hd__dfrtp_1)
                                  3.14   data arrival time

                         10.00   10.00   clock core_clock (rise edge)
                          0.00   10.00   clock source latency
     1    0.02    0.00    0.00   10.00 ^ clk (in)
                                         clk (net)
                  0.00    0.00   10.00 ^ clkbuf_0_clk/A (sky130_fd_sc_hd__clkbuf_16)
     4    0.05    0.07    0.13   10.13 ^ clkbuf_0_clk/X (sky130_fd_sc_hd__clkbuf_16)
                                         clknet_0_clk (net)
                  0.07    0.00   10.13 ^ clkbuf_2_0__f_clk/A (sky130_fd_sc_hd__clkbuf_16)
     9    0.04    0.06    0.15   10.28 ^ clkbuf_2_0__f_clk/X (sky130_fd_sc_hd__clkbuf_16)
                                         clknet_2_0__leaf_clk (net)
                  0.06    0.00   10.28 ^ _339_/CLK (sky130_fd_sc_hd__dfrtp_1)
                          0.00   10.28   clock reconvergence pessimism
                         -0.10   10.18   library setup time
                                 10.18   data required time
-----------------------------------------------------------------------------
                                 10.18   data required time
                                 -3.14   data arrival time
-----------------------------------------------------------------------------
                                  7.05   slack (MET)


Startpoint: _330_ (rising edge-triggered flip-flop clocked by core_clock)
Endpoint: _356_ (rising edge-triggered flip-flop clocked by core_clock)
Path Group: core_clock
Path Type: max
Corner: Typical

Fanout     Cap    Slew   Delay    Time   Description
-----------------------------------------------------------------------------
                          0.00    0.00   clock core_clock (rise edge)
                          0.00    0.00   clock source latency
     1    0.02    0.00    0.00    0.00 ^ clk (in)
                                         clk (net)
                  0.00    0.00    0.00 ^ clkbuf_0_clk/A (sky130_fd_sc_hd__clkbuf_16)
     4    0.05    0.07    0.13    0.13 ^ clkbuf_0_clk/X (sky130_fd_sc_hd__clkbuf_16)
                                         clknet_0_clk (net)
                  0.07    0.00    0.13 ^ clkbuf_2_3__f_clk/A (sky130_fd_sc_hd__clkbuf_16)
     9    0.03    0.05    0.14    0.28 ^ clkbuf_2_3__f_clk/X (sky130_fd_sc_hd__clkbuf_16)
                                         clknet_2_3__leaf_clk (net)
                  0.05    0.00    0.28 ^ _330_/CLK (sky130_fd_sc_hd__dfrtp_4)
     7    0.05    0.17    0.51    0.79 ^ _330_/Q (sky130_fd_sc_hd__dfrtp_4)
                                         one_second_counter[0] (net)
                  0.17    0.00    0.79 ^ _177_/D (sky130_fd_sc_hd__and4_4)
     8    0.06    0.20    0.38    1.17 ^ _177_/X (sky130_fd_sc_hd__and4_4)
                                         _075_ (net)
                  0.20    0.01    1.17 ^ _221_/C (sky130_fd_sc_hd__and4_2)
     6    0.04    0.23    0.41    1.58 ^ _221_/X (sky130_fd_sc_hd__and4_2)
                                         _109_ (net)
                  0.23    0.00    1.59 ^ _244_/D (sky130_fd_sc_hd__and4_1)
     2    0.03    0.32    0.43    2.02 ^ _244_/X (sky130_fd_sc_hd__and4_1)
                                         _126_ (net)
                  0.32    0.00    2.02 ^ _245_/A (sky130_fd_sc_hd__clkbuf_4)
    10    0.07    0.20    0.34    2.36 ^ _245_/X (sky130_fd_sc_hd__clkbuf_4)
                                         _127_ (net)
                  0.20    0.01    2.37 ^ _277_/B (sky130_fd_sc_hd__and3_2)
     4    0.04    0.22    0.36    2.72 ^ _277_/X (sky130_fd_sc_hd__and3_2)
                                         _150_ (net)
                  0.22    0.00    2.73 ^ _283_/B1 (sky130_fd_sc_hd__a21o_1)
     1    0.02    0.18    0.22    2.94 ^ _283_/X (sky130_fd_sc_hd__a21o_1)
                                         _154_ (net)
                  0.18    0.00    2.94 ^ _284_/C1 (sky130_fd_sc_hd__o211a_1)
     1    0.01    0.09    0.21    3.15 ^ _284_/X (sky130_fd_sc_hd__o211a_1)
                                         _018_ (net)
                  0.09    0.00    3.15 ^ _356_/D (sky130_fd_sc_hd__dfrtp_1)
                                  3.15   data arrival time

                         10.00   10.00   clock core_clock (rise edge)
                          0.00   10.00   clock source latency
     1    0.02    0.00    0.00   10.00 ^ clk (in)
                                         clk (net)
                  0.00    0.00   10.00 ^ clkbuf_0_clk/A (sky130_fd_sc_hd__clkbuf_16)
     4    0.05    0.07    0.13   10.13 ^ clkbuf_0_clk/X (sky130_fd_sc_hd__clkbuf_16)
                                         clknet_0_clk (net)
                  0.07    0.00   10.13 ^ clkbuf_2_0__f_clk/A (sky130_fd_sc_hd__clkbuf_16)
     9    0.04    0.06    0.15   10.28 ^ clkbuf_2_0__f_clk/X (sky130_fd_sc_hd__clkbuf_16)
                                         clknet_2_0__leaf_clk (net)
                  0.06    0.00   10.28 ^ _356_/CLK (sky130_fd_sc_hd__dfrtp_1)
                          0.00   10.28   clock reconvergence pessimism
                         -0.07   10.21   library setup time
                                 10.21   data required time
-----------------------------------------------------------------------------
                                 10.21   data required time
                                 -3.15   data arrival time
-----------------------------------------------------------------------------
                                  7.06   slack (MET)


Startpoint: _342_ (rising edge-triggered flip-flop clocked by core_clock)
Endpoint: _343_ (rising edge-triggered flip-flop clocked by core_clock)
Path Group: core_clock
Path Type: max
Corner: Typical

Fanout     Cap    Slew   Delay    Time   Description
-----------------------------------------------------------------------------
                          0.00    0.00   clock core_clock (rise edge)
                          0.00    0.00   clock source latency
     1    0.02    0.00    0.00    0.00 ^ clk (in)
                                         clk (net)
                  0.00    0.00    0.00 ^ clkbuf_0_clk/A (sky130_fd_sc_hd__clkbuf_16)
     4    0.05    0.07    0.13    0.13 ^ clkbuf_0_clk/X (sky130_fd_sc_hd__clkbuf_16)
                                         clknet_0_clk (net)
                  0.07    0.00    0.13 ^ clkbuf_2_3__f_clk/A (sky130_fd_sc_hd__clkbuf_16)
     9    0.03    0.05    0.14    0.28 ^ clkbuf_2_3__f_clk/X (sky130_fd_sc_hd__clkbuf_16)
                                         clknet_2_3__leaf_clk (net)
                  0.05    0.00    0.28 ^ _342_/CLK (sky130_fd_sc_hd__dfrtp_4)
     5    0.04    0.10    0.53    0.81 v _342_/Q (sky130_fd_sc_hd__dfrtp_4)
                                         one_second_counter[12] (net)
                  0.10    0.00    0.81 v _180_/C (sky130_fd_sc_hd__and4_1)
     2    0.02    0.11    0.28    1.09 v _180_/X (sky130_fd_sc_hd__and4_1)
                                         _078_ (net)
                  0.11    0.00    1.09 v _181_/D (sky130_fd_sc_hd__or4_1)
     1    0.01    0.11    0.45    1.54 v _181_/X (sky130_fd_sc_hd__or4_1)
                                         _079_ (net)
                  0.11    0.00    1.54 v _184_/A3 (sky130_fd_sc_hd__o31a_1)
     1    0.02    0.10    0.32    1.86 v _184_/X (sky130_fd_sc_hd__o31a_1)
                                         _082_ (net)
                  0.10    0.00    1.86 v _186_/A2 (sky130_fd_sc_hd__o211ai_4)
     2    0.02    0.23    0.25    2.10 ^ _186_/Y (sky130_fd_sc_hd__o211ai_4)
                                         _084_ (net)
                  0.23    0.00    2.10 ^ _187_/A2 (sky130_fd_sc_hd__a21bo_2)
     9    0.06    0.30    0.36    2.46 ^ _187_/X (sky130_fd_sc_hd__a21bo_2)
                                         _085_ (net)
                  0.30    0.00    2.47 ^ _202_/A (sky130_fd_sc_hd__buf_2)
    10    0.05    0.25    0.33    2.79 ^ _202_/X (sky130_fd_sc_hd__buf_2)
                                         _095_ (net)
                  0.25    0.00    2.80 ^ _236_/A (sky130_fd_sc_hd__and3_1)
     1    0.01    0.12    0.25    3.05 ^ _236_/X (sky130_fd_sc_hd__and3_1)
                                         _120_ (net)
                  0.12    0.00    3.05 ^ _237_/A (sky130_fd_sc_hd__clkbuf_1)
     1    0.00    0.04    0.10    3.15 ^ _237_/X (sky130_fd_sc_hd__clkbuf_1)
                                         _004_ (net)
                  0.04    0.00    3.15 ^ _343_/D (sky130_fd_sc_hd__dfrtp_2)
                                  3.15   data arrival time

                         10.00   10.00   clock core_clock (rise edge)
                          0.00   10.00   clock source latency
     1    0.02    0.00    0.00   10.00 ^ clk (in)
                                         clk (net)
                  0.00    0.00   10.00 ^ clkbuf_0_clk/A (sky130_fd_sc_hd__clkbuf_16)
     4    0.05    0.07    0.13   10.13 ^ clkbuf_0_clk/X (sky130_fd_sc_hd__clkbuf_16)
                                         clknet_0_clk (net)
                  0.07    0.00   10.13 ^ clkbuf_2_2__f_clk/A (sky130_fd_sc_hd__clkbuf_16)
     7    0.03    0.05    0.14   10.28 ^ clkbuf_2_2__f_clk/X (sky130_fd_sc_hd__clkbuf_16)
                                         clknet_2_2__leaf_clk (net)
                  0.05    0.00   10.28 ^ _343_/CLK (sky130_fd_sc_hd__dfrtp_2)
                          0.00   10.28   clock reconvergence pessimism
                         -0.06   10.22   library setup time
                                 10.22   data required time
-----------------------------------------------------------------------------
                                 10.22   data required time
                                 -3.15   data arrival time
-----------------------------------------------------------------------------
                                  7.06   slack (MET)


Startpoint: _342_ (rising edge-triggered flip-flop clocked by core_clock)
Endpoint: _331_ (rising edge-triggered flip-flop clocked by core_clock)
Path Group: core_clock
Path Type: max
Corner: Typical

Fanout     Cap    Slew   Delay    Time   Description
-----------------------------------------------------------------------------
                          0.00    0.00   clock core_clock (rise edge)
                          0.00    0.00   clock source latency
     1    0.02    0.00    0.00    0.00 ^ clk (in)
                                         clk (net)
                  0.00    0.00    0.00 ^ clkbuf_0_clk/A (sky130_fd_sc_hd__clkbuf_16)
     4    0.05    0.07    0.13    0.13 ^ clkbuf_0_clk/X (sky130_fd_sc_hd__clkbuf_16)
                                         clknet_0_clk (net)
                  0.07    0.00    0.13 ^ clkbuf_2_3__f_clk/A (sky130_fd_sc_hd__clkbuf_16)
     9    0.03    0.05    0.14    0.28 ^ clkbuf_2_3__f_clk/X (sky130_fd_sc_hd__clkbuf_16)
                                         clknet_2_3__leaf_clk (net)
                  0.05    0.00    0.28 ^ _342_/CLK (sky130_fd_sc_hd__dfrtp_4)
     5    0.04    0.10    0.53    0.81 v _342_/Q (sky130_fd_sc_hd__dfrtp_4)
                                         one_second_counter[12] (net)
                  0.10    0.00    0.81 v _180_/C (sky130_fd_sc_hd__and4_1)
     2    0.02    0.11    0.28    1.09 v _180_/X (sky130_fd_sc_hd__and4_1)
                                         _078_ (net)
                  0.11    0.00    1.09 v _181_/D (sky130_fd_sc_hd__or4_1)
     1    0.01    0.11    0.45    1.54 v _181_/X (sky130_fd_sc_hd__or4_1)
                                         _079_ (net)
                  0.11    0.00    1.54 v _184_/A3 (sky130_fd_sc_hd__o31a_1)
     1    0.02    0.10    0.32    1.86 v _184_/X (sky130_fd_sc_hd__o31a_1)
                                         _082_ (net)
                  0.10    0.00    1.86 v _186_/A2 (sky130_fd_sc_hd__o211ai_4)
     2    0.02    0.23    0.25    2.10 ^ _186_/Y (sky130_fd_sc_hd__o211ai_4)
                                         _084_ (net)
                  0.23    0.00    2.10 ^ _187_/A2 (sky130_fd_sc_hd__a21bo_2)
     9    0.06    0.30    0.36    2.46 ^ _187_/X (sky130_fd_sc_hd__a21bo_2)
                                         _085_ (net)
                  0.30    0.00    2.47 ^ _193_/B (sky130_fd_sc_hd__and3_1)
     1    0.03    0.27    0.37    2.84 ^ _193_/X (sky130_fd_sc_hd__and3_1)
                                         _089_ (net)
                  0.27    0.00    2.84 ^ _194_/A (sky130_fd_sc_hd__buf_1)
     1    0.01    0.16    0.20    3.04 ^ _194_/X (sky130_fd_sc_hd__buf_1)
                                         _011_ (net)
                  0.16    0.00    3.05 ^ _331_/D (sky130_fd_sc_hd__dfrtp_4)
                                  3.05   data arrival time

                         10.00   10.00   clock core_clock (rise edge)
                          0.00   10.00   clock source latency
     1    0.02    0.00    0.00   10.00 ^ clk (in)
                                         clk (net)
                  0.00    0.00   10.00 ^ clkbuf_0_clk/A (sky130_fd_sc_hd__clkbuf_16)
     4    0.05    0.07    0.13   10.13 ^ clkbuf_0_clk/X (sky130_fd_sc_hd__clkbuf_16)
                                         clknet_0_clk (net)
                  0.07    0.00   10.13 ^ clkbuf_2_0__f_clk/A (sky130_fd_sc_hd__clkbuf_16)
     9    0.04    0.06    0.15   10.28 ^ clkbuf_2_0__f_clk/X (sky130_fd_sc_hd__clkbuf_16)
                                         clknet_2_0__leaf_clk (net)
                  0.06    0.00   10.28 ^ _331_/CLK (sky130_fd_sc_hd__dfrtp_4)
                          0.00   10.28   clock reconvergence pessimism
                         -0.09   10.20   library setup time
                                 10.20   data required time
-----------------------------------------------------------------------------
                                 10.20   data required time
                                 -3.05   data arrival time
-----------------------------------------------------------------------------
                                  7.15   slack (MET)


Startpoint: _342_ (rising edge-triggered flip-flop clocked by core_clock)
Endpoint: _348_ (rising edge-triggered flip-flop clocked by core_clock)
Path Group: core_clock
Path Type: max
Corner: Typical

Fanout     Cap    Slew   Delay    Time   Description
-----------------------------------------------------------------------------
                          0.00    0.00   clock core_clock (rise edge)
                          0.00    0.00   clock source latency
     1    0.02    0.00    0.00    0.00 ^ clk (in)
                                         clk (net)
                  0.00    0.00    0.00 ^ clkbuf_0_clk/A (sky130_fd_sc_hd__clkbuf_16)
     4    0.05    0.07    0.13    0.13 ^ clkbuf_0_clk/X (sky130_fd_sc_hd__clkbuf_16)
                                         clknet_0_clk (net)
                  0.07    0.00    0.13 ^ clkbuf_2_3__f_clk/A (sky130_fd_sc_hd__clkbuf_16)
     9    0.03    0.05    0.14    0.28 ^ clkbuf_2_3__f_clk/X (sky130_fd_sc_hd__clkbuf_16)
                                         clknet_2_3__leaf_clk (net)
                  0.05    0.00    0.28 ^ _342_/CLK (sky130_fd_sc_hd__dfrtp_4)
     5    0.04    0.10    0.53    0.81 v _342_/Q (sky130_fd_sc_hd__dfrtp_4)
                                         one_second_counter[12] (net)
                  0.10    0.00    0.81 v _180_/C (sky130_fd_sc_hd__and4_1)
     2    0.02    0.11    0.28    1.09 v _180_/X (sky130_fd_sc_hd__and4_1)
                                         _078_ (net)
                  0.11    0.00    1.09 v _181_/D (sky130_fd_sc_hd__or4_1)
     1    0.01    0.11    0.45    1.54 v _181_/X (sky130_fd_sc_hd__or4_1)
                                         _079_ (net)
                  0.11    0.00    1.54 v _184_/A3 (sky130_fd_sc_hd__o31a_1)
     1    0.02    0.10    0.32    1.86 v _184_/X (sky130_fd_sc_hd__o31a_1)
                                         _082_ (net)
                  0.10    0.00    1.86 v _186_/A2 (sky130_fd_sc_hd__o211ai_4)
     2    0.02    0.23    0.25    2.10 ^ _186_/Y (sky130_fd_sc_hd__o211ai_4)
                                         _084_ (net)
                  0.23    0.00    2.10 ^ _187_/A2 (sky130_fd_sc_hd__a21bo_2)
     9    0.06    0.30    0.36    2.46 ^ _187_/X (sky130_fd_sc_hd__a21bo_2)
                                         _085_ (net)
                  0.30    0.00    2.47 ^ _202_/A (sky130_fd_sc_hd__buf_2)
    10    0.05    0.25    0.33    2.79 ^ _202_/X (sky130_fd_sc_hd__buf_2)
                                         _095_ (net)
                  0.25    0.00    2.80 ^ _255_/C1 (sky130_fd_sc_hd__o211a_1)
     1    0.01    0.12    0.25    3.04 ^ _255_/X (sky130_fd_sc_hd__o211a_1)
                                         _009_ (net)
                  0.12    0.00    3.04 ^ _348_/D (sky130_fd_sc_hd__dfrtp_4)
                                  3.04   data arrival time

                         10.00   10.00   clock core_clock (rise edge)
                          0.00   10.00   clock source latency
     1    0.02    0.00    0.00   10.00 ^ clk (in)
                                         clk (net)
                  0.00    0.00   10.00 ^ clkbuf_0_clk/A (sky130_fd_sc_hd__clkbuf_16)
     4    0.05    0.07    0.13   10.13 ^ clkbuf_0_clk/X (sky130_fd_sc_hd__clkbuf_16)
                                         clknet_0_clk (net)
                  0.07    0.00   10.13 ^ clkbuf_2_1__f_clk/A (sky130_fd_sc_hd__clkbuf_16)
    10    0.03    0.05    0.15   10.28 ^ clkbuf_2_1__f_clk/X (sky130_fd_sc_hd__clkbuf_16)
                                         clknet_2_1__leaf_clk (net)
                  0.05    0.00   10.28 ^ _348_/CLK (sky130_fd_sc_hd__dfrtp_4)
                          0.00   10.28   clock reconvergence pessimism
                         -0.08   10.20   library setup time
                                 10.20   data required time
-----------------------------------------------------------------------------
                                 10.20   data required time
                                 -3.04   data arrival time
-----------------------------------------------------------------------------
                                  7.16   slack (MET)


Startpoint: _342_ (rising edge-triggered flip-flop clocked by core_clock)
Endpoint: _332_ (rising edge-triggered flip-flop clocked by core_clock)
Path Group: core_clock
Path Type: max
Corner: Typical

Fanout     Cap    Slew   Delay    Time   Description
-----------------------------------------------------------------------------
                          0.00    0.00   clock core_clock (rise edge)
                          0.00    0.00   clock source latency
     1    0.02    0.00    0.00    0.00 ^ clk (in)
                                         clk (net)
                  0.00    0.00    0.00 ^ clkbuf_0_clk/A (sky130_fd_sc_hd__clkbuf_16)
     4    0.05    0.07    0.13    0.13 ^ clkbuf_0_clk/X (sky130_fd_sc_hd__clkbuf_16)
                                         clknet_0_clk (net)
                  0.07    0.00    0.13 ^ clkbuf_2_3__f_clk/A (sky130_fd_sc_hd__clkbuf_16)
     9    0.03    0.05    0.14    0.28 ^ clkbuf_2_3__f_clk/X (sky130_fd_sc_hd__clkbuf_16)
                                         clknet_2_3__leaf_clk (net)
                  0.05    0.00    0.28 ^ _342_/CLK (sky130_fd_sc_hd__dfrtp_4)
     5    0.04    0.10    0.53    0.81 v _342_/Q (sky130_fd_sc_hd__dfrtp_4)
                                         one_second_counter[12] (net)
                  0.10    0.00    0.81 v _180_/C (sky130_fd_sc_hd__and4_1)
     2    0.02    0.11    0.28    1.09 v _180_/X (sky130_fd_sc_hd__and4_1)
                                         _078_ (net)
                  0.11    0.00    1.09 v _181_/D (sky130_fd_sc_hd__or4_1)
     1    0.01    0.11    0.45    1.54 v _181_/X (sky130_fd_sc_hd__or4_1)
                                         _079_ (net)
                  0.11    0.00    1.54 v _184_/A3 (sky130_fd_sc_hd__o31a_1)
     1    0.02    0.10    0.32    1.86 v _184_/X (sky130_fd_sc_hd__o31a_1)
                                         _082_ (net)
                  0.10    0.00    1.86 v _186_/A2 (sky130_fd_sc_hd__o211ai_4)
     2    0.02    0.23    0.25    2.10 ^ _186_/Y (sky130_fd_sc_hd__o211ai_4)
                                         _084_ (net)
                  0.23    0.00    2.10 ^ _187_/A2 (sky130_fd_sc_hd__a21bo_2)
     9    0.06    0.30    0.36    2.46 ^ _187_/X (sky130_fd_sc_hd__a21bo_2)
                                         _085_ (net)
                  0.30    0.00    2.47 ^ _197_/B (sky130_fd_sc_hd__and3_1)
     1    0.01    0.10    0.25    2.71 ^ _197_/X (sky130_fd_sc_hd__and3_1)
                                         _092_ (net)
                  0.10    0.00    2.71 ^ _198_/A (sky130_fd_sc_hd__buf_1)
     2    0.03    0.30    0.28    2.99 ^ _198_/X (sky130_fd_sc_hd__buf_1)
                                         _019_ (net)
                  0.30    0.00    2.99 ^ _332_/D (sky130_fd_sc_hd__dfrtp_4)
                                  2.99   data arrival time

                         10.00   10.00   clock core_clock (rise edge)
                          0.00   10.00   clock source latency
     1    0.02    0.00    0.00   10.00 ^ clk (in)
                                         clk (net)
                  0.00    0.00   10.00 ^ clkbuf_0_clk/A (sky130_fd_sc_hd__clkbuf_16)
     4    0.05    0.07    0.13   10.13 ^ clkbuf_0_clk/X (sky130_fd_sc_hd__clkbuf_16)
                                         clknet_0_clk (net)
                  0.07    0.00   10.13 ^ clkbuf_2_1__f_clk/A (sky130_fd_sc_hd__clkbuf_16)
    10    0.03    0.05    0.15   10.28 ^ clkbuf_2_1__f_clk/X (sky130_fd_sc_hd__clkbuf_16)
                                         clknet_2_1__leaf_clk (net)
                  0.05    0.00   10.28 ^ _332_/CLK (sky130_fd_sc_hd__dfrtp_4)
                          0.00   10.28   clock reconvergence pessimism
                         -0.12   10.16   library setup time
                                 10.16   data required time
-----------------------------------------------------------------------------
                                 10.16   data required time
                                 -2.99   data arrival time
-----------------------------------------------------------------------------
                                  7.17   slack (MET)


Startpoint: _342_ (rising edge-triggered flip-flop clocked by core_clock)
Endpoint: _338_ (rising edge-triggered flip-flop clocked by core_clock)
Path Group: core_clock
Path Type: max
Corner: Typical

Fanout     Cap    Slew   Delay    Time   Description
-----------------------------------------------------------------------------
                          0.00    0.00   clock core_clock (rise edge)
                          0.00    0.00   clock source latency
     1    0.02    0.00    0.00    0.00 ^ clk (in)
                                         clk (net)
                  0.00    0.00    0.00 ^ clkbuf_0_clk/A (sky130_fd_sc_hd__clkbuf_16)
     4    0.05    0.07    0.13    0.13 ^ clkbuf_0_clk/X (sky130_fd_sc_hd__clkbuf_16)
                                         clknet_0_clk (net)
                  0.07    0.00    0.13 ^ clkbuf_2_3__f_clk/A (sky130_fd_sc_hd__clkbuf_16)
     9    0.03    0.05    0.14    0.28 ^ clkbuf_2_3__f_clk/X (sky130_fd_sc_hd__clkbuf_16)
                                         clknet_2_3__leaf_clk (net)
                  0.05    0.00    0.28 ^ _342_/CLK (sky130_fd_sc_hd__dfrtp_4)
     5    0.04    0.10    0.53    0.81 v _342_/Q (sky130_fd_sc_hd__dfrtp_4)
                                         one_second_counter[12] (net)
                  0.10    0.00    0.81 v _180_/C (sky130_fd_sc_hd__and4_1)
     2    0.02    0.11    0.28    1.09 v _180_/X (sky130_fd_sc_hd__and4_1)
                                         _078_ (net)
                  0.11    0.00    1.09 v _181_/D (sky130_fd_sc_hd__or4_1)
     1    0.01    0.11    0.45    1.54 v _181_/X (sky130_fd_sc_hd__or4_1)
                                         _079_ (net)
                  0.11    0.00    1.54 v _184_/A3 (sky130_fd_sc_hd__o31a_1)
     1    0.02    0.10    0.32    1.86 v _184_/X (sky130_fd_sc_hd__o31a_1)
                                         _082_ (net)
                  0.10    0.00    1.86 v _186_/A2 (sky130_fd_sc_hd__o211ai_4)
     2    0.02    0.23    0.25    2.10 ^ _186_/Y (sky130_fd_sc_hd__o211ai_4)
                                         _084_ (net)
                  0.23    0.00    2.10 ^ _187_/A2 (sky130_fd_sc_hd__a21bo_2)
     9    0.06    0.30    0.36    2.46 ^ _187_/X (sky130_fd_sc_hd__a21bo_2)
                                         _085_ (net)
                  0.30    0.00    2.47 ^ _218_/B (sky130_fd_sc_hd__and3_1)
     1    0.01    0.12    0.26    2.73 ^ _218_/X (sky130_fd_sc_hd__and3_1)
                                         _107_ (net)
                  0.12    0.00    2.73 ^ _219_/A (sky130_fd_sc_hd__buf_1)
     1    0.02    0.24    0.24    2.97 ^ _219_/X (sky130_fd_sc_hd__buf_1)
                                         _025_ (net)
                  0.24    0.00    2.97 ^ _338_/D (sky130_fd_sc_hd__dfrtp_4)
                                  2.97   data arrival time

                         10.00   10.00   clock core_clock (rise edge)
                          0.00   10.00   clock source latency
     1    0.02    0.00    0.00   10.00 ^ clk (in)
                                         clk (net)
                  0.00    0.00   10.00 ^ clkbuf_0_clk/A (sky130_fd_sc_hd__clkbuf_16)
     4    0.05    0.07    0.13   10.13 ^ clkbuf_0_clk/X (sky130_fd_sc_hd__clkbuf_16)
                                         clknet_0_clk (net)
                  0.07    0.00   10.13 ^ clkbuf_2_3__f_clk/A (sky130_fd_sc_hd__clkbuf_16)
     9    0.03    0.05    0.14   10.28 ^ clkbuf_2_3__f_clk/X (sky130_fd_sc_hd__clkbuf_16)
                                         clknet_2_3__leaf_clk (net)
                  0.05    0.00   10.28 ^ _338_/CLK (sky130_fd_sc_hd__dfrtp_4)
                          0.00   10.28   clock reconvergence pessimism
                         -0.11   10.17   library setup time
                                 10.17   data required time
-----------------------------------------------------------------------------
                                 10.17   data required time
                                 -2.97   data arrival time
-----------------------------------------------------------------------------
                                  7.20   slack (MET)


Startpoint: _342_ (rising edge-triggered flip-flop clocked by core_clock)
Endpoint: _337_ (rising edge-triggered flip-flop clocked by core_clock)
Path Group: core_clock
Path Type: max
Corner: Typical

Fanout     Cap    Slew   Delay    Time   Description
-----------------------------------------------------------------------------
                          0.00    0.00   clock core_clock (rise edge)
                          0.00    0.00   clock source latency
     1    0.02    0.00    0.00    0.00 ^ clk (in)
                                         clk (net)
                  0.00    0.00    0.00 ^ clkbuf_0_clk/A (sky130_fd_sc_hd__clkbuf_16)
     4    0.05    0.07    0.13    0.13 ^ clkbuf_0_clk/X (sky130_fd_sc_hd__clkbuf_16)
                                         clknet_0_clk (net)
                  0.07    0.00    0.13 ^ clkbuf_2_3__f_clk/A (sky130_fd_sc_hd__clkbuf_16)
     9    0.03    0.05    0.14    0.28 ^ clkbuf_2_3__f_clk/X (sky130_fd_sc_hd__clkbuf_16)
                                         clknet_2_3__leaf_clk (net)
                  0.05    0.00    0.28 ^ _342_/CLK (sky130_fd_sc_hd__dfrtp_4)
     5    0.04    0.10    0.53    0.81 v _342_/Q (sky130_fd_sc_hd__dfrtp_4)
                                         one_second_counter[12] (net)
                  0.10    0.00    0.81 v _180_/C (sky130_fd_sc_hd__and4_1)
     2    0.02    0.11    0.28    1.09 v _180_/X (sky130_fd_sc_hd__and4_1)
                                         _078_ (net)
                  0.11    0.00    1.09 v _181_/D (sky130_fd_sc_hd__or4_1)
     1    0.01    0.11    0.45    1.54 v _181_/X (sky130_fd_sc_hd__or4_1)
                                         _079_ (net)
                  0.11    0.00    1.54 v _184_/A3 (sky130_fd_sc_hd__o31a_1)
     1    0.02    0.10    0.32    1.86 v _184_/X (sky130_fd_sc_hd__o31a_1)
                                         _082_ (net)
                  0.10    0.00    1.86 v _186_/A2 (sky130_fd_sc_hd__o211ai_4)
     2    0.02    0.23    0.25    2.10 ^ _186_/Y (sky130_fd_sc_hd__o211ai_4)
                                         _084_ (net)
                  0.23    0.00    2.10 ^ _187_/A2 (sky130_fd_sc_hd__a21bo_2)
     9    0.06    0.30    0.36    2.46 ^ _187_/X (sky130_fd_sc_hd__a21bo_2)
                                         _085_ (net)
                  0.30    0.00    2.47 ^ _188_/A (sky130_fd_sc_hd__inv_2)
     2    0.02    0.10    0.13    2.60 v _188_/Y (sky130_fd_sc_hd__inv_2)
                                         _086_ (net)
                  0.10    0.00    2.60 v _215_/B1 (sky130_fd_sc_hd__a211oi_2)
     1    0.02    0.34    0.36    2.96 ^ _215_/Y (sky130_fd_sc_hd__a211oi_2)
                                         _024_ (net)
                  0.34    0.00    2.96 ^ _337_/D (sky130_fd_sc_hd__dfrtp_1)
                                  2.96   data arrival time

                         10.00   10.00   clock core_clock (rise edge)
                          0.00   10.00   clock source latency
     1    0.02    0.00    0.00   10.00 ^ clk (in)
                                         clk (net)
                  0.00    0.00   10.00 ^ clkbuf_0_clk/A (sky130_fd_sc_hd__clkbuf_16)
     4    0.05    0.07    0.13   10.13 ^ clkbuf_0_clk/X (sky130_fd_sc_hd__clkbuf_16)
                                         clknet_0_clk (net)
                  0.07    0.00   10.13 ^ clkbuf_2_0__f_clk/A (sky130_fd_sc_hd__clkbuf_16)
     9    0.04    0.06    0.15   10.28 ^ clkbuf_2_0__f_clk/X (sky130_fd_sc_hd__clkbuf_16)
                                         clknet_2_0__leaf_clk (net)
                  0.06    0.00   10.28 ^ _337_/CLK (sky130_fd_sc_hd__dfrtp_1)
                          0.00   10.28   clock reconvergence pessimism
                         -0.13   10.16   library setup time
                                 10.16   data required time
-----------------------------------------------------------------------------
                                 10.16   data required time
                                 -2.96   data arrival time
-----------------------------------------------------------------------------
                                  7.20   slack (MET)


Startpoint: _342_ (rising edge-triggered flip-flop clocked by core_clock)
Endpoint: _357_ (rising edge-triggered flip-flop clocked by core_clock)
Path Group: core_clock
Path Type: max
Corner: Typical

Fanout     Cap    Slew   Delay    Time   Description
-----------------------------------------------------------------------------
                          0.00    0.00   clock core_clock (rise edge)
                          0.00    0.00   clock source latency
     1    0.02    0.00    0.00    0.00 ^ clk (in)
                                         clk (net)
                  0.00    0.00    0.00 ^ clkbuf_0_clk/A (sky130_fd_sc_hd__clkbuf_16)
     4    0.05    0.07    0.13    0.13 ^ clkbuf_0_clk/X (sky130_fd_sc_hd__clkbuf_16)
                                         clknet_0_clk (net)
                  0.07    0.00    0.13 ^ clkbuf_2_3__f_clk/A (sky130_fd_sc_hd__clkbuf_16)
     9    0.03    0.05    0.14    0.28 ^ clkbuf_2_3__f_clk/X (sky130_fd_sc_hd__clkbuf_16)
                                         clknet_2_3__leaf_clk (net)
                  0.05    0.00    0.28 ^ _342_/CLK (sky130_fd_sc_hd__dfrtp_4)
     5    0.04    0.10    0.53    0.81 v _342_/Q (sky130_fd_sc_hd__dfrtp_4)
                                         one_second_counter[12] (net)
                  0.10    0.00    0.81 v _180_/C (sky130_fd_sc_hd__and4_1)
     2    0.02    0.11    0.28    1.09 v _180_/X (sky130_fd_sc_hd__and4_1)
                                         _078_ (net)
                  0.11    0.00    1.09 v _181_/D (sky130_fd_sc_hd__or4_1)
     1    0.01    0.11    0.45    1.54 v _181_/X (sky130_fd_sc_hd__or4_1)
                                         _079_ (net)
                  0.11    0.00    1.54 v _184_/A3 (sky130_fd_sc_hd__o31a_1)
     1    0.02    0.10    0.32    1.86 v _184_/X (sky130_fd_sc_hd__o31a_1)
                                         _082_ (net)
                  0.10    0.00    1.86 v _186_/A2 (sky130_fd_sc_hd__o211ai_4)
     2    0.02    0.23    0.25    2.10 ^ _186_/Y (sky130_fd_sc_hd__o211ai_4)
                                         _084_ (net)
                  0.23    0.00    2.10 ^ _187_/A2 (sky130_fd_sc_hd__a21bo_2)
     9    0.06    0.30    0.36    2.46 ^ _187_/X (sky130_fd_sc_hd__a21bo_2)
                                         _085_ (net)
                  0.30    0.00    2.47 ^ _188_/A (sky130_fd_sc_hd__inv_2)
     2    0.02    0.10    0.13    2.60 v _188_/Y (sky130_fd_sc_hd__inv_2)
                                         _086_ (net)
                  0.10    0.00    2.60 v _189_/A (sky130_fd_sc_hd__clkbuf_4)
    10    0.07    0.15    0.26    2.86 v _189_/X (sky130_fd_sc_hd__clkbuf_4)
                                         _027_ (net)
                  0.15    0.00    2.86 v _357_/D (sky130_fd_sc_hd__dfrtp_4)
                                  2.86   data arrival time

                         10.00   10.00   clock core_clock (rise edge)
                          0.00   10.00   clock source latency
     1    0.02    0.00    0.00   10.00 ^ clk (in)
                                         clk (net)
                  0.00    0.00   10.00 ^ clkbuf_0_clk/A (sky130_fd_sc_hd__clkbuf_16)
     4    0.05    0.07    0.13   10.13 ^ clkbuf_0_clk/X (sky130_fd_sc_hd__clkbuf_16)
                                         clknet_0_clk (net)
                  0.07    0.00   10.13 ^ clkbuf_2_0__f_clk/A (sky130_fd_sc_hd__clkbuf_16)
     9    0.04    0.06    0.15   10.28 ^ clkbuf_2_0__f_clk/X (sky130_fd_sc_hd__clkbuf_16)
                                         clknet_2_0__leaf_clk (net)
                  0.06    0.00   10.28 ^ _357_/CLK (sky130_fd_sc_hd__dfrtp_4)
                          0.00   10.28   clock reconvergence pessimism
                         -0.16   10.13   library setup time
                                 10.13   data required time
-----------------------------------------------------------------------------
                                 10.13   data required time
                                 -2.86   data arrival time
-----------------------------------------------------------------------------
                                  7.26   slack (MET)


Startpoint: _342_ (rising edge-triggered flip-flop clocked by core_clock)
Endpoint: _333_ (rising edge-triggered flip-flop clocked by core_clock)
Path Group: core_clock
Path Type: max
Corner: Typical

Fanout     Cap    Slew   Delay    Time   Description
-----------------------------------------------------------------------------
                          0.00    0.00   clock core_clock (rise edge)
                          0.00    0.00   clock source latency
     1    0.02    0.00    0.00    0.00 ^ clk (in)
                                         clk (net)
                  0.00    0.00    0.00 ^ clkbuf_0_clk/A (sky130_fd_sc_hd__clkbuf_16)
     4    0.05    0.07    0.13    0.13 ^ clkbuf_0_clk/X (sky130_fd_sc_hd__clkbuf_16)
                                         clknet_0_clk (net)
                  0.07    0.00    0.13 ^ clkbuf_2_3__f_clk/A (sky130_fd_sc_hd__clkbuf_16)
     9    0.03    0.05    0.14    0.28 ^ clkbuf_2_3__f_clk/X (sky130_fd_sc_hd__clkbuf_16)
                                         clknet_2_3__leaf_clk (net)
                  0.05    0.00    0.28 ^ _342_/CLK (sky130_fd_sc_hd__dfrtp_4)
     5    0.04    0.10    0.53    0.81 v _342_/Q (sky130_fd_sc_hd__dfrtp_4)
                                         one_second_counter[12] (net)
                  0.10    0.00    0.81 v _180_/C (sky130_fd_sc_hd__and4_1)
     2    0.02    0.11    0.28    1.09 v _180_/X (sky130_fd_sc_hd__and4_1)
                                         _078_ (net)
                  0.11    0.00    1.09 v _181_/D (sky130_fd_sc_hd__or4_1)
     1    0.01    0.11    0.45    1.54 v _181_/X (sky130_fd_sc_hd__or4_1)
                                         _079_ (net)
                  0.11    0.00    1.54 v _184_/A3 (sky130_fd_sc_hd__o31a_1)
     1    0.02    0.10    0.32    1.86 v _184_/X (sky130_fd_sc_hd__o31a_1)
                                         _082_ (net)
                  0.10    0.00    1.86 v _186_/A2 (sky130_fd_sc_hd__o211ai_4)
     2    0.02    0.23    0.25    2.10 ^ _186_/Y (sky130_fd_sc_hd__o211ai_4)
                                         _084_ (net)
                  0.23    0.00    2.10 ^ _187_/A2 (sky130_fd_sc_hd__a21bo_2)
     9    0.06    0.30    0.36    2.46 ^ _187_/X (sky130_fd_sc_hd__a21bo_2)
                                         _085_ (net)
                  0.30    0.00    2.47 ^ _200_/B (sky130_fd_sc_hd__and3b_1)
     1    0.01    0.09    0.24    2.70 ^ _200_/X (sky130_fd_sc_hd__and3b_1)
                                         _094_ (net)
                  0.09    0.00    2.71 ^ _201_/A (sky130_fd_sc_hd__buf_1)
     1    0.02    0.21    0.21    2.91 ^ _201_/X (sky130_fd_sc_hd__buf_1)
                                         _020_ (net)
                  0.21    0.00    2.91 ^ _333_/D (sky130_fd_sc_hd__dfrtp_2)
                                  2.91   data arrival time

                         10.00   10.00   clock core_clock (rise edge)
                          0.00   10.00   clock source latency
     1    0.02    0.00    0.00   10.00 ^ clk (in)
                                         clk (net)
                  0.00    0.00   10.00 ^ clkbuf_0_clk/A (sky130_fd_sc_hd__clkbuf_16)
     4    0.05    0.07    0.13   10.13 ^ clkbuf_0_clk/X (sky130_fd_sc_hd__clkbuf_16)
                                         clknet_0_clk (net)
                  0.07    0.00   10.13 ^ clkbuf_2_3__f_clk/A (sky130_fd_sc_hd__clkbuf_16)
     9    0.03    0.05    0.14   10.28 ^ clkbuf_2_3__f_clk/X (sky130_fd_sc_hd__clkbuf_16)
                                         clknet_2_3__leaf_clk (net)
                  0.05    0.00   10.28 ^ _333_/CLK (sky130_fd_sc_hd__dfrtp_2)
                          0.00   10.28   clock reconvergence pessimism
                         -0.10   10.18   library setup time
                                 10.18   data required time
-----------------------------------------------------------------------------
                                 10.18   data required time
                                 -2.91   data arrival time
-----------------------------------------------------------------------------
                                  7.27   slack (MET)


Startpoint: _361_ (rising edge-triggered flip-flop clocked by core_clock)
Endpoint: _360_ (rising edge-triggered flip-flop clocked by core_clock)
Path Group: core_clock
Path Type: max
Corner: Typical

Fanout     Cap    Slew   Delay    Time   Description
-----------------------------------------------------------------------------
                          0.00    0.00   clock core_clock (rise edge)
                          0.00    0.00   clock source latency
     1    0.02    0.00    0.00    0.00 ^ clk (in)
                                         clk (net)
                  0.00    0.00    0.00 ^ clkbuf_0_clk/A (sky130_fd_sc_hd__clkbuf_16)
     4    0.05    0.07    0.13    0.13 ^ clkbuf_0_clk/X (sky130_fd_sc_hd__clkbuf_16)
                                         clknet_0_clk (net)
                  0.07    0.00    0.13 ^ clkbuf_2_1__f_clk/A (sky130_fd_sc_hd__clkbuf_16)
    10    0.03    0.05    0.15    0.28 ^ clkbuf_2_1__f_clk/X (sky130_fd_sc_hd__clkbuf_16)
                                         clknet_2_1__leaf_clk (net)
                  0.05    0.00    0.28 ^ _361_/CLK (sky130_fd_sc_hd__dfrtp_4)
     6    0.06    0.12    0.56    0.84 v _361_/Q (sky130_fd_sc_hd__dfrtp_4)
                                         decoder.digit[3] (net)
                  0.12    0.00    0.84 v _165_/A (sky130_fd_sc_hd__nor2_2)
     2    0.03    0.38    0.35    1.20 ^ _165_/Y (sky130_fd_sc_hd__nor2_2)
                                         _066_ (net)
                  0.38    0.00    1.20 ^ _166_/B (sky130_fd_sc_hd__nand2_2)
     3    0.03    0.15    0.20    1.40 v _166_/Y (sky130_fd_sc_hd__nand2_2)
                                         _067_ (net)
                  0.15    0.00    1.40 v _167_/B (sky130_fd_sc_hd__nor2_1)
     3    0.03    0.46    0.41    1.81 ^ _167_/Y (sky130_fd_sc_hd__nor2_1)
                                         _068_ (net)
                  0.46    0.00    1.81 ^ _168_/A2_N (sky130_fd_sc_hd__o2bb2a_1)
     1    0.01    0.10    0.32    2.13 v _168_/X (sky130_fd_sc_hd__o2bb2a_1)
                                         _069_ (net)
                  0.10    0.00    2.13 v _169_/B (sky130_fd_sc_hd__and2_1)
     1    0.01    0.06    0.20    2.33 v _169_/X (sky130_fd_sc_hd__and2_1)
                                         _070_ (net)
                  0.06    0.00    2.33 v _170_/A (sky130_fd_sc_hd__clkbuf_1)
     1    0.01    0.05    0.11    2.44 v _170_/X (sky130_fd_sc_hd__clkbuf_1)
                                         _062_ (net)
                  0.05    0.00    2.44 v _360_/D (sky130_fd_sc_hd__dfrtp_4)
                                  2.44   data arrival time

                         10.00   10.00   clock core_clock (rise edge)
                          0.00   10.00   clock source latency
     1    0.02    0.00    0.00   10.00 ^ clk (in)
                                         clk (net)
                  0.00    0.00   10.00 ^ clkbuf_0_clk/A (sky130_fd_sc_hd__clkbuf_16)
     4    0.05    0.07    0.13   10.13 ^ clkbuf_0_clk/X (sky130_fd_sc_hd__clkbuf_16)
                                         clknet_0_clk (net)
                  0.07    0.00   10.13 ^ clkbuf_2_2__f_clk/A (sky130_fd_sc_hd__clkbuf_16)
     7    0.03    0.05    0.14   10.28 ^ clkbuf_2_2__f_clk/X (sky130_fd_sc_hd__clkbuf_16)
                                         clknet_2_2__leaf_clk (net)
                  0.05    0.00   10.28 ^ _360_/CLK (sky130_fd_sc_hd__dfrtp_4)
                          0.00   10.28   clock reconvergence pessimism
                         -0.12   10.16   library setup time
                                 10.16   data required time
-----------------------------------------------------------------------------
                                 10.16   data required time
                                 -2.44   data arrival time
-----------------------------------------------------------------------------
                                  7.72   slack (MET)


Startpoint: _361_ (rising edge-triggered flip-flop clocked by core_clock)
Endpoint: _358_ (rising edge-triggered flip-flop clocked by core_clock)
Path Group: core_clock
Path Type: max
Corner: Typical

Fanout     Cap    Slew   Delay    Time   Description
-----------------------------------------------------------------------------
                          0.00    0.00   clock core_clock (rise edge)
                          0.00    0.00   clock source latency
     1    0.02    0.00    0.00    0.00 ^ clk (in)
                                         clk (net)
                  0.00    0.00    0.00 ^ clkbuf_0_clk/A (sky130_fd_sc_hd__clkbuf_16)
     4    0.05    0.07    0.13    0.13 ^ clkbuf_0_clk/X (sky130_fd_sc_hd__clkbuf_16)
                                         clknet_0_clk (net)
                  0.07    0.00    0.13 ^ clkbuf_2_1__f_clk/A (sky130_fd_sc_hd__clkbuf_16)
    10    0.03    0.05    0.15    0.28 ^ clkbuf_2_1__f_clk/X (sky130_fd_sc_hd__clkbuf_16)
                                         clknet_2_1__leaf_clk (net)
                  0.05    0.00    0.28 ^ _361_/CLK (sky130_fd_sc_hd__dfrtp_4)
     6    0.06    0.12    0.56    0.84 v _361_/Q (sky130_fd_sc_hd__dfrtp_4)
                                         decoder.digit[3] (net)
                  0.12    0.00    0.84 v _165_/A (sky130_fd_sc_hd__nor2_2)
     2    0.03    0.38    0.35    1.20 ^ _165_/Y (sky130_fd_sc_hd__nor2_2)
                                         _066_ (net)
                  0.38    0.00    1.20 ^ _166_/B (sky130_fd_sc_hd__nand2_2)
     3    0.03    0.15    0.20    1.40 v _166_/Y (sky130_fd_sc_hd__nand2_2)
                                         _067_ (net)
                  0.15    0.00    1.40 v _173_/A2 (sky130_fd_sc_hd__a21oi_1)
     1    0.01    0.15    0.21    1.61 ^ _173_/Y (sky130_fd_sc_hd__a21oi_1)
                                         _072_ (net)
                  0.15    0.00    1.61 ^ _174_/B1 (sky130_fd_sc_hd__a21oi_1)
     1    0.01    0.11    0.11    1.72 v _174_/Y (sky130_fd_sc_hd__a21oi_1)
                                         _060_ (net)
                  0.11    0.00    1.72 v _358_/D (sky130_fd_sc_hd__dfrtp_4)
                                  1.72   data arrival time

                         10.00   10.00   clock core_clock (rise edge)
                          0.00   10.00   clock source latency
     1    0.02    0.00    0.00   10.00 ^ clk (in)
                                         clk (net)
                  0.00    0.00   10.00 ^ clkbuf_0_clk/A (sky130_fd_sc_hd__clkbuf_16)
     4    0.05    0.07    0.13   10.13 ^ clkbuf_0_clk/X (sky130_fd_sc_hd__clkbuf_16)
                                         clknet_0_clk (net)
                  0.07    0.00   10.13 ^ clkbuf_2_1__f_clk/A (sky130_fd_sc_hd__clkbuf_16)
    10    0.03    0.05    0.15   10.28 ^ clkbuf_2_1__f_clk/X (sky130_fd_sc_hd__clkbuf_16)
                                         clknet_2_1__leaf_clk (net)
                  0.05    0.00   10.28 ^ _358_/CLK (sky130_fd_sc_hd__dfrtp_4)
                          0.00   10.28   clock reconvergence pessimism
                         -0.14   10.14   library setup time
                                 10.14   data required time
-----------------------------------------------------------------------------
                                 10.14   data required time
                                 -1.72   data arrival time
-----------------------------------------------------------------------------
                                  8.42   slack (MET)


Startpoint: _359_ (rising edge-triggered flip-flop clocked by core_clock)
Endpoint: _361_ (rising edge-triggered flip-flop clocked by core_clock)
Path Group: core_clock
Path Type: max
Corner: Typical

Fanout     Cap    Slew   Delay    Time   Description
-----------------------------------------------------------------------------
                          0.00    0.00   clock core_clock (rise edge)
                          0.00    0.00   clock source latency
     1    0.02    0.00    0.00    0.00 ^ clk (in)
                                         clk (net)
                  0.00    0.00    0.00 ^ clkbuf_0_clk/A (sky130_fd_sc_hd__clkbuf_16)
     4    0.05    0.07    0.13    0.13 ^ clkbuf_0_clk/X (sky130_fd_sc_hd__clkbuf_16)
                                         clknet_0_clk (net)
                  0.07    0.00    0.13 ^ clkbuf_2_2__f_clk/A (sky130_fd_sc_hd__clkbuf_16)
     7    0.03    0.05    0.14    0.28 ^ clkbuf_2_2__f_clk/X (sky130_fd_sc_hd__clkbuf_16)
                                         clknet_2_2__leaf_clk (net)
                  0.05    0.00    0.28 ^ _359_/CLK (sky130_fd_sc_hd__dfrtp_4)
     7    0.06    0.20    0.53    0.81 ^ _359_/Q (sky130_fd_sc_hd__dfrtp_4)
                                         decoder.digit[1] (net)
                  0.20    0.00    0.81 ^ _162_/B (sky130_fd_sc_hd__and3_2)
     3    0.04    0.19    0.33    1.14 ^ _162_/X (sky130_fd_sc_hd__and3_2)
                                         _064_ (net)
                  0.19    0.00    1.14 ^ _163_/B (sky130_fd_sc_hd__nand2_1)
     2    0.02    0.17    0.19    1.34 v _163_/Y (sky130_fd_sc_hd__nand2_1)
                                         _065_ (net)
                  0.17    0.00    1.34 v _164_/B (sky130_fd_sc_hd__xnor2_1)
     1    0.01    0.24    0.27    1.61 ^ _164_/Y (sky130_fd_sc_hd__xnor2_1)
                                         _063_ (net)
                  0.24    0.00    1.61 ^ _361_/D (sky130_fd_sc_hd__dfrtp_4)
                                  1.61   data arrival time

                         10.00   10.00   clock core_clock (rise edge)
                          0.00   10.00   clock source latency
     1    0.02    0.00    0.00   10.00 ^ clk (in)
                                         clk (net)
                  0.00    0.00   10.00 ^ clkbuf_0_clk/A (sky130_fd_sc_hd__clkbuf_16)
     4    0.05    0.07    0.13   10.13 ^ clkbuf_0_clk/X (sky130_fd_sc_hd__clkbuf_16)
                                         clknet_0_clk (net)
                  0.07    0.00   10.13 ^ clkbuf_2_1__f_clk/A (sky130_fd_sc_hd__clkbuf_16)
    10    0.03    0.05    0.15   10.28 ^ clkbuf_2_1__f_clk/X (sky130_fd_sc_hd__clkbuf_16)
                                         clknet_2_1__leaf_clk (net)
                  0.05    0.00   10.28 ^ _361_/CLK (sky130_fd_sc_hd__dfrtp_4)
                          0.00   10.28   clock reconvergence pessimism
                         -0.11   10.17   library setup time
                                 10.17   data required time
-----------------------------------------------------------------------------
                                 10.17   data required time
                                 -1.61   data arrival time
-----------------------------------------------------------------------------
                                  8.56   slack (MET)


Startpoint: _358_ (rising edge-triggered flip-flop clocked by core_clock)
Endpoint: _359_ (rising edge-triggered flip-flop clocked by core_clock)
Path Group: core_clock
Path Type: max
Corner: Typical

Fanout     Cap    Slew   Delay    Time   Description
-----------------------------------------------------------------------------
                          0.00    0.00   clock core_clock (rise edge)
                          0.00    0.00   clock source latency
     1    0.02    0.00    0.00    0.00 ^ clk (in)
                                         clk (net)
                  0.00    0.00    0.00 ^ clkbuf_0_clk/A (sky130_fd_sc_hd__clkbuf_16)
     4    0.05    0.07    0.13    0.13 ^ clkbuf_0_clk/X (sky130_fd_sc_hd__clkbuf_16)
                                         clknet_0_clk (net)
                  0.07    0.00    0.13 ^ clkbuf_2_1__f_clk/A (sky130_fd_sc_hd__clkbuf_16)
    10    0.03    0.05    0.15    0.28 ^ clkbuf_2_1__f_clk/X (sky130_fd_sc_hd__clkbuf_16)
                                         clknet_2_1__leaf_clk (net)
                  0.05    0.00    0.28 ^ _358_/CLK (sky130_fd_sc_hd__dfrtp_4)
     8    0.06    0.12    0.56    0.84 v _358_/Q (sky130_fd_sc_hd__dfrtp_4)
                                         decoder.digit[0] (net)
                  0.12    0.00    0.84 v _162_/C (sky130_fd_sc_hd__and3_2)
     3    0.04    0.11    0.32    1.17 v _162_/X (sky130_fd_sc_hd__and3_2)
                                         _064_ (net)
                  0.11    0.00    1.17 v _172_/A (sky130_fd_sc_hd__nor2_1)
     1    0.01    0.16    0.18    1.35 ^ _172_/Y (sky130_fd_sc_hd__nor2_1)
                                         _061_ (net)
                  0.16    0.00    1.35 ^ _359_/D (sky130_fd_sc_hd__dfrtp_4)
                                  1.35   data arrival time

                         10.00   10.00   clock core_clock (rise edge)
                          0.00   10.00   clock source latency
     1    0.02    0.00    0.00   10.00 ^ clk (in)
                                         clk (net)
                  0.00    0.00   10.00 ^ clkbuf_0_clk/A (sky130_fd_sc_hd__clkbuf_16)
     4    0.05    0.07    0.13   10.13 ^ clkbuf_0_clk/X (sky130_fd_sc_hd__clkbuf_16)
                                         clknet_0_clk (net)
                  0.07    0.00   10.13 ^ clkbuf_2_2__f_clk/A (sky130_fd_sc_hd__clkbuf_16)
     7    0.03    0.05    0.14   10.28 ^ clkbuf_2_2__f_clk/X (sky130_fd_sc_hd__clkbuf_16)
                                         clknet_2_2__leaf_clk (net)
                  0.05    0.00   10.28 ^ _359_/CLK (sky130_fd_sc_hd__dfrtp_4)
                          0.00   10.28   clock reconvergence pessimism
                         -0.09   10.19   library setup time
                                 10.19   data required time
-----------------------------------------------------------------------------
                                 10.19   data required time
                                 -1.35   data arrival time
-----------------------------------------------------------------------------
                                  8.84   slack (MET)



worst slack corner Typical: 6.7181
