
===========================================================================
report_checks -path_delay max (Setup)
============================================================================
======================= Typical Corner ===================================

Startpoint: _2972_ (rising edge-triggered flip-flop clocked by clk)
Endpoint: _2992_ (rising edge-triggered flip-flop clocked by clk)
Path Group: clk
Path Type: max

Fanout     Cap    Slew   Delay    Time   Description
-----------------------------------------------------------------------------
                  0.00    0.00    0.00   clock clk (rise edge)
                          0.00    0.00   clock network delay (ideal)
                  0.00    0.00    0.00 ^ _2972_/CLK (sky130_fd_sc_hd__dfrtp_2)
     4    0.02    0.07    0.41    0.41 v _2972_/Q (sky130_fd_sc_hd__dfrtp_2)
                                         imem.address[13] (net)
                  0.07    0.00    0.41 v _1502_/A (sky130_fd_sc_hd__or4_2)
     3    0.01    0.14    0.72    1.13 v _1502_/X (sky130_fd_sc_hd__or4_2)
                                         _0382_ (net)
                  0.14    0.00    1.13 v _1506_/A_N (sky130_fd_sc_hd__and4bb_2)
     9    0.02    0.12    0.39    1.52 ^ _1506_/X (sky130_fd_sc_hd__and4bb_2)
                                         _0386_ (net)
                  0.12    0.00    1.52 ^ _1507_/B (sky130_fd_sc_hd__and2_2)
     1    0.00    0.04    0.15    1.67 ^ _1507_/X (sky130_fd_sc_hd__and2_2)
                                         _0387_ (net)
                  0.04    0.00    1.67 ^ _1508_/A (sky130_fd_sc_hd__buf_4)
     8    0.03    0.08    0.14    1.81 ^ _1508_/X (sky130_fd_sc_hd__buf_4)
                                         _0388_ (net)
                  0.08    0.00    1.81 ^ _1509_/B1 (sky130_fd_sc_hd__o21ai_2)
     4    0.01    0.08    0.07    1.88 v _1509_/Y (sky130_fd_sc_hd__o21ai_2)
                                         _0389_ (net)
                  0.08    0.00    1.88 v _1510_/A (sky130_fd_sc_hd__buf_2)
    10    0.05    0.12    0.22    2.10 v _1510_/X (sky130_fd_sc_hd__buf_2)
                                         _0390_ (net)
                  0.12    0.00    2.10 v _1700_/A (sky130_fd_sc_hd__or3_2)
     7    0.02    0.14    0.59    2.69 v _1700_/X (sky130_fd_sc_hd__or3_2)
                                         _0516_ (net)
                  0.14    0.00    2.69 v _1710_/A1 (sky130_fd_sc_hd__a21o_2)
     1    0.00    0.03    0.21    2.91 v _1710_/X (sky130_fd_sc_hd__a21o_2)
                                         _0526_ (net)
                  0.03    0.00    2.91 v _1711_/D (sky130_fd_sc_hd__or4_2)
     4    0.01    0.14    0.60    3.50 v _1711_/X (sky130_fd_sc_hd__or4_2)
                                         _0527_ (net)
                  0.14    0.00    3.50 v _1720_/A (sky130_fd_sc_hd__or4_2)
     5    0.02    0.16    0.78    4.28 v _1720_/X (sky130_fd_sc_hd__or4_2)
                                         _0536_ (net)
                  0.16    0.00    4.28 v _1726_/B (sky130_fd_sc_hd__nor4_2)
    10    0.04    0.95    0.85    5.13 ^ _1726_/Y (sky130_fd_sc_hd__nor4_2)
                                         _0542_ (net)
                  0.95    0.00    5.13 ^ _1743_/A (sky130_fd_sc_hd__nand3_2)
     4    0.02    0.27    0.27    5.41 v _1743_/Y (sky130_fd_sc_hd__nand3_2)
                                         _0559_ (net)
                  0.27    0.00    5.41 v _1749_/A (sky130_fd_sc_hd__or3_2)
     5    0.02    0.13    0.63    6.03 v _1749_/X (sky130_fd_sc_hd__or3_2)
                                         _0565_ (net)
                  0.13    0.00    6.03 v _1759_/A (sky130_fd_sc_hd__or4bb_2)
     4    0.01    0.13    0.71    6.74 v _1759_/X (sky130_fd_sc_hd__or4bb_2)
                                         _0575_ (net)
                  0.13    0.00    6.74 v _1958_/S (sky130_fd_sc_hd__mux2_2)
     3    0.02    0.09    0.36    7.10 v _1958_/X (sky130_fd_sc_hd__mux2_2)
                                         _0774_ (net)
                  0.09    0.00    7.10 v _1962_/A (sky130_fd_sc_hd__xnor2_2)
     4    0.01    0.07    0.17    7.26 v _1962_/Y (sky130_fd_sc_hd__xnor2_2)
                                         _0778_ (net)
                  0.07    0.00    7.26 v _1976_/A (sky130_fd_sc_hd__or4_2)
     2    0.00    0.11    0.67    7.93 v _1976_/X (sky130_fd_sc_hd__or4_2)
                                         _0792_ (net)
                  0.11    0.00    7.93 v _1977_/C (sky130_fd_sc_hd__or3_2)
     3    0.01    0.11    0.47    8.40 v _1977_/X (sky130_fd_sc_hd__or3_2)
                                         _0793_ (net)
                  0.11    0.00    8.40 v _2008_/A1 (sky130_fd_sc_hd__a211oi_2)
     5    0.02    0.38    0.37    8.78 ^ _2008_/Y (sky130_fd_sc_hd__a211oi_2)
                                         _0824_ (net)
                  0.38    0.00    8.78 ^ _2239_/A1 (sky130_fd_sc_hd__o21bai_2)
     3    0.01    0.09    0.14    8.92 v _2239_/Y (sky130_fd_sc_hd__o21bai_2)
                                         _1051_ (net)
                  0.09    0.00    8.92 v _2290_/A2 (sky130_fd_sc_hd__a31o_2)
     2    0.01    0.04    0.26    9.18 v _2290_/X (sky130_fd_sc_hd__a31o_2)
                                         _1101_ (net)
                  0.04    0.00    9.18 v _2662_/B2 (sky130_fd_sc_hd__a221o_2)
     1    0.00    0.05    0.34    9.52 v _2662_/X (sky130_fd_sc_hd__a221o_2)
                                         _1380_ (net)
                  0.05    0.00    9.52 v _2663_/B1 (sky130_fd_sc_hd__a31o_2)
     1    0.00    0.04    0.21    9.73 v _2663_/X (sky130_fd_sc_hd__a31o_2)
                                         _1381_ (net)
                  0.04    0.00    9.73 v _2664_/B1 (sky130_fd_sc_hd__a31o_2)
     5    0.02    0.07    0.24    9.97 v _2664_/X (sky130_fd_sc_hd__a31o_2)
                                         _1382_ (net)
                  0.07    0.00    9.97 v _2666_/A (sky130_fd_sc_hd__and2_2)
     1    0.00    0.03    0.17   10.14 v _2666_/X (sky130_fd_sc_hd__and2_2)
                                         _1384_ (net)
                  0.03    0.00   10.14 v _2667_/A (sky130_fd_sc_hd__buf_2)
    10    0.03    0.08    0.17   10.31 v _2667_/X (sky130_fd_sc_hd__buf_2)
                                         _1385_ (net)
                  0.08    0.00   10.31 v _2694_/C (sky130_fd_sc_hd__and4_2)
     2    0.00    0.05    0.24   10.54 v _2694_/X (sky130_fd_sc_hd__and4_2)
                                         _1411_ (net)
                  0.05    0.00   10.54 v _2695_/B1 (sky130_fd_sc_hd__a311o_2)
     1    0.00    0.05    0.34   10.88 v _2695_/X (sky130_fd_sc_hd__a311o_2)
                                         _0001_ (net)
                  0.05    0.00   10.88 v _2992_/D (sky130_fd_sc_hd__dfxtp_2)
                                 10.88   data arrival time

                  0.00   10.00   10.00   clock clk (rise edge)
                          0.00   10.00   clock network delay (ideal)
                          0.00   10.00   clock reconvergence pessimism
                                 10.00 ^ _2992_/CLK (sky130_fd_sc_hd__dfxtp_2)
                         -0.13    9.87   library setup time
                                  9.87   data required time
-----------------------------------------------------------------------------
                                  9.87   data required time
                                -10.88   data arrival time
-----------------------------------------------------------------------------
                                 -1.01   slack (VIOLATED)


Startpoint: _2972_ (rising edge-triggered flip-flop clocked by clk)
Endpoint: _2994_ (rising edge-triggered flip-flop clocked by clk)
Path Group: clk
Path Type: max

Fanout     Cap    Slew   Delay    Time   Description
-----------------------------------------------------------------------------
                  0.00    0.00    0.00   clock clk (rise edge)
                          0.00    0.00   clock network delay (ideal)
                  0.00    0.00    0.00 ^ _2972_/CLK (sky130_fd_sc_hd__dfrtp_2)
     4    0.02    0.07    0.41    0.41 v _2972_/Q (sky130_fd_sc_hd__dfrtp_2)
                                         imem.address[13] (net)
                  0.07    0.00    0.41 v _1502_/A (sky130_fd_sc_hd__or4_2)
     3    0.01    0.14    0.72    1.13 v _1502_/X (sky130_fd_sc_hd__or4_2)
                                         _0382_ (net)
                  0.14    0.00    1.13 v _1506_/A_N (sky130_fd_sc_hd__and4bb_2)
     9    0.02    0.12    0.39    1.52 ^ _1506_/X (sky130_fd_sc_hd__and4bb_2)
                                         _0386_ (net)
                  0.12    0.00    1.52 ^ _1507_/B (sky130_fd_sc_hd__and2_2)
     1    0.00    0.04    0.15    1.67 ^ _1507_/X (sky130_fd_sc_hd__and2_2)
                                         _0387_ (net)
                  0.04    0.00    1.67 ^ _1508_/A (sky130_fd_sc_hd__buf_4)
     8    0.03    0.08    0.14    1.81 ^ _1508_/X (sky130_fd_sc_hd__buf_4)
                                         _0388_ (net)
                  0.08    0.00    1.81 ^ _1509_/B1 (sky130_fd_sc_hd__o21ai_2)
     4    0.01    0.08    0.07    1.88 v _1509_/Y (sky130_fd_sc_hd__o21ai_2)
                                         _0389_ (net)
                  0.08    0.00    1.88 v _1510_/A (sky130_fd_sc_hd__buf_2)
    10    0.05    0.12    0.22    2.10 v _1510_/X (sky130_fd_sc_hd__buf_2)
                                         _0390_ (net)
                  0.12    0.00    2.10 v _1700_/A (sky130_fd_sc_hd__or3_2)
     7    0.02    0.14    0.59    2.69 v _1700_/X (sky130_fd_sc_hd__or3_2)
                                         _0516_ (net)
                  0.14    0.00    2.69 v _1710_/A1 (sky130_fd_sc_hd__a21o_2)
     1    0.00    0.03    0.21    2.91 v _1710_/X (sky130_fd_sc_hd__a21o_2)
                                         _0526_ (net)
                  0.03    0.00    2.91 v _1711_/D (sky130_fd_sc_hd__or4_2)
     4    0.01    0.14    0.60    3.50 v _1711_/X (sky130_fd_sc_hd__or4_2)
                                         _0527_ (net)
                  0.14    0.00    3.50 v _1720_/A (sky130_fd_sc_hd__or4_2)
     5    0.02    0.16    0.78    4.28 v _1720_/X (sky130_fd_sc_hd__or4_2)
                                         _0536_ (net)
                  0.16    0.00    4.28 v _1726_/B (sky130_fd_sc_hd__nor4_2)
    10    0.04    0.95    0.85    5.13 ^ _1726_/Y (sky130_fd_sc_hd__nor4_2)
                                         _0542_ (net)
                  0.95    0.00    5.13 ^ _1743_/A (sky130_fd_sc_hd__nand3_2)
     4    0.02    0.27    0.27    5.41 v _1743_/Y (sky130_fd_sc_hd__nand3_2)
                                         _0559_ (net)
                  0.27    0.00    5.41 v _1749_/A (sky130_fd_sc_hd__or3_2)
     5    0.02    0.13    0.63    6.03 v _1749_/X (sky130_fd_sc_hd__or3_2)
                                         _0565_ (net)
                  0.13    0.00    6.03 v _1759_/A (sky130_fd_sc_hd__or4bb_2)
     4    0.01    0.13    0.71    6.74 v _1759_/X (sky130_fd_sc_hd__or4bb_2)
                                         _0575_ (net)
                  0.13    0.00    6.74 v _1958_/S (sky130_fd_sc_hd__mux2_2)
     3    0.02    0.09    0.36    7.10 v _1958_/X (sky130_fd_sc_hd__mux2_2)
                                         _0774_ (net)
                  0.09    0.00    7.10 v _1962_/A (sky130_fd_sc_hd__xnor2_2)
     4    0.01    0.07    0.17    7.26 v _1962_/Y (sky130_fd_sc_hd__xnor2_2)
                                         _0778_ (net)
                  0.07    0.00    7.26 v _1976_/A (sky130_fd_sc_hd__or4_2)
     2    0.00    0.11    0.67    7.93 v _1976_/X (sky130_fd_sc_hd__or4_2)
                                         _0792_ (net)
                  0.11    0.00    7.93 v _1977_/C (sky130_fd_sc_hd__or3_2)
     3    0.01    0.11    0.47    8.40 v _1977_/X (sky130_fd_sc_hd__or3_2)
                                         _0793_ (net)
                  0.11    0.00    8.40 v _2008_/A1 (sky130_fd_sc_hd__a211oi_2)
     5    0.02    0.38    0.37    8.78 ^ _2008_/Y (sky130_fd_sc_hd__a211oi_2)
                                         _0824_ (net)
                  0.38    0.00    8.78 ^ _2239_/A1 (sky130_fd_sc_hd__o21bai_2)
     3    0.01    0.09    0.14    8.92 v _2239_/Y (sky130_fd_sc_hd__o21bai_2)
                                         _1051_ (net)
                  0.09    0.00    8.92 v _2290_/A2 (sky130_fd_sc_hd__a31o_2)
     2    0.01    0.04    0.26    9.18 v _2290_/X (sky130_fd_sc_hd__a31o_2)
                                         _1101_ (net)
                  0.04    0.00    9.18 v _2662_/B2 (sky130_fd_sc_hd__a221o_2)
     1    0.00    0.05    0.34    9.52 v _2662_/X (sky130_fd_sc_hd__a221o_2)
                                         _1380_ (net)
                  0.05    0.00    9.52 v _2663_/B1 (sky130_fd_sc_hd__a31o_2)
     1    0.00    0.04    0.21    9.73 v _2663_/X (sky130_fd_sc_hd__a31o_2)
                                         _1381_ (net)
                  0.04    0.00    9.73 v _2664_/B1 (sky130_fd_sc_hd__a31o_2)
     5    0.02    0.07    0.24    9.97 v _2664_/X (sky130_fd_sc_hd__a31o_2)
                                         _1382_ (net)
                  0.07    0.00    9.97 v _2666_/A (sky130_fd_sc_hd__and2_2)
     1    0.00    0.03    0.17   10.14 v _2666_/X (sky130_fd_sc_hd__and2_2)
                                         _1384_ (net)
                  0.03    0.00   10.14 v _2667_/A (sky130_fd_sc_hd__buf_2)
    10    0.03    0.08    0.17   10.31 v _2667_/X (sky130_fd_sc_hd__buf_2)
                                         _1385_ (net)
                  0.08    0.00   10.31 v _2699_/A1 (sky130_fd_sc_hd__a22o_2)
     1    0.00    0.04    0.23   10.54 v _2699_/X (sky130_fd_sc_hd__a22o_2)
                                         _1414_ (net)
                  0.04    0.00   10.54 v _2702_/A0 (sky130_fd_sc_hd__mux2_2)
     1    0.00    0.05    0.25   10.79 v _2702_/X (sky130_fd_sc_hd__mux2_2)
                                         _1417_ (net)
                  0.05    0.00   10.79 v _2703_/A (sky130_fd_sc_hd__buf_1)
     1    0.00    0.02    0.08   10.88 v _2703_/X (sky130_fd_sc_hd__buf_1)
                                         _0003_ (net)
                  0.02    0.00   10.88 v _2994_/D (sky130_fd_sc_hd__dfxtp_2)
                                 10.88   data arrival time

                  0.00   10.00   10.00   clock clk (rise edge)
                          0.00   10.00   clock network delay (ideal)
                          0.00   10.00   clock reconvergence pessimism
                                 10.00 ^ _2994_/CLK (sky130_fd_sc_hd__dfxtp_2)
                         -0.11    9.89   library setup time
                                  9.89   data required time
-----------------------------------------------------------------------------
                                  9.89   data required time
                                -10.88   data arrival time
-----------------------------------------------------------------------------
                                 -0.99   slack (VIOLATED)


Startpoint: _2972_ (rising edge-triggered flip-flop clocked by clk)
Endpoint: _2991_ (rising edge-triggered flip-flop clocked by clk)
Path Group: clk
Path Type: max

Fanout     Cap    Slew   Delay    Time   Description
-----------------------------------------------------------------------------
                  0.00    0.00    0.00   clock clk (rise edge)
                          0.00    0.00   clock network delay (ideal)
                  0.00    0.00    0.00 ^ _2972_/CLK (sky130_fd_sc_hd__dfrtp_2)
     4    0.02    0.07    0.41    0.41 v _2972_/Q (sky130_fd_sc_hd__dfrtp_2)
                                         imem.address[13] (net)
                  0.07    0.00    0.41 v _1502_/A (sky130_fd_sc_hd__or4_2)
     3    0.01    0.14    0.72    1.13 v _1502_/X (sky130_fd_sc_hd__or4_2)
                                         _0382_ (net)
                  0.14    0.00    1.13 v _1506_/A_N (sky130_fd_sc_hd__and4bb_2)
     9    0.02    0.12    0.39    1.52 ^ _1506_/X (sky130_fd_sc_hd__and4bb_2)
                                         _0386_ (net)
                  0.12    0.00    1.52 ^ _1507_/B (sky130_fd_sc_hd__and2_2)
     1    0.00    0.04    0.15    1.67 ^ _1507_/X (sky130_fd_sc_hd__and2_2)
                                         _0387_ (net)
                  0.04    0.00    1.67 ^ _1508_/A (sky130_fd_sc_hd__buf_4)
     8    0.03    0.08    0.14    1.81 ^ _1508_/X (sky130_fd_sc_hd__buf_4)
                                         _0388_ (net)
                  0.08    0.00    1.81 ^ _1509_/B1 (sky130_fd_sc_hd__o21ai_2)
     4    0.01    0.08    0.07    1.88 v _1509_/Y (sky130_fd_sc_hd__o21ai_2)
                                         _0389_ (net)
                  0.08    0.00    1.88 v _1510_/A (sky130_fd_sc_hd__buf_2)
    10    0.05    0.12    0.22    2.10 v _1510_/X (sky130_fd_sc_hd__buf_2)
                                         _0390_ (net)
                  0.12    0.00    2.10 v _1700_/A (sky130_fd_sc_hd__or3_2)
     7    0.02    0.14    0.59    2.69 v _1700_/X (sky130_fd_sc_hd__or3_2)
                                         _0516_ (net)
                  0.14    0.00    2.69 v _1710_/A1 (sky130_fd_sc_hd__a21o_2)
     1    0.00    0.03    0.21    2.91 v _1710_/X (sky130_fd_sc_hd__a21o_2)
                                         _0526_ (net)
                  0.03    0.00    2.91 v _1711_/D (sky130_fd_sc_hd__or4_2)
     4    0.01    0.14    0.60    3.50 v _1711_/X (sky130_fd_sc_hd__or4_2)
                                         _0527_ (net)
                  0.14    0.00    3.50 v _1720_/A (sky130_fd_sc_hd__or4_2)
     5    0.02    0.16    0.78    4.28 v _1720_/X (sky130_fd_sc_hd__or4_2)
                                         _0536_ (net)
                  0.16    0.00    4.28 v _1726_/B (sky130_fd_sc_hd__nor4_2)
    10    0.04    0.95    0.85    5.13 ^ _1726_/Y (sky130_fd_sc_hd__nor4_2)
                                         _0542_ (net)
                  0.95    0.00    5.13 ^ _1743_/A (sky130_fd_sc_hd__nand3_2)
     4    0.02    0.27    0.27    5.41 v _1743_/Y (sky130_fd_sc_hd__nand3_2)
                                         _0559_ (net)
                  0.27    0.00    5.41 v _1749_/A (sky130_fd_sc_hd__or3_2)
     5    0.02    0.13    0.63    6.03 v _1749_/X (sky130_fd_sc_hd__or3_2)
                                         _0565_ (net)
                  0.13    0.00    6.03 v _1759_/A (sky130_fd_sc_hd__or4bb_2)
     4    0.01    0.13    0.71    6.74 v _1759_/X (sky130_fd_sc_hd__or4bb_2)
                                         _0575_ (net)
                  0.13    0.00    6.74 v _1958_/S (sky130_fd_sc_hd__mux2_2)
     3    0.02    0.09    0.36    7.10 v _1958_/X (sky130_fd_sc_hd__mux2_2)
                                         _0774_ (net)
                  0.09    0.00    7.10 v _1962_/A (sky130_fd_sc_hd__xnor2_2)
     4    0.01    0.07    0.17    7.26 v _1962_/Y (sky130_fd_sc_hd__xnor2_2)
                                         _0778_ (net)
                  0.07    0.00    7.26 v _1976_/A (sky130_fd_sc_hd__or4_2)
     2    0.00    0.11    0.67    7.93 v _1976_/X (sky130_fd_sc_hd__or4_2)
                                         _0792_ (net)
                  0.11    0.00    7.93 v _1977_/C (sky130_fd_sc_hd__or3_2)
     3    0.01    0.11    0.47    8.40 v _1977_/X (sky130_fd_sc_hd__or3_2)
                                         _0793_ (net)
                  0.11    0.00    8.40 v _2008_/A1 (sky130_fd_sc_hd__a211oi_2)
     5    0.02    0.38    0.37    8.78 ^ _2008_/Y (sky130_fd_sc_hd__a211oi_2)
                                         _0824_ (net)
                  0.38    0.00    8.78 ^ _2239_/A1 (sky130_fd_sc_hd__o21bai_2)
     3    0.01    0.09    0.14    8.92 v _2239_/Y (sky130_fd_sc_hd__o21bai_2)
                                         _1051_ (net)
                  0.09    0.00    8.92 v _2290_/A2 (sky130_fd_sc_hd__a31o_2)
     2    0.01    0.04    0.26    9.18 v _2290_/X (sky130_fd_sc_hd__a31o_2)
                                         _1101_ (net)
                  0.04    0.00    9.18 v _2662_/B2 (sky130_fd_sc_hd__a221o_2)
     1    0.00    0.05    0.34    9.52 v _2662_/X (sky130_fd_sc_hd__a221o_2)
                                         _1380_ (net)
                  0.05    0.00    9.52 v _2663_/B1 (sky130_fd_sc_hd__a31o_2)
     1    0.00    0.04    0.21    9.73 v _2663_/X (sky130_fd_sc_hd__a31o_2)
                                         _1381_ (net)
                  0.04    0.00    9.73 v _2664_/B1 (sky130_fd_sc_hd__a31o_2)
     5    0.02    0.07    0.24    9.97 v _2664_/X (sky130_fd_sc_hd__a31o_2)
                                         _1382_ (net)
                  0.07    0.00    9.97 v _2666_/A (sky130_fd_sc_hd__and2_2)
     1    0.00    0.03    0.17   10.14 v _2666_/X (sky130_fd_sc_hd__and2_2)
                                         _1384_ (net)
                  0.03    0.00   10.14 v _2667_/A (sky130_fd_sc_hd__buf_2)
    10    0.03    0.08    0.17   10.31 v _2667_/X (sky130_fd_sc_hd__buf_2)
                                         _1385_ (net)
                  0.08    0.00   10.31 v _2688_/D (sky130_fd_sc_hd__and4b_2)
     2    0.00    0.05    0.25   10.56 v _2688_/X (sky130_fd_sc_hd__and4b_2)
                                         _1406_ (net)
                  0.05    0.00   10.56 v _2691_/B1 (sky130_fd_sc_hd__a211o_2)
     1    0.00    0.05    0.30   10.85 v _2691_/X (sky130_fd_sc_hd__a211o_2)
                                         _0000_ (net)
                  0.05    0.00   10.85 v _2991_/D (sky130_fd_sc_hd__dfxtp_2)
                                 10.85   data arrival time

                  0.00   10.00   10.00   clock clk (rise edge)
                          0.00   10.00   clock network delay (ideal)
                          0.00   10.00   clock reconvergence pessimism
                                 10.00 ^ _2991_/CLK (sky130_fd_sc_hd__dfxtp_2)
                         -0.12    9.88   library setup time
                                  9.88   data required time
-----------------------------------------------------------------------------
                                  9.88   data required time
                                -10.85   data arrival time
-----------------------------------------------------------------------------
                                 -0.98   slack (VIOLATED)


Startpoint: _2972_ (rising edge-triggered flip-flop clocked by clk)
Endpoint: _2996_ (rising edge-triggered flip-flop clocked by clk)
Path Group: clk
Path Type: max

Fanout     Cap    Slew   Delay    Time   Description
-----------------------------------------------------------------------------
                  0.00    0.00    0.00   clock clk (rise edge)
                          0.00    0.00   clock network delay (ideal)
                  0.00    0.00    0.00 ^ _2972_/CLK (sky130_fd_sc_hd__dfrtp_2)
     4    0.02    0.07    0.41    0.41 v _2972_/Q (sky130_fd_sc_hd__dfrtp_2)
                                         imem.address[13] (net)
                  0.07    0.00    0.41 v _1502_/A (sky130_fd_sc_hd__or4_2)
     3    0.01    0.14    0.72    1.13 v _1502_/X (sky130_fd_sc_hd__or4_2)
                                         _0382_ (net)
                  0.14    0.00    1.13 v _1506_/A_N (sky130_fd_sc_hd__and4bb_2)
     9    0.02    0.12    0.39    1.52 ^ _1506_/X (sky130_fd_sc_hd__and4bb_2)
                                         _0386_ (net)
                  0.12    0.00    1.52 ^ _1507_/B (sky130_fd_sc_hd__and2_2)
     1    0.00    0.04    0.15    1.67 ^ _1507_/X (sky130_fd_sc_hd__and2_2)
                                         _0387_ (net)
                  0.04    0.00    1.67 ^ _1508_/A (sky130_fd_sc_hd__buf_4)
     8    0.03    0.08    0.14    1.81 ^ _1508_/X (sky130_fd_sc_hd__buf_4)
                                         _0388_ (net)
                  0.08    0.00    1.81 ^ _1509_/B1 (sky130_fd_sc_hd__o21ai_2)
     4    0.01    0.08    0.07    1.88 v _1509_/Y (sky130_fd_sc_hd__o21ai_2)
                                         _0389_ (net)
                  0.08    0.00    1.88 v _1510_/A (sky130_fd_sc_hd__buf_2)
    10    0.05    0.12    0.22    2.10 v _1510_/X (sky130_fd_sc_hd__buf_2)
                                         _0390_ (net)
                  0.12    0.00    2.10 v _1700_/A (sky130_fd_sc_hd__or3_2)
     7    0.02    0.14    0.59    2.69 v _1700_/X (sky130_fd_sc_hd__or3_2)
                                         _0516_ (net)
                  0.14    0.00    2.69 v _1710_/A1 (sky130_fd_sc_hd__a21o_2)
     1    0.00    0.03    0.21    2.91 v _1710_/X (sky130_fd_sc_hd__a21o_2)
                                         _0526_ (net)
                  0.03    0.00    2.91 v _1711_/D (sky130_fd_sc_hd__or4_2)
     4    0.01    0.14    0.60    3.50 v _1711_/X (sky130_fd_sc_hd__or4_2)
                                         _0527_ (net)
                  0.14    0.00    3.50 v _1720_/A (sky130_fd_sc_hd__or4_2)
     5    0.02    0.16    0.78    4.28 v _1720_/X (sky130_fd_sc_hd__or4_2)
                                         _0536_ (net)
                  0.16    0.00    4.28 v _1726_/B (sky130_fd_sc_hd__nor4_2)
    10    0.04    0.95    0.85    5.13 ^ _1726_/Y (sky130_fd_sc_hd__nor4_2)
                                         _0542_ (net)
                  0.95    0.00    5.13 ^ _1743_/A (sky130_fd_sc_hd__nand3_2)
     4    0.02    0.27    0.27    5.41 v _1743_/Y (sky130_fd_sc_hd__nand3_2)
                                         _0559_ (net)
                  0.27    0.00    5.41 v _1749_/A (sky130_fd_sc_hd__or3_2)
     5    0.02    0.13    0.63    6.03 v _1749_/X (sky130_fd_sc_hd__or3_2)
                                         _0565_ (net)
                  0.13    0.00    6.03 v _1759_/A (sky130_fd_sc_hd__or4bb_2)
     4    0.01    0.13    0.71    6.74 v _1759_/X (sky130_fd_sc_hd__or4bb_2)
                                         _0575_ (net)
                  0.13    0.00    6.74 v _1958_/S (sky130_fd_sc_hd__mux2_2)
     3    0.02    0.09    0.36    7.10 v _1958_/X (sky130_fd_sc_hd__mux2_2)
                                         _0774_ (net)
                  0.09    0.00    7.10 v _1962_/A (sky130_fd_sc_hd__xnor2_2)
     4    0.01    0.07    0.17    7.26 v _1962_/Y (sky130_fd_sc_hd__xnor2_2)
                                         _0778_ (net)
                  0.07    0.00    7.26 v _1976_/A (sky130_fd_sc_hd__or4_2)
     2    0.00    0.11    0.67    7.93 v _1976_/X (sky130_fd_sc_hd__or4_2)
                                         _0792_ (net)
                  0.11    0.00    7.93 v _1977_/C (sky130_fd_sc_hd__or3_2)
     3    0.01    0.11    0.47    8.40 v _1977_/X (sky130_fd_sc_hd__or3_2)
                                         _0793_ (net)
                  0.11    0.00    8.40 v _2008_/A1 (sky130_fd_sc_hd__a211oi_2)
     5    0.02    0.38    0.37    8.78 ^ _2008_/Y (sky130_fd_sc_hd__a211oi_2)
                                         _0824_ (net)
                  0.38    0.00    8.78 ^ _2239_/A1 (sky130_fd_sc_hd__o21bai_2)
     3    0.01    0.09    0.14    8.92 v _2239_/Y (sky130_fd_sc_hd__o21bai_2)
                                         _1051_ (net)
                  0.09    0.00    8.92 v _2290_/A2 (sky130_fd_sc_hd__a31o_2)
     2    0.01    0.04    0.26    9.18 v _2290_/X (sky130_fd_sc_hd__a31o_2)
                                         _1101_ (net)
                  0.04    0.00    9.18 v _2662_/B2 (sky130_fd_sc_hd__a221o_2)
     1    0.00    0.05    0.34    9.52 v _2662_/X (sky130_fd_sc_hd__a221o_2)
                                         _1380_ (net)
                  0.05    0.00    9.52 v _2663_/B1 (sky130_fd_sc_hd__a31o_2)
     1    0.00    0.04    0.21    9.73 v _2663_/X (sky130_fd_sc_hd__a31o_2)
                                         _1381_ (net)
                  0.04    0.00    9.73 v _2664_/B1 (sky130_fd_sc_hd__a31o_2)
     5    0.02    0.07    0.24    9.97 v _2664_/X (sky130_fd_sc_hd__a31o_2)
                                         _1382_ (net)
                  0.07    0.00    9.97 v _2666_/A (sky130_fd_sc_hd__and2_2)
     1    0.00    0.03    0.17   10.14 v _2666_/X (sky130_fd_sc_hd__and2_2)
                                         _1384_ (net)
                  0.03    0.00   10.14 v _2667_/A (sky130_fd_sc_hd__buf_2)
    10    0.03    0.08    0.17   10.31 v _2667_/X (sky130_fd_sc_hd__buf_2)
                                         _1385_ (net)
                  0.08    0.00   10.31 v _2688_/D (sky130_fd_sc_hd__and4b_2)
     2    0.00    0.05    0.25   10.56 v _2688_/X (sky130_fd_sc_hd__and4b_2)
                                         _1406_ (net)
                  0.05    0.00   10.56 v _2707_/B1 (sky130_fd_sc_hd__a31o_2)
     1    0.00    0.04    0.21   10.77 v _2707_/X (sky130_fd_sc_hd__a31o_2)
                                         _0005_ (net)
                  0.04    0.00   10.77 v _2996_/D (sky130_fd_sc_hd__dfxtp_2)
                                 10.77   data arrival time

                  0.00   10.00   10.00   clock clk (rise edge)
                          0.00   10.00   clock network delay (ideal)
                          0.00   10.00   clock reconvergence pessimism
                                 10.00 ^ _2996_/CLK (sky130_fd_sc_hd__dfxtp_2)
                         -0.12    9.88   library setup time
                                  9.88   data required time
-----------------------------------------------------------------------------
                                  9.88   data required time
                                -10.77   data arrival time
-----------------------------------------------------------------------------
                                 -0.89   slack (VIOLATED)


Startpoint: _2972_ (rising edge-triggered flip-flop clocked by clk)
Endpoint: _2993_ (rising edge-triggered flip-flop clocked by clk)
Path Group: clk
Path Type: max

Fanout     Cap    Slew   Delay    Time   Description
-----------------------------------------------------------------------------
                  0.00    0.00    0.00   clock clk (rise edge)
                          0.00    0.00   clock network delay (ideal)
                  0.00    0.00    0.00 ^ _2972_/CLK (sky130_fd_sc_hd__dfrtp_2)
     4    0.02    0.07    0.41    0.41 v _2972_/Q (sky130_fd_sc_hd__dfrtp_2)
                                         imem.address[13] (net)
                  0.07    0.00    0.41 v _1502_/A (sky130_fd_sc_hd__or4_2)
     3    0.01    0.14    0.72    1.13 v _1502_/X (sky130_fd_sc_hd__or4_2)
                                         _0382_ (net)
                  0.14    0.00    1.13 v _1506_/A_N (sky130_fd_sc_hd__and4bb_2)
     9    0.02    0.12    0.39    1.52 ^ _1506_/X (sky130_fd_sc_hd__and4bb_2)
                                         _0386_ (net)
                  0.12    0.00    1.52 ^ _1507_/B (sky130_fd_sc_hd__and2_2)
     1    0.00    0.04    0.15    1.67 ^ _1507_/X (sky130_fd_sc_hd__and2_2)
                                         _0387_ (net)
                  0.04    0.00    1.67 ^ _1508_/A (sky130_fd_sc_hd__buf_4)
     8    0.03    0.08    0.14    1.81 ^ _1508_/X (sky130_fd_sc_hd__buf_4)
                                         _0388_ (net)
                  0.08    0.00    1.81 ^ _1509_/B1 (sky130_fd_sc_hd__o21ai_2)
     4    0.01    0.08    0.07    1.88 v _1509_/Y (sky130_fd_sc_hd__o21ai_2)
                                         _0389_ (net)
                  0.08    0.00    1.88 v _1510_/A (sky130_fd_sc_hd__buf_2)
    10    0.05    0.12    0.22    2.10 v _1510_/X (sky130_fd_sc_hd__buf_2)
                                         _0390_ (net)
                  0.12    0.00    2.10 v _1700_/A (sky130_fd_sc_hd__or3_2)
     7    0.02    0.14    0.59    2.69 v _1700_/X (sky130_fd_sc_hd__or3_2)
                                         _0516_ (net)
                  0.14    0.00    2.69 v _1710_/A1 (sky130_fd_sc_hd__a21o_2)
     1    0.00    0.03    0.21    2.91 v _1710_/X (sky130_fd_sc_hd__a21o_2)
                                         _0526_ (net)
                  0.03    0.00    2.91 v _1711_/D (sky130_fd_sc_hd__or4_2)
     4    0.01    0.14    0.60    3.50 v _1711_/X (sky130_fd_sc_hd__or4_2)
                                         _0527_ (net)
                  0.14    0.00    3.50 v _1720_/A (sky130_fd_sc_hd__or4_2)
     5    0.02    0.16    0.78    4.28 v _1720_/X (sky130_fd_sc_hd__or4_2)
                                         _0536_ (net)
                  0.16    0.00    4.28 v _1726_/B (sky130_fd_sc_hd__nor4_2)
    10    0.04    0.95    0.85    5.13 ^ _1726_/Y (sky130_fd_sc_hd__nor4_2)
                                         _0542_ (net)
                  0.95    0.00    5.13 ^ _1743_/A (sky130_fd_sc_hd__nand3_2)
     4    0.02    0.27    0.27    5.41 v _1743_/Y (sky130_fd_sc_hd__nand3_2)
                                         _0559_ (net)
                  0.27    0.00    5.41 v _1749_/A (sky130_fd_sc_hd__or3_2)
     5    0.02    0.13    0.63    6.03 v _1749_/X (sky130_fd_sc_hd__or3_2)
                                         _0565_ (net)
                  0.13    0.00    6.03 v _1759_/A (sky130_fd_sc_hd__or4bb_2)
     4    0.01    0.13    0.71    6.74 v _1759_/X (sky130_fd_sc_hd__or4bb_2)
                                         _0575_ (net)
                  0.13    0.00    6.74 v _1958_/S (sky130_fd_sc_hd__mux2_2)
     3    0.02    0.09    0.36    7.10 v _1958_/X (sky130_fd_sc_hd__mux2_2)
                                         _0774_ (net)
                  0.09    0.00    7.10 v _1962_/A (sky130_fd_sc_hd__xnor2_2)
     4    0.01    0.07    0.17    7.26 v _1962_/Y (sky130_fd_sc_hd__xnor2_2)
                                         _0778_ (net)
                  0.07    0.00    7.26 v _1976_/A (sky130_fd_sc_hd__or4_2)
     2    0.00    0.11    0.67    7.93 v _1976_/X (sky130_fd_sc_hd__or4_2)
                                         _0792_ (net)
                  0.11    0.00    7.93 v _1977_/C (sky130_fd_sc_hd__or3_2)
     3    0.01    0.11    0.47    8.40 v _1977_/X (sky130_fd_sc_hd__or3_2)
                                         _0793_ (net)
                  0.11    0.00    8.40 v _2008_/A1 (sky130_fd_sc_hd__a211oi_2)
     5    0.02    0.38    0.37    8.78 ^ _2008_/Y (sky130_fd_sc_hd__a211oi_2)
                                         _0824_ (net)
                  0.38    0.00    8.78 ^ _2239_/A1 (sky130_fd_sc_hd__o21bai_2)
     3    0.01    0.09    0.14    8.92 v _2239_/Y (sky130_fd_sc_hd__o21bai_2)
                                         _1051_ (net)
                  0.09    0.00    8.92 v _2290_/A2 (sky130_fd_sc_hd__a31o_2)
     2    0.01    0.04    0.26    9.18 v _2290_/X (sky130_fd_sc_hd__a31o_2)
                                         _1101_ (net)
                  0.04    0.00    9.18 v _2662_/B2 (sky130_fd_sc_hd__a221o_2)
     1    0.00    0.05    0.34    9.52 v _2662_/X (sky130_fd_sc_hd__a221o_2)
                                         _1380_ (net)
                  0.05    0.00    9.52 v _2663_/B1 (sky130_fd_sc_hd__a31o_2)
     1    0.00    0.04    0.21    9.73 v _2663_/X (sky130_fd_sc_hd__a31o_2)
                                         _1381_ (net)
                  0.04    0.00    9.73 v _2664_/B1 (sky130_fd_sc_hd__a31o_2)
     5    0.02    0.07    0.24    9.97 v _2664_/X (sky130_fd_sc_hd__a31o_2)
                                         _1382_ (net)
                  0.07    0.00    9.97 v _2666_/A (sky130_fd_sc_hd__and2_2)
     1    0.00    0.03    0.17   10.14 v _2666_/X (sky130_fd_sc_hd__and2_2)
                                         _1384_ (net)
                  0.03    0.00   10.14 v _2667_/A (sky130_fd_sc_hd__buf_2)
    10    0.03    0.08    0.17   10.31 v _2667_/X (sky130_fd_sc_hd__buf_2)
                                         _1385_ (net)
                  0.08    0.00   10.31 v _2694_/C (sky130_fd_sc_hd__and4_2)
     2    0.00    0.05    0.24   10.54 v _2694_/X (sky130_fd_sc_hd__and4_2)
                                         _1411_ (net)
                  0.05    0.00   10.54 v _2697_/B1 (sky130_fd_sc_hd__a31o_2)
     1    0.00    0.04    0.20   10.75 v _2697_/X (sky130_fd_sc_hd__a31o_2)
                                         _0002_ (net)
                  0.04    0.00   10.75 v _2993_/D (sky130_fd_sc_hd__dfxtp_2)
                                 10.75   data arrival time

                  0.00   10.00   10.00   clock clk (rise edge)
                          0.00   10.00   clock network delay (ideal)
                          0.00   10.00   clock reconvergence pessimism
                                 10.00 ^ _2993_/CLK (sky130_fd_sc_hd__dfxtp_2)
                         -0.12    9.88   library setup time
                                  9.88   data required time
-----------------------------------------------------------------------------
                                  9.88   data required time
                                -10.75   data arrival time
-----------------------------------------------------------------------------
                                 -0.87   slack (VIOLATED)


Startpoint: _2972_ (rising edge-triggered flip-flop clocked by clk)
Endpoint: _2997_ (rising edge-triggered flip-flop clocked by clk)
Path Group: clk
Path Type: max

Fanout     Cap    Slew   Delay    Time   Description
-----------------------------------------------------------------------------
                  0.00    0.00    0.00   clock clk (rise edge)
                          0.00    0.00   clock network delay (ideal)
                  0.00    0.00    0.00 ^ _2972_/CLK (sky130_fd_sc_hd__dfrtp_2)
     4    0.02    0.07    0.41    0.41 v _2972_/Q (sky130_fd_sc_hd__dfrtp_2)
                                         imem.address[13] (net)
                  0.07    0.00    0.41 v _1502_/A (sky130_fd_sc_hd__or4_2)
     3    0.01    0.14    0.72    1.13 v _1502_/X (sky130_fd_sc_hd__or4_2)
                                         _0382_ (net)
                  0.14    0.00    1.13 v _1506_/A_N (sky130_fd_sc_hd__and4bb_2)
     9    0.02    0.12    0.39    1.52 ^ _1506_/X (sky130_fd_sc_hd__and4bb_2)
                                         _0386_ (net)
                  0.12    0.00    1.52 ^ _1507_/B (sky130_fd_sc_hd__and2_2)
     1    0.00    0.04    0.15    1.67 ^ _1507_/X (sky130_fd_sc_hd__and2_2)
                                         _0387_ (net)
                  0.04    0.00    1.67 ^ _1508_/A (sky130_fd_sc_hd__buf_4)
     8    0.03    0.08    0.14    1.81 ^ _1508_/X (sky130_fd_sc_hd__buf_4)
                                         _0388_ (net)
                  0.08    0.00    1.81 ^ _1509_/B1 (sky130_fd_sc_hd__o21ai_2)
     4    0.01    0.08    0.07    1.88 v _1509_/Y (sky130_fd_sc_hd__o21ai_2)
                                         _0389_ (net)
                  0.08    0.00    1.88 v _1510_/A (sky130_fd_sc_hd__buf_2)
    10    0.05    0.12    0.22    2.10 v _1510_/X (sky130_fd_sc_hd__buf_2)
                                         _0390_ (net)
                  0.12    0.00    2.10 v _1700_/A (sky130_fd_sc_hd__or3_2)
     7    0.02    0.14    0.59    2.69 v _1700_/X (sky130_fd_sc_hd__or3_2)
                                         _0516_ (net)
                  0.14    0.00    2.69 v _1710_/A1 (sky130_fd_sc_hd__a21o_2)
     1    0.00    0.03    0.21    2.91 v _1710_/X (sky130_fd_sc_hd__a21o_2)
                                         _0526_ (net)
                  0.03    0.00    2.91 v _1711_/D (sky130_fd_sc_hd__or4_2)
     4    0.01    0.14    0.60    3.50 v _1711_/X (sky130_fd_sc_hd__or4_2)
                                         _0527_ (net)
                  0.14    0.00    3.50 v _1720_/A (sky130_fd_sc_hd__or4_2)
     5    0.02    0.16    0.78    4.28 v _1720_/X (sky130_fd_sc_hd__or4_2)
                                         _0536_ (net)
                  0.16    0.00    4.28 v _1726_/B (sky130_fd_sc_hd__nor4_2)
    10    0.04    0.95    0.85    5.13 ^ _1726_/Y (sky130_fd_sc_hd__nor4_2)
                                         _0542_ (net)
                  0.95    0.00    5.13 ^ _1743_/A (sky130_fd_sc_hd__nand3_2)
     4    0.02    0.27    0.27    5.41 v _1743_/Y (sky130_fd_sc_hd__nand3_2)
                                         _0559_ (net)
                  0.27    0.00    5.41 v _1749_/A (sky130_fd_sc_hd__or3_2)
     5    0.02    0.13    0.63    6.03 v _1749_/X (sky130_fd_sc_hd__or3_2)
                                         _0565_ (net)
                  0.13    0.00    6.03 v _1759_/A (sky130_fd_sc_hd__or4bb_2)
     4    0.01    0.13    0.71    6.74 v _1759_/X (sky130_fd_sc_hd__or4bb_2)
                                         _0575_ (net)
                  0.13    0.00    6.74 v _1958_/S (sky130_fd_sc_hd__mux2_2)
     3    0.02    0.09    0.36    7.10 v _1958_/X (sky130_fd_sc_hd__mux2_2)
                                         _0774_ (net)
                  0.09    0.00    7.10 v _1962_/A (sky130_fd_sc_hd__xnor2_2)
     4    0.01    0.07    0.17    7.26 v _1962_/Y (sky130_fd_sc_hd__xnor2_2)
                                         _0778_ (net)
                  0.07    0.00    7.26 v _1976_/A (sky130_fd_sc_hd__or4_2)
     2    0.00    0.11    0.67    7.93 v _1976_/X (sky130_fd_sc_hd__or4_2)
                                         _0792_ (net)
                  0.11    0.00    7.93 v _1977_/C (sky130_fd_sc_hd__or3_2)
     3    0.01    0.11    0.47    8.40 v _1977_/X (sky130_fd_sc_hd__or3_2)
                                         _0793_ (net)
                  0.11    0.00    8.40 v _2008_/A1 (sky130_fd_sc_hd__a211oi_2)
     5    0.02    0.38    0.37    8.78 ^ _2008_/Y (sky130_fd_sc_hd__a211oi_2)
                                         _0824_ (net)
                  0.38    0.00    8.78 ^ _2239_/A1 (sky130_fd_sc_hd__o21bai_2)
     3    0.01    0.09    0.14    8.92 v _2239_/Y (sky130_fd_sc_hd__o21bai_2)
                                         _1051_ (net)
                  0.09    0.00    8.92 v _2241_/A2 (sky130_fd_sc_hd__a21o_2)
     1    0.00    0.03    0.22    9.14 v _2241_/X (sky130_fd_sc_hd__a21o_2)
                                         _1053_ (net)
                  0.03    0.00    9.14 v _2278_/A3 (sky130_fd_sc_hd__a31o_2)
     2    0.01    0.04    0.24    9.38 v _2278_/X (sky130_fd_sc_hd__a31o_2)
                                         _1090_ (net)
                  0.04    0.00    9.38 v _2654_/B2 (sky130_fd_sc_hd__a221o_2)
     1    0.00    0.05    0.34    9.73 v _2654_/X (sky130_fd_sc_hd__a221o_2)
                                         _1373_ (net)
                  0.05    0.00    9.73 v _2655_/B1 (sky130_fd_sc_hd__a21o_2)
     1    0.00    0.03    0.18    9.91 v _2655_/X (sky130_fd_sc_hd__a21o_2)
                                         _1374_ (net)
                  0.03    0.00    9.91 v _2656_/B1 (sky130_fd_sc_hd__a21o_2)
     4    0.01    0.05    0.20   10.11 v _2656_/X (sky130_fd_sc_hd__a21o_2)
                                         _1375_ (net)
                  0.05    0.00   10.11 v _2659_/A (sky130_fd_sc_hd__nand2_2)
     7    0.02    0.12    0.11   10.22 ^ _2659_/Y (sky130_fd_sc_hd__nand2_2)
                                         _1377_ (net)
                  0.12    0.00   10.22 ^ _2709_/S (sky130_fd_sc_hd__mux2_2)
     1    0.00    0.05    0.34   10.56 v _2709_/X (sky130_fd_sc_hd__mux2_2)
                                         _1421_ (net)
                  0.05    0.00   10.56 v _2710_/A (sky130_fd_sc_hd__buf_1)
     1    0.00    0.02    0.08   10.64 v _2710_/X (sky130_fd_sc_hd__buf_1)
                                         _0006_ (net)
                  0.02    0.00   10.64 v _2997_/D (sky130_fd_sc_hd__dfxtp_2)
                                 10.64   data arrival time

                  0.00   10.00   10.00   clock clk (rise edge)
                          0.00   10.00   clock network delay (ideal)
                          0.00   10.00   clock reconvergence pessimism
                                 10.00 ^ _2997_/CLK (sky130_fd_sc_hd__dfxtp_2)
                         -0.11    9.89   library setup time
                                  9.89   data required time
-----------------------------------------------------------------------------
                                  9.89   data required time
                                -10.64   data arrival time
-----------------------------------------------------------------------------
                                 -0.76   slack (VIOLATED)


Startpoint: _2972_ (rising edge-triggered flip-flop clocked by clk)
Endpoint: _2995_ (rising edge-triggered flip-flop clocked by clk)
Path Group: clk
Path Type: max

Fanout     Cap    Slew   Delay    Time   Description
-----------------------------------------------------------------------------
                  0.00    0.00    0.00   clock clk (rise edge)
                          0.00    0.00   clock network delay (ideal)
                  0.00    0.00    0.00 ^ _2972_/CLK (sky130_fd_sc_hd__dfrtp_2)
     4    0.02    0.07    0.41    0.41 v _2972_/Q (sky130_fd_sc_hd__dfrtp_2)
                                         imem.address[13] (net)
                  0.07    0.00    0.41 v _1502_/A (sky130_fd_sc_hd__or4_2)
     3    0.01    0.14    0.72    1.13 v _1502_/X (sky130_fd_sc_hd__or4_2)
                                         _0382_ (net)
                  0.14    0.00    1.13 v _1506_/A_N (sky130_fd_sc_hd__and4bb_2)
     9    0.02    0.12    0.39    1.52 ^ _1506_/X (sky130_fd_sc_hd__and4bb_2)
                                         _0386_ (net)
                  0.12    0.00    1.52 ^ _1507_/B (sky130_fd_sc_hd__and2_2)
     1    0.00    0.04    0.15    1.67 ^ _1507_/X (sky130_fd_sc_hd__and2_2)
                                         _0387_ (net)
                  0.04    0.00    1.67 ^ _1508_/A (sky130_fd_sc_hd__buf_4)
     8    0.03    0.08    0.14    1.81 ^ _1508_/X (sky130_fd_sc_hd__buf_4)
                                         _0388_ (net)
                  0.08    0.00    1.81 ^ _1509_/B1 (sky130_fd_sc_hd__o21ai_2)
     4    0.01    0.08    0.07    1.88 v _1509_/Y (sky130_fd_sc_hd__o21ai_2)
                                         _0389_ (net)
                  0.08    0.00    1.88 v _1510_/A (sky130_fd_sc_hd__buf_2)
    10    0.05    0.12    0.22    2.10 v _1510_/X (sky130_fd_sc_hd__buf_2)
                                         _0390_ (net)
                  0.12    0.00    2.10 v _1700_/A (sky130_fd_sc_hd__or3_2)
     7    0.02    0.14    0.59    2.69 v _1700_/X (sky130_fd_sc_hd__or3_2)
                                         _0516_ (net)
                  0.14    0.00    2.69 v _1710_/A1 (sky130_fd_sc_hd__a21o_2)
     1    0.00    0.03    0.21    2.91 v _1710_/X (sky130_fd_sc_hd__a21o_2)
                                         _0526_ (net)
                  0.03    0.00    2.91 v _1711_/D (sky130_fd_sc_hd__or4_2)
     4    0.01    0.14    0.60    3.50 v _1711_/X (sky130_fd_sc_hd__or4_2)
                                         _0527_ (net)
                  0.14    0.00    3.50 v _1720_/A (sky130_fd_sc_hd__or4_2)
     5    0.02    0.16    0.78    4.28 v _1720_/X (sky130_fd_sc_hd__or4_2)
                                         _0536_ (net)
                  0.16    0.00    4.28 v _1726_/B (sky130_fd_sc_hd__nor4_2)
    10    0.04    0.95    0.85    5.13 ^ _1726_/Y (sky130_fd_sc_hd__nor4_2)
                                         _0542_ (net)
                  0.95    0.00    5.13 ^ _1743_/A (sky130_fd_sc_hd__nand3_2)
     4    0.02    0.27    0.27    5.41 v _1743_/Y (sky130_fd_sc_hd__nand3_2)
                                         _0559_ (net)
                  0.27    0.00    5.41 v _1749_/A (sky130_fd_sc_hd__or3_2)
     5    0.02    0.13    0.63    6.03 v _1749_/X (sky130_fd_sc_hd__or3_2)
                                         _0565_ (net)
                  0.13    0.00    6.03 v _1759_/A (sky130_fd_sc_hd__or4bb_2)
     4    0.01    0.13    0.71    6.74 v _1759_/X (sky130_fd_sc_hd__or4bb_2)
                                         _0575_ (net)
                  0.13    0.00    6.74 v _1958_/S (sky130_fd_sc_hd__mux2_2)
     3    0.02    0.09    0.36    7.10 v _1958_/X (sky130_fd_sc_hd__mux2_2)
                                         _0774_ (net)
                  0.09    0.00    7.10 v _1962_/A (sky130_fd_sc_hd__xnor2_2)
     4    0.01    0.07    0.17    7.26 v _1962_/Y (sky130_fd_sc_hd__xnor2_2)
                                         _0778_ (net)
                  0.07    0.00    7.26 v _1976_/A (sky130_fd_sc_hd__or4_2)
     2    0.00    0.11    0.67    7.93 v _1976_/X (sky130_fd_sc_hd__or4_2)
                                         _0792_ (net)
                  0.11    0.00    7.93 v _1977_/C (sky130_fd_sc_hd__or3_2)
     3    0.01    0.11    0.47    8.40 v _1977_/X (sky130_fd_sc_hd__or3_2)
                                         _0793_ (net)
                  0.11    0.00    8.40 v _2008_/A1 (sky130_fd_sc_hd__a211oi_2)
     5    0.02    0.38    0.37    8.78 ^ _2008_/Y (sky130_fd_sc_hd__a211oi_2)
                                         _0824_ (net)
                  0.38    0.00    8.78 ^ _2239_/A1 (sky130_fd_sc_hd__o21bai_2)
     3    0.01    0.09    0.14    8.92 v _2239_/Y (sky130_fd_sc_hd__o21bai_2)
                                         _1051_ (net)
                  0.09    0.00    8.92 v _2290_/A2 (sky130_fd_sc_hd__a31o_2)
     2    0.01    0.04    0.26    9.18 v _2290_/X (sky130_fd_sc_hd__a31o_2)
                                         _1101_ (net)
                  0.04    0.00    9.18 v _2662_/B2 (sky130_fd_sc_hd__a221o_2)
     1    0.00    0.05    0.34    9.52 v _2662_/X (sky130_fd_sc_hd__a221o_2)
                                         _1380_ (net)
                  0.05    0.00    9.52 v _2663_/B1 (sky130_fd_sc_hd__a31o_2)
     1    0.00    0.04    0.21    9.73 v _2663_/X (sky130_fd_sc_hd__a31o_2)
                                         _1381_ (net)
                  0.04    0.00    9.73 v _2664_/B1 (sky130_fd_sc_hd__a31o_2)
     5    0.02    0.07    0.24    9.97 v _2664_/X (sky130_fd_sc_hd__a31o_2)
                                         _1382_ (net)
                  0.07    0.00    9.97 v _2666_/A (sky130_fd_sc_hd__and2_2)
     1    0.00    0.03    0.17   10.14 v _2666_/X (sky130_fd_sc_hd__and2_2)
                                         _1384_ (net)
                  0.03    0.00   10.14 v _2667_/A (sky130_fd_sc_hd__buf_2)
    10    0.03    0.08    0.17   10.31 v _2667_/X (sky130_fd_sc_hd__buf_2)
                                         _1385_ (net)
                  0.08    0.00   10.31 v _2705_/A1_N (sky130_fd_sc_hd__a2bb2o_2)
     1    0.00    0.04    0.24   10.55 ^ _2705_/X (sky130_fd_sc_hd__a2bb2o_2)
                                         _0004_ (net)
                  0.04    0.00   10.55 ^ _2995_/D (sky130_fd_sc_hd__dfxtp_2)
                                 10.55   data arrival time

                  0.00   10.00   10.00   clock clk (rise edge)
                          0.00   10.00   clock network delay (ideal)
                          0.00   10.00   clock reconvergence pessimism
                                 10.00 ^ _2995_/CLK (sky130_fd_sc_hd__dfxtp_2)
                         -0.06    9.94   library setup time
                                  9.94   data required time
-----------------------------------------------------------------------------
                                  9.94   data required time
                                -10.55   data arrival time
-----------------------------------------------------------------------------
                                 -0.61   slack (VIOLATED)


Startpoint: _2972_ (rising edge-triggered flip-flop clocked by clk)
Endpoint: _3061_ (rising edge-triggered flip-flop clocked by clk)
Path Group: clk
Path Type: max

Fanout     Cap    Slew   Delay    Time   Description
-----------------------------------------------------------------------------
                  0.00    0.00    0.00   clock clk (rise edge)
                          0.00    0.00   clock network delay (ideal)
                  0.00    0.00    0.00 ^ _2972_/CLK (sky130_fd_sc_hd__dfrtp_2)
     4    0.02    0.07    0.41    0.41 v _2972_/Q (sky130_fd_sc_hd__dfrtp_2)
                                         imem.address[13] (net)
                  0.07    0.00    0.41 v _1502_/A (sky130_fd_sc_hd__or4_2)
     3    0.01    0.14    0.72    1.13 v _1502_/X (sky130_fd_sc_hd__or4_2)
                                         _0382_ (net)
                  0.14    0.00    1.13 v _1506_/A_N (sky130_fd_sc_hd__and4bb_2)
     9    0.02    0.12    0.39    1.52 ^ _1506_/X (sky130_fd_sc_hd__and4bb_2)
                                         _0386_ (net)
                  0.12    0.00    1.52 ^ _1507_/B (sky130_fd_sc_hd__and2_2)
     1    0.00    0.04    0.15    1.67 ^ _1507_/X (sky130_fd_sc_hd__and2_2)
                                         _0387_ (net)
                  0.04    0.00    1.67 ^ _1508_/A (sky130_fd_sc_hd__buf_4)
     8    0.03    0.08    0.14    1.81 ^ _1508_/X (sky130_fd_sc_hd__buf_4)
                                         _0388_ (net)
                  0.08    0.00    1.81 ^ _1509_/B1 (sky130_fd_sc_hd__o21ai_2)
     4    0.01    0.08    0.07    1.88 v _1509_/Y (sky130_fd_sc_hd__o21ai_2)
                                         _0389_ (net)
                  0.08    0.00    1.88 v _1510_/A (sky130_fd_sc_hd__buf_2)
    10    0.05    0.12    0.22    2.10 v _1510_/X (sky130_fd_sc_hd__buf_2)
                                         _0390_ (net)
                  0.12    0.00    2.10 v _1700_/A (sky130_fd_sc_hd__or3_2)
     7    0.02    0.14    0.59    2.69 v _1700_/X (sky130_fd_sc_hd__or3_2)
                                         _0516_ (net)
                  0.14    0.00    2.69 v _1710_/A1 (sky130_fd_sc_hd__a21o_2)
     1    0.00    0.03    0.21    2.91 v _1710_/X (sky130_fd_sc_hd__a21o_2)
                                         _0526_ (net)
                  0.03    0.00    2.91 v _1711_/D (sky130_fd_sc_hd__or4_2)
     4    0.01    0.14    0.60    3.50 v _1711_/X (sky130_fd_sc_hd__or4_2)
                                         _0527_ (net)
                  0.14    0.00    3.50 v _1720_/A (sky130_fd_sc_hd__or4_2)
     5    0.02    0.16    0.78    4.28 v _1720_/X (sky130_fd_sc_hd__or4_2)
                                         _0536_ (net)
                  0.16    0.00    4.28 v _1726_/B (sky130_fd_sc_hd__nor4_2)
    10    0.04    0.95    0.85    5.13 ^ _1726_/Y (sky130_fd_sc_hd__nor4_2)
                                         _0542_ (net)
                  0.95    0.00    5.13 ^ _1743_/A (sky130_fd_sc_hd__nand3_2)
     4    0.02    0.27    0.27    5.41 v _1743_/Y (sky130_fd_sc_hd__nand3_2)
                                         _0559_ (net)
                  0.27    0.00    5.41 v _1749_/A (sky130_fd_sc_hd__or3_2)
     5    0.02    0.13    0.63    6.03 v _1749_/X (sky130_fd_sc_hd__or3_2)
                                         _0565_ (net)
                  0.13    0.00    6.03 v _1759_/A (sky130_fd_sc_hd__or4bb_2)
     4    0.01    0.13    0.71    6.74 v _1759_/X (sky130_fd_sc_hd__or4bb_2)
                                         _0575_ (net)
                  0.13    0.00    6.74 v _1958_/S (sky130_fd_sc_hd__mux2_2)
     3    0.02    0.09    0.36    7.10 v _1958_/X (sky130_fd_sc_hd__mux2_2)
                                         _0774_ (net)
                  0.09    0.00    7.10 v _1962_/A (sky130_fd_sc_hd__xnor2_2)
     4    0.01    0.07    0.17    7.26 v _1962_/Y (sky130_fd_sc_hd__xnor2_2)
                                         _0778_ (net)
                  0.07    0.00    7.26 v _1976_/A (sky130_fd_sc_hd__or4_2)
     2    0.00    0.11    0.67    7.93 v _1976_/X (sky130_fd_sc_hd__or4_2)
                                         _0792_ (net)
                  0.11    0.00    7.93 v _1977_/C (sky130_fd_sc_hd__or3_2)
     3    0.01    0.11    0.47    8.40 v _1977_/X (sky130_fd_sc_hd__or3_2)
                                         _0793_ (net)
                  0.11    0.00    8.40 v _2008_/A1 (sky130_fd_sc_hd__a211oi_2)
     5    0.02    0.38    0.37    8.78 ^ _2008_/Y (sky130_fd_sc_hd__a211oi_2)
                                         _0824_ (net)
                  0.38    0.00    8.78 ^ _2033_/A1 (sky130_fd_sc_hd__o211a_2)
     2    0.01    0.07    0.25    9.03 ^ _2033_/X (sky130_fd_sc_hd__o211a_2)
                                         _0849_ (net)
                  0.07    0.00    9.03 ^ _2035_/A2 (sky130_fd_sc_hd__o21ai_2)
     3    0.01    0.06    0.07    9.10 v _2035_/Y (sky130_fd_sc_hd__o21ai_2)
                                         _0851_ (net)
                  0.06    0.00    9.10 v _2039_/A2 (sky130_fd_sc_hd__a21o_2)
     3    0.01    0.05    0.24    9.33 v _2039_/X (sky130_fd_sc_hd__a21o_2)
                                         _0855_ (net)
                  0.05    0.00    9.33 v _2048_/A2 (sky130_fd_sc_hd__a21o_2)
     1    0.00    0.03    0.20    9.54 v _2048_/X (sky130_fd_sc_hd__a21o_2)
                                         _0864_ (net)
                  0.03    0.00    9.54 v _2115_/A2 (sky130_fd_sc_hd__a31o_2)
     2    0.01    0.05    0.24    9.78 v _2115_/X (sky130_fd_sc_hd__a31o_2)
                                         _0931_ (net)
                  0.05    0.00    9.78 v _2118_/A1 (sky130_fd_sc_hd__mux2_2)
     1    0.00    0.05    0.26   10.03 v _2118_/X (sky130_fd_sc_hd__mux2_2)
                                         _0934_ (net)
                  0.05    0.00   10.03 v _2119_/A (sky130_fd_sc_hd__buf_1)
     1    0.00    0.02    0.09   10.12 v _2119_/X (sky130_fd_sc_hd__buf_1)
                                         _0284_ (net)
                  0.02    0.00   10.12 v _3061_/D (sky130_fd_sc_hd__dfrtp_2)
                                 10.12   data arrival time

                  0.00   10.00   10.00   clock clk (rise edge)
                          0.00   10.00   clock network delay (ideal)
                          0.00   10.00   clock reconvergence pessimism
                                 10.00 ^ _3061_/CLK (sky130_fd_sc_hd__dfrtp_2)
                         -0.12    9.88   library setup time
                                  9.88   data required time
-----------------------------------------------------------------------------
                                  9.88   data required time
                                -10.12   data arrival time
-----------------------------------------------------------------------------
                                 -0.24   slack (VIOLATED)


Startpoint: _2972_ (rising edge-triggered flip-flop clocked by clk)
Endpoint: _3060_ (rising edge-triggered flip-flop clocked by clk)
Path Group: clk
Path Type: max

Fanout     Cap    Slew   Delay    Time   Description
-----------------------------------------------------------------------------
                  0.00    0.00    0.00   clock clk (rise edge)
                          0.00    0.00   clock network delay (ideal)
                  0.00    0.00    0.00 ^ _2972_/CLK (sky130_fd_sc_hd__dfrtp_2)
     4    0.02    0.07    0.41    0.41 v _2972_/Q (sky130_fd_sc_hd__dfrtp_2)
                                         imem.address[13] (net)
                  0.07    0.00    0.41 v _1502_/A (sky130_fd_sc_hd__or4_2)
     3    0.01    0.14    0.72    1.13 v _1502_/X (sky130_fd_sc_hd__or4_2)
                                         _0382_ (net)
                  0.14    0.00    1.13 v _1506_/A_N (sky130_fd_sc_hd__and4bb_2)
     9    0.02    0.12    0.39    1.52 ^ _1506_/X (sky130_fd_sc_hd__and4bb_2)
                                         _0386_ (net)
                  0.12    0.00    1.52 ^ _1507_/B (sky130_fd_sc_hd__and2_2)
     1    0.00    0.04    0.15    1.67 ^ _1507_/X (sky130_fd_sc_hd__and2_2)
                                         _0387_ (net)
                  0.04    0.00    1.67 ^ _1508_/A (sky130_fd_sc_hd__buf_4)
     8    0.03    0.08    0.14    1.81 ^ _1508_/X (sky130_fd_sc_hd__buf_4)
                                         _0388_ (net)
                  0.08    0.00    1.81 ^ _1509_/B1 (sky130_fd_sc_hd__o21ai_2)
     4    0.01    0.08    0.07    1.88 v _1509_/Y (sky130_fd_sc_hd__o21ai_2)
                                         _0389_ (net)
                  0.08    0.00    1.88 v _1510_/A (sky130_fd_sc_hd__buf_2)
    10    0.05    0.12    0.22    2.10 v _1510_/X (sky130_fd_sc_hd__buf_2)
                                         _0390_ (net)
                  0.12    0.00    2.10 v _1700_/A (sky130_fd_sc_hd__or3_2)
     7    0.02    0.14    0.59    2.69 v _1700_/X (sky130_fd_sc_hd__or3_2)
                                         _0516_ (net)
                  0.14    0.00    2.69 v _1710_/A1 (sky130_fd_sc_hd__a21o_2)
     1    0.00    0.03    0.21    2.91 v _1710_/X (sky130_fd_sc_hd__a21o_2)
                                         _0526_ (net)
                  0.03    0.00    2.91 v _1711_/D (sky130_fd_sc_hd__or4_2)
     4    0.01    0.14    0.60    3.50 v _1711_/X (sky130_fd_sc_hd__or4_2)
                                         _0527_ (net)
                  0.14    0.00    3.50 v _1720_/A (sky130_fd_sc_hd__or4_2)
     5    0.02    0.16    0.78    4.28 v _1720_/X (sky130_fd_sc_hd__or4_2)
                                         _0536_ (net)
                  0.16    0.00    4.28 v _1726_/B (sky130_fd_sc_hd__nor4_2)
    10    0.04    0.95    0.85    5.13 ^ _1726_/Y (sky130_fd_sc_hd__nor4_2)
                                         _0542_ (net)
                  0.95    0.00    5.13 ^ _1743_/A (sky130_fd_sc_hd__nand3_2)
     4    0.02    0.27    0.27    5.41 v _1743_/Y (sky130_fd_sc_hd__nand3_2)
                                         _0559_ (net)
                  0.27    0.00    5.41 v _1749_/A (sky130_fd_sc_hd__or3_2)
     5    0.02    0.13    0.63    6.03 v _1749_/X (sky130_fd_sc_hd__or3_2)
                                         _0565_ (net)
                  0.13    0.00    6.03 v _1759_/A (sky130_fd_sc_hd__or4bb_2)
     4    0.01    0.13    0.71    6.74 v _1759_/X (sky130_fd_sc_hd__or4bb_2)
                                         _0575_ (net)
                  0.13    0.00    6.74 v _1958_/S (sky130_fd_sc_hd__mux2_2)
     3    0.02    0.09    0.36    7.10 v _1958_/X (sky130_fd_sc_hd__mux2_2)
                                         _0774_ (net)
                  0.09    0.00    7.10 v _1962_/A (sky130_fd_sc_hd__xnor2_2)
     4    0.01    0.07    0.17    7.26 v _1962_/Y (sky130_fd_sc_hd__xnor2_2)
                                         _0778_ (net)
                  0.07    0.00    7.26 v _1976_/A (sky130_fd_sc_hd__or4_2)
     2    0.00    0.11    0.67    7.93 v _1976_/X (sky130_fd_sc_hd__or4_2)
                                         _0792_ (net)
                  0.11    0.00    7.93 v _1977_/C (sky130_fd_sc_hd__or3_2)
     3    0.01    0.11    0.47    8.40 v _1977_/X (sky130_fd_sc_hd__or3_2)
                                         _0793_ (net)
                  0.11    0.00    8.40 v _2008_/A1 (sky130_fd_sc_hd__a211oi_2)
     5    0.02    0.38    0.37    8.78 ^ _2008_/Y (sky130_fd_sc_hd__a211oi_2)
                                         _0824_ (net)
                  0.38    0.00    8.78 ^ _2033_/A1 (sky130_fd_sc_hd__o211a_2)
     2    0.01    0.07    0.25    9.03 ^ _2033_/X (sky130_fd_sc_hd__o211a_2)
                                         _0849_ (net)
                  0.07    0.00    9.03 ^ _2035_/A2 (sky130_fd_sc_hd__o21ai_2)
     3    0.01    0.06    0.07    9.10 v _2035_/Y (sky130_fd_sc_hd__o21ai_2)
                                         _0851_ (net)
                  0.06    0.00    9.10 v _2039_/A2 (sky130_fd_sc_hd__a21o_2)
     3    0.01    0.05    0.24    9.33 v _2039_/X (sky130_fd_sc_hd__a21o_2)
                                         _0855_ (net)
                  0.05    0.00    9.33 v _2168_/A2 (sky130_fd_sc_hd__a31o_2)
     2    0.01    0.04    0.24    9.57 v _2168_/X (sky130_fd_sc_hd__a31o_2)
                                         _0983_ (net)
                  0.04    0.00    9.57 v _2169_/A1 (sky130_fd_sc_hd__mux2_2)
     1    0.00    0.05    0.25    9.82 v _2169_/X (sky130_fd_sc_hd__mux2_2)
                                         _0984_ (net)
                  0.05    0.00    9.82 v _2170_/A (sky130_fd_sc_hd__buf_1)
     1    0.00    0.02    0.08    9.90 v _2170_/X (sky130_fd_sc_hd__buf_1)
                                         _0283_ (net)
                  0.02    0.00    9.90 v _3060_/D (sky130_fd_sc_hd__dfrtp_2)
                                  9.90   data arrival time

                  0.00   10.00   10.00   clock clk (rise edge)
                          0.00   10.00   clock network delay (ideal)
                          0.00   10.00   clock reconvergence pessimism
                                 10.00 ^ _3060_/CLK (sky130_fd_sc_hd__dfrtp_2)
                         -0.12    9.88   library setup time
                                  9.88   data required time
-----------------------------------------------------------------------------
                                  9.88   data required time
                                 -9.90   data arrival time
-----------------------------------------------------------------------------
                                 -0.02   slack (VIOLATED)


Startpoint: _2972_ (rising edge-triggered flip-flop clocked by clk)
Endpoint: _3057_ (rising edge-triggered flip-flop clocked by clk)
Path Group: clk
Path Type: max

Fanout     Cap    Slew   Delay    Time   Description
-----------------------------------------------------------------------------
                  0.00    0.00    0.00   clock clk (rise edge)
                          0.00    0.00   clock network delay (ideal)
                  0.00    0.00    0.00 ^ _2972_/CLK (sky130_fd_sc_hd__dfrtp_2)
     4    0.02    0.07    0.41    0.41 v _2972_/Q (sky130_fd_sc_hd__dfrtp_2)
                                         imem.address[13] (net)
                  0.07    0.00    0.41 v _1502_/A (sky130_fd_sc_hd__or4_2)
     3    0.01    0.14    0.72    1.13 v _1502_/X (sky130_fd_sc_hd__or4_2)
                                         _0382_ (net)
                  0.14    0.00    1.13 v _1506_/A_N (sky130_fd_sc_hd__and4bb_2)
     9    0.02    0.12    0.39    1.52 ^ _1506_/X (sky130_fd_sc_hd__and4bb_2)
                                         _0386_ (net)
                  0.12    0.00    1.52 ^ _1507_/B (sky130_fd_sc_hd__and2_2)
     1    0.00    0.04    0.15    1.67 ^ _1507_/X (sky130_fd_sc_hd__and2_2)
                                         _0387_ (net)
                  0.04    0.00    1.67 ^ _1508_/A (sky130_fd_sc_hd__buf_4)
     8    0.03    0.08    0.14    1.81 ^ _1508_/X (sky130_fd_sc_hd__buf_4)
                                         _0388_ (net)
                  0.08    0.00    1.81 ^ _1509_/B1 (sky130_fd_sc_hd__o21ai_2)
     4    0.01    0.08    0.07    1.88 v _1509_/Y (sky130_fd_sc_hd__o21ai_2)
                                         _0389_ (net)
                  0.08    0.00    1.88 v _1510_/A (sky130_fd_sc_hd__buf_2)
    10    0.05    0.12    0.22    2.10 v _1510_/X (sky130_fd_sc_hd__buf_2)
                                         _0390_ (net)
                  0.12    0.00    2.10 v _1700_/A (sky130_fd_sc_hd__or3_2)
     7    0.02    0.14    0.59    2.69 v _1700_/X (sky130_fd_sc_hd__or3_2)
                                         _0516_ (net)
                  0.14    0.00    2.69 v _1710_/A1 (sky130_fd_sc_hd__a21o_2)
     1    0.00    0.03    0.21    2.91 v _1710_/X (sky130_fd_sc_hd__a21o_2)
                                         _0526_ (net)
                  0.03    0.00    2.91 v _1711_/D (sky130_fd_sc_hd__or4_2)
     4    0.01    0.14    0.60    3.50 v _1711_/X (sky130_fd_sc_hd__or4_2)
                                         _0527_ (net)
                  0.14    0.00    3.50 v _1720_/A (sky130_fd_sc_hd__or4_2)
     5    0.02    0.16    0.78    4.28 v _1720_/X (sky130_fd_sc_hd__or4_2)
                                         _0536_ (net)
                  0.16    0.00    4.28 v _1726_/B (sky130_fd_sc_hd__nor4_2)
    10    0.04    0.95    0.85    5.13 ^ _1726_/Y (sky130_fd_sc_hd__nor4_2)
                                         _0542_ (net)
                  0.95    0.00    5.13 ^ _1743_/A (sky130_fd_sc_hd__nand3_2)
     4    0.02    0.27    0.27    5.41 v _1743_/Y (sky130_fd_sc_hd__nand3_2)
                                         _0559_ (net)
                  0.27    0.00    5.41 v _1749_/A (sky130_fd_sc_hd__or3_2)
     5    0.02    0.13    0.63    6.03 v _1749_/X (sky130_fd_sc_hd__or3_2)
                                         _0565_ (net)
                  0.13    0.00    6.03 v _1759_/A (sky130_fd_sc_hd__or4bb_2)
     4    0.01    0.13    0.71    6.74 v _1759_/X (sky130_fd_sc_hd__or4bb_2)
                                         _0575_ (net)
                  0.13    0.00    6.74 v _1958_/S (sky130_fd_sc_hd__mux2_2)
     3    0.02    0.09    0.36    7.10 v _1958_/X (sky130_fd_sc_hd__mux2_2)
                                         _0774_ (net)
                  0.09    0.00    7.10 v _1962_/A (sky130_fd_sc_hd__xnor2_2)
     4    0.01    0.07    0.17    7.26 v _1962_/Y (sky130_fd_sc_hd__xnor2_2)
                                         _0778_ (net)
                  0.07    0.00    7.26 v _1976_/A (sky130_fd_sc_hd__or4_2)
     2    0.00    0.11    0.67    7.93 v _1976_/X (sky130_fd_sc_hd__or4_2)
                                         _0792_ (net)
                  0.11    0.00    7.93 v _1977_/C (sky130_fd_sc_hd__or3_2)
     3    0.01    0.11    0.47    8.40 v _1977_/X (sky130_fd_sc_hd__or3_2)
                                         _0793_ (net)
                  0.11    0.00    8.40 v _2008_/A1 (sky130_fd_sc_hd__a211oi_2)
     5    0.02    0.38    0.37    8.78 ^ _2008_/Y (sky130_fd_sc_hd__a211oi_2)
                                         _0824_ (net)
                  0.38    0.00    8.78 ^ _2239_/A1 (sky130_fd_sc_hd__o21bai_2)
     3    0.01    0.09    0.14    8.92 v _2239_/Y (sky130_fd_sc_hd__o21bai_2)
                                         _1051_ (net)
                  0.09    0.00    8.92 v _2241_/A2 (sky130_fd_sc_hd__a21o_2)
     1    0.00    0.03    0.22    9.14 v _2241_/X (sky130_fd_sc_hd__a21o_2)
                                         _1053_ (net)
                  0.03    0.00    9.14 v _2278_/A3 (sky130_fd_sc_hd__a31o_2)
     2    0.01    0.04    0.24    9.38 v _2278_/X (sky130_fd_sc_hd__a31o_2)
                                         _1090_ (net)
                  0.04    0.00    9.38 v _2279_/A1 (sky130_fd_sc_hd__mux2_2)
     1    0.00    0.05    0.25    9.64 v _2279_/X (sky130_fd_sc_hd__mux2_2)
                                         _1091_ (net)
                  0.05    0.00    9.64 v _2280_/A (sky130_fd_sc_hd__buf_1)
     1    0.00    0.02    0.08    9.72 v _2280_/X (sky130_fd_sc_hd__buf_1)
                                         _0280_ (net)
                  0.02    0.00    9.72 v _3057_/D (sky130_fd_sc_hd__dfrtp_2)
                                  9.72   data arrival time

                  0.00   10.00   10.00   clock clk (rise edge)
                          0.00   10.00   clock network delay (ideal)
                          0.00   10.00   clock reconvergence pessimism
                                 10.00 ^ _3057_/CLK (sky130_fd_sc_hd__dfrtp_2)
                         -0.12    9.88   library setup time
                                  9.88   data required time
-----------------------------------------------------------------------------
                                  9.88   data required time
                                 -9.72   data arrival time
-----------------------------------------------------------------------------
                                  0.16   slack (MET)


Startpoint: _2972_ (rising edge-triggered flip-flop clocked by clk)
Endpoint: _3059_ (rising edge-triggered flip-flop clocked by clk)
Path Group: clk
Path Type: max

Fanout     Cap    Slew   Delay    Time   Description
-----------------------------------------------------------------------------
                  0.00    0.00    0.00   clock clk (rise edge)
                          0.00    0.00   clock network delay (ideal)
                  0.00    0.00    0.00 ^ _2972_/CLK (sky130_fd_sc_hd__dfrtp_2)
     4    0.02    0.07    0.41    0.41 v _2972_/Q (sky130_fd_sc_hd__dfrtp_2)
                                         imem.address[13] (net)
                  0.07    0.00    0.41 v _1502_/A (sky130_fd_sc_hd__or4_2)
     3    0.01    0.14    0.72    1.13 v _1502_/X (sky130_fd_sc_hd__or4_2)
                                         _0382_ (net)
                  0.14    0.00    1.13 v _1506_/A_N (sky130_fd_sc_hd__and4bb_2)
     9    0.02    0.12    0.39    1.52 ^ _1506_/X (sky130_fd_sc_hd__and4bb_2)
                                         _0386_ (net)
                  0.12    0.00    1.52 ^ _1507_/B (sky130_fd_sc_hd__and2_2)
     1    0.00    0.04    0.15    1.67 ^ _1507_/X (sky130_fd_sc_hd__and2_2)
                                         _0387_ (net)
                  0.04    0.00    1.67 ^ _1508_/A (sky130_fd_sc_hd__buf_4)
     8    0.03    0.08    0.14    1.81 ^ _1508_/X (sky130_fd_sc_hd__buf_4)
                                         _0388_ (net)
                  0.08    0.00    1.81 ^ _1509_/B1 (sky130_fd_sc_hd__o21ai_2)
     4    0.01    0.08    0.07    1.88 v _1509_/Y (sky130_fd_sc_hd__o21ai_2)
                                         _0389_ (net)
                  0.08    0.00    1.88 v _1510_/A (sky130_fd_sc_hd__buf_2)
    10    0.05    0.12    0.22    2.10 v _1510_/X (sky130_fd_sc_hd__buf_2)
                                         _0390_ (net)
                  0.12    0.00    2.10 v _1700_/A (sky130_fd_sc_hd__or3_2)
     7    0.02    0.14    0.59    2.69 v _1700_/X (sky130_fd_sc_hd__or3_2)
                                         _0516_ (net)
                  0.14    0.00    2.69 v _1710_/A1 (sky130_fd_sc_hd__a21o_2)
     1    0.00    0.03    0.21    2.91 v _1710_/X (sky130_fd_sc_hd__a21o_2)
                                         _0526_ (net)
                  0.03    0.00    2.91 v _1711_/D (sky130_fd_sc_hd__or4_2)
     4    0.01    0.14    0.60    3.50 v _1711_/X (sky130_fd_sc_hd__or4_2)
                                         _0527_ (net)
                  0.14    0.00    3.50 v _1720_/A (sky130_fd_sc_hd__or4_2)
     5    0.02    0.16    0.78    4.28 v _1720_/X (sky130_fd_sc_hd__or4_2)
                                         _0536_ (net)
                  0.16    0.00    4.28 v _1726_/B (sky130_fd_sc_hd__nor4_2)
    10    0.04    0.95    0.85    5.13 ^ _1726_/Y (sky130_fd_sc_hd__nor4_2)
                                         _0542_ (net)
                  0.95    0.00    5.13 ^ _1743_/A (sky130_fd_sc_hd__nand3_2)
     4    0.02    0.27    0.27    5.41 v _1743_/Y (sky130_fd_sc_hd__nand3_2)
                                         _0559_ (net)
                  0.27    0.00    5.41 v _1749_/A (sky130_fd_sc_hd__or3_2)
     5    0.02    0.13    0.63    6.03 v _1749_/X (sky130_fd_sc_hd__or3_2)
                                         _0565_ (net)
                  0.13    0.00    6.03 v _1759_/A (sky130_fd_sc_hd__or4bb_2)
     4    0.01    0.13    0.71    6.74 v _1759_/X (sky130_fd_sc_hd__or4bb_2)
                                         _0575_ (net)
                  0.13    0.00    6.74 v _1767_/A (sky130_fd_sc_hd__or3_2)
     4    0.02    0.12    0.56    7.30 v _1767_/X (sky130_fd_sc_hd__or3_2)
                                         _0583_ (net)
                  0.12    0.00    7.30 v _1773_/A (sky130_fd_sc_hd__or3_4)
     5    0.02    0.09    0.45    7.76 v _1773_/X (sky130_fd_sc_hd__or3_4)
                                         _0589_ (net)
                  0.09    0.00    7.76 v _1776_/A (sky130_fd_sc_hd__or2_2)
     3    0.01    0.07    0.33    8.09 v _1776_/X (sky130_fd_sc_hd__or2_2)
                                         _0592_ (net)
                  0.07    0.00    8.09 v _1779_/A (sky130_fd_sc_hd__or2_2)
     2    0.01    0.08    0.34    8.43 v _1779_/X (sky130_fd_sc_hd__or2_2)
                                         _0595_ (net)
                  0.08    0.00    8.43 v _1798_/A (sky130_fd_sc_hd__nand2_2)
     2    0.02    0.11    0.12    8.55 ^ _1798_/Y (sky130_fd_sc_hd__nand2_2)
                                         _0614_ (net)
                  0.11    0.00    8.55 ^ _2034_/A (sky130_fd_sc_hd__xor2_2)
     2    0.01    0.06    0.09    8.64 v _2034_/X (sky130_fd_sc_hd__xor2_2)
                                         _0850_ (net)
                  0.06    0.00    8.64 v _2171_/A (sky130_fd_sc_hd__or3_2)
     1    0.00    0.08    0.47    9.10 v _2171_/X (sky130_fd_sc_hd__or3_2)
                                         _0985_ (net)
                  0.08    0.00    9.10 v _2201_/A3 (sky130_fd_sc_hd__a31o_2)
     2    0.01    0.05    0.27    9.37 v _2201_/X (sky130_fd_sc_hd__a31o_2)
                                         _1015_ (net)
                  0.05    0.00    9.37 v _2202_/A1 (sky130_fd_sc_hd__mux2_2)
     1    0.00    0.05    0.25    9.62 v _2202_/X (sky130_fd_sc_hd__mux2_2)
                                         _1016_ (net)
                  0.05    0.00    9.62 v _2203_/A (sky130_fd_sc_hd__buf_1)
     1    0.00    0.02    0.08    9.71 v _2203_/X (sky130_fd_sc_hd__buf_1)
                                         _0282_ (net)
                  0.02    0.00    9.71 v _3059_/D (sky130_fd_sc_hd__dfrtp_2)
                                  9.71   data arrival time

                  0.00   10.00   10.00   clock clk (rise edge)
                          0.00   10.00   clock network delay (ideal)
                          0.00   10.00   clock reconvergence pessimism
                                 10.00 ^ _3059_/CLK (sky130_fd_sc_hd__dfrtp_2)
                         -0.12    9.88   library setup time
                                  9.88   data required time
-----------------------------------------------------------------------------
                                  9.88   data required time
                                 -9.71   data arrival time
-----------------------------------------------------------------------------
                                  0.18   slack (MET)


Startpoint: _2972_ (rising edge-triggered flip-flop clocked by clk)
Endpoint: _3056_ (rising edge-triggered flip-flop clocked by clk)
Path Group: clk
Path Type: max

Fanout     Cap    Slew   Delay    Time   Description
-----------------------------------------------------------------------------
                  0.00    0.00    0.00   clock clk (rise edge)
                          0.00    0.00   clock network delay (ideal)
                  0.00    0.00    0.00 ^ _2972_/CLK (sky130_fd_sc_hd__dfrtp_2)
     4    0.02    0.07    0.41    0.41 v _2972_/Q (sky130_fd_sc_hd__dfrtp_2)
                                         imem.address[13] (net)
                  0.07    0.00    0.41 v _1502_/A (sky130_fd_sc_hd__or4_2)
     3    0.01    0.14    0.72    1.13 v _1502_/X (sky130_fd_sc_hd__or4_2)
                                         _0382_ (net)
                  0.14    0.00    1.13 v _1506_/A_N (sky130_fd_sc_hd__and4bb_2)
     9    0.02    0.12    0.39    1.52 ^ _1506_/X (sky130_fd_sc_hd__and4bb_2)
                                         _0386_ (net)
                  0.12    0.00    1.52 ^ _1507_/B (sky130_fd_sc_hd__and2_2)
     1    0.00    0.04    0.15    1.67 ^ _1507_/X (sky130_fd_sc_hd__and2_2)
                                         _0387_ (net)
                  0.04    0.00    1.67 ^ _1508_/A (sky130_fd_sc_hd__buf_4)
     8    0.03    0.08    0.14    1.81 ^ _1508_/X (sky130_fd_sc_hd__buf_4)
                                         _0388_ (net)
                  0.08    0.00    1.81 ^ _1509_/B1 (sky130_fd_sc_hd__o21ai_2)
     4    0.01    0.08    0.07    1.88 v _1509_/Y (sky130_fd_sc_hd__o21ai_2)
                                         _0389_ (net)
                  0.08    0.00    1.88 v _1510_/A (sky130_fd_sc_hd__buf_2)
    10    0.05    0.12    0.22    2.10 v _1510_/X (sky130_fd_sc_hd__buf_2)
                                         _0390_ (net)
                  0.12    0.00    2.10 v _1700_/A (sky130_fd_sc_hd__or3_2)
     7    0.02    0.14    0.59    2.69 v _1700_/X (sky130_fd_sc_hd__or3_2)
                                         _0516_ (net)
                  0.14    0.00    2.69 v _1710_/A1 (sky130_fd_sc_hd__a21o_2)
     1    0.00    0.03    0.21    2.91 v _1710_/X (sky130_fd_sc_hd__a21o_2)
                                         _0526_ (net)
                  0.03    0.00    2.91 v _1711_/D (sky130_fd_sc_hd__or4_2)
     4    0.01    0.14    0.60    3.50 v _1711_/X (sky130_fd_sc_hd__or4_2)
                                         _0527_ (net)
                  0.14    0.00    3.50 v _1720_/A (sky130_fd_sc_hd__or4_2)
     5    0.02    0.16    0.78    4.28 v _1720_/X (sky130_fd_sc_hd__or4_2)
                                         _0536_ (net)
                  0.16    0.00    4.28 v _1726_/B (sky130_fd_sc_hd__nor4_2)
    10    0.04    0.95    0.85    5.13 ^ _1726_/Y (sky130_fd_sc_hd__nor4_2)
                                         _0542_ (net)
                  0.95    0.00    5.13 ^ _1743_/A (sky130_fd_sc_hd__nand3_2)
     4    0.02    0.27    0.27    5.41 v _1743_/Y (sky130_fd_sc_hd__nand3_2)
                                         _0559_ (net)
                  0.27    0.00    5.41 v _1749_/A (sky130_fd_sc_hd__or3_2)
     5    0.02    0.13    0.63    6.03 v _1749_/X (sky130_fd_sc_hd__or3_2)
                                         _0565_ (net)
                  0.13    0.00    6.03 v _1759_/A (sky130_fd_sc_hd__or4bb_2)
     4    0.01    0.13    0.71    6.74 v _1759_/X (sky130_fd_sc_hd__or4bb_2)
                                         _0575_ (net)
                  0.13    0.00    6.74 v _1958_/S (sky130_fd_sc_hd__mux2_2)
     3    0.02    0.09    0.36    7.10 v _1958_/X (sky130_fd_sc_hd__mux2_2)
                                         _0774_ (net)
                  0.09    0.00    7.10 v _1962_/A (sky130_fd_sc_hd__xnor2_2)
     4    0.01    0.07    0.17    7.26 v _1962_/Y (sky130_fd_sc_hd__xnor2_2)
                                         _0778_ (net)
                  0.07    0.00    7.26 v _1976_/A (sky130_fd_sc_hd__or4_2)
     2    0.00    0.11    0.67    7.93 v _1976_/X (sky130_fd_sc_hd__or4_2)
                                         _0792_ (net)
                  0.11    0.00    7.93 v _1977_/C (sky130_fd_sc_hd__or3_2)
     3    0.01    0.11    0.47    8.40 v _1977_/X (sky130_fd_sc_hd__or3_2)
                                         _0793_ (net)
                  0.11    0.00    8.40 v _2008_/A1 (sky130_fd_sc_hd__a211oi_2)
     5    0.02    0.38    0.37    8.78 ^ _2008_/Y (sky130_fd_sc_hd__a211oi_2)
                                         _0824_ (net)
                  0.38    0.00    8.78 ^ _2239_/A1 (sky130_fd_sc_hd__o21bai_2)
     3    0.01    0.09    0.14    8.92 v _2239_/Y (sky130_fd_sc_hd__o21bai_2)
                                         _1051_ (net)
                  0.09    0.00    8.92 v _2290_/A2 (sky130_fd_sc_hd__a31o_2)
     2    0.01    0.04    0.26    9.18 v _2290_/X (sky130_fd_sc_hd__a31o_2)
                                         _1101_ (net)
                  0.04    0.00    9.18 v _2291_/A1 (sky130_fd_sc_hd__mux2_2)
     1    0.00    0.05    0.25    9.43 v _2291_/X (sky130_fd_sc_hd__mux2_2)
                                         _1102_ (net)
                  0.05    0.00    9.43 v _2292_/A (sky130_fd_sc_hd__buf_1)
     1    0.00    0.02    0.08    9.51 v _2292_/X (sky130_fd_sc_hd__buf_1)
                                         _0279_ (net)
                  0.02    0.00    9.51 v _3056_/D (sky130_fd_sc_hd__dfrtp_2)
                                  9.51   data arrival time

                  0.00   10.00   10.00   clock clk (rise edge)
                          0.00   10.00   clock network delay (ideal)
                          0.00   10.00   clock reconvergence pessimism
                                 10.00 ^ _3056_/CLK (sky130_fd_sc_hd__dfrtp_2)
                         -0.12    9.88   library setup time
                                  9.88   data required time
-----------------------------------------------------------------------------
                                  9.88   data required time
                                 -9.51   data arrival time
-----------------------------------------------------------------------------
                                  0.37   slack (MET)


Startpoint: _2972_ (rising edge-triggered flip-flop clocked by clk)
Endpoint: _3058_ (rising edge-triggered flip-flop clocked by clk)
Path Group: clk
Path Type: max

Fanout     Cap    Slew   Delay    Time   Description
-----------------------------------------------------------------------------
                  0.00    0.00    0.00   clock clk (rise edge)
                          0.00    0.00   clock network delay (ideal)
                  0.00    0.00    0.00 ^ _2972_/CLK (sky130_fd_sc_hd__dfrtp_2)
     4    0.02    0.07    0.41    0.41 v _2972_/Q (sky130_fd_sc_hd__dfrtp_2)
                                         imem.address[13] (net)
                  0.07    0.00    0.41 v _1502_/A (sky130_fd_sc_hd__or4_2)
     3    0.01    0.14    0.72    1.13 v _1502_/X (sky130_fd_sc_hd__or4_2)
                                         _0382_ (net)
                  0.14    0.00    1.13 v _1506_/A_N (sky130_fd_sc_hd__and4bb_2)
     9    0.02    0.12    0.39    1.52 ^ _1506_/X (sky130_fd_sc_hd__and4bb_2)
                                         _0386_ (net)
                  0.12    0.00    1.52 ^ _1507_/B (sky130_fd_sc_hd__and2_2)
     1    0.00    0.04    0.15    1.67 ^ _1507_/X (sky130_fd_sc_hd__and2_2)
                                         _0387_ (net)
                  0.04    0.00    1.67 ^ _1508_/A (sky130_fd_sc_hd__buf_4)
     8    0.03    0.08    0.14    1.81 ^ _1508_/X (sky130_fd_sc_hd__buf_4)
                                         _0388_ (net)
                  0.08    0.00    1.81 ^ _1509_/B1 (sky130_fd_sc_hd__o21ai_2)
     4    0.01    0.08    0.07    1.88 v _1509_/Y (sky130_fd_sc_hd__o21ai_2)
                                         _0389_ (net)
                  0.08    0.00    1.88 v _1510_/A (sky130_fd_sc_hd__buf_2)
    10    0.05    0.12    0.22    2.10 v _1510_/X (sky130_fd_sc_hd__buf_2)
                                         _0390_ (net)
                  0.12    0.00    2.10 v _1700_/A (sky130_fd_sc_hd__or3_2)
     7    0.02    0.14    0.59    2.69 v _1700_/X (sky130_fd_sc_hd__or3_2)
                                         _0516_ (net)
                  0.14    0.00    2.69 v _1710_/A1 (sky130_fd_sc_hd__a21o_2)
     1    0.00    0.03    0.21    2.91 v _1710_/X (sky130_fd_sc_hd__a21o_2)
                                         _0526_ (net)
                  0.03    0.00    2.91 v _1711_/D (sky130_fd_sc_hd__or4_2)
     4    0.01    0.14    0.60    3.50 v _1711_/X (sky130_fd_sc_hd__or4_2)
                                         _0527_ (net)
                  0.14    0.00    3.50 v _1720_/A (sky130_fd_sc_hd__or4_2)
     5    0.02    0.16    0.78    4.28 v _1720_/X (sky130_fd_sc_hd__or4_2)
                                         _0536_ (net)
                  0.16    0.00    4.28 v _1726_/B (sky130_fd_sc_hd__nor4_2)
    10    0.04    0.95    0.85    5.13 ^ _1726_/Y (sky130_fd_sc_hd__nor4_2)
                                         _0542_ (net)
                  0.95    0.00    5.13 ^ _1743_/A (sky130_fd_sc_hd__nand3_2)
     4    0.02    0.27    0.27    5.41 v _1743_/Y (sky130_fd_sc_hd__nand3_2)
                                         _0559_ (net)
                  0.27    0.00    5.41 v _1749_/A (sky130_fd_sc_hd__or3_2)
     5    0.02    0.13    0.63    6.03 v _1749_/X (sky130_fd_sc_hd__or3_2)
                                         _0565_ (net)
                  0.13    0.00    6.03 v _1759_/A (sky130_fd_sc_hd__or4bb_2)
     4    0.01    0.13    0.71    6.74 v _1759_/X (sky130_fd_sc_hd__or4bb_2)
                                         _0575_ (net)
                  0.13    0.00    6.74 v _1958_/S (sky130_fd_sc_hd__mux2_2)
     3    0.02    0.09    0.36    7.10 v _1958_/X (sky130_fd_sc_hd__mux2_2)
                                         _0774_ (net)
                  0.09    0.00    7.10 v _1962_/A (sky130_fd_sc_hd__xnor2_2)
     4    0.01    0.07    0.17    7.26 v _1962_/Y (sky130_fd_sc_hd__xnor2_2)
                                         _0778_ (net)
                  0.07    0.00    7.26 v _1976_/A (sky130_fd_sc_hd__or4_2)
     2    0.00    0.11    0.67    7.93 v _1976_/X (sky130_fd_sc_hd__or4_2)
                                         _0792_ (net)
                  0.11    0.00    7.93 v _1977_/C (sky130_fd_sc_hd__or3_2)
     3    0.01    0.11    0.47    8.40 v _1977_/X (sky130_fd_sc_hd__or3_2)
                                         _0793_ (net)
                  0.11    0.00    8.40 v _2008_/A1 (sky130_fd_sc_hd__a211oi_2)
     5    0.02    0.38    0.37    8.78 ^ _2008_/Y (sky130_fd_sc_hd__a211oi_2)
                                         _0824_ (net)
                  0.38    0.00    8.78 ^ _2204_/A1 (sky130_fd_sc_hd__o211ai_2)
     1    0.00    0.08    0.13    8.90 v _2204_/Y (sky130_fd_sc_hd__o211ai_2)
                                         _1017_ (net)
                  0.08    0.00    8.90 v _2234_/A2 (sky130_fd_sc_hd__a31o_2)
     2    0.01    0.05    0.26    9.16 v _2234_/X (sky130_fd_sc_hd__a31o_2)
                                         _1047_ (net)
                  0.05    0.00    9.16 v _2235_/A1 (sky130_fd_sc_hd__mux2_2)
     1    0.00    0.05    0.25    9.41 v _2235_/X (sky130_fd_sc_hd__mux2_2)
                                         _1048_ (net)
                  0.05    0.00    9.41 v _2236_/A (sky130_fd_sc_hd__buf_1)
     1    0.00    0.02    0.08    9.50 v _2236_/X (sky130_fd_sc_hd__buf_1)
                                         _0281_ (net)
                  0.02    0.00    9.50 v _3058_/D (sky130_fd_sc_hd__dfrtp_2)
                                  9.50   data arrival time

                  0.00   10.00   10.00   clock clk (rise edge)
                          0.00   10.00   clock network delay (ideal)
                          0.00   10.00   clock reconvergence pessimism
                                 10.00 ^ _3058_/CLK (sky130_fd_sc_hd__dfrtp_2)
                         -0.12    9.88   library setup time
                                  9.88   data required time
-----------------------------------------------------------------------------
                                  9.88   data required time
                                 -9.50   data arrival time
-----------------------------------------------------------------------------
                                  0.39   slack (MET)


Startpoint: _2972_ (rising edge-triggered flip-flop clocked by clk)
Endpoint: _3055_ (rising edge-triggered flip-flop clocked by clk)
Path Group: clk
Path Type: max

Fanout     Cap    Slew   Delay    Time   Description
-----------------------------------------------------------------------------
                  0.00    0.00    0.00   clock clk (rise edge)
                          0.00    0.00   clock network delay (ideal)
                  0.00    0.00    0.00 ^ _2972_/CLK (sky130_fd_sc_hd__dfrtp_2)
     4    0.02    0.07    0.41    0.41 v _2972_/Q (sky130_fd_sc_hd__dfrtp_2)
                                         imem.address[13] (net)
                  0.07    0.00    0.41 v _1502_/A (sky130_fd_sc_hd__or4_2)
     3    0.01    0.14    0.72    1.13 v _1502_/X (sky130_fd_sc_hd__or4_2)
                                         _0382_ (net)
                  0.14    0.00    1.13 v _1506_/A_N (sky130_fd_sc_hd__and4bb_2)
     9    0.02    0.12    0.39    1.52 ^ _1506_/X (sky130_fd_sc_hd__and4bb_2)
                                         _0386_ (net)
                  0.12    0.00    1.52 ^ _1507_/B (sky130_fd_sc_hd__and2_2)
     1    0.00    0.04    0.15    1.67 ^ _1507_/X (sky130_fd_sc_hd__and2_2)
                                         _0387_ (net)
                  0.04    0.00    1.67 ^ _1508_/A (sky130_fd_sc_hd__buf_4)
     8    0.03    0.08    0.14    1.81 ^ _1508_/X (sky130_fd_sc_hd__buf_4)
                                         _0388_ (net)
                  0.08    0.00    1.81 ^ _1509_/B1 (sky130_fd_sc_hd__o21ai_2)
     4    0.01    0.08    0.07    1.88 v _1509_/Y (sky130_fd_sc_hd__o21ai_2)
                                         _0389_ (net)
                  0.08    0.00    1.88 v _1510_/A (sky130_fd_sc_hd__buf_2)
    10    0.05    0.12    0.22    2.10 v _1510_/X (sky130_fd_sc_hd__buf_2)
                                         _0390_ (net)
                  0.12    0.00    2.10 v _1700_/A (sky130_fd_sc_hd__or3_2)
     7    0.02    0.14    0.59    2.69 v _1700_/X (sky130_fd_sc_hd__or3_2)
                                         _0516_ (net)
                  0.14    0.00    2.69 v _1710_/A1 (sky130_fd_sc_hd__a21o_2)
     1    0.00    0.03    0.21    2.91 v _1710_/X (sky130_fd_sc_hd__a21o_2)
                                         _0526_ (net)
                  0.03    0.00    2.91 v _1711_/D (sky130_fd_sc_hd__or4_2)
     4    0.01    0.14    0.60    3.50 v _1711_/X (sky130_fd_sc_hd__or4_2)
                                         _0527_ (net)
                  0.14    0.00    3.50 v _1720_/A (sky130_fd_sc_hd__or4_2)
     5    0.02    0.16    0.78    4.28 v _1720_/X (sky130_fd_sc_hd__or4_2)
                                         _0536_ (net)
                  0.16    0.00    4.28 v _1726_/B (sky130_fd_sc_hd__nor4_2)
    10    0.04    0.95    0.85    5.13 ^ _1726_/Y (sky130_fd_sc_hd__nor4_2)
                                         _0542_ (net)
                  0.95    0.00    5.13 ^ _1743_/A (sky130_fd_sc_hd__nand3_2)
     4    0.02    0.27    0.27    5.41 v _1743_/Y (sky130_fd_sc_hd__nand3_2)
                                         _0559_ (net)
                  0.27    0.00    5.41 v _1749_/A (sky130_fd_sc_hd__or3_2)
     5    0.02    0.13    0.63    6.03 v _1749_/X (sky130_fd_sc_hd__or3_2)
                                         _0565_ (net)
                  0.13    0.00    6.03 v _1759_/A (sky130_fd_sc_hd__or4bb_2)
     4    0.01    0.13    0.71    6.74 v _1759_/X (sky130_fd_sc_hd__or4bb_2)
                                         _0575_ (net)
                  0.13    0.00    6.74 v _1958_/S (sky130_fd_sc_hd__mux2_2)
     3    0.02    0.09    0.36    7.10 v _1958_/X (sky130_fd_sc_hd__mux2_2)
                                         _0774_ (net)
                  0.09    0.00    7.10 v _1962_/A (sky130_fd_sc_hd__xnor2_2)
     4    0.01    0.07    0.17    7.26 v _1962_/Y (sky130_fd_sc_hd__xnor2_2)
                                         _0778_ (net)
                  0.07    0.00    7.26 v _1976_/A (sky130_fd_sc_hd__or4_2)
     2    0.00    0.11    0.67    7.93 v _1976_/X (sky130_fd_sc_hd__or4_2)
                                         _0792_ (net)
                  0.11    0.00    7.93 v _1977_/C (sky130_fd_sc_hd__or3_2)
     3    0.01    0.11    0.47    8.40 v _1977_/X (sky130_fd_sc_hd__or3_2)
                                         _0793_ (net)
                  0.11    0.00    8.40 v _2293_/A1 (sky130_fd_sc_hd__a21o_2)
     3    0.01    0.05    0.23    8.63 v _2293_/X (sky130_fd_sc_hd__a21o_2)
                                         _1103_ (net)
                  0.05    0.00    8.63 v _2294_/A2 (sky130_fd_sc_hd__a21o_2)
     1    0.00    0.03    0.20    8.84 v _2294_/X (sky130_fd_sc_hd__a21o_2)
                                         _1104_ (net)
                  0.03    0.00    8.84 v _2303_/A2 (sky130_fd_sc_hd__a31o_2)
     2    0.01    0.06    0.25    9.08 v _2303_/X (sky130_fd_sc_hd__a31o_2)
                                         _1113_ (net)
                  0.06    0.00    9.08 v _2304_/A1 (sky130_fd_sc_hd__mux2_2)
     1    0.00    0.05    0.26    9.34 v _2304_/X (sky130_fd_sc_hd__mux2_2)
                                         _1114_ (net)
                  0.05    0.00    9.34 v _2305_/A (sky130_fd_sc_hd__buf_1)
     1    0.00    0.02    0.09    9.42 v _2305_/X (sky130_fd_sc_hd__buf_1)
                                         _0278_ (net)
                  0.02    0.00    9.42 v _3055_/D (sky130_fd_sc_hd__dfrtp_2)
                                  9.42   data arrival time

                  0.00   10.00   10.00   clock clk (rise edge)
                          0.00   10.00   clock network delay (ideal)
                          0.00   10.00   clock reconvergence pessimism
                                 10.00 ^ _3055_/CLK (sky130_fd_sc_hd__dfrtp_2)
                         -0.12    9.88   library setup time
                                  9.88   data required time
-----------------------------------------------------------------------------
                                  9.88   data required time
                                 -9.42   data arrival time
-----------------------------------------------------------------------------
                                  0.46   slack (MET)


Startpoint: _2972_ (rising edge-triggered flip-flop clocked by clk)
Endpoint: _3054_ (rising edge-triggered flip-flop clocked by clk)
Path Group: clk
Path Type: max

Fanout     Cap    Slew   Delay    Time   Description
-----------------------------------------------------------------------------
                  0.00    0.00    0.00   clock clk (rise edge)
                          0.00    0.00   clock network delay (ideal)
                  0.00    0.00    0.00 ^ _2972_/CLK (sky130_fd_sc_hd__dfrtp_2)
     4    0.02    0.07    0.41    0.41 v _2972_/Q (sky130_fd_sc_hd__dfrtp_2)
                                         imem.address[13] (net)
                  0.07    0.00    0.41 v _1502_/A (sky130_fd_sc_hd__or4_2)
     3    0.01    0.14    0.72    1.13 v _1502_/X (sky130_fd_sc_hd__or4_2)
                                         _0382_ (net)
                  0.14    0.00    1.13 v _1506_/A_N (sky130_fd_sc_hd__and4bb_2)
     9    0.02    0.12    0.39    1.52 ^ _1506_/X (sky130_fd_sc_hd__and4bb_2)
                                         _0386_ (net)
                  0.12    0.00    1.52 ^ _1507_/B (sky130_fd_sc_hd__and2_2)
     1    0.00    0.04    0.15    1.67 ^ _1507_/X (sky130_fd_sc_hd__and2_2)
                                         _0387_ (net)
                  0.04    0.00    1.67 ^ _1508_/A (sky130_fd_sc_hd__buf_4)
     8    0.03    0.08    0.14    1.81 ^ _1508_/X (sky130_fd_sc_hd__buf_4)
                                         _0388_ (net)
                  0.08    0.00    1.81 ^ _1509_/B1 (sky130_fd_sc_hd__o21ai_2)
     4    0.01    0.08    0.07    1.88 v _1509_/Y (sky130_fd_sc_hd__o21ai_2)
                                         _0389_ (net)
                  0.08    0.00    1.88 v _1510_/A (sky130_fd_sc_hd__buf_2)
    10    0.05    0.12    0.22    2.10 v _1510_/X (sky130_fd_sc_hd__buf_2)
                                         _0390_ (net)
                  0.12    0.00    2.10 v _1700_/A (sky130_fd_sc_hd__or3_2)
     7    0.02    0.14    0.59    2.69 v _1700_/X (sky130_fd_sc_hd__or3_2)
                                         _0516_ (net)
                  0.14    0.00    2.69 v _1710_/A1 (sky130_fd_sc_hd__a21o_2)
     1    0.00    0.03    0.21    2.91 v _1710_/X (sky130_fd_sc_hd__a21o_2)
                                         _0526_ (net)
                  0.03    0.00    2.91 v _1711_/D (sky130_fd_sc_hd__or4_2)
     4    0.01    0.14    0.60    3.50 v _1711_/X (sky130_fd_sc_hd__or4_2)
                                         _0527_ (net)
                  0.14    0.00    3.50 v _1720_/A (sky130_fd_sc_hd__or4_2)
     5    0.02    0.16    0.78    4.28 v _1720_/X (sky130_fd_sc_hd__or4_2)
                                         _0536_ (net)
                  0.16    0.00    4.28 v _1726_/B (sky130_fd_sc_hd__nor4_2)
    10    0.04    0.95    0.85    5.13 ^ _1726_/Y (sky130_fd_sc_hd__nor4_2)
                                         _0542_ (net)
                  0.95    0.00    5.13 ^ _1743_/A (sky130_fd_sc_hd__nand3_2)
     4    0.02    0.27    0.27    5.41 v _1743_/Y (sky130_fd_sc_hd__nand3_2)
                                         _0559_ (net)
                  0.27    0.00    5.41 v _1749_/A (sky130_fd_sc_hd__or3_2)
     5    0.02    0.13    0.63    6.03 v _1749_/X (sky130_fd_sc_hd__or3_2)
                                         _0565_ (net)
                  0.13    0.00    6.03 v _1759_/A (sky130_fd_sc_hd__or4bb_2)
     4    0.01    0.13    0.71    6.74 v _1759_/X (sky130_fd_sc_hd__or4bb_2)
                                         _0575_ (net)
                  0.13    0.00    6.74 v _1958_/S (sky130_fd_sc_hd__mux2_2)
     3    0.02    0.09    0.36    7.10 v _1958_/X (sky130_fd_sc_hd__mux2_2)
                                         _0774_ (net)
                  0.09    0.00    7.10 v _1962_/A (sky130_fd_sc_hd__xnor2_2)
     4    0.01    0.07    0.17    7.26 v _1962_/Y (sky130_fd_sc_hd__xnor2_2)
                                         _0778_ (net)
                  0.07    0.00    7.26 v _1976_/A (sky130_fd_sc_hd__or4_2)
     2    0.00    0.11    0.67    7.93 v _1976_/X (sky130_fd_sc_hd__or4_2)
                                         _0792_ (net)
                  0.11    0.00    7.93 v _1977_/C (sky130_fd_sc_hd__or3_2)
     3    0.01    0.11    0.47    8.40 v _1977_/X (sky130_fd_sc_hd__or3_2)
                                         _0793_ (net)
                  0.11    0.00    8.40 v _2293_/A1 (sky130_fd_sc_hd__a21o_2)
     3    0.01    0.05    0.23    8.63 v _2293_/X (sky130_fd_sc_hd__a21o_2)
                                         _1103_ (net)
                  0.05    0.00    8.63 v _2315_/A2 (sky130_fd_sc_hd__a31o_2)
     2    0.01    0.05    0.25    8.88 v _2315_/X (sky130_fd_sc_hd__a31o_2)
                                         _1124_ (net)
                  0.05    0.00    8.88 v _2316_/A1 (sky130_fd_sc_hd__mux2_2)
     1    0.00    0.05    0.26    9.14 v _2316_/X (sky130_fd_sc_hd__mux2_2)
                                         _1125_ (net)
                  0.05    0.00    9.14 v _2317_/A (sky130_fd_sc_hd__buf_1)
     1    0.00    0.02    0.08    9.22 v _2317_/X (sky130_fd_sc_hd__buf_1)
                                         _0277_ (net)
                  0.02    0.00    9.22 v _3054_/D (sky130_fd_sc_hd__dfrtp_2)
                                  9.22   data arrival time

                  0.00   10.00   10.00   clock clk (rise edge)
                          0.00   10.00   clock network delay (ideal)
                          0.00   10.00   clock reconvergence pessimism
                                 10.00 ^ _3054_/CLK (sky130_fd_sc_hd__dfrtp_2)
                         -0.12    9.88   library setup time
                                  9.88   data required time
-----------------------------------------------------------------------------
                                  9.88   data required time
                                 -9.22   data arrival time
-----------------------------------------------------------------------------
                                  0.66   slack (MET)


Startpoint: _2972_ (rising edge-triggered flip-flop clocked by clk)
Endpoint: _3049_ (rising edge-triggered flip-flop clocked by clk)
Path Group: clk
Path Type: max

Fanout     Cap    Slew   Delay    Time   Description
-----------------------------------------------------------------------------
                  0.00    0.00    0.00   clock clk (rise edge)
                          0.00    0.00   clock network delay (ideal)
                  0.00    0.00    0.00 ^ _2972_/CLK (sky130_fd_sc_hd__dfrtp_2)
     4    0.02    0.07    0.41    0.41 v _2972_/Q (sky130_fd_sc_hd__dfrtp_2)
                                         imem.address[13] (net)
                  0.07    0.00    0.41 v _1502_/A (sky130_fd_sc_hd__or4_2)
     3    0.01    0.14    0.72    1.13 v _1502_/X (sky130_fd_sc_hd__or4_2)
                                         _0382_ (net)
                  0.14    0.00    1.13 v _1506_/A_N (sky130_fd_sc_hd__and4bb_2)
     9    0.02    0.12    0.39    1.52 ^ _1506_/X (sky130_fd_sc_hd__and4bb_2)
                                         _0386_ (net)
                  0.12    0.00    1.52 ^ _1507_/B (sky130_fd_sc_hd__and2_2)
     1    0.00    0.04    0.15    1.67 ^ _1507_/X (sky130_fd_sc_hd__and2_2)
                                         _0387_ (net)
                  0.04    0.00    1.67 ^ _1508_/A (sky130_fd_sc_hd__buf_4)
     8    0.03    0.08    0.14    1.81 ^ _1508_/X (sky130_fd_sc_hd__buf_4)
                                         _0388_ (net)
                  0.08    0.00    1.81 ^ _1509_/B1 (sky130_fd_sc_hd__o21ai_2)
     4    0.01    0.08    0.07    1.88 v _1509_/Y (sky130_fd_sc_hd__o21ai_2)
                                         _0389_ (net)
                  0.08    0.00    1.88 v _1510_/A (sky130_fd_sc_hd__buf_2)
    10    0.05    0.12    0.22    2.10 v _1510_/X (sky130_fd_sc_hd__buf_2)
                                         _0390_ (net)
                  0.12    0.00    2.10 v _1700_/A (sky130_fd_sc_hd__or3_2)
     7    0.02    0.14    0.59    2.69 v _1700_/X (sky130_fd_sc_hd__or3_2)
                                         _0516_ (net)
                  0.14    0.00    2.69 v _1710_/A1 (sky130_fd_sc_hd__a21o_2)
     1    0.00    0.03    0.21    2.91 v _1710_/X (sky130_fd_sc_hd__a21o_2)
                                         _0526_ (net)
                  0.03    0.00    2.91 v _1711_/D (sky130_fd_sc_hd__or4_2)
     4    0.01    0.14    0.60    3.50 v _1711_/X (sky130_fd_sc_hd__or4_2)
                                         _0527_ (net)
                  0.14    0.00    3.50 v _1720_/A (sky130_fd_sc_hd__or4_2)
     5    0.02    0.16    0.78    4.28 v _1720_/X (sky130_fd_sc_hd__or4_2)
                                         _0536_ (net)
                  0.16    0.00    4.28 v _1726_/B (sky130_fd_sc_hd__nor4_2)
    10    0.04    0.95    0.85    5.13 ^ _1726_/Y (sky130_fd_sc_hd__nor4_2)
                                         _0542_ (net)
                  0.95    0.00    5.13 ^ _1811_/A (sky130_fd_sc_hd__nand2_2)
     3    0.02    0.21    0.20    5.33 v _1811_/Y (sky130_fd_sc_hd__nand2_2)
                                         _0627_ (net)
                  0.21    0.00    5.33 v _1812_/C (sky130_fd_sc_hd__and3b_2)
     3    0.01    0.05    0.30    5.63 v _1812_/X (sky130_fd_sc_hd__and3b_2)
                                         _0628_ (net)
                  0.05    0.00    5.63 v _1821_/A (sky130_fd_sc_hd__or4_2)
     3    0.01    0.11    0.67    6.30 v _1821_/X (sky130_fd_sc_hd__or4_2)
                                         _0637_ (net)
                  0.11    0.00    6.30 v _1835_/A (sky130_fd_sc_hd__or4b_2)
     1    0.00    0.11    0.69    7.00 v _1835_/X (sky130_fd_sc_hd__or4b_2)
                                         _0651_ (net)
                  0.11    0.00    7.00 v _1914_/A (sky130_fd_sc_hd__nor3_2)
     3    0.01    0.24    0.28    7.28 ^ _1914_/Y (sky130_fd_sc_hd__nor3_2)
                                         _0730_ (net)
                  0.24    0.00    7.28 ^ _1936_/A1 (sky130_fd_sc_hd__o21ai_2)
     5    0.02    0.10    0.15    7.42 v _1936_/Y (sky130_fd_sc_hd__o21ai_2)
                                         _0752_ (net)
                  0.10    0.00    7.42 v _2362_/A2 (sky130_fd_sc_hd__a21o_2)
     2    0.00    0.04    0.23    7.65 v _2362_/X (sky130_fd_sc_hd__a21o_2)
                                         _1166_ (net)
                  0.04    0.00    7.65 v _2363_/A2 (sky130_fd_sc_hd__a21o_2)
     3    0.01    0.05    0.22    7.87 v _2363_/X (sky130_fd_sc_hd__a21o_2)
                                         _1167_ (net)
                  0.05    0.00    7.87 v _2364_/A2 (sky130_fd_sc_hd__a21o_2)
     1    0.00    0.03    0.21    8.08 v _2364_/X (sky130_fd_sc_hd__a21o_2)
                                         _1168_ (net)
                  0.03    0.00    8.08 v _2367_/B1 (sky130_fd_sc_hd__a221o_2)
     2    0.01    0.08    0.36    8.44 v _2367_/X (sky130_fd_sc_hd__a221o_2)
                                         _1171_ (net)
                  0.08    0.00    8.44 v _2368_/A1 (sky130_fd_sc_hd__mux2_2)
     1    0.00    0.05    0.27    8.70 v _2368_/X (sky130_fd_sc_hd__mux2_2)
                                         _1172_ (net)
                  0.05    0.00    8.70 v _2369_/A (sky130_fd_sc_hd__buf_1)
     1    0.00    0.02    0.08    8.79 v _2369_/X (sky130_fd_sc_hd__buf_1)
                                         _0272_ (net)
                  0.02    0.00    8.79 v _3049_/D (sky130_fd_sc_hd__dfrtp_2)
                                  8.79   data arrival time

                  0.00   10.00   10.00   clock clk (rise edge)
                          0.00   10.00   clock network delay (ideal)
                          0.00   10.00   clock reconvergence pessimism
                                 10.00 ^ _3049_/CLK (sky130_fd_sc_hd__dfrtp_2)
                         -0.12    9.88   library setup time
                                  9.88   data required time
-----------------------------------------------------------------------------
                                  9.88   data required time
                                 -8.79   data arrival time
-----------------------------------------------------------------------------
                                  1.09   slack (MET)


Startpoint: _2972_ (rising edge-triggered flip-flop clocked by clk)
Endpoint: _3048_ (rising edge-triggered flip-flop clocked by clk)
Path Group: clk
Path Type: max

Fanout     Cap    Slew   Delay    Time   Description
-----------------------------------------------------------------------------
                  0.00    0.00    0.00   clock clk (rise edge)
                          0.00    0.00   clock network delay (ideal)
                  0.00    0.00    0.00 ^ _2972_/CLK (sky130_fd_sc_hd__dfrtp_2)
     4    0.02    0.07    0.41    0.41 v _2972_/Q (sky130_fd_sc_hd__dfrtp_2)
                                         imem.address[13] (net)
                  0.07    0.00    0.41 v _1502_/A (sky130_fd_sc_hd__or4_2)
     3    0.01    0.14    0.72    1.13 v _1502_/X (sky130_fd_sc_hd__or4_2)
                                         _0382_ (net)
                  0.14    0.00    1.13 v _1506_/A_N (sky130_fd_sc_hd__and4bb_2)
     9    0.02    0.12    0.39    1.52 ^ _1506_/X (sky130_fd_sc_hd__and4bb_2)
                                         _0386_ (net)
                  0.12    0.00    1.52 ^ _1507_/B (sky130_fd_sc_hd__and2_2)
     1    0.00    0.04    0.15    1.67 ^ _1507_/X (sky130_fd_sc_hd__and2_2)
                                         _0387_ (net)
                  0.04    0.00    1.67 ^ _1508_/A (sky130_fd_sc_hd__buf_4)
     8    0.03    0.08    0.14    1.81 ^ _1508_/X (sky130_fd_sc_hd__buf_4)
                                         _0388_ (net)
                  0.08    0.00    1.81 ^ _1509_/B1 (sky130_fd_sc_hd__o21ai_2)
     4    0.01    0.08    0.07    1.88 v _1509_/Y (sky130_fd_sc_hd__o21ai_2)
                                         _0389_ (net)
                  0.08    0.00    1.88 v _1510_/A (sky130_fd_sc_hd__buf_2)
    10    0.05    0.12    0.22    2.10 v _1510_/X (sky130_fd_sc_hd__buf_2)
                                         _0390_ (net)
                  0.12    0.00    2.10 v _1700_/A (sky130_fd_sc_hd__or3_2)
     7    0.02    0.14    0.59    2.69 v _1700_/X (sky130_fd_sc_hd__or3_2)
                                         _0516_ (net)
                  0.14    0.00    2.69 v _1710_/A1 (sky130_fd_sc_hd__a21o_2)
     1    0.00    0.03    0.21    2.91 v _1710_/X (sky130_fd_sc_hd__a21o_2)
                                         _0526_ (net)
                  0.03    0.00    2.91 v _1711_/D (sky130_fd_sc_hd__or4_2)
     4    0.01    0.14    0.60    3.50 v _1711_/X (sky130_fd_sc_hd__or4_2)
                                         _0527_ (net)
                  0.14    0.00    3.50 v _1720_/A (sky130_fd_sc_hd__or4_2)
     5    0.02    0.16    0.78    4.28 v _1720_/X (sky130_fd_sc_hd__or4_2)
                                         _0536_ (net)
                  0.16    0.00    4.28 v _1726_/B (sky130_fd_sc_hd__nor4_2)
    10    0.04    0.95    0.85    5.13 ^ _1726_/Y (sky130_fd_sc_hd__nor4_2)
                                         _0542_ (net)
                  0.95    0.00    5.13 ^ _1811_/A (sky130_fd_sc_hd__nand2_2)
     3    0.02    0.21    0.20    5.33 v _1811_/Y (sky130_fd_sc_hd__nand2_2)
                                         _0627_ (net)
                  0.21    0.00    5.33 v _1812_/C (sky130_fd_sc_hd__and3b_2)
     3    0.01    0.05    0.30    5.63 v _1812_/X (sky130_fd_sc_hd__and3b_2)
                                         _0628_ (net)
                  0.05    0.00    5.63 v _1821_/A (sky130_fd_sc_hd__or4_2)
     3    0.01    0.11    0.67    6.30 v _1821_/X (sky130_fd_sc_hd__or4_2)
                                         _0637_ (net)
                  0.11    0.00    6.30 v _1835_/A (sky130_fd_sc_hd__or4b_2)
     1    0.00    0.11    0.69    7.00 v _1835_/X (sky130_fd_sc_hd__or4b_2)
                                         _0651_ (net)
                  0.11    0.00    7.00 v _1914_/A (sky130_fd_sc_hd__nor3_2)
     3    0.01    0.24    0.28    7.28 ^ _1914_/Y (sky130_fd_sc_hd__nor3_2)
                                         _0730_ (net)
                  0.24    0.00    7.28 ^ _1936_/A1 (sky130_fd_sc_hd__o21ai_2)
     5    0.02    0.10    0.15    7.42 v _1936_/Y (sky130_fd_sc_hd__o21ai_2)
                                         _0752_ (net)
                  0.10    0.00    7.42 v _2362_/A2 (sky130_fd_sc_hd__a21o_2)
     2    0.00    0.04    0.23    7.65 v _2362_/X (sky130_fd_sc_hd__a21o_2)
                                         _1166_ (net)
                  0.04    0.00    7.65 v _2363_/A2 (sky130_fd_sc_hd__a21o_2)
     3    0.01    0.05    0.22    7.87 v _2363_/X (sky130_fd_sc_hd__a21o_2)
                                         _1167_ (net)
                  0.05    0.00    7.87 v _2371_/C (sky130_fd_sc_hd__and3b_2)
     1    0.01    0.05    0.21    8.09 v _2371_/X (sky130_fd_sc_hd__and3b_2)
                                         _1174_ (net)
                  0.05    0.00    8.09 v _2373_/B1 (sky130_fd_sc_hd__a211o_2)
     2    0.01    0.07    0.33    8.42 v _2373_/X (sky130_fd_sc_hd__a211o_2)
                                         _1176_ (net)
                  0.07    0.00    8.42 v _2374_/A1 (sky130_fd_sc_hd__mux2_2)
     1    0.00    0.05    0.26    8.69 v _2374_/X (sky130_fd_sc_hd__mux2_2)
                                         _1177_ (net)
                  0.05    0.00    8.69 v _2375_/A (sky130_fd_sc_hd__buf_1)
     1    0.00    0.02    0.08    8.77 v _2375_/X (sky130_fd_sc_hd__buf_1)
                                         _0271_ (net)
                  0.02    0.00    8.77 v _3048_/D (sky130_fd_sc_hd__dfrtp_2)
                                  8.77   data arrival time

                  0.00   10.00   10.00   clock clk (rise edge)
                          0.00   10.00   clock network delay (ideal)
                          0.00   10.00   clock reconvergence pessimism
                                 10.00 ^ _3048_/CLK (sky130_fd_sc_hd__dfrtp_2)
                         -0.12    9.88   library setup time
                                  9.88   data required time
-----------------------------------------------------------------------------
                                  9.88   data required time
                                 -8.77   data arrival time
-----------------------------------------------------------------------------
                                  1.11   slack (MET)


Startpoint: _2972_ (rising edge-triggered flip-flop clocked by clk)
Endpoint: _3053_ (rising edge-triggered flip-flop clocked by clk)
Path Group: clk
Path Type: max

Fanout     Cap    Slew   Delay    Time   Description
-----------------------------------------------------------------------------
                  0.00    0.00    0.00   clock clk (rise edge)
                          0.00    0.00   clock network delay (ideal)
                  0.00    0.00    0.00 ^ _2972_/CLK (sky130_fd_sc_hd__dfrtp_2)
     4    0.02    0.07    0.41    0.41 v _2972_/Q (sky130_fd_sc_hd__dfrtp_2)
                                         imem.address[13] (net)
                  0.07    0.00    0.41 v _1502_/A (sky130_fd_sc_hd__or4_2)
     3    0.01    0.14    0.72    1.13 v _1502_/X (sky130_fd_sc_hd__or4_2)
                                         _0382_ (net)
                  0.14    0.00    1.13 v _1506_/A_N (sky130_fd_sc_hd__and4bb_2)
     9    0.02    0.12    0.39    1.52 ^ _1506_/X (sky130_fd_sc_hd__and4bb_2)
                                         _0386_ (net)
                  0.12    0.00    1.52 ^ _1507_/B (sky130_fd_sc_hd__and2_2)
     1    0.00    0.04    0.15    1.67 ^ _1507_/X (sky130_fd_sc_hd__and2_2)
                                         _0387_ (net)
                  0.04    0.00    1.67 ^ _1508_/A (sky130_fd_sc_hd__buf_4)
     8    0.03    0.08    0.14    1.81 ^ _1508_/X (sky130_fd_sc_hd__buf_4)
                                         _0388_ (net)
                  0.08    0.00    1.81 ^ _1509_/B1 (sky130_fd_sc_hd__o21ai_2)
     4    0.01    0.08    0.07    1.88 v _1509_/Y (sky130_fd_sc_hd__o21ai_2)
                                         _0389_ (net)
                  0.08    0.00    1.88 v _1510_/A (sky130_fd_sc_hd__buf_2)
    10    0.05    0.12    0.22    2.10 v _1510_/X (sky130_fd_sc_hd__buf_2)
                                         _0390_ (net)
                  0.12    0.00    2.10 v _1700_/A (sky130_fd_sc_hd__or3_2)
     7    0.02    0.14    0.59    2.69 v _1700_/X (sky130_fd_sc_hd__or3_2)
                                         _0516_ (net)
                  0.14    0.00    2.69 v _1710_/A1 (sky130_fd_sc_hd__a21o_2)
     1    0.00    0.03    0.21    2.91 v _1710_/X (sky130_fd_sc_hd__a21o_2)
                                         _0526_ (net)
                  0.03    0.00    2.91 v _1711_/D (sky130_fd_sc_hd__or4_2)
     4    0.01    0.14    0.60    3.50 v _1711_/X (sky130_fd_sc_hd__or4_2)
                                         _0527_ (net)
                  0.14    0.00    3.50 v _1720_/A (sky130_fd_sc_hd__or4_2)
     5    0.02    0.16    0.78    4.28 v _1720_/X (sky130_fd_sc_hd__or4_2)
                                         _0536_ (net)
                  0.16    0.00    4.28 v _1726_/B (sky130_fd_sc_hd__nor4_2)
    10    0.04    0.95    0.85    5.13 ^ _1726_/Y (sky130_fd_sc_hd__nor4_2)
                                         _0542_ (net)
                  0.95    0.00    5.13 ^ _1811_/A (sky130_fd_sc_hd__nand2_2)
     3    0.02    0.21    0.20    5.33 v _1811_/Y (sky130_fd_sc_hd__nand2_2)
                                         _0627_ (net)
                  0.21    0.00    5.33 v _1812_/C (sky130_fd_sc_hd__and3b_2)
     3    0.01    0.05    0.30    5.63 v _1812_/X (sky130_fd_sc_hd__and3b_2)
                                         _0628_ (net)
                  0.05    0.00    5.63 v _1821_/A (sky130_fd_sc_hd__or4_2)
     3    0.01    0.11    0.67    6.30 v _1821_/X (sky130_fd_sc_hd__or4_2)
                                         _0637_ (net)
                  0.11    0.00    6.30 v _1835_/A (sky130_fd_sc_hd__or4b_2)
     1    0.00    0.11    0.69    7.00 v _1835_/X (sky130_fd_sc_hd__or4b_2)
                                         _0651_ (net)
                  0.11    0.00    7.00 v _1914_/A (sky130_fd_sc_hd__nor3_2)
     3    0.01    0.24    0.28    7.28 ^ _1914_/Y (sky130_fd_sc_hd__nor3_2)
                                         _0730_ (net)
                  0.24    0.00    7.28 ^ _2322_/A1 (sky130_fd_sc_hd__o211a_2)
     3    0.01    0.09    0.25    7.52 ^ _2322_/X (sky130_fd_sc_hd__o211a_2)
                                         _1130_ (net)
                  0.09    0.00    7.52 ^ _2323_/A2 (sky130_fd_sc_hd__o21a_2)
     1    0.01    0.04    0.13    7.65 ^ _2323_/X (sky130_fd_sc_hd__o21a_2)
                                         _1131_ (net)
                  0.04    0.00    7.65 ^ _2324_/A2 (sky130_fd_sc_hd__o21ai_2)
     2    0.01    0.05    0.06    7.71 v _2324_/Y (sky130_fd_sc_hd__o21ai_2)
                                         _1132_ (net)
                  0.05    0.00    7.71 v _2325_/B (sky130_fd_sc_hd__nor2_2)
     2    0.01    0.10    0.10    7.81 ^ _2325_/Y (sky130_fd_sc_hd__nor2_2)
                                         _1133_ (net)
                  0.10    0.00    7.81 ^ _2326_/B1 (sky130_fd_sc_hd__a21oi_2)
     2    0.01    0.08    0.05    7.86 v _2326_/Y (sky130_fd_sc_hd__a21oi_2)
                                         _1134_ (net)
                  0.08    0.00    7.86 v _2328_/B (sky130_fd_sc_hd__or2_2)
     1    0.00    0.05    0.28    8.14 v _2328_/X (sky130_fd_sc_hd__or2_2)
                                         _1136_ (net)
                  0.05    0.00    8.14 v _2337_/A3 (sky130_fd_sc_hd__a31o_2)
     2    0.01    0.05    0.27    8.41 v _2337_/X (sky130_fd_sc_hd__a31o_2)
                                         _1145_ (net)
                  0.05    0.00    8.41 v _2338_/A1 (sky130_fd_sc_hd__mux2_2)
     1    0.00    0.05    0.26    8.66 v _2338_/X (sky130_fd_sc_hd__mux2_2)
                                         _1146_ (net)
                  0.05    0.00    8.66 v _2339_/A (sky130_fd_sc_hd__buf_1)
     1    0.00    0.02    0.09    8.75 v _2339_/X (sky130_fd_sc_hd__buf_1)
                                         _0276_ (net)
                  0.02    0.00    8.75 v _3053_/D (sky130_fd_sc_hd__dfrtp_2)
                                  8.75   data arrival time

                  0.00   10.00   10.00   clock clk (rise edge)
                          0.00   10.00   clock network delay (ideal)
                          0.00   10.00   clock reconvergence pessimism
                                 10.00 ^ _3053_/CLK (sky130_fd_sc_hd__dfrtp_2)
                         -0.12    9.88   library setup time
                                  9.88   data required time
-----------------------------------------------------------------------------
                                  9.88   data required time
                                 -8.75   data arrival time
-----------------------------------------------------------------------------
                                  1.14   slack (MET)


Startpoint: _2972_ (rising edge-triggered flip-flop clocked by clk)
Endpoint: _3052_ (rising edge-triggered flip-flop clocked by clk)
Path Group: clk
Path Type: max

Fanout     Cap    Slew   Delay    Time   Description
-----------------------------------------------------------------------------
                  0.00    0.00    0.00   clock clk (rise edge)
                          0.00    0.00   clock network delay (ideal)
                  0.00    0.00    0.00 ^ _2972_/CLK (sky130_fd_sc_hd__dfrtp_2)
     4    0.02    0.07    0.41    0.41 v _2972_/Q (sky130_fd_sc_hd__dfrtp_2)
                                         imem.address[13] (net)
                  0.07    0.00    0.41 v _1502_/A (sky130_fd_sc_hd__or4_2)
     3    0.01    0.14    0.72    1.13 v _1502_/X (sky130_fd_sc_hd__or4_2)
                                         _0382_ (net)
                  0.14    0.00    1.13 v _1506_/A_N (sky130_fd_sc_hd__and4bb_2)
     9    0.02    0.12    0.39    1.52 ^ _1506_/X (sky130_fd_sc_hd__and4bb_2)
                                         _0386_ (net)
                  0.12    0.00    1.52 ^ _1507_/B (sky130_fd_sc_hd__and2_2)
     1    0.00    0.04    0.15    1.67 ^ _1507_/X (sky130_fd_sc_hd__and2_2)
                                         _0387_ (net)
                  0.04    0.00    1.67 ^ _1508_/A (sky130_fd_sc_hd__buf_4)
     8    0.03    0.08    0.14    1.81 ^ _1508_/X (sky130_fd_sc_hd__buf_4)
                                         _0388_ (net)
                  0.08    0.00    1.81 ^ _1509_/B1 (sky130_fd_sc_hd__o21ai_2)
     4    0.01    0.08    0.07    1.88 v _1509_/Y (sky130_fd_sc_hd__o21ai_2)
                                         _0389_ (net)
                  0.08    0.00    1.88 v _1510_/A (sky130_fd_sc_hd__buf_2)
    10    0.05    0.12    0.22    2.10 v _1510_/X (sky130_fd_sc_hd__buf_2)
                                         _0390_ (net)
                  0.12    0.00    2.10 v _1700_/A (sky130_fd_sc_hd__or3_2)
     7    0.02    0.14    0.59    2.69 v _1700_/X (sky130_fd_sc_hd__or3_2)
                                         _0516_ (net)
                  0.14    0.00    2.69 v _1710_/A1 (sky130_fd_sc_hd__a21o_2)
     1    0.00    0.03    0.21    2.91 v _1710_/X (sky130_fd_sc_hd__a21o_2)
                                         _0526_ (net)
                  0.03    0.00    2.91 v _1711_/D (sky130_fd_sc_hd__or4_2)
     4    0.01    0.14    0.60    3.50 v _1711_/X (sky130_fd_sc_hd__or4_2)
                                         _0527_ (net)
                  0.14    0.00    3.50 v _1720_/A (sky130_fd_sc_hd__or4_2)
     5    0.02    0.16    0.78    4.28 v _1720_/X (sky130_fd_sc_hd__or4_2)
                                         _0536_ (net)
                  0.16    0.00    4.28 v _1726_/B (sky130_fd_sc_hd__nor4_2)
    10    0.04    0.95    0.85    5.13 ^ _1726_/Y (sky130_fd_sc_hd__nor4_2)
                                         _0542_ (net)
                  0.95    0.00    5.13 ^ _1811_/A (sky130_fd_sc_hd__nand2_2)
     3    0.02    0.21    0.20    5.33 v _1811_/Y (sky130_fd_sc_hd__nand2_2)
                                         _0627_ (net)
                  0.21    0.00    5.33 v _1812_/C (sky130_fd_sc_hd__and3b_2)
     3    0.01    0.05    0.30    5.63 v _1812_/X (sky130_fd_sc_hd__and3b_2)
                                         _0628_ (net)
                  0.05    0.00    5.63 v _1821_/A (sky130_fd_sc_hd__or4_2)
     3    0.01    0.11    0.67    6.30 v _1821_/X (sky130_fd_sc_hd__or4_2)
                                         _0637_ (net)
                  0.11    0.00    6.30 v _1835_/A (sky130_fd_sc_hd__or4b_2)
     1    0.00    0.11    0.69    7.00 v _1835_/X (sky130_fd_sc_hd__or4b_2)
                                         _0651_ (net)
                  0.11    0.00    7.00 v _1914_/A (sky130_fd_sc_hd__nor3_2)
     3    0.01    0.24    0.28    7.28 ^ _1914_/Y (sky130_fd_sc_hd__nor3_2)
                                         _0730_ (net)
                  0.24    0.00    7.28 ^ _2322_/A1 (sky130_fd_sc_hd__o211a_2)
     3    0.01    0.09    0.25    7.52 ^ _2322_/X (sky130_fd_sc_hd__o211a_2)
                                         _1130_ (net)
                  0.09    0.00    7.52 ^ _2323_/A2 (sky130_fd_sc_hd__o21a_2)
     1    0.01    0.04    0.13    7.65 ^ _2323_/X (sky130_fd_sc_hd__o21a_2)
                                         _1131_ (net)
                  0.04    0.00    7.65 ^ _2324_/A2 (sky130_fd_sc_hd__o21ai_2)
     2    0.01    0.05    0.06    7.71 v _2324_/Y (sky130_fd_sc_hd__o21ai_2)
                                         _1132_ (net)
                  0.05    0.00    7.71 v _2325_/B (sky130_fd_sc_hd__nor2_2)
     2    0.01    0.10    0.10    7.81 ^ _2325_/Y (sky130_fd_sc_hd__nor2_2)
                                         _1133_ (net)
                  0.10    0.00    7.81 ^ _2341_/A_N (sky130_fd_sc_hd__and3b_2)
     1    0.01    0.05    0.23    8.04 v _2341_/X (sky130_fd_sc_hd__and3b_2)
                                         _1148_ (net)
                  0.05    0.00    8.04 v _2343_/B1 (sky130_fd_sc_hd__a211o_2)
     2    0.01    0.06    0.32    8.36 v _2343_/X (sky130_fd_sc_hd__a211o_2)
                                         _1150_ (net)
                  0.06    0.00    8.36 v _2344_/A1 (sky130_fd_sc_hd__mux2_2)
     1    0.00    0.05    0.26    8.62 v _2344_/X (sky130_fd_sc_hd__mux2_2)
                                         _1151_ (net)
                  0.05    0.00    8.62 v _2345_/A (sky130_fd_sc_hd__buf_1)
     1    0.00    0.02    0.08    8.70 v _2345_/X (sky130_fd_sc_hd__buf_1)
                                         _0275_ (net)
                  0.02    0.00    8.70 v _3052_/D (sky130_fd_sc_hd__dfrtp_2)
                                  8.70   data arrival time

                  0.00   10.00   10.00   clock clk (rise edge)
                          0.00   10.00   clock network delay (ideal)
                          0.00   10.00   clock reconvergence pessimism
                                 10.00 ^ _3052_/CLK (sky130_fd_sc_hd__dfrtp_2)
                         -0.12    9.88   library setup time
                                  9.88   data required time
-----------------------------------------------------------------------------
                                  9.88   data required time
                                 -8.70   data arrival time
-----------------------------------------------------------------------------
                                  1.18   slack (MET)


Startpoint: _2972_ (rising edge-triggered flip-flop clocked by clk)
Endpoint: _3051_ (rising edge-triggered flip-flop clocked by clk)
Path Group: clk
Path Type: max

Fanout     Cap    Slew   Delay    Time   Description
-----------------------------------------------------------------------------
                  0.00    0.00    0.00   clock clk (rise edge)
                          0.00    0.00   clock network delay (ideal)
                  0.00    0.00    0.00 ^ _2972_/CLK (sky130_fd_sc_hd__dfrtp_2)
     4    0.02    0.07    0.41    0.41 v _2972_/Q (sky130_fd_sc_hd__dfrtp_2)
                                         imem.address[13] (net)
                  0.07    0.00    0.41 v _1502_/A (sky130_fd_sc_hd__or4_2)
     3    0.01    0.14    0.72    1.13 v _1502_/X (sky130_fd_sc_hd__or4_2)
                                         _0382_ (net)
                  0.14    0.00    1.13 v _1506_/A_N (sky130_fd_sc_hd__and4bb_2)
     9    0.02    0.12    0.39    1.52 ^ _1506_/X (sky130_fd_sc_hd__and4bb_2)
                                         _0386_ (net)
                  0.12    0.00    1.52 ^ _1507_/B (sky130_fd_sc_hd__and2_2)
     1    0.00    0.04    0.15    1.67 ^ _1507_/X (sky130_fd_sc_hd__and2_2)
                                         _0387_ (net)
                  0.04    0.00    1.67 ^ _1508_/A (sky130_fd_sc_hd__buf_4)
     8    0.03    0.08    0.14    1.81 ^ _1508_/X (sky130_fd_sc_hd__buf_4)
                                         _0388_ (net)
                  0.08    0.00    1.81 ^ _1509_/B1 (sky130_fd_sc_hd__o21ai_2)
     4    0.01    0.08    0.07    1.88 v _1509_/Y (sky130_fd_sc_hd__o21ai_2)
                                         _0389_ (net)
                  0.08    0.00    1.88 v _1510_/A (sky130_fd_sc_hd__buf_2)
    10    0.05    0.12    0.22    2.10 v _1510_/X (sky130_fd_sc_hd__buf_2)
                                         _0390_ (net)
                  0.12    0.00    2.10 v _1700_/A (sky130_fd_sc_hd__or3_2)
     7    0.02    0.14    0.59    2.69 v _1700_/X (sky130_fd_sc_hd__or3_2)
                                         _0516_ (net)
                  0.14    0.00    2.69 v _1710_/A1 (sky130_fd_sc_hd__a21o_2)
     1    0.00    0.03    0.21    2.91 v _1710_/X (sky130_fd_sc_hd__a21o_2)
                                         _0526_ (net)
                  0.03    0.00    2.91 v _1711_/D (sky130_fd_sc_hd__or4_2)
     4    0.01    0.14    0.60    3.50 v _1711_/X (sky130_fd_sc_hd__or4_2)
                                         _0527_ (net)
                  0.14    0.00    3.50 v _1720_/A (sky130_fd_sc_hd__or4_2)
     5    0.02    0.16    0.78    4.28 v _1720_/X (sky130_fd_sc_hd__or4_2)
                                         _0536_ (net)
                  0.16    0.00    4.28 v _1726_/B (sky130_fd_sc_hd__nor4_2)
    10    0.04    0.95    0.85    5.13 ^ _1726_/Y (sky130_fd_sc_hd__nor4_2)
                                         _0542_ (net)
                  0.95    0.00    5.13 ^ _1811_/A (sky130_fd_sc_hd__nand2_2)
     3    0.02    0.21    0.20    5.33 v _1811_/Y (sky130_fd_sc_hd__nand2_2)
                                         _0627_ (net)
                  0.21    0.00    5.33 v _1812_/C (sky130_fd_sc_hd__and3b_2)
     3    0.01    0.05    0.30    5.63 v _1812_/X (sky130_fd_sc_hd__and3b_2)
                                         _0628_ (net)
                  0.05    0.00    5.63 v _1821_/A (sky130_fd_sc_hd__or4_2)
     3    0.01    0.11    0.67    6.30 v _1821_/X (sky130_fd_sc_hd__or4_2)
                                         _0637_ (net)
                  0.11    0.00    6.30 v _1835_/A (sky130_fd_sc_hd__or4b_2)
     1    0.00    0.11    0.69    7.00 v _1835_/X (sky130_fd_sc_hd__or4b_2)
                                         _0651_ (net)
                  0.11    0.00    7.00 v _1914_/A (sky130_fd_sc_hd__nor3_2)
     3    0.01    0.24    0.28    7.28 ^ _1914_/Y (sky130_fd_sc_hd__nor3_2)
                                         _0730_ (net)
                  0.24    0.00    7.28 ^ _2322_/A1 (sky130_fd_sc_hd__o211a_2)
     3    0.01    0.09    0.25    7.52 ^ _2322_/X (sky130_fd_sc_hd__o211a_2)
                                         _1130_ (net)
                  0.09    0.00    7.52 ^ _2346_/A2 (sky130_fd_sc_hd__o21ai_2)
     3    0.01    0.08    0.07    7.60 v _2346_/Y (sky130_fd_sc_hd__o21ai_2)
                                         _1152_ (net)
                  0.08    0.00    7.60 v _2347_/A2 (sky130_fd_sc_hd__a21o_2)
     1    0.00    0.03    0.22    7.81 v _2347_/X (sky130_fd_sc_hd__a21o_2)
                                         _1153_ (net)
                  0.03    0.00    7.81 v _2351_/A2 (sky130_fd_sc_hd__a31o_2)
     2    0.01    0.05    0.24    8.06 v _2351_/X (sky130_fd_sc_hd__a31o_2)
                                         _1157_ (net)
                  0.05    0.00    8.06 v _2353_/A1 (sky130_fd_sc_hd__mux2_2)
     1    0.00    0.05    0.26    8.31 v _2353_/X (sky130_fd_sc_hd__mux2_2)
                                         _1159_ (net)
                  0.05    0.00    8.31 v _2354_/A (sky130_fd_sc_hd__buf_1)
     1    0.00    0.02    0.09    8.40 v _2354_/X (sky130_fd_sc_hd__buf_1)
                                         _0274_ (net)
                  0.02    0.00    8.40 v _3051_/D (sky130_fd_sc_hd__dfrtp_2)
                                  8.40   data arrival time

                  0.00   10.00   10.00   clock clk (rise edge)
                          0.00   10.00   clock network delay (ideal)
                          0.00   10.00   clock reconvergence pessimism
                                 10.00 ^ _3051_/CLK (sky130_fd_sc_hd__dfrtp_2)
                         -0.12    9.88   library setup time
                                  9.88   data required time
-----------------------------------------------------------------------------
                                  9.88   data required time
                                 -8.40   data arrival time
-----------------------------------------------------------------------------
                                  1.48   slack (MET)


Startpoint: _2972_ (rising edge-triggered flip-flop clocked by clk)
Endpoint: _3047_ (rising edge-triggered flip-flop clocked by clk)
Path Group: clk
Path Type: max

Fanout     Cap    Slew   Delay    Time   Description
-----------------------------------------------------------------------------
                  0.00    0.00    0.00   clock clk (rise edge)
                          0.00    0.00   clock network delay (ideal)
                  0.00    0.00    0.00 ^ _2972_/CLK (sky130_fd_sc_hd__dfrtp_2)
     4    0.02    0.07    0.41    0.41 v _2972_/Q (sky130_fd_sc_hd__dfrtp_2)
                                         imem.address[13] (net)
                  0.07    0.00    0.41 v _1502_/A (sky130_fd_sc_hd__or4_2)
     3    0.01    0.14    0.72    1.13 v _1502_/X (sky130_fd_sc_hd__or4_2)
                                         _0382_ (net)
                  0.14    0.00    1.13 v _1506_/A_N (sky130_fd_sc_hd__and4bb_2)
     9    0.02    0.12    0.39    1.52 ^ _1506_/X (sky130_fd_sc_hd__and4bb_2)
                                         _0386_ (net)
                  0.12    0.00    1.52 ^ _1507_/B (sky130_fd_sc_hd__and2_2)
     1    0.00    0.04    0.15    1.67 ^ _1507_/X (sky130_fd_sc_hd__and2_2)
                                         _0387_ (net)
                  0.04    0.00    1.67 ^ _1508_/A (sky130_fd_sc_hd__buf_4)
     8    0.03    0.08    0.14    1.81 ^ _1508_/X (sky130_fd_sc_hd__buf_4)
                                         _0388_ (net)
                  0.08    0.00    1.81 ^ _1509_/B1 (sky130_fd_sc_hd__o21ai_2)
     4    0.01    0.08    0.07    1.88 v _1509_/Y (sky130_fd_sc_hd__o21ai_2)
                                         _0389_ (net)
                  0.08    0.00    1.88 v _1510_/A (sky130_fd_sc_hd__buf_2)
    10    0.05    0.12    0.22    2.10 v _1510_/X (sky130_fd_sc_hd__buf_2)
                                         _0390_ (net)
                  0.12    0.00    2.10 v _1700_/A (sky130_fd_sc_hd__or3_2)
     7    0.02    0.14    0.59    2.69 v _1700_/X (sky130_fd_sc_hd__or3_2)
                                         _0516_ (net)
                  0.14    0.00    2.69 v _1710_/A1 (sky130_fd_sc_hd__a21o_2)
     1    0.00    0.03    0.21    2.91 v _1710_/X (sky130_fd_sc_hd__a21o_2)
                                         _0526_ (net)
                  0.03    0.00    2.91 v _1711_/D (sky130_fd_sc_hd__or4_2)
     4    0.01    0.14    0.60    3.50 v _1711_/X (sky130_fd_sc_hd__or4_2)
                                         _0527_ (net)
                  0.14    0.00    3.50 v _1720_/A (sky130_fd_sc_hd__or4_2)
     5    0.02    0.16    0.78    4.28 v _1720_/X (sky130_fd_sc_hd__or4_2)
                                         _0536_ (net)
                  0.16    0.00    4.28 v _1726_/B (sky130_fd_sc_hd__nor4_2)
    10    0.04    0.95    0.85    5.13 ^ _1726_/Y (sky130_fd_sc_hd__nor4_2)
                                         _0542_ (net)
                  0.95    0.00    5.13 ^ _1811_/A (sky130_fd_sc_hd__nand2_2)
     3    0.02    0.21    0.20    5.33 v _1811_/Y (sky130_fd_sc_hd__nand2_2)
                                         _0627_ (net)
                  0.21    0.00    5.33 v _1812_/C (sky130_fd_sc_hd__and3b_2)
     3    0.01    0.05    0.30    5.63 v _1812_/X (sky130_fd_sc_hd__and3b_2)
                                         _0628_ (net)
                  0.05    0.00    5.63 v _1821_/A (sky130_fd_sc_hd__or4_2)
     3    0.01    0.11    0.67    6.30 v _1821_/X (sky130_fd_sc_hd__or4_2)
                                         _0637_ (net)
                  0.11    0.00    6.30 v _1835_/A (sky130_fd_sc_hd__or4b_2)
     1    0.00    0.11    0.69    7.00 v _1835_/X (sky130_fd_sc_hd__or4b_2)
                                         _0651_ (net)
                  0.11    0.00    7.00 v _1914_/A (sky130_fd_sc_hd__nor3_2)
     3    0.01    0.24    0.28    7.28 ^ _1914_/Y (sky130_fd_sc_hd__nor3_2)
                                         _0730_ (net)
                  0.24    0.00    7.28 ^ _1936_/A1 (sky130_fd_sc_hd__o21ai_2)
     5    0.02    0.10    0.15    7.42 v _1936_/Y (sky130_fd_sc_hd__o21ai_2)
                                         _0752_ (net)
                  0.10    0.00    7.42 v _2376_/A2 (sky130_fd_sc_hd__a21oi_2)
     1    0.00    0.10    0.16    7.58 ^ _2376_/Y (sky130_fd_sc_hd__a21oi_2)
                                         _1178_ (net)
                  0.10    0.00    7.58 ^ _2377_/B1 (sky130_fd_sc_hd__a311oi_2)
     1    0.00    0.10    0.06    7.64 v _2377_/Y (sky130_fd_sc_hd__a311oi_2)
                                         _1179_ (net)
                  0.10    0.00    7.64 v _2379_/B1 (sky130_fd_sc_hd__a211o_2)
     2    0.01    0.07    0.35    7.99 v _2379_/X (sky130_fd_sc_hd__a211o_2)
                                         _1181_ (net)
                  0.07    0.00    7.99 v _2380_/A1 (sky130_fd_sc_hd__mux2_2)
     1    0.00    0.05    0.26    8.25 v _2380_/X (sky130_fd_sc_hd__mux2_2)
                                         _1182_ (net)
                  0.05    0.00    8.25 v _2381_/A (sky130_fd_sc_hd__buf_1)
     1    0.00    0.02    0.08    8.34 v _2381_/X (sky130_fd_sc_hd__buf_1)
                                         _0270_ (net)
                  0.02    0.00    8.34 v _3047_/D (sky130_fd_sc_hd__dfrtp_2)
                                  8.34   data arrival time

                  0.00   10.00   10.00   clock clk (rise edge)
                          0.00   10.00   clock network delay (ideal)
                          0.00   10.00   clock reconvergence pessimism
                                 10.00 ^ _3047_/CLK (sky130_fd_sc_hd__dfrtp_2)
                         -0.12    9.88   library setup time
                                  9.88   data required time
-----------------------------------------------------------------------------
                                  9.88   data required time
                                 -8.34   data arrival time
-----------------------------------------------------------------------------
                                  1.54   slack (MET)


Startpoint: _2972_ (rising edge-triggered flip-flop clocked by clk)
Endpoint: _3050_ (rising edge-triggered flip-flop clocked by clk)
Path Group: clk
Path Type: max

Fanout     Cap    Slew   Delay    Time   Description
-----------------------------------------------------------------------------
                  0.00    0.00    0.00   clock clk (rise edge)
                          0.00    0.00   clock network delay (ideal)
                  0.00    0.00    0.00 ^ _2972_/CLK (sky130_fd_sc_hd__dfrtp_2)
     4    0.02    0.07    0.41    0.41 v _2972_/Q (sky130_fd_sc_hd__dfrtp_2)
                                         imem.address[13] (net)
                  0.07    0.00    0.41 v _1502_/A (sky130_fd_sc_hd__or4_2)
     3    0.01    0.14    0.72    1.13 v _1502_/X (sky130_fd_sc_hd__or4_2)
                                         _0382_ (net)
                  0.14    0.00    1.13 v _1506_/A_N (sky130_fd_sc_hd__and4bb_2)
     9    0.02    0.12    0.39    1.52 ^ _1506_/X (sky130_fd_sc_hd__and4bb_2)
                                         _0386_ (net)
                  0.12    0.00    1.52 ^ _1507_/B (sky130_fd_sc_hd__and2_2)
     1    0.00    0.04    0.15    1.67 ^ _1507_/X (sky130_fd_sc_hd__and2_2)
                                         _0387_ (net)
                  0.04    0.00    1.67 ^ _1508_/A (sky130_fd_sc_hd__buf_4)
     8    0.03    0.08    0.14    1.81 ^ _1508_/X (sky130_fd_sc_hd__buf_4)
                                         _0388_ (net)
                  0.08    0.00    1.81 ^ _1509_/B1 (sky130_fd_sc_hd__o21ai_2)
     4    0.01    0.08    0.07    1.88 v _1509_/Y (sky130_fd_sc_hd__o21ai_2)
                                         _0389_ (net)
                  0.08    0.00    1.88 v _1510_/A (sky130_fd_sc_hd__buf_2)
    10    0.05    0.12    0.22    2.10 v _1510_/X (sky130_fd_sc_hd__buf_2)
                                         _0390_ (net)
                  0.12    0.00    2.10 v _1700_/A (sky130_fd_sc_hd__or3_2)
     7    0.02    0.14    0.59    2.69 v _1700_/X (sky130_fd_sc_hd__or3_2)
                                         _0516_ (net)
                  0.14    0.00    2.69 v _1710_/A1 (sky130_fd_sc_hd__a21o_2)
     1    0.00    0.03    0.21    2.91 v _1710_/X (sky130_fd_sc_hd__a21o_2)
                                         _0526_ (net)
                  0.03    0.00    2.91 v _1711_/D (sky130_fd_sc_hd__or4_2)
     4    0.01    0.14    0.60    3.50 v _1711_/X (sky130_fd_sc_hd__or4_2)
                                         _0527_ (net)
                  0.14    0.00    3.50 v _1720_/A (sky130_fd_sc_hd__or4_2)
     5    0.02    0.16    0.78    4.28 v _1720_/X (sky130_fd_sc_hd__or4_2)
                                         _0536_ (net)
                  0.16    0.00    4.28 v _1726_/B (sky130_fd_sc_hd__nor4_2)
    10    0.04    0.95    0.85    5.13 ^ _1726_/Y (sky130_fd_sc_hd__nor4_2)
                                         _0542_ (net)
                  0.95    0.00    5.13 ^ _1811_/A (sky130_fd_sc_hd__nand2_2)
     3    0.02    0.21    0.20    5.33 v _1811_/Y (sky130_fd_sc_hd__nand2_2)
                                         _0627_ (net)
                  0.21    0.00    5.33 v _1812_/C (sky130_fd_sc_hd__and3b_2)
     3    0.01    0.05    0.30    5.63 v _1812_/X (sky130_fd_sc_hd__and3b_2)
                                         _0628_ (net)
                  0.05    0.00    5.63 v _1821_/A (sky130_fd_sc_hd__or4_2)
     3    0.01    0.11    0.67    6.30 v _1821_/X (sky130_fd_sc_hd__or4_2)
                                         _0637_ (net)
                  0.11    0.00    6.30 v _1835_/A (sky130_fd_sc_hd__or4b_2)
     1    0.00    0.11    0.69    7.00 v _1835_/X (sky130_fd_sc_hd__or4b_2)
                                         _0651_ (net)
                  0.11    0.00    7.00 v _1914_/A (sky130_fd_sc_hd__nor3_2)
     3    0.01    0.24    0.28    7.28 ^ _1914_/Y (sky130_fd_sc_hd__nor3_2)
                                         _0730_ (net)
                  0.24    0.00    7.28 ^ _2322_/A1 (sky130_fd_sc_hd__o211a_2)
     3    0.01    0.09    0.25    7.52 ^ _2322_/X (sky130_fd_sc_hd__o211a_2)
                                         _1130_ (net)
                  0.09    0.00    7.52 ^ _2346_/A2 (sky130_fd_sc_hd__o21ai_2)
     3    0.01    0.08    0.07    7.60 v _2346_/Y (sky130_fd_sc_hd__o21ai_2)
                                         _1152_ (net)
                  0.08    0.00    7.60 v _2359_/A2 (sky130_fd_sc_hd__a31o_2)
     2    0.01    0.06    0.27    7.86 v _2359_/X (sky130_fd_sc_hd__a31o_2)
                                         _1164_ (net)
                  0.06    0.00    7.86 v _2360_/A1 (sky130_fd_sc_hd__mux2_2)
     1    0.00    0.05    0.26    8.12 v _2360_/X (sky130_fd_sc_hd__mux2_2)
                                         _1165_ (net)
                  0.05    0.00    8.12 v _2361_/A (sky130_fd_sc_hd__buf_1)
     1    0.00    0.02    0.08    8.21 v _2361_/X (sky130_fd_sc_hd__buf_1)
                                         _0273_ (net)
                  0.02    0.00    8.21 v _3050_/D (sky130_fd_sc_hd__dfrtp_2)
                                  8.21   data arrival time

                  0.00   10.00   10.00   clock clk (rise edge)
                          0.00   10.00   clock network delay (ideal)
                          0.00   10.00   clock reconvergence pessimism
                                 10.00 ^ _3050_/CLK (sky130_fd_sc_hd__dfrtp_2)
                         -0.12    9.88   library setup time
                                  9.88   data required time
-----------------------------------------------------------------------------
                                  9.88   data required time
                                 -8.21   data arrival time
-----------------------------------------------------------------------------
                                  1.68   slack (MET)


Startpoint: _2972_ (rising edge-triggered flip-flop clocked by clk)
Endpoint: _3046_ (rising edge-triggered flip-flop clocked by clk)
Path Group: clk
Path Type: max

Fanout     Cap    Slew   Delay    Time   Description
-----------------------------------------------------------------------------
                  0.00    0.00    0.00   clock clk (rise edge)
                          0.00    0.00   clock network delay (ideal)
                  0.00    0.00    0.00 ^ _2972_/CLK (sky130_fd_sc_hd__dfrtp_2)
     4    0.02    0.07    0.41    0.41 v _2972_/Q (sky130_fd_sc_hd__dfrtp_2)
                                         imem.address[13] (net)
                  0.07    0.00    0.41 v _1502_/A (sky130_fd_sc_hd__or4_2)
     3    0.01    0.14    0.72    1.13 v _1502_/X (sky130_fd_sc_hd__or4_2)
                                         _0382_ (net)
                  0.14    0.00    1.13 v _1506_/A_N (sky130_fd_sc_hd__and4bb_2)
     9    0.02    0.12    0.39    1.52 ^ _1506_/X (sky130_fd_sc_hd__and4bb_2)
                                         _0386_ (net)
                  0.12    0.00    1.52 ^ _1507_/B (sky130_fd_sc_hd__and2_2)
     1    0.00    0.04    0.15    1.67 ^ _1507_/X (sky130_fd_sc_hd__and2_2)
                                         _0387_ (net)
                  0.04    0.00    1.67 ^ _1508_/A (sky130_fd_sc_hd__buf_4)
     8    0.03    0.08    0.14    1.81 ^ _1508_/X (sky130_fd_sc_hd__buf_4)
                                         _0388_ (net)
                  0.08    0.00    1.81 ^ _1509_/B1 (sky130_fd_sc_hd__o21ai_2)
     4    0.01    0.08    0.07    1.88 v _1509_/Y (sky130_fd_sc_hd__o21ai_2)
                                         _0389_ (net)
                  0.08    0.00    1.88 v _1510_/A (sky130_fd_sc_hd__buf_2)
    10    0.05    0.12    0.22    2.10 v _1510_/X (sky130_fd_sc_hd__buf_2)
                                         _0390_ (net)
                  0.12    0.00    2.10 v _1700_/A (sky130_fd_sc_hd__or3_2)
     7    0.02    0.14    0.59    2.69 v _1700_/X (sky130_fd_sc_hd__or3_2)
                                         _0516_ (net)
                  0.14    0.00    2.69 v _1710_/A1 (sky130_fd_sc_hd__a21o_2)
     1    0.00    0.03    0.21    2.91 v _1710_/X (sky130_fd_sc_hd__a21o_2)
                                         _0526_ (net)
                  0.03    0.00    2.91 v _1711_/D (sky130_fd_sc_hd__or4_2)
     4    0.01    0.14    0.60    3.50 v _1711_/X (sky130_fd_sc_hd__or4_2)
                                         _0527_ (net)
                  0.14    0.00    3.50 v _1720_/A (sky130_fd_sc_hd__or4_2)
     5    0.02    0.16    0.78    4.28 v _1720_/X (sky130_fd_sc_hd__or4_2)
                                         _0536_ (net)
                  0.16    0.00    4.28 v _1726_/B (sky130_fd_sc_hd__nor4_2)
    10    0.04    0.95    0.85    5.13 ^ _1726_/Y (sky130_fd_sc_hd__nor4_2)
                                         _0542_ (net)
                  0.95    0.00    5.13 ^ _1811_/A (sky130_fd_sc_hd__nand2_2)
     3    0.02    0.21    0.20    5.33 v _1811_/Y (sky130_fd_sc_hd__nand2_2)
                                         _0627_ (net)
                  0.21    0.00    5.33 v _1812_/C (sky130_fd_sc_hd__and3b_2)
     3    0.01    0.05    0.30    5.63 v _1812_/X (sky130_fd_sc_hd__and3b_2)
                                         _0628_ (net)
                  0.05    0.00    5.63 v _1821_/A (sky130_fd_sc_hd__or4_2)
     3    0.01    0.11    0.67    6.30 v _1821_/X (sky130_fd_sc_hd__or4_2)
                                         _0637_ (net)
                  0.11    0.00    6.30 v _1835_/A (sky130_fd_sc_hd__or4b_2)
     1    0.00    0.11    0.69    7.00 v _1835_/X (sky130_fd_sc_hd__or4b_2)
                                         _0651_ (net)
                  0.11    0.00    7.00 v _1914_/A (sky130_fd_sc_hd__nor3_2)
     3    0.01    0.24    0.28    7.28 ^ _1914_/Y (sky130_fd_sc_hd__nor3_2)
                                         _0730_ (net)
                  0.24    0.00    7.28 ^ _1936_/A1 (sky130_fd_sc_hd__o21ai_2)
     5    0.02    0.10    0.15    7.42 v _1936_/Y (sky130_fd_sc_hd__o21ai_2)
                                         _0752_ (net)
                  0.10    0.00    7.42 v _2386_/A2 (sky130_fd_sc_hd__a31o_2)
     2    0.01    0.06    0.28    7.70 v _2386_/X (sky130_fd_sc_hd__a31o_2)
                                         _1187_ (net)
                  0.06    0.00    7.70 v _2387_/A1 (sky130_fd_sc_hd__mux2_2)
     1    0.00    0.05    0.26    7.96 v _2387_/X (sky130_fd_sc_hd__mux2_2)
                                         _1188_ (net)
                  0.05    0.00    7.96 v _2388_/A (sky130_fd_sc_hd__buf_1)
     1    0.00    0.02    0.08    8.04 v _2388_/X (sky130_fd_sc_hd__buf_1)
                                         _0269_ (net)
                  0.02    0.00    8.04 v _3046_/D (sky130_fd_sc_hd__dfrtp_2)
                                  8.04   data arrival time

                  0.00   10.00   10.00   clock clk (rise edge)
                          0.00   10.00   clock network delay (ideal)
                          0.00   10.00   clock reconvergence pessimism
                                 10.00 ^ _3046_/CLK (sky130_fd_sc_hd__dfrtp_2)
                         -0.12    9.88   library setup time
                                  9.88   data required time
-----------------------------------------------------------------------------
                                  9.88   data required time
                                 -8.04   data arrival time
-----------------------------------------------------------------------------
                                  1.84   slack (MET)


Startpoint: _2972_ (rising edge-triggered flip-flop clocked by clk)
Endpoint: _3044_ (rising edge-triggered flip-flop clocked by clk)
Path Group: clk
Path Type: max

Fanout     Cap    Slew   Delay    Time   Description
-----------------------------------------------------------------------------
                  0.00    0.00    0.00   clock clk (rise edge)
                          0.00    0.00   clock network delay (ideal)
                  0.00    0.00    0.00 ^ _2972_/CLK (sky130_fd_sc_hd__dfrtp_2)
     4    0.02    0.07    0.41    0.41 v _2972_/Q (sky130_fd_sc_hd__dfrtp_2)
                                         imem.address[13] (net)
                  0.07    0.00    0.41 v _1502_/A (sky130_fd_sc_hd__or4_2)
     3    0.01    0.14    0.72    1.13 v _1502_/X (sky130_fd_sc_hd__or4_2)
                                         _0382_ (net)
                  0.14    0.00    1.13 v _1506_/A_N (sky130_fd_sc_hd__and4bb_2)
     9    0.02    0.12    0.39    1.52 ^ _1506_/X (sky130_fd_sc_hd__and4bb_2)
                                         _0386_ (net)
                  0.12    0.00    1.52 ^ _1507_/B (sky130_fd_sc_hd__and2_2)
     1    0.00    0.04    0.15    1.67 ^ _1507_/X (sky130_fd_sc_hd__and2_2)
                                         _0387_ (net)
                  0.04    0.00    1.67 ^ _1508_/A (sky130_fd_sc_hd__buf_4)
     8    0.03    0.08    0.14    1.81 ^ _1508_/X (sky130_fd_sc_hd__buf_4)
                                         _0388_ (net)
                  0.08    0.00    1.81 ^ _1509_/B1 (sky130_fd_sc_hd__o21ai_2)
     4    0.01    0.08    0.07    1.88 v _1509_/Y (sky130_fd_sc_hd__o21ai_2)
                                         _0389_ (net)
                  0.08    0.00    1.88 v _1510_/A (sky130_fd_sc_hd__buf_2)
    10    0.05    0.12    0.22    2.10 v _1510_/X (sky130_fd_sc_hd__buf_2)
                                         _0390_ (net)
                  0.12    0.00    2.10 v _1700_/A (sky130_fd_sc_hd__or3_2)
     7    0.02    0.14    0.59    2.69 v _1700_/X (sky130_fd_sc_hd__or3_2)
                                         _0516_ (net)
                  0.14    0.00    2.69 v _1710_/A1 (sky130_fd_sc_hd__a21o_2)
     1    0.00    0.03    0.21    2.91 v _1710_/X (sky130_fd_sc_hd__a21o_2)
                                         _0526_ (net)
                  0.03    0.00    2.91 v _1711_/D (sky130_fd_sc_hd__or4_2)
     4    0.01    0.14    0.60    3.50 v _1711_/X (sky130_fd_sc_hd__or4_2)
                                         _0527_ (net)
                  0.14    0.00    3.50 v _1720_/A (sky130_fd_sc_hd__or4_2)
     5    0.02    0.16    0.78    4.28 v _1720_/X (sky130_fd_sc_hd__or4_2)
                                         _0536_ (net)
                  0.16    0.00    4.28 v _1726_/B (sky130_fd_sc_hd__nor4_2)
    10    0.04    0.95    0.85    5.13 ^ _1726_/Y (sky130_fd_sc_hd__nor4_2)
                                         _0542_ (net)
                  0.95    0.00    5.13 ^ _1892_/A (sky130_fd_sc_hd__or2_2)
     3    0.03    0.15    0.33    5.46 ^ _1892_/X (sky130_fd_sc_hd__or2_2)
                                         _0708_ (net)
                  0.15    0.00    5.47 ^ _1894_/A (sky130_fd_sc_hd__xnor2_2)
     3    0.01    0.07    0.10    5.57 v _1894_/Y (sky130_fd_sc_hd__xnor2_2)
                                         _0710_ (net)
                  0.07    0.00    5.57 v _1903_/A (sky130_fd_sc_hd__or3b_2)
     3    0.01    0.11    0.52    6.09 v _1903_/X (sky130_fd_sc_hd__or3b_2)
                                         _0719_ (net)
                  0.11    0.00    6.09 v _2389_/A (sky130_fd_sc_hd__nor4_2)
     3    0.01    0.36    0.42    6.50 ^ _2389_/Y (sky130_fd_sc_hd__nor4_2)
                                         _1189_ (net)
                  0.36    0.00    6.50 ^ _2390_/A1 (sky130_fd_sc_hd__o21a_2)
     3    0.01    0.07    0.23    6.73 ^ _2390_/X (sky130_fd_sc_hd__o21a_2)
                                         _1190_ (net)
                  0.07    0.00    6.73 ^ _2407_/A2 (sky130_fd_sc_hd__o21ai_2)
     1    0.00    0.03    0.05    6.78 v _2407_/Y (sky130_fd_sc_hd__o21ai_2)
                                         _1206_ (net)
                  0.03    0.00    6.78 v _2408_/A2 (sky130_fd_sc_hd__a2111o_2)
     1    0.00    0.07    0.45    7.24 v _2408_/X (sky130_fd_sc_hd__a2111o_2)
                                         _1207_ (net)
                  0.07    0.00    7.24 v _2409_/B1_N (sky130_fd_sc_hd__a21bo_2)
     2    0.01    0.07    0.22    7.45 ^ _2409_/X (sky130_fd_sc_hd__a21bo_2)
                                         _1208_ (net)
                  0.07    0.00    7.45 ^ _2410_/A1 (sky130_fd_sc_hd__mux2_2)
     1    0.00    0.04    0.14    7.59 ^ _2410_/X (sky130_fd_sc_hd__mux2_2)
                                         _1209_ (net)
                  0.04    0.00    7.59 ^ _2411_/A (sky130_fd_sc_hd__buf_1)
     1    0.00    0.04    0.07    7.67 ^ _2411_/X (sky130_fd_sc_hd__buf_1)
                                         _0267_ (net)
                  0.04    0.00    7.67 ^ _3044_/D (sky130_fd_sc_hd__dfrtp_2)
                                  7.67   data arrival time

                  0.00   10.00   10.00   clock clk (rise edge)
                          0.00   10.00   clock network delay (ideal)
                          0.00   10.00   clock reconvergence pessimism
                                 10.00 ^ _3044_/CLK (sky130_fd_sc_hd__dfrtp_2)
                         -0.07    9.93   library setup time
                                  9.93   data required time
-----------------------------------------------------------------------------
                                  9.93   data required time
                                 -7.67   data arrival time
-----------------------------------------------------------------------------
                                  2.26   slack (MET)


Startpoint: _2972_ (rising edge-triggered flip-flop clocked by clk)
Endpoint: _3045_ (rising edge-triggered flip-flop clocked by clk)
Path Group: clk
Path Type: max

Fanout     Cap    Slew   Delay    Time   Description
-----------------------------------------------------------------------------
                  0.00    0.00    0.00   clock clk (rise edge)
                          0.00    0.00   clock network delay (ideal)
                  0.00    0.00    0.00 ^ _2972_/CLK (sky130_fd_sc_hd__dfrtp_2)
     4    0.02    0.07    0.41    0.41 v _2972_/Q (sky130_fd_sc_hd__dfrtp_2)
                                         imem.address[13] (net)
                  0.07    0.00    0.41 v _1502_/A (sky130_fd_sc_hd__or4_2)
     3    0.01    0.14    0.72    1.13 v _1502_/X (sky130_fd_sc_hd__or4_2)
                                         _0382_ (net)
                  0.14    0.00    1.13 v _1506_/A_N (sky130_fd_sc_hd__and4bb_2)
     9    0.02    0.12    0.39    1.52 ^ _1506_/X (sky130_fd_sc_hd__and4bb_2)
                                         _0386_ (net)
                  0.12    0.00    1.52 ^ _1507_/B (sky130_fd_sc_hd__and2_2)
     1    0.00    0.04    0.15    1.67 ^ _1507_/X (sky130_fd_sc_hd__and2_2)
                                         _0387_ (net)
                  0.04    0.00    1.67 ^ _1508_/A (sky130_fd_sc_hd__buf_4)
     8    0.03    0.08    0.14    1.81 ^ _1508_/X (sky130_fd_sc_hd__buf_4)
                                         _0388_ (net)
                  0.08    0.00    1.81 ^ _1509_/B1 (sky130_fd_sc_hd__o21ai_2)
     4    0.01    0.08    0.07    1.88 v _1509_/Y (sky130_fd_sc_hd__o21ai_2)
                                         _0389_ (net)
                  0.08    0.00    1.88 v _1510_/A (sky130_fd_sc_hd__buf_2)
    10    0.05    0.12    0.22    2.10 v _1510_/X (sky130_fd_sc_hd__buf_2)
                                         _0390_ (net)
                  0.12    0.00    2.10 v _1700_/A (sky130_fd_sc_hd__or3_2)
     7    0.02    0.14    0.59    2.69 v _1700_/X (sky130_fd_sc_hd__or3_2)
                                         _0516_ (net)
                  0.14    0.00    2.69 v _1710_/A1 (sky130_fd_sc_hd__a21o_2)
     1    0.00    0.03    0.21    2.91 v _1710_/X (sky130_fd_sc_hd__a21o_2)
                                         _0526_ (net)
                  0.03    0.00    2.91 v _1711_/D (sky130_fd_sc_hd__or4_2)
     4    0.01    0.14    0.60    3.50 v _1711_/X (sky130_fd_sc_hd__or4_2)
                                         _0527_ (net)
                  0.14    0.00    3.50 v _1720_/A (sky130_fd_sc_hd__or4_2)
     5    0.02    0.16    0.78    4.28 v _1720_/X (sky130_fd_sc_hd__or4_2)
                                         _0536_ (net)
                  0.16    0.00    4.28 v _1726_/B (sky130_fd_sc_hd__nor4_2)
    10    0.04    0.95    0.85    5.13 ^ _1726_/Y (sky130_fd_sc_hd__nor4_2)
                                         _0542_ (net)
                  0.95    0.00    5.13 ^ _1892_/A (sky130_fd_sc_hd__or2_2)
     3    0.03    0.15    0.33    5.46 ^ _1892_/X (sky130_fd_sc_hd__or2_2)
                                         _0708_ (net)
                  0.15    0.00    5.47 ^ _1894_/A (sky130_fd_sc_hd__xnor2_2)
     3    0.01    0.07    0.10    5.57 v _1894_/Y (sky130_fd_sc_hd__xnor2_2)
                                         _0710_ (net)
                  0.07    0.00    5.57 v _1903_/A (sky130_fd_sc_hd__or3b_2)
     3    0.01    0.11    0.52    6.09 v _1903_/X (sky130_fd_sc_hd__or3b_2)
                                         _0719_ (net)
                  0.11    0.00    6.09 v _2389_/A (sky130_fd_sc_hd__nor4_2)
     3    0.01    0.36    0.42    6.50 ^ _2389_/Y (sky130_fd_sc_hd__nor4_2)
                                         _1189_ (net)
                  0.36    0.00    6.50 ^ _2390_/A1 (sky130_fd_sc_hd__o21a_2)
     3    0.01    0.07    0.23    6.73 ^ _2390_/X (sky130_fd_sc_hd__o21a_2)
                                         _1190_ (net)
                  0.07    0.00    6.73 ^ _2393_/A2 (sky130_fd_sc_hd__o211a_2)
     3    0.01    0.08    0.19    6.93 ^ _2393_/X (sky130_fd_sc_hd__o211a_2)
                                         _1193_ (net)
                  0.08    0.00    6.93 ^ _2395_/A2 (sky130_fd_sc_hd__o21ai_2)
     1    0.00    0.04    0.05    6.98 v _2395_/Y (sky130_fd_sc_hd__o21ai_2)
                                         _1195_ (net)
                  0.04    0.00    6.98 v _2404_/A2 (sky130_fd_sc_hd__a32o_2)
     2    0.01    0.06    0.28    7.26 v _2404_/X (sky130_fd_sc_hd__a32o_2)
                                         _1204_ (net)
                  0.06    0.00    7.26 v _2405_/A1 (sky130_fd_sc_hd__mux2_2)
     1    0.00    0.05    0.26    7.51 v _2405_/X (sky130_fd_sc_hd__mux2_2)
                                         _1205_ (net)
                  0.05    0.00    7.51 v _2406_/A (sky130_fd_sc_hd__buf_1)
     1    0.00    0.02    0.08    7.60 v _2406_/X (sky130_fd_sc_hd__buf_1)
                                         _0268_ (net)
                  0.02    0.00    7.60 v _3045_/D (sky130_fd_sc_hd__dfrtp_2)
                                  7.60   data arrival time

                  0.00   10.00   10.00   clock clk (rise edge)
                          0.00   10.00   clock network delay (ideal)
                          0.00   10.00   clock reconvergence pessimism
                                 10.00 ^ _3045_/CLK (sky130_fd_sc_hd__dfrtp_2)
                         -0.12    9.88   library setup time
                                  9.88   data required time
-----------------------------------------------------------------------------
                                  9.88   data required time
                                 -7.60   data arrival time
-----------------------------------------------------------------------------
                                  2.28   slack (MET)


Startpoint: _2972_ (rising edge-triggered flip-flop clocked by clk)
Endpoint: _3043_ (rising edge-triggered flip-flop clocked by clk)
Path Group: clk
Path Type: max

Fanout     Cap    Slew   Delay    Time   Description
-----------------------------------------------------------------------------
                  0.00    0.00    0.00   clock clk (rise edge)
                          0.00    0.00   clock network delay (ideal)
                  0.00    0.00    0.00 ^ _2972_/CLK (sky130_fd_sc_hd__dfrtp_2)
     4    0.02    0.07    0.41    0.41 v _2972_/Q (sky130_fd_sc_hd__dfrtp_2)
                                         imem.address[13] (net)
                  0.07    0.00    0.41 v _1502_/A (sky130_fd_sc_hd__or4_2)
     3    0.01    0.14    0.72    1.13 v _1502_/X (sky130_fd_sc_hd__or4_2)
                                         _0382_ (net)
                  0.14    0.00    1.13 v _1506_/A_N (sky130_fd_sc_hd__and4bb_2)
     9    0.02    0.12    0.39    1.52 ^ _1506_/X (sky130_fd_sc_hd__and4bb_2)
                                         _0386_ (net)
                  0.12    0.00    1.52 ^ _1507_/B (sky130_fd_sc_hd__and2_2)
     1    0.00    0.04    0.15    1.67 ^ _1507_/X (sky130_fd_sc_hd__and2_2)
                                         _0387_ (net)
                  0.04    0.00    1.67 ^ _1508_/A (sky130_fd_sc_hd__buf_4)
     8    0.03    0.08    0.14    1.81 ^ _1508_/X (sky130_fd_sc_hd__buf_4)
                                         _0388_ (net)
                  0.08    0.00    1.81 ^ _1509_/B1 (sky130_fd_sc_hd__o21ai_2)
     4    0.01    0.08    0.07    1.88 v _1509_/Y (sky130_fd_sc_hd__o21ai_2)
                                         _0389_ (net)
                  0.08    0.00    1.88 v _1510_/A (sky130_fd_sc_hd__buf_2)
    10    0.05    0.12    0.22    2.10 v _1510_/X (sky130_fd_sc_hd__buf_2)
                                         _0390_ (net)
                  0.12    0.00    2.10 v _1700_/A (sky130_fd_sc_hd__or3_2)
     7    0.02    0.14    0.59    2.69 v _1700_/X (sky130_fd_sc_hd__or3_2)
                                         _0516_ (net)
                  0.14    0.00    2.69 v _1710_/A1 (sky130_fd_sc_hd__a21o_2)
     1    0.00    0.03    0.21    2.91 v _1710_/X (sky130_fd_sc_hd__a21o_2)
                                         _0526_ (net)
                  0.03    0.00    2.91 v _1711_/D (sky130_fd_sc_hd__or4_2)
     4    0.01    0.14    0.60    3.50 v _1711_/X (sky130_fd_sc_hd__or4_2)
                                         _0527_ (net)
                  0.14    0.00    3.50 v _1720_/A (sky130_fd_sc_hd__or4_2)
     5    0.02    0.16    0.78    4.28 v _1720_/X (sky130_fd_sc_hd__or4_2)
                                         _0536_ (net)
                  0.16    0.00    4.28 v _1726_/B (sky130_fd_sc_hd__nor4_2)
    10    0.04    0.95    0.85    5.13 ^ _1726_/Y (sky130_fd_sc_hd__nor4_2)
                                         _0542_ (net)
                  0.95    0.00    5.13 ^ _1892_/A (sky130_fd_sc_hd__or2_2)
     3    0.03    0.15    0.33    5.46 ^ _1892_/X (sky130_fd_sc_hd__or2_2)
                                         _0708_ (net)
                  0.15    0.00    5.47 ^ _1894_/A (sky130_fd_sc_hd__xnor2_2)
     3    0.01    0.07    0.10    5.57 v _1894_/Y (sky130_fd_sc_hd__xnor2_2)
                                         _0710_ (net)
                  0.07    0.00    5.57 v _1903_/A (sky130_fd_sc_hd__or3b_2)
     3    0.01    0.11    0.52    6.09 v _1903_/X (sky130_fd_sc_hd__or3b_2)
                                         _0719_ (net)
                  0.11    0.00    6.09 v _2389_/A (sky130_fd_sc_hd__nor4_2)
     3    0.01    0.36    0.42    6.50 ^ _2389_/Y (sky130_fd_sc_hd__nor4_2)
                                         _1189_ (net)
                  0.36    0.00    6.50 ^ _2390_/A1 (sky130_fd_sc_hd__o21a_2)
     3    0.01    0.07    0.23    6.73 ^ _2390_/X (sky130_fd_sc_hd__o21a_2)
                                         _1190_ (net)
                  0.07    0.00    6.73 ^ _2412_/B (sky130_fd_sc_hd__or2_2)
     2    0.01    0.05    0.12    6.85 ^ _2412_/X (sky130_fd_sc_hd__or2_2)
                                         _1210_ (net)
                  0.05    0.00    6.85 ^ _2414_/B (sky130_fd_sc_hd__nand2_2)
     1    0.00    0.04    0.04    6.89 v _2414_/Y (sky130_fd_sc_hd__nand2_2)
                                         _1212_ (net)
                  0.04    0.00    6.89 v _2421_/A3 (sky130_fd_sc_hd__a32o_2)
     2    0.01    0.06    0.28    7.17 v _2421_/X (sky130_fd_sc_hd__a32o_2)
                                         _1219_ (net)
                  0.06    0.00    7.17 v _2422_/A1 (sky130_fd_sc_hd__mux2_2)
     1    0.00    0.05    0.26    7.43 v _2422_/X (sky130_fd_sc_hd__mux2_2)
                                         _1220_ (net)
                  0.05    0.00    7.43 v _2423_/A (sky130_fd_sc_hd__buf_1)
     1    0.00    0.02    0.09    7.51 v _2423_/X (sky130_fd_sc_hd__buf_1)
                                         _0266_ (net)
                  0.02    0.00    7.51 v _3043_/D (sky130_fd_sc_hd__dfrtp_2)
                                  7.51   data arrival time

                  0.00   10.00   10.00   clock clk (rise edge)
                          0.00   10.00   clock network delay (ideal)
                          0.00   10.00   clock reconvergence pessimism
                                 10.00 ^ _3043_/CLK (sky130_fd_sc_hd__dfrtp_2)
                         -0.12    9.88   library setup time
                                  9.88   data required time
-----------------------------------------------------------------------------
                                  9.88   data required time
                                 -7.51   data arrival time
-----------------------------------------------------------------------------
                                  2.37   slack (MET)


Startpoint: _2972_ (rising edge-triggered flip-flop clocked by clk)
Endpoint: _3042_ (rising edge-triggered flip-flop clocked by clk)
Path Group: clk
Path Type: max

Fanout     Cap    Slew   Delay    Time   Description
-----------------------------------------------------------------------------
                  0.00    0.00    0.00   clock clk (rise edge)
                          0.00    0.00   clock network delay (ideal)
                  0.00    0.00    0.00 ^ _2972_/CLK (sky130_fd_sc_hd__dfrtp_2)
     4    0.02    0.07    0.41    0.41 v _2972_/Q (sky130_fd_sc_hd__dfrtp_2)
                                         imem.address[13] (net)
                  0.07    0.00    0.41 v _1502_/A (sky130_fd_sc_hd__or4_2)
     3    0.01    0.14    0.72    1.13 v _1502_/X (sky130_fd_sc_hd__or4_2)
                                         _0382_ (net)
                  0.14    0.00    1.13 v _1506_/A_N (sky130_fd_sc_hd__and4bb_2)
     9    0.02    0.12    0.39    1.52 ^ _1506_/X (sky130_fd_sc_hd__and4bb_2)
                                         _0386_ (net)
                  0.12    0.00    1.52 ^ _1507_/B (sky130_fd_sc_hd__and2_2)
     1    0.00    0.04    0.15    1.67 ^ _1507_/X (sky130_fd_sc_hd__and2_2)
                                         _0387_ (net)
                  0.04    0.00    1.67 ^ _1508_/A (sky130_fd_sc_hd__buf_4)
     8    0.03    0.08    0.14    1.81 ^ _1508_/X (sky130_fd_sc_hd__buf_4)
                                         _0388_ (net)
                  0.08    0.00    1.81 ^ _1509_/B1 (sky130_fd_sc_hd__o21ai_2)
     4    0.01    0.08    0.07    1.88 v _1509_/Y (sky130_fd_sc_hd__o21ai_2)
                                         _0389_ (net)
                  0.08    0.00    1.88 v _1510_/A (sky130_fd_sc_hd__buf_2)
    10    0.05    0.12    0.22    2.10 v _1510_/X (sky130_fd_sc_hd__buf_2)
                                         _0390_ (net)
                  0.12    0.00    2.10 v _1700_/A (sky130_fd_sc_hd__or3_2)
     7    0.02    0.14    0.59    2.69 v _1700_/X (sky130_fd_sc_hd__or3_2)
                                         _0516_ (net)
                  0.14    0.00    2.69 v _1710_/A1 (sky130_fd_sc_hd__a21o_2)
     1    0.00    0.03    0.21    2.91 v _1710_/X (sky130_fd_sc_hd__a21o_2)
                                         _0526_ (net)
                  0.03    0.00    2.91 v _1711_/D (sky130_fd_sc_hd__or4_2)
     4    0.01    0.14    0.60    3.50 v _1711_/X (sky130_fd_sc_hd__or4_2)
                                         _0527_ (net)
                  0.14    0.00    3.50 v _1720_/A (sky130_fd_sc_hd__or4_2)
     5    0.02    0.16    0.78    4.28 v _1720_/X (sky130_fd_sc_hd__or4_2)
                                         _0536_ (net)
                  0.16    0.00    4.28 v _1726_/B (sky130_fd_sc_hd__nor4_2)
    10    0.04    0.95    0.85    5.13 ^ _1726_/Y (sky130_fd_sc_hd__nor4_2)
                                         _0542_ (net)
                  0.95    0.00    5.13 ^ _1892_/A (sky130_fd_sc_hd__or2_2)
     3    0.03    0.15    0.33    5.46 ^ _1892_/X (sky130_fd_sc_hd__or2_2)
                                         _0708_ (net)
                  0.15    0.00    5.47 ^ _1894_/A (sky130_fd_sc_hd__xnor2_2)
     3    0.01    0.07    0.10    5.57 v _1894_/Y (sky130_fd_sc_hd__xnor2_2)
                                         _0710_ (net)
                  0.07    0.00    5.57 v _1903_/A (sky130_fd_sc_hd__or3b_2)
     3    0.01    0.11    0.52    6.09 v _1903_/X (sky130_fd_sc_hd__or3b_2)
                                         _0719_ (net)
                  0.11    0.00    6.09 v _2389_/A (sky130_fd_sc_hd__nor4_2)
     3    0.01    0.36    0.42    6.50 ^ _2389_/Y (sky130_fd_sc_hd__nor4_2)
                                         _1189_ (net)
                  0.36    0.00    6.50 ^ _2424_/A1 (sky130_fd_sc_hd__o21ai_2)
     1    0.00    0.06    0.10    6.60 v _2424_/Y (sky130_fd_sc_hd__o21ai_2)
                                         _1221_ (net)
                  0.06    0.00    6.60 v _2426_/A2 (sky130_fd_sc_hd__a32o_2)
     2    0.01    0.06    0.29    6.89 v _2426_/X (sky130_fd_sc_hd__a32o_2)
                                         _1223_ (net)
                  0.06    0.00    6.89 v _2427_/A1 (sky130_fd_sc_hd__mux2_2)
     1    0.00    0.05    0.26    7.15 v _2427_/X (sky130_fd_sc_hd__mux2_2)
                                         _1224_ (net)
                  0.05    0.00    7.15 v _2428_/A (sky130_fd_sc_hd__buf_1)
     1    0.00    0.02    0.09    7.23 v _2428_/X (sky130_fd_sc_hd__buf_1)
                                         _0265_ (net)
                  0.02    0.00    7.23 v _3042_/D (sky130_fd_sc_hd__dfrtp_2)
                                  7.23   data arrival time

                  0.00   10.00   10.00   clock clk (rise edge)
                          0.00   10.00   clock network delay (ideal)
                          0.00   10.00   clock reconvergence pessimism
                                 10.00 ^ _3042_/CLK (sky130_fd_sc_hd__dfrtp_2)
                         -0.12    9.88   library setup time
                                  9.88   data required time
-----------------------------------------------------------------------------
                                  9.88   data required time
                                 -7.23   data arrival time
-----------------------------------------------------------------------------
                                  2.65   slack (MET)


Startpoint: _2972_ (rising edge-triggered flip-flop clocked by clk)
Endpoint: _3041_ (rising edge-triggered flip-flop clocked by clk)
Path Group: clk
Path Type: max

Fanout     Cap    Slew   Delay    Time   Description
-----------------------------------------------------------------------------
                  0.00    0.00    0.00   clock clk (rise edge)
                          0.00    0.00   clock network delay (ideal)
                  0.00    0.00    0.00 ^ _2972_/CLK (sky130_fd_sc_hd__dfrtp_2)
     4    0.02    0.07    0.41    0.41 v _2972_/Q (sky130_fd_sc_hd__dfrtp_2)
                                         imem.address[13] (net)
                  0.07    0.00    0.41 v _1502_/A (sky130_fd_sc_hd__or4_2)
     3    0.01    0.14    0.72    1.13 v _1502_/X (sky130_fd_sc_hd__or4_2)
                                         _0382_ (net)
                  0.14    0.00    1.13 v _1506_/A_N (sky130_fd_sc_hd__and4bb_2)
     9    0.02    0.12    0.39    1.52 ^ _1506_/X (sky130_fd_sc_hd__and4bb_2)
                                         _0386_ (net)
                  0.12    0.00    1.52 ^ _1507_/B (sky130_fd_sc_hd__and2_2)
     1    0.00    0.04    0.15    1.67 ^ _1507_/X (sky130_fd_sc_hd__and2_2)
                                         _0387_ (net)
                  0.04    0.00    1.67 ^ _1508_/A (sky130_fd_sc_hd__buf_4)
     8    0.03    0.08    0.14    1.81 ^ _1508_/X (sky130_fd_sc_hd__buf_4)
                                         _0388_ (net)
                  0.08    0.00    1.81 ^ _1509_/B1 (sky130_fd_sc_hd__o21ai_2)
     4    0.01    0.08    0.07    1.88 v _1509_/Y (sky130_fd_sc_hd__o21ai_2)
                                         _0389_ (net)
                  0.08    0.00    1.88 v _1510_/A (sky130_fd_sc_hd__buf_2)
    10    0.05    0.12    0.22    2.10 v _1510_/X (sky130_fd_sc_hd__buf_2)
                                         _0390_ (net)
                  0.12    0.00    2.10 v _1700_/A (sky130_fd_sc_hd__or3_2)
     7    0.02    0.14    0.59    2.69 v _1700_/X (sky130_fd_sc_hd__or3_2)
                                         _0516_ (net)
                  0.14    0.00    2.69 v _1710_/A1 (sky130_fd_sc_hd__a21o_2)
     1    0.00    0.03    0.21    2.91 v _1710_/X (sky130_fd_sc_hd__a21o_2)
                                         _0526_ (net)
                  0.03    0.00    2.91 v _1711_/D (sky130_fd_sc_hd__or4_2)
     4    0.01    0.14    0.60    3.50 v _1711_/X (sky130_fd_sc_hd__or4_2)
                                         _0527_ (net)
                  0.14    0.00    3.50 v _1837_/A (sky130_fd_sc_hd__and2_2)
     1    0.00    0.03    0.20    3.70 v _1837_/X (sky130_fd_sc_hd__and2_2)
                                         _0653_ (net)
                  0.03    0.00    3.70 v _1838_/B (sky130_fd_sc_hd__or2_2)
     2    0.01    0.07    0.29    3.99 v _1838_/X (sky130_fd_sc_hd__or2_2)
                                         _0654_ (net)
                  0.07    0.00    3.99 v _1840_/A (sky130_fd_sc_hd__nand2_2)
     4    0.01    0.08    0.09    4.09 ^ _1840_/Y (sky130_fd_sc_hd__nand2_2)
                                         _0656_ (net)
                  0.08    0.00    4.09 ^ _1881_/B (sky130_fd_sc_hd__and2_2)
     2    0.00    0.04    0.14    4.23 ^ _1881_/X (sky130_fd_sc_hd__and2_2)
                                         _0697_ (net)
                  0.04    0.00    4.23 ^ _1882_/C_N (sky130_fd_sc_hd__or3b_2)
     4    0.01    0.11    0.49    4.72 v _1882_/X (sky130_fd_sc_hd__or3b_2)
                                         _0698_ (net)
                  0.11    0.00    4.72 v _1890_/A2 (sky130_fd_sc_hd__a31o_2)
     4    0.02    0.07    0.30    5.02 v _1890_/X (sky130_fd_sc_hd__a31o_2)
                                         _0706_ (net)
                  0.07    0.00    5.02 v _2429_/B (sky130_fd_sc_hd__or2_2)
     4    0.01    0.09    0.33    5.35 v _2429_/X (sky130_fd_sc_hd__or2_2)
                                         _1225_ (net)
                  0.09    0.00    5.35 v _2430_/A1 (sky130_fd_sc_hd__a21oi_2)
     2    0.01    0.12    0.15    5.50 ^ _2430_/Y (sky130_fd_sc_hd__a21oi_2)
                                         _1226_ (net)
                  0.12    0.00    5.50 ^ _2431_/B (sky130_fd_sc_hd__nand2_2)
     3    0.01    0.07    0.08    5.58 v _2431_/Y (sky130_fd_sc_hd__nand2_2)
                                         _1227_ (net)
                  0.07    0.00    5.58 v _2432_/A2 (sky130_fd_sc_hd__a21o_2)
     1    0.00    0.03    0.21    5.80 v _2432_/X (sky130_fd_sc_hd__a21o_2)
                                         _1228_ (net)
                  0.03    0.00    5.80 v _2437_/A2 (sky130_fd_sc_hd__a32o_2)
     2    0.01    0.05    0.26    6.06 v _2437_/X (sky130_fd_sc_hd__a32o_2)
                                         _1233_ (net)
                  0.05    0.00    6.06 v _2439_/A1 (sky130_fd_sc_hd__mux2_2)
     1    0.00    0.05    0.25    6.31 v _2439_/X (sky130_fd_sc_hd__mux2_2)
                                         _1235_ (net)
                  0.05    0.00    6.31 v _2440_/A (sky130_fd_sc_hd__buf_1)
     1    0.00    0.02    0.08    6.40 v _2440_/X (sky130_fd_sc_hd__buf_1)
                                         _0264_ (net)
                  0.02    0.00    6.40 v _3041_/D (sky130_fd_sc_hd__dfrtp_2)
                                  6.40   data arrival time

                  0.00   10.00   10.00   clock clk (rise edge)
                          0.00   10.00   clock network delay (ideal)
                          0.00   10.00   clock reconvergence pessimism
                                 10.00 ^ _3041_/CLK (sky130_fd_sc_hd__dfrtp_2)
                         -0.12    9.88   library setup time
                                  9.88   data required time
-----------------------------------------------------------------------------
                                  9.88   data required time
                                 -6.40   data arrival time
-----------------------------------------------------------------------------
                                  3.48   slack (MET)


Startpoint: _2972_ (rising edge-triggered flip-flop clocked by clk)
Endpoint: _3039_ (rising edge-triggered flip-flop clocked by clk)
Path Group: clk
Path Type: max

Fanout     Cap    Slew   Delay    Time   Description
-----------------------------------------------------------------------------
                  0.00    0.00    0.00   clock clk (rise edge)
                          0.00    0.00   clock network delay (ideal)
                  0.00    0.00    0.00 ^ _2972_/CLK (sky130_fd_sc_hd__dfrtp_2)
     4    0.02    0.07    0.41    0.41 v _2972_/Q (sky130_fd_sc_hd__dfrtp_2)
                                         imem.address[13] (net)
                  0.07    0.00    0.41 v _1502_/A (sky130_fd_sc_hd__or4_2)
     3    0.01    0.14    0.72    1.13 v _1502_/X (sky130_fd_sc_hd__or4_2)
                                         _0382_ (net)
                  0.14    0.00    1.13 v _1506_/A_N (sky130_fd_sc_hd__and4bb_2)
     9    0.02    0.12    0.39    1.52 ^ _1506_/X (sky130_fd_sc_hd__and4bb_2)
                                         _0386_ (net)
                  0.12    0.00    1.52 ^ _1507_/B (sky130_fd_sc_hd__and2_2)
     1    0.00    0.04    0.15    1.67 ^ _1507_/X (sky130_fd_sc_hd__and2_2)
                                         _0387_ (net)
                  0.04    0.00    1.67 ^ _1508_/A (sky130_fd_sc_hd__buf_4)
     8    0.03    0.08    0.14    1.81 ^ _1508_/X (sky130_fd_sc_hd__buf_4)
                                         _0388_ (net)
                  0.08    0.00    1.81 ^ _1509_/B1 (sky130_fd_sc_hd__o21ai_2)
     4    0.01    0.08    0.07    1.88 v _1509_/Y (sky130_fd_sc_hd__o21ai_2)
                                         _0389_ (net)
                  0.08    0.00    1.88 v _1510_/A (sky130_fd_sc_hd__buf_2)
    10    0.05    0.12    0.22    2.10 v _1510_/X (sky130_fd_sc_hd__buf_2)
                                         _0390_ (net)
                  0.12    0.00    2.10 v _1700_/A (sky130_fd_sc_hd__or3_2)
     7    0.02    0.14    0.59    2.69 v _1700_/X (sky130_fd_sc_hd__or3_2)
                                         _0516_ (net)
                  0.14    0.00    2.69 v _1710_/A1 (sky130_fd_sc_hd__a21o_2)
     1    0.00    0.03    0.21    2.91 v _1710_/X (sky130_fd_sc_hd__a21o_2)
                                         _0526_ (net)
                  0.03    0.00    2.91 v _1711_/D (sky130_fd_sc_hd__or4_2)
     4    0.01    0.14    0.60    3.50 v _1711_/X (sky130_fd_sc_hd__or4_2)
                                         _0527_ (net)
                  0.14    0.00    3.50 v _1837_/A (sky130_fd_sc_hd__and2_2)
     1    0.00    0.03    0.20    3.70 v _1837_/X (sky130_fd_sc_hd__and2_2)
                                         _0653_ (net)
                  0.03    0.00    3.70 v _1838_/B (sky130_fd_sc_hd__or2_2)
     2    0.01    0.07    0.29    3.99 v _1838_/X (sky130_fd_sc_hd__or2_2)
                                         _0654_ (net)
                  0.07    0.00    3.99 v _1840_/A (sky130_fd_sc_hd__nand2_2)
     4    0.01    0.08    0.09    4.09 ^ _1840_/Y (sky130_fd_sc_hd__nand2_2)
                                         _0656_ (net)
                  0.08    0.00    4.09 ^ _1881_/B (sky130_fd_sc_hd__and2_2)
     2    0.00    0.04    0.14    4.23 ^ _1881_/X (sky130_fd_sc_hd__and2_2)
                                         _0697_ (net)
                  0.04    0.00    4.23 ^ _1882_/C_N (sky130_fd_sc_hd__or3b_2)
     4    0.01    0.11    0.49    4.72 v _1882_/X (sky130_fd_sc_hd__or3b_2)
                                         _0698_ (net)
                  0.11    0.00    4.72 v _1890_/A2 (sky130_fd_sc_hd__a31o_2)
     4    0.02    0.07    0.30    5.02 v _1890_/X (sky130_fd_sc_hd__a31o_2)
                                         _0706_ (net)
                  0.07    0.00    5.02 v _2429_/B (sky130_fd_sc_hd__or2_2)
     4    0.01    0.09    0.33    5.35 v _2429_/X (sky130_fd_sc_hd__or2_2)
                                         _1225_ (net)
                  0.09    0.00    5.35 v _2446_/A2 (sky130_fd_sc_hd__a211o_2)
     1    0.00    0.05    0.33    5.68 v _2446_/X (sky130_fd_sc_hd__a211o_2)
                                         _1240_ (net)
                  0.05    0.00    5.68 v _2449_/A3 (sky130_fd_sc_hd__a32o_2)
     2    0.01    0.05    0.28    5.96 v _2449_/X (sky130_fd_sc_hd__a32o_2)
                                         _1243_ (net)
                  0.05    0.00    5.96 v _2450_/A1 (sky130_fd_sc_hd__mux2_2)
     1    0.00    0.05    0.26    6.21 v _2450_/X (sky130_fd_sc_hd__mux2_2)
                                         _1244_ (net)
                  0.05    0.00    6.21 v _2451_/A (sky130_fd_sc_hd__buf_1)
     1    0.00    0.02    0.08    6.30 v _2451_/X (sky130_fd_sc_hd__buf_1)
                                         _0262_ (net)
                  0.02    0.00    6.30 v _3039_/D (sky130_fd_sc_hd__dfrtp_2)
                                  6.30   data arrival time

                  0.00   10.00   10.00   clock clk (rise edge)
                          0.00   10.00   clock network delay (ideal)
                          0.00   10.00   clock reconvergence pessimism
                                 10.00 ^ _3039_/CLK (sky130_fd_sc_hd__dfrtp_2)
                         -0.12    9.88   library setup time
                                  9.88   data required time
-----------------------------------------------------------------------------
                                  9.88   data required time
                                 -6.30   data arrival time
-----------------------------------------------------------------------------
                                  3.59   slack (MET)


Startpoint: _2972_ (rising edge-triggered flip-flop clocked by clk)
Endpoint: _3040_ (rising edge-triggered flip-flop clocked by clk)
Path Group: clk
Path Type: max

Fanout     Cap    Slew   Delay    Time   Description
-----------------------------------------------------------------------------
                  0.00    0.00    0.00   clock clk (rise edge)
                          0.00    0.00   clock network delay (ideal)
                  0.00    0.00    0.00 ^ _2972_/CLK (sky130_fd_sc_hd__dfrtp_2)
     4    0.02    0.07    0.41    0.41 v _2972_/Q (sky130_fd_sc_hd__dfrtp_2)
                                         imem.address[13] (net)
                  0.07    0.00    0.41 v _1502_/A (sky130_fd_sc_hd__or4_2)
     3    0.01    0.14    0.72    1.13 v _1502_/X (sky130_fd_sc_hd__or4_2)
                                         _0382_ (net)
                  0.14    0.00    1.13 v _1506_/A_N (sky130_fd_sc_hd__and4bb_2)
     9    0.02    0.12    0.39    1.52 ^ _1506_/X (sky130_fd_sc_hd__and4bb_2)
                                         _0386_ (net)
                  0.12    0.00    1.52 ^ _1507_/B (sky130_fd_sc_hd__and2_2)
     1    0.00    0.04    0.15    1.67 ^ _1507_/X (sky130_fd_sc_hd__and2_2)
                                         _0387_ (net)
                  0.04    0.00    1.67 ^ _1508_/A (sky130_fd_sc_hd__buf_4)
     8    0.03    0.08    0.14    1.81 ^ _1508_/X (sky130_fd_sc_hd__buf_4)
                                         _0388_ (net)
                  0.08    0.00    1.81 ^ _1509_/B1 (sky130_fd_sc_hd__o21ai_2)
     4    0.01    0.08    0.07    1.88 v _1509_/Y (sky130_fd_sc_hd__o21ai_2)
                                         _0389_ (net)
                  0.08    0.00    1.88 v _1510_/A (sky130_fd_sc_hd__buf_2)
    10    0.05    0.12    0.22    2.10 v _1510_/X (sky130_fd_sc_hd__buf_2)
                                         _0390_ (net)
                  0.12    0.00    2.10 v _1700_/A (sky130_fd_sc_hd__or3_2)
     7    0.02    0.14    0.59    2.69 v _1700_/X (sky130_fd_sc_hd__or3_2)
                                         _0516_ (net)
                  0.14    0.00    2.69 v _1710_/A1 (sky130_fd_sc_hd__a21o_2)
     1    0.00    0.03    0.21    2.91 v _1710_/X (sky130_fd_sc_hd__a21o_2)
                                         _0526_ (net)
                  0.03    0.00    2.91 v _1711_/D (sky130_fd_sc_hd__or4_2)
     4    0.01    0.14    0.60    3.50 v _1711_/X (sky130_fd_sc_hd__or4_2)
                                         _0527_ (net)
                  0.14    0.00    3.50 v _1837_/A (sky130_fd_sc_hd__and2_2)
     1    0.00    0.03    0.20    3.70 v _1837_/X (sky130_fd_sc_hd__and2_2)
                                         _0653_ (net)
                  0.03    0.00    3.70 v _1838_/B (sky130_fd_sc_hd__or2_2)
     2    0.01    0.07    0.29    3.99 v _1838_/X (sky130_fd_sc_hd__or2_2)
                                         _0654_ (net)
                  0.07    0.00    3.99 v _1840_/A (sky130_fd_sc_hd__nand2_2)
     4    0.01    0.08    0.09    4.09 ^ _1840_/Y (sky130_fd_sc_hd__nand2_2)
                                         _0656_ (net)
                  0.08    0.00    4.09 ^ _1881_/B (sky130_fd_sc_hd__and2_2)
     2    0.00    0.04    0.14    4.23 ^ _1881_/X (sky130_fd_sc_hd__and2_2)
                                         _0697_ (net)
                  0.04    0.00    4.23 ^ _1882_/C_N (sky130_fd_sc_hd__or3b_2)
     4    0.01    0.11    0.49    4.72 v _1882_/X (sky130_fd_sc_hd__or3b_2)
                                         _0698_ (net)
                  0.11    0.00    4.72 v _1890_/A2 (sky130_fd_sc_hd__a31o_2)
     4    0.02    0.07    0.30    5.02 v _1890_/X (sky130_fd_sc_hd__a31o_2)
                                         _0706_ (net)
                  0.07    0.00    5.02 v _2429_/B (sky130_fd_sc_hd__or2_2)
     4    0.01    0.09    0.33    5.35 v _2429_/X (sky130_fd_sc_hd__or2_2)
                                         _1225_ (net)
                  0.09    0.00    5.35 v _2430_/A1 (sky130_fd_sc_hd__a21oi_2)
     2    0.01    0.12    0.15    5.50 ^ _2430_/Y (sky130_fd_sc_hd__a21oi_2)
                                         _1226_ (net)
                  0.12    0.00    5.50 ^ _2431_/B (sky130_fd_sc_hd__nand2_2)
     3    0.01    0.07    0.08    5.58 v _2431_/Y (sky130_fd_sc_hd__nand2_2)
                                         _1227_ (net)
                  0.07    0.00    5.58 v _2442_/A2 (sky130_fd_sc_hd__a32o_2)
     2    0.01    0.05    0.28    5.86 v _2442_/X (sky130_fd_sc_hd__a32o_2)
                                         _1237_ (net)
                  0.05    0.00    5.86 v _2443_/A1 (sky130_fd_sc_hd__mux2_2)
     1    0.00    0.05    0.25    6.12 v _2443_/X (sky130_fd_sc_hd__mux2_2)
                                         _1238_ (net)
                  0.05    0.00    6.12 v _2444_/A (sky130_fd_sc_hd__buf_1)
     1    0.00    0.02    0.08    6.20 v _2444_/X (sky130_fd_sc_hd__buf_1)
                                         _0263_ (net)
                  0.02    0.00    6.20 v _3040_/D (sky130_fd_sc_hd__dfrtp_2)
                                  6.20   data arrival time

                  0.00   10.00   10.00   clock clk (rise edge)
                          0.00   10.00   clock network delay (ideal)
                          0.00   10.00   clock reconvergence pessimism
                                 10.00 ^ _3040_/CLK (sky130_fd_sc_hd__dfrtp_2)
                         -0.12    9.88   library setup time
                                  9.88   data required time
-----------------------------------------------------------------------------
                                  9.88   data required time
                                 -6.20   data arrival time
-----------------------------------------------------------------------------
                                  3.68   slack (MET)


Startpoint: _2972_ (rising edge-triggered flip-flop clocked by clk)
Endpoint: _3038_ (rising edge-triggered flip-flop clocked by clk)
Path Group: clk
Path Type: max

Fanout     Cap    Slew   Delay    Time   Description
-----------------------------------------------------------------------------
                  0.00    0.00    0.00   clock clk (rise edge)
                          0.00    0.00   clock network delay (ideal)
                  0.00    0.00    0.00 ^ _2972_/CLK (sky130_fd_sc_hd__dfrtp_2)
     4    0.02    0.07    0.41    0.41 v _2972_/Q (sky130_fd_sc_hd__dfrtp_2)
                                         imem.address[13] (net)
                  0.07    0.00    0.41 v _1502_/A (sky130_fd_sc_hd__or4_2)
     3    0.01    0.14    0.72    1.13 v _1502_/X (sky130_fd_sc_hd__or4_2)
                                         _0382_ (net)
                  0.14    0.00    1.13 v _1506_/A_N (sky130_fd_sc_hd__and4bb_2)
     9    0.02    0.12    0.39    1.52 ^ _1506_/X (sky130_fd_sc_hd__and4bb_2)
                                         _0386_ (net)
                  0.12    0.00    1.52 ^ _1507_/B (sky130_fd_sc_hd__and2_2)
     1    0.00    0.04    0.15    1.67 ^ _1507_/X (sky130_fd_sc_hd__and2_2)
                                         _0387_ (net)
                  0.04    0.00    1.67 ^ _1508_/A (sky130_fd_sc_hd__buf_4)
     8    0.03    0.08    0.14    1.81 ^ _1508_/X (sky130_fd_sc_hd__buf_4)
                                         _0388_ (net)
                  0.08    0.00    1.81 ^ _1509_/B1 (sky130_fd_sc_hd__o21ai_2)
     4    0.01    0.08    0.07    1.88 v _1509_/Y (sky130_fd_sc_hd__o21ai_2)
                                         _0389_ (net)
                  0.08    0.00    1.88 v _1510_/A (sky130_fd_sc_hd__buf_2)
    10    0.05    0.12    0.22    2.10 v _1510_/X (sky130_fd_sc_hd__buf_2)
                                         _0390_ (net)
                  0.12    0.00    2.10 v _1700_/A (sky130_fd_sc_hd__or3_2)
     7    0.02    0.14    0.59    2.69 v _1700_/X (sky130_fd_sc_hd__or3_2)
                                         _0516_ (net)
                  0.14    0.00    2.69 v _1710_/A1 (sky130_fd_sc_hd__a21o_2)
     1    0.00    0.03    0.21    2.91 v _1710_/X (sky130_fd_sc_hd__a21o_2)
                                         _0526_ (net)
                  0.03    0.00    2.91 v _1711_/D (sky130_fd_sc_hd__or4_2)
     4    0.01    0.14    0.60    3.50 v _1711_/X (sky130_fd_sc_hd__or4_2)
                                         _0527_ (net)
                  0.14    0.00    3.50 v _1837_/A (sky130_fd_sc_hd__and2_2)
     1    0.00    0.03    0.20    3.70 v _1837_/X (sky130_fd_sc_hd__and2_2)
                                         _0653_ (net)
                  0.03    0.00    3.70 v _1838_/B (sky130_fd_sc_hd__or2_2)
     2    0.01    0.07    0.29    3.99 v _1838_/X (sky130_fd_sc_hd__or2_2)
                                         _0654_ (net)
                  0.07    0.00    3.99 v _1840_/A (sky130_fd_sc_hd__nand2_2)
     4    0.01    0.08    0.09    4.09 ^ _1840_/Y (sky130_fd_sc_hd__nand2_2)
                                         _0656_ (net)
                  0.08    0.00    4.09 ^ _1881_/B (sky130_fd_sc_hd__and2_2)
     2    0.00    0.04    0.14    4.23 ^ _1881_/X (sky130_fd_sc_hd__and2_2)
                                         _0697_ (net)
                  0.04    0.00    4.23 ^ _1882_/C_N (sky130_fd_sc_hd__or3b_2)
     4    0.01    0.11    0.49    4.72 v _1882_/X (sky130_fd_sc_hd__or3b_2)
                                         _0698_ (net)
                  0.11    0.00    4.72 v _1890_/A2 (sky130_fd_sc_hd__a31o_2)
     4    0.02    0.07    0.30    5.02 v _1890_/X (sky130_fd_sc_hd__a31o_2)
                                         _0706_ (net)
                  0.07    0.00    5.02 v _2429_/B (sky130_fd_sc_hd__or2_2)
     4    0.01    0.09    0.33    5.35 v _2429_/X (sky130_fd_sc_hd__or2_2)
                                         _1225_ (net)
                  0.09    0.00    5.35 v _2453_/A2 (sky130_fd_sc_hd__a32o_2)
     2    0.01    0.05    0.29    5.64 v _2453_/X (sky130_fd_sc_hd__a32o_2)
                                         _1246_ (net)
                  0.05    0.00    5.64 v _2454_/A1 (sky130_fd_sc_hd__mux2_2)
     1    0.00    0.05    0.25    5.89 v _2454_/X (sky130_fd_sc_hd__mux2_2)
                                         _1247_ (net)
                  0.05    0.00    5.89 v _2455_/A (sky130_fd_sc_hd__buf_1)
     1    0.00    0.02    0.08    5.98 v _2455_/X (sky130_fd_sc_hd__buf_1)
                                         _0261_ (net)
                  0.02    0.00    5.98 v _3038_/D (sky130_fd_sc_hd__dfrtp_2)
                                  5.98   data arrival time

                  0.00   10.00   10.00   clock clk (rise edge)
                          0.00   10.00   clock network delay (ideal)
                          0.00   10.00   clock reconvergence pessimism
                                 10.00 ^ _3038_/CLK (sky130_fd_sc_hd__dfrtp_2)
                         -0.12    9.88   library setup time
                                  9.88   data required time
-----------------------------------------------------------------------------
                                  9.88   data required time
                                 -5.98   data arrival time
-----------------------------------------------------------------------------
                                  3.91   slack (MET)


Startpoint: _2972_ (rising edge-triggered flip-flop clocked by clk)
Endpoint: _3037_ (rising edge-triggered flip-flop clocked by clk)
Path Group: clk
Path Type: max

Fanout     Cap    Slew   Delay    Time   Description
-----------------------------------------------------------------------------
                  0.00    0.00    0.00   clock clk (rise edge)
                          0.00    0.00   clock network delay (ideal)
                  0.00    0.00    0.00 ^ _2972_/CLK (sky130_fd_sc_hd__dfrtp_2)
     4    0.02    0.07    0.41    0.41 v _2972_/Q (sky130_fd_sc_hd__dfrtp_2)
                                         imem.address[13] (net)
                  0.07    0.00    0.41 v _1502_/A (sky130_fd_sc_hd__or4_2)
     3    0.01    0.14    0.72    1.13 v _1502_/X (sky130_fd_sc_hd__or4_2)
                                         _0382_ (net)
                  0.14    0.00    1.13 v _1506_/A_N (sky130_fd_sc_hd__and4bb_2)
     9    0.02    0.12    0.39    1.52 ^ _1506_/X (sky130_fd_sc_hd__and4bb_2)
                                         _0386_ (net)
                  0.12    0.00    1.52 ^ _1507_/B (sky130_fd_sc_hd__and2_2)
     1    0.00    0.04    0.15    1.67 ^ _1507_/X (sky130_fd_sc_hd__and2_2)
                                         _0387_ (net)
                  0.04    0.00    1.67 ^ _1508_/A (sky130_fd_sc_hd__buf_4)
     8    0.03    0.08    0.14    1.81 ^ _1508_/X (sky130_fd_sc_hd__buf_4)
                                         _0388_ (net)
                  0.08    0.00    1.81 ^ _1509_/B1 (sky130_fd_sc_hd__o21ai_2)
     4    0.01    0.08    0.07    1.88 v _1509_/Y (sky130_fd_sc_hd__o21ai_2)
                                         _0389_ (net)
                  0.08    0.00    1.88 v _1510_/A (sky130_fd_sc_hd__buf_2)
    10    0.05    0.12    0.22    2.10 v _1510_/X (sky130_fd_sc_hd__buf_2)
                                         _0390_ (net)
                  0.12    0.00    2.10 v _1700_/A (sky130_fd_sc_hd__or3_2)
     7    0.02    0.14    0.59    2.69 v _1700_/X (sky130_fd_sc_hd__or3_2)
                                         _0516_ (net)
                  0.14    0.00    2.69 v _1710_/A1 (sky130_fd_sc_hd__a21o_2)
     1    0.00    0.03    0.21    2.91 v _1710_/X (sky130_fd_sc_hd__a21o_2)
                                         _0526_ (net)
                  0.03    0.00    2.91 v _1711_/D (sky130_fd_sc_hd__or4_2)
     4    0.01    0.14    0.60    3.50 v _1711_/X (sky130_fd_sc_hd__or4_2)
                                         _0527_ (net)
                  0.14    0.00    3.50 v _1837_/A (sky130_fd_sc_hd__and2_2)
     1    0.00    0.03    0.20    3.70 v _1837_/X (sky130_fd_sc_hd__and2_2)
                                         _0653_ (net)
                  0.03    0.00    3.70 v _1838_/B (sky130_fd_sc_hd__or2_2)
     2    0.01    0.07    0.29    3.99 v _1838_/X (sky130_fd_sc_hd__or2_2)
                                         _0654_ (net)
                  0.07    0.00    3.99 v _1840_/A (sky130_fd_sc_hd__nand2_2)
     4    0.01    0.08    0.09    4.09 ^ _1840_/Y (sky130_fd_sc_hd__nand2_2)
                                         _0656_ (net)
                  0.08    0.00    4.09 ^ _1881_/B (sky130_fd_sc_hd__and2_2)
     2    0.00    0.04    0.14    4.23 ^ _1881_/X (sky130_fd_sc_hd__and2_2)
                                         _0697_ (net)
                  0.04    0.00    4.23 ^ _1882_/C_N (sky130_fd_sc_hd__or3b_2)
     4    0.01    0.11    0.49    4.72 v _1882_/X (sky130_fd_sc_hd__or3b_2)
                                         _0698_ (net)
                  0.11    0.00    4.72 v _2458_/A2 (sky130_fd_sc_hd__a211o_2)
     1    0.00    0.05    0.35    5.07 v _2458_/X (sky130_fd_sc_hd__a211o_2)
                                         _1250_ (net)
                  0.05    0.00    5.07 v _2459_/A3 (sky130_fd_sc_hd__a32o_2)
     2    0.01    0.05    0.27    5.34 v _2459_/X (sky130_fd_sc_hd__a32o_2)
                                         _1251_ (net)
                  0.05    0.00    5.34 v _2460_/A1 (sky130_fd_sc_hd__mux2_2)
     1    0.00    0.05    0.25    5.59 v _2460_/X (sky130_fd_sc_hd__mux2_2)
                                         _1252_ (net)
                  0.05    0.00    5.59 v _2461_/A (sky130_fd_sc_hd__buf_1)
     1    0.00    0.02    0.08    5.68 v _2461_/X (sky130_fd_sc_hd__buf_1)
                                         _0260_ (net)
                  0.02    0.00    5.68 v _3037_/D (sky130_fd_sc_hd__dfrtp_2)
                                  5.68   data arrival time

                  0.00   10.00   10.00   clock clk (rise edge)
                          0.00   10.00   clock network delay (ideal)
                          0.00   10.00   clock reconvergence pessimism
                                 10.00 ^ _3037_/CLK (sky130_fd_sc_hd__dfrtp_2)
                         -0.12    9.88   library setup time
                                  9.88   data required time
-----------------------------------------------------------------------------
                                  9.88   data required time
                                 -5.68   data arrival time
-----------------------------------------------------------------------------
                                  4.21   slack (MET)


Startpoint: _2962_ (rising edge-triggered flip-flop clocked by clk)
Endpoint: _2989_ (rising edge-triggered flip-flop clocked by clk)
Path Group: clk
Path Type: max

Fanout     Cap    Slew   Delay    Time   Description
-----------------------------------------------------------------------------
                  0.00    0.00    0.00   clock clk (rise edge)
                          0.00    0.00   clock network delay (ideal)
                  0.00    0.00    0.00 ^ _2962_/CLK (sky130_fd_sc_hd__dfrtp_2)
     8    0.02    0.09    0.42    0.42 v _2962_/Q (sky130_fd_sc_hd__dfrtp_2)
                                         imem.address[3] (net)
                  0.09    0.00    0.42 v _1664_/A (sky130_fd_sc_hd__and2_2)
     1    0.00    0.04    0.18    0.60 v _1664_/X (sky130_fd_sc_hd__and2_2)
                                         _0480_ (net)
                  0.04    0.00    0.60 v _1665_/A (sky130_fd_sc_hd__buf_1)
     7    0.02    0.13    0.16    0.77 v _1665_/X (sky130_fd_sc_hd__buf_1)
                                         _0481_ (net)
                  0.13    0.00    0.77 v _2499_/C (sky130_fd_sc_hd__and3_2)
     4    0.02    0.07    0.29    1.05 v _2499_/X (sky130_fd_sc_hd__and3_2)
                                         _1283_ (net)
                  0.07    0.00    1.06 v _2569_/C (sky130_fd_sc_hd__and3_2)
     3    0.01    0.06    0.24    1.30 v _2569_/X (sky130_fd_sc_hd__and3_2)
                                         _1321_ (net)
                  0.06    0.00    1.30 v _2570_/B (sky130_fd_sc_hd__and2_2)
     4    0.02    0.07    0.23    1.53 v _2570_/X (sky130_fd_sc_hd__and2_2)
                                         _1322_ (net)
                  0.07    0.00    1.53 v _2571_/C (sky130_fd_sc_hd__and3_2)
     3    0.01    0.06    0.24    1.77 v _2571_/X (sky130_fd_sc_hd__and3_2)
                                         _1323_ (net)
                  0.06    0.00    1.77 v _2572_/B (sky130_fd_sc_hd__and2_2)
     4    0.02    0.07    0.23    2.01 v _2572_/X (sky130_fd_sc_hd__and2_2)
                                         _1324_ (net)
                  0.07    0.00    2.01 v _2573_/C (sky130_fd_sc_hd__and3_2)
     3    0.01    0.06    0.24    2.25 v _2573_/X (sky130_fd_sc_hd__and3_2)
                                         _1325_ (net)
                  0.06    0.00    2.25 v _2574_/B (sky130_fd_sc_hd__and2_2)
     4    0.02    0.07    0.23    2.48 v _2574_/X (sky130_fd_sc_hd__and2_2)
                                         _1326_ (net)
                  0.07    0.00    2.48 v _2575_/C (sky130_fd_sc_hd__and3_2)
     3    0.01    0.06    0.24    2.73 v _2575_/X (sky130_fd_sc_hd__and3_2)
                                         _1327_ (net)
                  0.06    0.00    2.73 v _2576_/B (sky130_fd_sc_hd__and2_2)
     4    0.02    0.07    0.23    2.96 v _2576_/X (sky130_fd_sc_hd__and2_2)
                                         _1328_ (net)
                  0.07    0.00    2.96 v _2577_/C (sky130_fd_sc_hd__and3_2)
     3    0.01    0.06    0.24    3.20 v _2577_/X (sky130_fd_sc_hd__and3_2)
                                         _1329_ (net)
                  0.06    0.00    3.20 v _2578_/B (sky130_fd_sc_hd__and2_2)
     4    0.02    0.07    0.24    3.44 v _2578_/X (sky130_fd_sc_hd__and2_2)
                                         _1330_ (net)
                  0.07    0.00    3.44 v _2579_/C (sky130_fd_sc_hd__and3_2)
     3    0.01    0.06    0.24    3.68 v _2579_/X (sky130_fd_sc_hd__and3_2)
                                         _1331_ (net)
                  0.06    0.00    3.68 v _2580_/B (sky130_fd_sc_hd__and2_2)
     4    0.02    0.07    0.23    3.92 v _2580_/X (sky130_fd_sc_hd__and2_2)
                                         _1332_ (net)
                  0.07    0.00    3.92 v _2581_/C (sky130_fd_sc_hd__and3_2)
     3    0.01    0.06    0.24    4.16 v _2581_/X (sky130_fd_sc_hd__and3_2)
                                         _1333_ (net)
                  0.06    0.00    4.16 v _2582_/B (sky130_fd_sc_hd__and2_2)
     4    0.02    0.07    0.23    4.39 v _2582_/X (sky130_fd_sc_hd__and2_2)
                                         _1334_ (net)
                  0.07    0.00    4.39 v _2583_/C (sky130_fd_sc_hd__and3_2)
     3    0.01    0.06    0.24    4.63 v _2583_/X (sky130_fd_sc_hd__and3_2)
                                         _1335_ (net)
                  0.06    0.00    4.63 v _2584_/B (sky130_fd_sc_hd__and2_2)
     4    0.02    0.07    0.23    4.87 v _2584_/X (sky130_fd_sc_hd__and2_2)
                                         _1336_ (net)
                  0.07    0.00    4.87 v _2585_/C (sky130_fd_sc_hd__and3_2)
     3    0.01    0.06    0.24    5.11 v _2585_/X (sky130_fd_sc_hd__and3_2)
                                         _1337_ (net)
                  0.06    0.00    5.11 v _2588_/B (sky130_fd_sc_hd__or2_2)
     1    0.00    0.05    0.26    5.37 v _2588_/X (sky130_fd_sc_hd__or2_2)
                                         _1339_ (net)
                  0.05    0.00    5.37 v _2589_/B (sky130_fd_sc_hd__and2_2)
     1    0.00    0.04    0.18    5.55 v _2589_/X (sky130_fd_sc_hd__and2_2)
                                         _1340_ (net)
                  0.04    0.00    5.55 v _2590_/A (sky130_fd_sc_hd__buf_1)
     1    0.00    0.02    0.08    5.63 v _2590_/X (sky130_fd_sc_hd__buf_1)
                                         _0219_ (net)
                  0.02    0.00    5.63 v _2989_/D (sky130_fd_sc_hd__dfrtp_2)
                                  5.63   data arrival time

                  0.00   10.00   10.00   clock clk (rise edge)
                          0.00   10.00   clock network delay (ideal)
                          0.00   10.00   clock reconvergence pessimism
                                 10.00 ^ _2989_/CLK (sky130_fd_sc_hd__dfrtp_2)
                         -0.12    9.88   library setup time
                                  9.88   data required time
-----------------------------------------------------------------------------
                                  9.88   data required time
                                 -5.63   data arrival time
-----------------------------------------------------------------------------
                                  4.25   slack (MET)


Startpoint: _2972_ (rising edge-triggered flip-flop clocked by clk)
Endpoint: _3035_ (rising edge-triggered flip-flop clocked by clk)
Path Group: clk
Path Type: max

Fanout     Cap    Slew   Delay    Time   Description
-----------------------------------------------------------------------------
                  0.00    0.00    0.00   clock clk (rise edge)
                          0.00    0.00   clock network delay (ideal)
                  0.00    0.00    0.00 ^ _2972_/CLK (sky130_fd_sc_hd__dfrtp_2)
     4    0.02    0.07    0.41    0.41 v _2972_/Q (sky130_fd_sc_hd__dfrtp_2)
                                         imem.address[13] (net)
                  0.07    0.00    0.41 v _1502_/A (sky130_fd_sc_hd__or4_2)
     3    0.01    0.14    0.72    1.13 v _1502_/X (sky130_fd_sc_hd__or4_2)
                                         _0382_ (net)
                  0.14    0.00    1.13 v _1506_/A_N (sky130_fd_sc_hd__and4bb_2)
     9    0.02    0.12    0.39    1.52 ^ _1506_/X (sky130_fd_sc_hd__and4bb_2)
                                         _0386_ (net)
                  0.12    0.00    1.52 ^ _1507_/B (sky130_fd_sc_hd__and2_2)
     1    0.00    0.04    0.15    1.67 ^ _1507_/X (sky130_fd_sc_hd__and2_2)
                                         _0387_ (net)
                  0.04    0.00    1.67 ^ _1508_/A (sky130_fd_sc_hd__buf_4)
     8    0.03    0.08    0.14    1.81 ^ _1508_/X (sky130_fd_sc_hd__buf_4)
                                         _0388_ (net)
                  0.08    0.00    1.81 ^ _1509_/B1 (sky130_fd_sc_hd__o21ai_2)
     4    0.01    0.08    0.07    1.88 v _1509_/Y (sky130_fd_sc_hd__o21ai_2)
                                         _0389_ (net)
                  0.08    0.00    1.88 v _1510_/A (sky130_fd_sc_hd__buf_2)
    10    0.05    0.12    0.22    2.10 v _1510_/X (sky130_fd_sc_hd__buf_2)
                                         _0390_ (net)
                  0.12    0.00    2.10 v _1690_/A1 (sky130_fd_sc_hd__o211ai_2)
     5    0.02    0.29    0.31    2.42 ^ _1690_/Y (sky130_fd_sc_hd__o211ai_2)
                                         _0506_ (net)
                  0.29    0.00    2.42 ^ _2060_/A (sky130_fd_sc_hd__and2_2)
     1    0.00    0.04    0.20    2.61 ^ _2060_/X (sky130_fd_sc_hd__and2_2)
                                         _0876_ (net)
                  0.04    0.00    2.61 ^ _2061_/A (sky130_fd_sc_hd__buf_1)
     7    0.03    0.35    0.29    2.91 ^ _2061_/X (sky130_fd_sc_hd__buf_1)
                                         _0877_ (net)
                  0.35    0.00    2.91 ^ _2062_/A (sky130_fd_sc_hd__buf_1)
    10    0.04    0.51    0.45    3.37 ^ _2062_/X (sky130_fd_sc_hd__buf_1)
                                         _0878_ (net)
                  0.51    0.00    3.37 ^ _2063_/A (sky130_fd_sc_hd__buf_1)
    10    0.04    0.51    0.47    3.83 ^ _2063_/X (sky130_fd_sc_hd__buf_1)
                                         _0879_ (net)
                  0.51    0.00    3.83 ^ _2195_/S (sky130_fd_sc_hd__mux2_2)
     2    0.01    0.06    0.41    4.25 v _2195_/X (sky130_fd_sc_hd__mux2_2)
                                         _1009_ (net)
                  0.06    0.00    4.25 v _2197_/A0 (sky130_fd_sc_hd__mux2_2)
     2    0.01    0.06    0.27    4.52 v _2197_/X (sky130_fd_sc_hd__mux2_2)
                                         _1011_ (net)
                  0.06    0.00    4.52 v _2198_/A1 (sky130_fd_sc_hd__mux2_2)
     3    0.01    0.07    0.30    4.81 v _2198_/X (sky130_fd_sc_hd__mux2_2)
                                         _1012_ (net)
                  0.07    0.00    4.81 v _2470_/B1 (sky130_fd_sc_hd__a32o_2)
     1    0.01    0.05    0.23    5.04 v _2470_/X (sky130_fd_sc_hd__a32o_2)
                                         _1260_ (net)
                  0.05    0.00    5.04 v _2471_/A1 (sky130_fd_sc_hd__mux2_2)
     1    0.00    0.05    0.25    5.30 v _2471_/X (sky130_fd_sc_hd__mux2_2)
                                         _1261_ (net)
                  0.05    0.00    5.30 v _2472_/A (sky130_fd_sc_hd__buf_1)
     1    0.00    0.02    0.09    5.38 v _2472_/X (sky130_fd_sc_hd__buf_1)
                                         _0258_ (net)
                  0.02    0.00    5.38 v _3035_/D (sky130_fd_sc_hd__dfrtp_2)
                                  5.38   data arrival time

                  0.00   10.00   10.00   clock clk (rise edge)
                          0.00   10.00   clock network delay (ideal)
                          0.00   10.00   clock reconvergence pessimism
                                 10.00 ^ _3035_/CLK (sky130_fd_sc_hd__dfrtp_2)
                         -0.12    9.88   library setup time
                                  9.88   data required time
-----------------------------------------------------------------------------
                                  9.88   data required time
                                 -5.38   data arrival time
-----------------------------------------------------------------------------
                                  4.50   slack (MET)


Startpoint: _2972_ (rising edge-triggered flip-flop clocked by clk)
Endpoint: _3036_ (rising edge-triggered flip-flop clocked by clk)
Path Group: clk
Path Type: max

Fanout     Cap    Slew   Delay    Time   Description
-----------------------------------------------------------------------------
                  0.00    0.00    0.00   clock clk (rise edge)
                          0.00    0.00   clock network delay (ideal)
                  0.00    0.00    0.00 ^ _2972_/CLK (sky130_fd_sc_hd__dfrtp_2)
     4    0.02    0.07    0.41    0.41 v _2972_/Q (sky130_fd_sc_hd__dfrtp_2)
                                         imem.address[13] (net)
                  0.07    0.00    0.41 v _1502_/A (sky130_fd_sc_hd__or4_2)
     3    0.01    0.14    0.72    1.13 v _1502_/X (sky130_fd_sc_hd__or4_2)
                                         _0382_ (net)
                  0.14    0.00    1.13 v _1506_/A_N (sky130_fd_sc_hd__and4bb_2)
     9    0.02    0.12    0.39    1.52 ^ _1506_/X (sky130_fd_sc_hd__and4bb_2)
                                         _0386_ (net)
                  0.12    0.00    1.52 ^ _1507_/B (sky130_fd_sc_hd__and2_2)
     1    0.00    0.04    0.15    1.67 ^ _1507_/X (sky130_fd_sc_hd__and2_2)
                                         _0387_ (net)
                  0.04    0.00    1.67 ^ _1508_/A (sky130_fd_sc_hd__buf_4)
     8    0.03    0.08    0.14    1.81 ^ _1508_/X (sky130_fd_sc_hd__buf_4)
                                         _0388_ (net)
                  0.08    0.00    1.81 ^ _1509_/B1 (sky130_fd_sc_hd__o21ai_2)
     4    0.01    0.08    0.07    1.88 v _1509_/Y (sky130_fd_sc_hd__o21ai_2)
                                         _0389_ (net)
                  0.08    0.00    1.88 v _1510_/A (sky130_fd_sc_hd__buf_2)
    10    0.05    0.12    0.22    2.10 v _1510_/X (sky130_fd_sc_hd__buf_2)
                                         _0390_ (net)
                  0.12    0.00    2.10 v _1700_/A (sky130_fd_sc_hd__or3_2)
     7    0.02    0.14    0.59    2.69 v _1700_/X (sky130_fd_sc_hd__or3_2)
                                         _0516_ (net)
                  0.14    0.00    2.69 v _1710_/A1 (sky130_fd_sc_hd__a21o_2)
     1    0.00    0.03    0.21    2.91 v _1710_/X (sky130_fd_sc_hd__a21o_2)
                                         _0526_ (net)
                  0.03    0.00    2.91 v _1711_/D (sky130_fd_sc_hd__or4_2)
     4    0.01    0.14    0.60    3.50 v _1711_/X (sky130_fd_sc_hd__or4_2)
                                         _0527_ (net)
                  0.14    0.00    3.50 v _1837_/A (sky130_fd_sc_hd__and2_2)
     1    0.00    0.03    0.20    3.70 v _1837_/X (sky130_fd_sc_hd__and2_2)
                                         _0653_ (net)
                  0.03    0.00    3.70 v _1838_/B (sky130_fd_sc_hd__or2_2)
     2    0.01    0.07    0.29    3.99 v _1838_/X (sky130_fd_sc_hd__or2_2)
                                         _0654_ (net)
                  0.07    0.00    3.99 v _1840_/A (sky130_fd_sc_hd__nand2_2)
     4    0.01    0.08    0.09    4.09 ^ _1840_/Y (sky130_fd_sc_hd__nand2_2)
                                         _0656_ (net)
                  0.08    0.00    4.09 ^ _1881_/B (sky130_fd_sc_hd__and2_2)
     2    0.00    0.04    0.14    4.23 ^ _1881_/X (sky130_fd_sc_hd__and2_2)
                                         _0697_ (net)
                  0.04    0.00    4.23 ^ _1882_/C_N (sky130_fd_sc_hd__or3b_2)
     4    0.01    0.11    0.49    4.72 v _1882_/X (sky130_fd_sc_hd__or3b_2)
                                         _0698_ (net)
                  0.11    0.00    4.72 v _2463_/A2 (sky130_fd_sc_hd__a32o_2)
     2    0.01    0.05    0.30    5.02 v _2463_/X (sky130_fd_sc_hd__a32o_2)
                                         _1254_ (net)
                  0.05    0.00    5.02 v _2464_/A1 (sky130_fd_sc_hd__mux2_2)
     1    0.00    0.05    0.25    5.27 v _2464_/X (sky130_fd_sc_hd__mux2_2)
                                         _1255_ (net)
                  0.05    0.00    5.27 v _2465_/A (sky130_fd_sc_hd__buf_1)
     1    0.00    0.02    0.08    5.35 v _2465_/X (sky130_fd_sc_hd__buf_1)
                                         _0259_ (net)
                  0.02    0.00    5.35 v _3036_/D (sky130_fd_sc_hd__dfrtp_2)
                                  5.35   data arrival time

                  0.00   10.00   10.00   clock clk (rise edge)
                          0.00   10.00   clock network delay (ideal)
                          0.00   10.00   clock reconvergence pessimism
                                 10.00 ^ _3036_/CLK (sky130_fd_sc_hd__dfrtp_2)
                         -0.12    9.88   library setup time
                                  9.88   data required time
-----------------------------------------------------------------------------
                                  9.88   data required time
                                 -5.35   data arrival time
-----------------------------------------------------------------------------
                                  4.53   slack (MET)


Startpoint: _2962_ (rising edge-triggered flip-flop clocked by clk)
Endpoint: _2990_ (rising edge-triggered flip-flop clocked by clk)
Path Group: clk
Path Type: max

Fanout     Cap    Slew   Delay    Time   Description
-----------------------------------------------------------------------------
                  0.00    0.00    0.00   clock clk (rise edge)
                          0.00    0.00   clock network delay (ideal)
                  0.00    0.00    0.00 ^ _2962_/CLK (sky130_fd_sc_hd__dfrtp_2)
     8    0.02    0.09    0.42    0.42 v _2962_/Q (sky130_fd_sc_hd__dfrtp_2)
                                         imem.address[3] (net)
                  0.09    0.00    0.42 v _1664_/A (sky130_fd_sc_hd__and2_2)
     1    0.00    0.04    0.18    0.60 v _1664_/X (sky130_fd_sc_hd__and2_2)
                                         _0480_ (net)
                  0.04    0.00    0.60 v _1665_/A (sky130_fd_sc_hd__buf_1)
     7    0.02    0.13    0.16    0.77 v _1665_/X (sky130_fd_sc_hd__buf_1)
                                         _0481_ (net)
                  0.13    0.00    0.77 v _2499_/C (sky130_fd_sc_hd__and3_2)
     4    0.02    0.07    0.29    1.05 v _2499_/X (sky130_fd_sc_hd__and3_2)
                                         _1283_ (net)
                  0.07    0.00    1.06 v _2569_/C (sky130_fd_sc_hd__and3_2)
     3    0.01    0.06    0.24    1.30 v _2569_/X (sky130_fd_sc_hd__and3_2)
                                         _1321_ (net)
                  0.06    0.00    1.30 v _2570_/B (sky130_fd_sc_hd__and2_2)
     4    0.02    0.07    0.23    1.53 v _2570_/X (sky130_fd_sc_hd__and2_2)
                                         _1322_ (net)
                  0.07    0.00    1.53 v _2571_/C (sky130_fd_sc_hd__and3_2)
     3    0.01    0.06    0.24    1.77 v _2571_/X (sky130_fd_sc_hd__and3_2)
                                         _1323_ (net)
                  0.06    0.00    1.77 v _2572_/B (sky130_fd_sc_hd__and2_2)
     4    0.02    0.07    0.23    2.01 v _2572_/X (sky130_fd_sc_hd__and2_2)
                                         _1324_ (net)
                  0.07    0.00    2.01 v _2573_/C (sky130_fd_sc_hd__and3_2)
     3    0.01    0.06    0.24    2.25 v _2573_/X (sky130_fd_sc_hd__and3_2)
                                         _1325_ (net)
                  0.06    0.00    2.25 v _2574_/B (sky130_fd_sc_hd__and2_2)
     4    0.02    0.07    0.23    2.48 v _2574_/X (sky130_fd_sc_hd__and2_2)
                                         _1326_ (net)
                  0.07    0.00    2.48 v _2575_/C (sky130_fd_sc_hd__and3_2)
     3    0.01    0.06    0.24    2.73 v _2575_/X (sky130_fd_sc_hd__and3_2)
                                         _1327_ (net)
                  0.06    0.00    2.73 v _2576_/B (sky130_fd_sc_hd__and2_2)
     4    0.02    0.07    0.23    2.96 v _2576_/X (sky130_fd_sc_hd__and2_2)
                                         _1328_ (net)
                  0.07    0.00    2.96 v _2577_/C (sky130_fd_sc_hd__and3_2)
     3    0.01    0.06    0.24    3.20 v _2577_/X (sky130_fd_sc_hd__and3_2)
                                         _1329_ (net)
                  0.06    0.00    3.20 v _2578_/B (sky130_fd_sc_hd__and2_2)
     4    0.02    0.07    0.24    3.44 v _2578_/X (sky130_fd_sc_hd__and2_2)
                                         _1330_ (net)
                  0.07    0.00    3.44 v _2579_/C (sky130_fd_sc_hd__and3_2)
     3    0.01    0.06    0.24    3.68 v _2579_/X (sky130_fd_sc_hd__and3_2)
                                         _1331_ (net)
                  0.06    0.00    3.68 v _2580_/B (sky130_fd_sc_hd__and2_2)
     4    0.02    0.07    0.23    3.92 v _2580_/X (sky130_fd_sc_hd__and2_2)
                                         _1332_ (net)
                  0.07    0.00    3.92 v _2581_/C (sky130_fd_sc_hd__and3_2)
     3    0.01    0.06    0.24    4.16 v _2581_/X (sky130_fd_sc_hd__and3_2)
                                         _1333_ (net)
                  0.06    0.00    4.16 v _2582_/B (sky130_fd_sc_hd__and2_2)
     4    0.02    0.07    0.23    4.39 v _2582_/X (sky130_fd_sc_hd__and2_2)
                                         _1334_ (net)
                  0.07    0.00    4.39 v _2583_/C (sky130_fd_sc_hd__and3_2)
     3    0.01    0.06    0.24    4.63 v _2583_/X (sky130_fd_sc_hd__and3_2)
                                         _1335_ (net)
                  0.06    0.00    4.63 v _2584_/B (sky130_fd_sc_hd__and2_2)
     4    0.02    0.07    0.23    4.87 v _2584_/X (sky130_fd_sc_hd__and2_2)
                                         _1336_ (net)
                  0.07    0.00    4.87 v _2585_/C (sky130_fd_sc_hd__and3_2)
     3    0.01    0.06    0.24    5.11 v _2585_/X (sky130_fd_sc_hd__and3_2)
                                         _1337_ (net)
                  0.06    0.00    5.11 v _2586_/B (sky130_fd_sc_hd__nand2_2)
     2    0.01    0.07    0.09    5.20 ^ _2586_/Y (sky130_fd_sc_hd__nand2_2)
                                         _1338_ (net)
                  0.07    0.00    5.20 ^ _2587_/B (sky130_fd_sc_hd__xnor2_2)
     1    0.00    0.09    0.10    5.30 ^ _2587_/Y (sky130_fd_sc_hd__xnor2_2)
                                         _0220_ (net)
                  0.09    0.00    5.30 ^ _2990_/D (sky130_fd_sc_hd__dfrtp_2)
                                  5.30   data arrival time

                  0.00   10.00   10.00   clock clk (rise edge)
                          0.00   10.00   clock network delay (ideal)
                          0.00   10.00   clock reconvergence pessimism
                                 10.00 ^ _2990_/CLK (sky130_fd_sc_hd__dfrtp_2)
                         -0.08    9.92   library setup time
                                  9.92   data required time
-----------------------------------------------------------------------------
                                  9.92   data required time
                                 -5.30   data arrival time
-----------------------------------------------------------------------------
                                  4.62   slack (MET)


Startpoint: _2962_ (rising edge-triggered flip-flop clocked by clk)
Endpoint: _2988_ (rising edge-triggered flip-flop clocked by clk)
Path Group: clk
Path Type: max

Fanout     Cap    Slew   Delay    Time   Description
-----------------------------------------------------------------------------
                  0.00    0.00    0.00   clock clk (rise edge)
                          0.00    0.00   clock network delay (ideal)
                  0.00    0.00    0.00 ^ _2962_/CLK (sky130_fd_sc_hd__dfrtp_2)
     8    0.02    0.09    0.42    0.42 v _2962_/Q (sky130_fd_sc_hd__dfrtp_2)
                                         imem.address[3] (net)
                  0.09    0.00    0.42 v _1664_/A (sky130_fd_sc_hd__and2_2)
     1    0.00    0.04    0.18    0.60 v _1664_/X (sky130_fd_sc_hd__and2_2)
                                         _0480_ (net)
                  0.04    0.00    0.60 v _1665_/A (sky130_fd_sc_hd__buf_1)
     7    0.02    0.13    0.16    0.77 v _1665_/X (sky130_fd_sc_hd__buf_1)
                                         _0481_ (net)
                  0.13    0.00    0.77 v _2499_/C (sky130_fd_sc_hd__and3_2)
     4    0.02    0.07    0.29    1.05 v _2499_/X (sky130_fd_sc_hd__and3_2)
                                         _1283_ (net)
                  0.07    0.00    1.06 v _2569_/C (sky130_fd_sc_hd__and3_2)
     3    0.01    0.06    0.24    1.30 v _2569_/X (sky130_fd_sc_hd__and3_2)
                                         _1321_ (net)
                  0.06    0.00    1.30 v _2570_/B (sky130_fd_sc_hd__and2_2)
     4    0.02    0.07    0.23    1.53 v _2570_/X (sky130_fd_sc_hd__and2_2)
                                         _1322_ (net)
                  0.07    0.00    1.53 v _2571_/C (sky130_fd_sc_hd__and3_2)
     3    0.01    0.06    0.24    1.77 v _2571_/X (sky130_fd_sc_hd__and3_2)
                                         _1323_ (net)
                  0.06    0.00    1.77 v _2572_/B (sky130_fd_sc_hd__and2_2)
     4    0.02    0.07    0.23    2.01 v _2572_/X (sky130_fd_sc_hd__and2_2)
                                         _1324_ (net)
                  0.07    0.00    2.01 v _2573_/C (sky130_fd_sc_hd__and3_2)
     3    0.01    0.06    0.24    2.25 v _2573_/X (sky130_fd_sc_hd__and3_2)
                                         _1325_ (net)
                  0.06    0.00    2.25 v _2574_/B (sky130_fd_sc_hd__and2_2)
     4    0.02    0.07    0.23    2.48 v _2574_/X (sky130_fd_sc_hd__and2_2)
                                         _1326_ (net)
                  0.07    0.00    2.48 v _2575_/C (sky130_fd_sc_hd__and3_2)
     3    0.01    0.06    0.24    2.73 v _2575_/X (sky130_fd_sc_hd__and3_2)
                                         _1327_ (net)
                  0.06    0.00    2.73 v _2576_/B (sky130_fd_sc_hd__and2_2)
     4    0.02    0.07    0.23    2.96 v _2576_/X (sky130_fd_sc_hd__and2_2)
                                         _1328_ (net)
                  0.07    0.00    2.96 v _2577_/C (sky130_fd_sc_hd__and3_2)
     3    0.01    0.06    0.24    3.20 v _2577_/X (sky130_fd_sc_hd__and3_2)
                                         _1329_ (net)
                  0.06    0.00    3.20 v _2578_/B (sky130_fd_sc_hd__and2_2)
     4    0.02    0.07    0.24    3.44 v _2578_/X (sky130_fd_sc_hd__and2_2)
                                         _1330_ (net)
                  0.07    0.00    3.44 v _2579_/C (sky130_fd_sc_hd__and3_2)
     3    0.01    0.06    0.24    3.68 v _2579_/X (sky130_fd_sc_hd__and3_2)
                                         _1331_ (net)
                  0.06    0.00    3.68 v _2580_/B (sky130_fd_sc_hd__and2_2)
     4    0.02    0.07    0.23    3.92 v _2580_/X (sky130_fd_sc_hd__and2_2)
                                         _1332_ (net)
                  0.07    0.00    3.92 v _2581_/C (sky130_fd_sc_hd__and3_2)
     3    0.01    0.06    0.24    4.16 v _2581_/X (sky130_fd_sc_hd__and3_2)
                                         _1333_ (net)
                  0.06    0.00    4.16 v _2582_/B (sky130_fd_sc_hd__and2_2)
     4    0.02    0.07    0.23    4.39 v _2582_/X (sky130_fd_sc_hd__and2_2)
                                         _1334_ (net)
                  0.07    0.00    4.39 v _2583_/C (sky130_fd_sc_hd__and3_2)
     3    0.01    0.06    0.24    4.63 v _2583_/X (sky130_fd_sc_hd__and3_2)
                                         _1335_ (net)
                  0.06    0.00    4.63 v _2584_/B (sky130_fd_sc_hd__and2_2)
     4    0.02    0.07    0.23    4.87 v _2584_/X (sky130_fd_sc_hd__and2_2)
                                         _1336_ (net)
                  0.07    0.00    4.87 v _2585_/C (sky130_fd_sc_hd__and3_2)
     3    0.01    0.06    0.24    5.11 v _2585_/X (sky130_fd_sc_hd__and3_2)
                                         _1337_ (net)
                  0.06    0.00    5.11 v _2592_/A (sky130_fd_sc_hd__nor2_2)
     1    0.00    0.06    0.09    5.20 ^ _2592_/Y (sky130_fd_sc_hd__nor2_2)
                                         _0218_ (net)
                  0.06    0.00    5.20 ^ _2988_/D (sky130_fd_sc_hd__dfrtp_2)
                                  5.20   data arrival time

                  0.00   10.00   10.00   clock clk (rise edge)
                          0.00   10.00   clock network delay (ideal)
                          0.00   10.00   clock reconvergence pessimism
                                 10.00 ^ _2988_/CLK (sky130_fd_sc_hd__dfrtp_2)
                         -0.07    9.93   library setup time
                                  9.93   data required time
-----------------------------------------------------------------------------
                                  9.93   data required time
                                 -5.20   data arrival time
-----------------------------------------------------------------------------
                                  4.72   slack (MET)


Startpoint: _2962_ (rising edge-triggered flip-flop clocked by clk)
Endpoint: _2987_ (rising edge-triggered flip-flop clocked by clk)
Path Group: clk
Path Type: max

Fanout     Cap    Slew   Delay    Time   Description
-----------------------------------------------------------------------------
                  0.00    0.00    0.00   clock clk (rise edge)
                          0.00    0.00   clock network delay (ideal)
                  0.00    0.00    0.00 ^ _2962_/CLK (sky130_fd_sc_hd__dfrtp_2)
     8    0.02    0.09    0.42    0.42 v _2962_/Q (sky130_fd_sc_hd__dfrtp_2)
                                         imem.address[3] (net)
                  0.09    0.00    0.42 v _1664_/A (sky130_fd_sc_hd__and2_2)
     1    0.00    0.04    0.18    0.60 v _1664_/X (sky130_fd_sc_hd__and2_2)
                                         _0480_ (net)
                  0.04    0.00    0.60 v _1665_/A (sky130_fd_sc_hd__buf_1)
     7    0.02    0.13    0.16    0.77 v _1665_/X (sky130_fd_sc_hd__buf_1)
                                         _0481_ (net)
                  0.13    0.00    0.77 v _2499_/C (sky130_fd_sc_hd__and3_2)
     4    0.02    0.07    0.29    1.05 v _2499_/X (sky130_fd_sc_hd__and3_2)
                                         _1283_ (net)
                  0.07    0.00    1.06 v _2569_/C (sky130_fd_sc_hd__and3_2)
     3    0.01    0.06    0.24    1.30 v _2569_/X (sky130_fd_sc_hd__and3_2)
                                         _1321_ (net)
                  0.06    0.00    1.30 v _2570_/B (sky130_fd_sc_hd__and2_2)
     4    0.02    0.07    0.23    1.53 v _2570_/X (sky130_fd_sc_hd__and2_2)
                                         _1322_ (net)
                  0.07    0.00    1.53 v _2571_/C (sky130_fd_sc_hd__and3_2)
     3    0.01    0.06    0.24    1.77 v _2571_/X (sky130_fd_sc_hd__and3_2)
                                         _1323_ (net)
                  0.06    0.00    1.77 v _2572_/B (sky130_fd_sc_hd__and2_2)
     4    0.02    0.07    0.23    2.01 v _2572_/X (sky130_fd_sc_hd__and2_2)
                                         _1324_ (net)
                  0.07    0.00    2.01 v _2573_/C (sky130_fd_sc_hd__and3_2)
     3    0.01    0.06    0.24    2.25 v _2573_/X (sky130_fd_sc_hd__and3_2)
                                         _1325_ (net)
                  0.06    0.00    2.25 v _2574_/B (sky130_fd_sc_hd__and2_2)
     4    0.02    0.07    0.23    2.48 v _2574_/X (sky130_fd_sc_hd__and2_2)
                                         _1326_ (net)
                  0.07    0.00    2.48 v _2575_/C (sky130_fd_sc_hd__and3_2)
     3    0.01    0.06    0.24    2.73 v _2575_/X (sky130_fd_sc_hd__and3_2)
                                         _1327_ (net)
                  0.06    0.00    2.73 v _2576_/B (sky130_fd_sc_hd__and2_2)
     4    0.02    0.07    0.23    2.96 v _2576_/X (sky130_fd_sc_hd__and2_2)
                                         _1328_ (net)
                  0.07    0.00    2.96 v _2577_/C (sky130_fd_sc_hd__and3_2)
     3    0.01    0.06    0.24    3.20 v _2577_/X (sky130_fd_sc_hd__and3_2)
                                         _1329_ (net)
                  0.06    0.00    3.20 v _2578_/B (sky130_fd_sc_hd__and2_2)
     4    0.02    0.07    0.24    3.44 v _2578_/X (sky130_fd_sc_hd__and2_2)
                                         _1330_ (net)
                  0.07    0.00    3.44 v _2579_/C (sky130_fd_sc_hd__and3_2)
     3    0.01    0.06    0.24    3.68 v _2579_/X (sky130_fd_sc_hd__and3_2)
                                         _1331_ (net)
                  0.06    0.00    3.68 v _2580_/B (sky130_fd_sc_hd__and2_2)
     4    0.02    0.07    0.23    3.92 v _2580_/X (sky130_fd_sc_hd__and2_2)
                                         _1332_ (net)
                  0.07    0.00    3.92 v _2581_/C (sky130_fd_sc_hd__and3_2)
     3    0.01    0.06    0.24    4.16 v _2581_/X (sky130_fd_sc_hd__and3_2)
                                         _1333_ (net)
                  0.06    0.00    4.16 v _2582_/B (sky130_fd_sc_hd__and2_2)
     4    0.02    0.07    0.23    4.39 v _2582_/X (sky130_fd_sc_hd__and2_2)
                                         _1334_ (net)
                  0.07    0.00    4.39 v _2583_/C (sky130_fd_sc_hd__and3_2)
     3    0.01    0.06    0.24    4.63 v _2583_/X (sky130_fd_sc_hd__and3_2)
                                         _1335_ (net)
                  0.06    0.00    4.63 v _2584_/B (sky130_fd_sc_hd__and2_2)
     4    0.02    0.07    0.23    4.87 v _2584_/X (sky130_fd_sc_hd__and2_2)
                                         _1336_ (net)
                  0.07    0.00    4.87 v _2593_/B (sky130_fd_sc_hd__xor2_2)
     1    0.00    0.05    0.14    5.01 v _2593_/X (sky130_fd_sc_hd__xor2_2)
                                         _0217_ (net)
                  0.05    0.00    5.01 v _2987_/D (sky130_fd_sc_hd__dfrtp_2)
                                  5.01   data arrival time

                  0.00   10.00   10.00   clock clk (rise edge)
                          0.00   10.00   clock network delay (ideal)
                          0.00   10.00   clock reconvergence pessimism
                                 10.00 ^ _2987_/CLK (sky130_fd_sc_hd__dfrtp_2)
                         -0.13    9.87   library setup time
                                  9.87   data required time
-----------------------------------------------------------------------------
                                  9.87   data required time
                                 -5.01   data arrival time
-----------------------------------------------------------------------------
                                  4.86   slack (MET)


Startpoint: _2972_ (rising edge-triggered flip-flop clocked by clk)
Endpoint: _3030_ (rising edge-triggered flip-flop clocked by clk)
Path Group: clk
Path Type: max

Fanout     Cap    Slew   Delay    Time   Description
-----------------------------------------------------------------------------
                  0.00    0.00    0.00   clock clk (rise edge)
                          0.00    0.00   clock network delay (ideal)
                  0.00    0.00    0.00 ^ _2972_/CLK (sky130_fd_sc_hd__dfrtp_2)
     4    0.02    0.07    0.41    0.41 v _2972_/Q (sky130_fd_sc_hd__dfrtp_2)
                                         imem.address[13] (net)
                  0.07    0.00    0.41 v _1502_/A (sky130_fd_sc_hd__or4_2)
     3    0.01    0.14    0.72    1.13 v _1502_/X (sky130_fd_sc_hd__or4_2)
                                         _0382_ (net)
                  0.14    0.00    1.13 v _1506_/A_N (sky130_fd_sc_hd__and4bb_2)
     9    0.02    0.12    0.39    1.52 ^ _1506_/X (sky130_fd_sc_hd__and4bb_2)
                                         _0386_ (net)
                  0.12    0.00    1.52 ^ _1659_/C (sky130_fd_sc_hd__and4_2)
     2    0.01    0.07    0.24    1.76 ^ _1659_/X (sky130_fd_sc_hd__and4_2)
                                         _0475_ (net)
                  0.07    0.00    1.76 ^ _1670_/A (sky130_fd_sc_hd__buf_1)
    10    0.04    0.41    0.35    2.10 ^ _1670_/X (sky130_fd_sc_hd__buf_1)
                                         _0486_ (net)
                  0.41    0.00    2.11 ^ _1721_/A (sky130_fd_sc_hd__buf_1)
    10    0.04    0.45    0.42    2.52 ^ _1721_/X (sky130_fd_sc_hd__buf_1)
                                         _0537_ (net)
                  0.45    0.00    2.52 ^ _1754_/A (sky130_fd_sc_hd__buf_1)
    10    0.04    0.43    0.41    2.93 ^ _1754_/X (sky130_fd_sc_hd__buf_1)
                                         _0570_ (net)
                  0.43    0.00    2.93 ^ _2121_/B (sky130_fd_sc_hd__and2_2)
     1    0.00    0.04    0.21    3.14 ^ _2121_/X (sky130_fd_sc_hd__and2_2)
                                         _0936_ (net)
                  0.04    0.00    3.14 ^ _2122_/A (sky130_fd_sc_hd__buf_1)
     9    0.04    0.44    0.36    3.50 ^ _2122_/X (sky130_fd_sc_hd__buf_1)
                                         _0937_ (net)
                  0.44    0.00    3.50 ^ _2123_/D1 (sky130_fd_sc_hd__a2111oi_2)
     1    0.00    0.09    0.06    3.56 v _2123_/Y (sky130_fd_sc_hd__a2111oi_2)
                                         _0938_ (net)
                  0.09    0.00    3.56 v _2124_/A2 (sky130_fd_sc_hd__o211a_2)
     3    0.01    0.06    0.29    3.84 v _2124_/X (sky130_fd_sc_hd__o211a_2)
                                         _0939_ (net)
                  0.06    0.00    3.84 v _2228_/B (sky130_fd_sc_hd__and2_2)
     5    0.02    0.07    0.23    4.08 v _2228_/X (sky130_fd_sc_hd__and2_2)
                                         _1041_ (net)
                  0.07    0.00    4.08 v _2229_/A (sky130_fd_sc_hd__buf_1)
    10    0.03    0.19    0.23    4.30 v _2229_/X (sky130_fd_sc_hd__buf_1)
                                         _1042_ (net)
                  0.19    0.00    4.30 v _2495_/A1 (sky130_fd_sc_hd__a22o_2)
     2    0.02    0.07    0.33    4.63 v _2495_/X (sky130_fd_sc_hd__a22o_2)
                                         _1280_ (net)
                  0.07    0.00    4.63 v _2496_/A1 (sky130_fd_sc_hd__mux2_2)
     1    0.00    0.05    0.26    4.90 v _2496_/X (sky130_fd_sc_hd__mux2_2)
                                         _1281_ (net)
                  0.05    0.00    4.90 v _2497_/A (sky130_fd_sc_hd__buf_1)
     1    0.00    0.02    0.09    4.98 v _2497_/X (sky130_fd_sc_hd__buf_1)
                                         _0253_ (net)
                  0.02    0.00    4.98 v _3030_/D (sky130_fd_sc_hd__dfrtp_2)
                                  4.98   data arrival time

                  0.00   10.00   10.00   clock clk (rise edge)
                          0.00   10.00   clock network delay (ideal)
                          0.00   10.00   clock reconvergence pessimism
                                 10.00 ^ _3030_/CLK (sky130_fd_sc_hd__dfrtp_2)
                         -0.12    9.88   library setup time
                                  9.88   data required time
-----------------------------------------------------------------------------
                                  9.88   data required time
                                 -4.98   data arrival time
-----------------------------------------------------------------------------
                                  4.90   slack (MET)


Startpoint: _2972_ (rising edge-triggered flip-flop clocked by clk)
Endpoint: _3032_ (rising edge-triggered flip-flop clocked by clk)
Path Group: clk
Path Type: max

Fanout     Cap    Slew   Delay    Time   Description
-----------------------------------------------------------------------------
                  0.00    0.00    0.00   clock clk (rise edge)
                          0.00    0.00   clock network delay (ideal)
                  0.00    0.00    0.00 ^ _2972_/CLK (sky130_fd_sc_hd__dfrtp_2)
     4    0.02    0.07    0.41    0.41 v _2972_/Q (sky130_fd_sc_hd__dfrtp_2)
                                         imem.address[13] (net)
                  0.07    0.00    0.41 v _1502_/A (sky130_fd_sc_hd__or4_2)
     3    0.01    0.14    0.72    1.13 v _1502_/X (sky130_fd_sc_hd__or4_2)
                                         _0382_ (net)
                  0.14    0.00    1.13 v _1506_/A_N (sky130_fd_sc_hd__and4bb_2)
     9    0.02    0.12    0.39    1.52 ^ _1506_/X (sky130_fd_sc_hd__and4bb_2)
                                         _0386_ (net)
                  0.12    0.00    1.52 ^ _1659_/C (sky130_fd_sc_hd__and4_2)
     2    0.01    0.07    0.24    1.76 ^ _1659_/X (sky130_fd_sc_hd__and4_2)
                                         _0475_ (net)
                  0.07    0.00    1.76 ^ _1670_/A (sky130_fd_sc_hd__buf_1)
    10    0.04    0.41    0.35    2.10 ^ _1670_/X (sky130_fd_sc_hd__buf_1)
                                         _0486_ (net)
                  0.41    0.00    2.11 ^ _1721_/A (sky130_fd_sc_hd__buf_1)
    10    0.04    0.45    0.42    2.52 ^ _1721_/X (sky130_fd_sc_hd__buf_1)
                                         _0537_ (net)
                  0.45    0.00    2.52 ^ _1754_/A (sky130_fd_sc_hd__buf_1)
    10    0.04    0.43    0.41    2.93 ^ _1754_/X (sky130_fd_sc_hd__buf_1)
                                         _0570_ (net)
                  0.43    0.00    2.93 ^ _2121_/B (sky130_fd_sc_hd__and2_2)
     1    0.00    0.04    0.21    3.14 ^ _2121_/X (sky130_fd_sc_hd__and2_2)
                                         _0936_ (net)
                  0.04    0.00    3.14 ^ _2122_/A (sky130_fd_sc_hd__buf_1)
     9    0.04    0.44    0.36    3.50 ^ _2122_/X (sky130_fd_sc_hd__buf_1)
                                         _0937_ (net)
                  0.44    0.00    3.50 ^ _2123_/D1 (sky130_fd_sc_hd__a2111oi_2)
     1    0.00    0.09    0.06    3.56 v _2123_/Y (sky130_fd_sc_hd__a2111oi_2)
                                         _0938_ (net)
                  0.09    0.00    3.56 v _2124_/A2 (sky130_fd_sc_hd__o211a_2)
     3    0.01    0.06    0.29    3.84 v _2124_/X (sky130_fd_sc_hd__o211a_2)
                                         _0939_ (net)
                  0.06    0.00    3.84 v _2228_/B (sky130_fd_sc_hd__and2_2)
     5    0.02    0.07    0.23    4.08 v _2228_/X (sky130_fd_sc_hd__and2_2)
                                         _1041_ (net)
                  0.07    0.00    4.08 v _2229_/A (sky130_fd_sc_hd__buf_1)
    10    0.03    0.19    0.23    4.30 v _2229_/X (sky130_fd_sc_hd__buf_1)
                                         _1042_ (net)
                  0.19    0.00    4.30 v _2484_/A1 (sky130_fd_sc_hd__a22o_2)
     2    0.01    0.06    0.31    4.61 v _2484_/X (sky130_fd_sc_hd__a22o_2)
                                         _1271_ (net)
                  0.06    0.00    4.61 v _2485_/A1 (sky130_fd_sc_hd__mux2_2)
     1    0.00    0.05    0.26    4.87 v _2485_/X (sky130_fd_sc_hd__mux2_2)
                                         _1272_ (net)
                  0.05    0.00    4.87 v _2486_/A (sky130_fd_sc_hd__buf_1)
     1    0.00    0.02    0.08    4.95 v _2486_/X (sky130_fd_sc_hd__buf_1)
                                         _0255_ (net)
                  0.02    0.00    4.95 v _3032_/D (sky130_fd_sc_hd__dfrtp_2)
                                  4.95   data arrival time

                  0.00   10.00   10.00   clock clk (rise edge)
                          0.00   10.00   clock network delay (ideal)
                          0.00   10.00   clock reconvergence pessimism
                                 10.00 ^ _3032_/CLK (sky130_fd_sc_hd__dfrtp_2)
                         -0.12    9.88   library setup time
                                  9.88   data required time
-----------------------------------------------------------------------------
                                  9.88   data required time
                                 -4.95   data arrival time
-----------------------------------------------------------------------------
                                  4.93   slack (MET)


Startpoint: _2962_ (rising edge-triggered flip-flop clocked by clk)
Endpoint: _2986_ (rising edge-triggered flip-flop clocked by clk)
Path Group: clk
Path Type: max

Fanout     Cap    Slew   Delay    Time   Description
-----------------------------------------------------------------------------
                  0.00    0.00    0.00   clock clk (rise edge)
                          0.00    0.00   clock network delay (ideal)
                  0.00    0.00    0.00 ^ _2962_/CLK (sky130_fd_sc_hd__dfrtp_2)
     8    0.02    0.09    0.42    0.42 v _2962_/Q (sky130_fd_sc_hd__dfrtp_2)
                                         imem.address[3] (net)
                  0.09    0.00    0.42 v _1664_/A (sky130_fd_sc_hd__and2_2)
     1    0.00    0.04    0.18    0.60 v _1664_/X (sky130_fd_sc_hd__and2_2)
                                         _0480_ (net)
                  0.04    0.00    0.60 v _1665_/A (sky130_fd_sc_hd__buf_1)
     7    0.02    0.13    0.16    0.77 v _1665_/X (sky130_fd_sc_hd__buf_1)
                                         _0481_ (net)
                  0.13    0.00    0.77 v _2499_/C (sky130_fd_sc_hd__and3_2)
     4    0.02    0.07    0.29    1.05 v _2499_/X (sky130_fd_sc_hd__and3_2)
                                         _1283_ (net)
                  0.07    0.00    1.06 v _2569_/C (sky130_fd_sc_hd__and3_2)
     3    0.01    0.06    0.24    1.30 v _2569_/X (sky130_fd_sc_hd__and3_2)
                                         _1321_ (net)
                  0.06    0.00    1.30 v _2570_/B (sky130_fd_sc_hd__and2_2)
     4    0.02    0.07    0.23    1.53 v _2570_/X (sky130_fd_sc_hd__and2_2)
                                         _1322_ (net)
                  0.07    0.00    1.53 v _2571_/C (sky130_fd_sc_hd__and3_2)
     3    0.01    0.06    0.24    1.77 v _2571_/X (sky130_fd_sc_hd__and3_2)
                                         _1323_ (net)
                  0.06    0.00    1.77 v _2572_/B (sky130_fd_sc_hd__and2_2)
     4    0.02    0.07    0.23    2.01 v _2572_/X (sky130_fd_sc_hd__and2_2)
                                         _1324_ (net)
                  0.07    0.00    2.01 v _2573_/C (sky130_fd_sc_hd__and3_2)
     3    0.01    0.06    0.24    2.25 v _2573_/X (sky130_fd_sc_hd__and3_2)
                                         _1325_ (net)
                  0.06    0.00    2.25 v _2574_/B (sky130_fd_sc_hd__and2_2)
     4    0.02    0.07    0.23    2.48 v _2574_/X (sky130_fd_sc_hd__and2_2)
                                         _1326_ (net)
                  0.07    0.00    2.48 v _2575_/C (sky130_fd_sc_hd__and3_2)
     3    0.01    0.06    0.24    2.73 v _2575_/X (sky130_fd_sc_hd__and3_2)
                                         _1327_ (net)
                  0.06    0.00    2.73 v _2576_/B (sky130_fd_sc_hd__and2_2)
     4    0.02    0.07    0.23    2.96 v _2576_/X (sky130_fd_sc_hd__and2_2)
                                         _1328_ (net)
                  0.07    0.00    2.96 v _2577_/C (sky130_fd_sc_hd__and3_2)
     3    0.01    0.06    0.24    3.20 v _2577_/X (sky130_fd_sc_hd__and3_2)
                                         _1329_ (net)
                  0.06    0.00    3.20 v _2578_/B (sky130_fd_sc_hd__and2_2)
     4    0.02    0.07    0.24    3.44 v _2578_/X (sky130_fd_sc_hd__and2_2)
                                         _1330_ (net)
                  0.07    0.00    3.44 v _2579_/C (sky130_fd_sc_hd__and3_2)
     3    0.01    0.06    0.24    3.68 v _2579_/X (sky130_fd_sc_hd__and3_2)
                                         _1331_ (net)
                  0.06    0.00    3.68 v _2580_/B (sky130_fd_sc_hd__and2_2)
     4    0.02    0.07    0.23    3.92 v _2580_/X (sky130_fd_sc_hd__and2_2)
                                         _1332_ (net)
                  0.07    0.00    3.92 v _2581_/C (sky130_fd_sc_hd__and3_2)
     3    0.01    0.06    0.24    4.16 v _2581_/X (sky130_fd_sc_hd__and3_2)
                                         _1333_ (net)
                  0.06    0.00    4.16 v _2582_/B (sky130_fd_sc_hd__and2_2)
     4    0.02    0.07    0.23    4.39 v _2582_/X (sky130_fd_sc_hd__and2_2)
                                         _1334_ (net)
                  0.07    0.00    4.39 v _2583_/C (sky130_fd_sc_hd__and3_2)
     3    0.01    0.06    0.24    4.63 v _2583_/X (sky130_fd_sc_hd__and3_2)
                                         _1335_ (net)
                  0.06    0.00    4.63 v _2584_/B (sky130_fd_sc_hd__and2_2)
     4    0.02    0.07    0.23    4.87 v _2584_/X (sky130_fd_sc_hd__and2_2)
                                         _1336_ (net)
                  0.07    0.00    4.87 v _2595_/A (sky130_fd_sc_hd__nor2_2)
     1    0.00    0.06    0.10    4.97 ^ _2595_/Y (sky130_fd_sc_hd__nor2_2)
                                         _0216_ (net)
                  0.06    0.00    4.97 ^ _2986_/D (sky130_fd_sc_hd__dfrtp_2)
                                  4.97   data arrival time

                  0.00   10.00   10.00   clock clk (rise edge)
                          0.00   10.00   clock network delay (ideal)
                          0.00   10.00   clock reconvergence pessimism
                                 10.00 ^ _2986_/CLK (sky130_fd_sc_hd__dfrtp_2)
                         -0.07    9.93   library setup time
                                  9.93   data required time
-----------------------------------------------------------------------------
                                  9.93   data required time
                                 -4.97   data arrival time
-----------------------------------------------------------------------------
                                  4.96   slack (MET)


Startpoint: _2972_ (rising edge-triggered flip-flop clocked by clk)
Endpoint: _3033_ (rising edge-triggered flip-flop clocked by clk)
Path Group: clk
Path Type: max

Fanout     Cap    Slew   Delay    Time   Description
-----------------------------------------------------------------------------
                  0.00    0.00    0.00   clock clk (rise edge)
                          0.00    0.00   clock network delay (ideal)
                  0.00    0.00    0.00 ^ _2972_/CLK (sky130_fd_sc_hd__dfrtp_2)
     4    0.02    0.07    0.41    0.41 v _2972_/Q (sky130_fd_sc_hd__dfrtp_2)
                                         imem.address[13] (net)
                  0.07    0.00    0.41 v _1502_/A (sky130_fd_sc_hd__or4_2)
     3    0.01    0.14    0.72    1.13 v _1502_/X (sky130_fd_sc_hd__or4_2)
                                         _0382_ (net)
                  0.14    0.00    1.13 v _1506_/A_N (sky130_fd_sc_hd__and4bb_2)
     9    0.02    0.12    0.39    1.52 ^ _1506_/X (sky130_fd_sc_hd__and4bb_2)
                                         _0386_ (net)
                  0.12    0.00    1.52 ^ _1507_/B (sky130_fd_sc_hd__and2_2)
     1    0.00    0.04    0.15    1.67 ^ _1507_/X (sky130_fd_sc_hd__and2_2)
                                         _0387_ (net)
                  0.04    0.00    1.67 ^ _1508_/A (sky130_fd_sc_hd__buf_4)
     8    0.03    0.08    0.14    1.81 ^ _1508_/X (sky130_fd_sc_hd__buf_4)
                                         _0388_ (net)
                  0.08    0.00    1.81 ^ _1509_/B1 (sky130_fd_sc_hd__o21ai_2)
     4    0.01    0.08    0.07    1.88 v _1509_/Y (sky130_fd_sc_hd__o21ai_2)
                                         _0389_ (net)
                  0.08    0.00    1.88 v _1510_/A (sky130_fd_sc_hd__buf_2)
    10    0.05    0.12    0.22    2.10 v _1510_/X (sky130_fd_sc_hd__buf_2)
                                         _0390_ (net)
                  0.12    0.00    2.10 v _1690_/A1 (sky130_fd_sc_hd__o211ai_2)
     5    0.02    0.29    0.31    2.42 ^ _1690_/Y (sky130_fd_sc_hd__o211ai_2)
                                         _0506_ (net)
                  0.29    0.00    2.42 ^ _2060_/A (sky130_fd_sc_hd__and2_2)
     1    0.00    0.04    0.20    2.61 ^ _2060_/X (sky130_fd_sc_hd__and2_2)
                                         _0876_ (net)
                  0.04    0.00    2.61 ^ _2061_/A (sky130_fd_sc_hd__buf_1)
     7    0.03    0.35    0.29    2.91 ^ _2061_/X (sky130_fd_sc_hd__buf_1)
                                         _0877_ (net)
                  0.35    0.00    2.91 ^ _2062_/A (sky130_fd_sc_hd__buf_1)
    10    0.04    0.51    0.45    3.37 ^ _2062_/X (sky130_fd_sc_hd__buf_1)
                                         _0878_ (net)
                  0.51    0.00    3.37 ^ _2258_/S (sky130_fd_sc_hd__mux2_2)
     2    0.01    0.06    0.41    3.77 v _2258_/X (sky130_fd_sc_hd__mux2_2)
                                         _1070_ (net)
                  0.06    0.00    3.77 v _2259_/A1 (sky130_fd_sc_hd__mux2_2)
     2    0.01    0.06    0.28    4.05 v _2259_/X (sky130_fd_sc_hd__mux2_2)
                                         _1071_ (net)
                  0.06    0.00    4.05 v _2260_/B (sky130_fd_sc_hd__and2_2)
     3    0.01    0.05    0.21    4.27 v _2260_/X (sky130_fd_sc_hd__and2_2)
                                         _1072_ (net)
                  0.05    0.00    4.27 v _2478_/A2 (sky130_fd_sc_hd__a22o_2)
     2    0.01    0.06    0.29    4.56 v _2478_/X (sky130_fd_sc_hd__a22o_2)
                                         _1266_ (net)
                  0.06    0.00    4.56 v _2479_/A1 (sky130_fd_sc_hd__mux2_2)
     1    0.00    0.05    0.26    4.82 v _2479_/X (sky130_fd_sc_hd__mux2_2)
                                         _1267_ (net)
                  0.05    0.00    4.82 v _2480_/A (sky130_fd_sc_hd__buf_1)
     1    0.00    0.02    0.08    4.90 v _2480_/X (sky130_fd_sc_hd__buf_1)
                                         _0256_ (net)
                  0.02    0.00    4.90 v _3033_/D (sky130_fd_sc_hd__dfrtp_2)
                                  4.90   data arrival time

                  0.00   10.00   10.00   clock clk (rise edge)
                          0.00   10.00   clock network delay (ideal)
                          0.00   10.00   clock reconvergence pessimism
                                 10.00 ^ _3033_/CLK (sky130_fd_sc_hd__dfrtp_2)
                         -0.12    9.88   library setup time
                                  9.88   data required time
-----------------------------------------------------------------------------
                                  9.88   data required time
                                 -4.90   data arrival time
-----------------------------------------------------------------------------
                                  4.98   slack (MET)


Startpoint: _2968_ (rising edge-triggered flip-flop clocked by clk)
Endpoint: _3034_ (rising edge-triggered flip-flop clocked by clk)
Path Group: clk
Path Type: max

Fanout     Cap    Slew   Delay    Time   Description
-----------------------------------------------------------------------------
                  0.00    0.00    0.00   clock clk (rise edge)
                          0.00    0.00   clock network delay (ideal)
                  0.00    0.00    0.00 ^ _2968_/CLK (sky130_fd_sc_hd__dfrtp_2)
     3    0.01    0.05    0.38    0.38 v _2968_/Q (sky130_fd_sc_hd__dfrtp_2)
                                         imem.address[9] (net)
                  0.05    0.00    0.38 v _1494_/A (sky130_fd_sc_hd__or4_2)
     1    0.00    0.10    0.65    1.03 v _1494_/X (sky130_fd_sc_hd__or4_2)
                                         _0374_ (net)
                  0.10    0.00    1.03 v _1495_/A (sky130_fd_sc_hd__buf_1)
     5    0.02    0.14    0.20    1.23 v _1495_/X (sky130_fd_sc_hd__buf_1)
                                         _0375_ (net)
                  0.14    0.00    1.23 v _1649_/C (sky130_fd_sc_hd__nor4_2)
     2    0.00    0.20    0.24    1.48 ^ _1649_/Y (sky130_fd_sc_hd__nor4_2)
                                         _0465_ (net)
                  0.20    0.00    1.48 ^ _1650_/D (sky130_fd_sc_hd__and4_2)
     1    0.00    0.05    0.24    1.71 ^ _1650_/X (sky130_fd_sc_hd__and4_2)
                                         _0466_ (net)
                  0.05    0.00    1.71 ^ _1651_/A (sky130_fd_sc_hd__buf_1)
     8    0.03    0.37    0.31    2.02 ^ _1651_/X (sky130_fd_sc_hd__buf_1)
                                         _0467_ (net)
                  0.37    0.00    2.02 ^ _1652_/A (sky130_fd_sc_hd__buf_1)
    10    0.05    0.60    0.52    2.54 ^ _1652_/X (sky130_fd_sc_hd__buf_1)
                                         _0468_ (net)
                  0.60    0.00    2.54 ^ _1805_/B (sky130_fd_sc_hd__or2_2)
     2    0.01    0.06    0.23    2.77 ^ _1805_/X (sky130_fd_sc_hd__or2_2)
                                         _0621_ (net)
                  0.06    0.00    2.77 ^ _1806_/A (sky130_fd_sc_hd__buf_1)
    10    0.03    0.39    0.33    3.10 ^ _1806_/X (sky130_fd_sc_hd__buf_1)
                                         _0622_ (net)
                  0.39    0.00    3.10 ^ _1858_/B1 (sky130_fd_sc_hd__a22o_2)
     2    0.01    0.06    0.23    3.33 ^ _1858_/X (sky130_fd_sc_hd__a22o_2)
                                         _0674_ (net)
                  0.06    0.00    3.33 ^ _1859_/B (sky130_fd_sc_hd__nor2_2)
     2    0.01    0.04    0.05    3.38 v _1859_/Y (sky130_fd_sc_hd__nor2_2)
                                         _0675_ (net)
                  0.04    0.00    3.38 v _1861_/A2 (sky130_fd_sc_hd__o21ai_2)
     2    0.01    0.17    0.17    3.54 ^ _1861_/Y (sky130_fd_sc_hd__o21ai_2)
                                         _0677_ (net)
                  0.17    0.00    3.54 ^ _1863_/A2 (sky130_fd_sc_hd__a21o_2)
     2    0.01    0.08    0.19    3.73 ^ _1863_/X (sky130_fd_sc_hd__a21o_2)
                                         _0679_ (net)
                  0.08    0.00    3.73 ^ _1872_/A1 (sky130_fd_sc_hd__a21oi_2)
     3    0.01    0.07    0.07    3.81 v _1872_/Y (sky130_fd_sc_hd__a21oi_2)
                                         _0688_ (net)
                  0.07    0.00    3.81 v _2466_/A (sky130_fd_sc_hd__or2_2)
     3    0.01    0.08    0.34    4.14 v _2466_/X (sky130_fd_sc_hd__or2_2)
                                         _1256_ (net)
                  0.08    0.00    4.14 v _2474_/A2 (sky130_fd_sc_hd__a32o_2)
     2    0.01    0.05    0.28    4.43 v _2474_/X (sky130_fd_sc_hd__a32o_2)
                                         _1263_ (net)
                  0.05    0.00    4.43 v _2475_/A1 (sky130_fd_sc_hd__mux2_2)
     1    0.00    0.05    0.25    4.68 v _2475_/X (sky130_fd_sc_hd__mux2_2)
                                         _1264_ (net)
                  0.05    0.00    4.68 v _2476_/A (sky130_fd_sc_hd__buf_1)
     1    0.00    0.02    0.08    4.77 v _2476_/X (sky130_fd_sc_hd__buf_1)
                                         _0257_ (net)
                  0.02    0.00    4.77 v _3034_/D (sky130_fd_sc_hd__dfrtp_2)
                                  4.77   data arrival time

                  0.00   10.00   10.00   clock clk (rise edge)
                          0.00   10.00   clock network delay (ideal)
                          0.00   10.00   clock reconvergence pessimism
                                 10.00 ^ _3034_/CLK (sky130_fd_sc_hd__dfrtp_2)
                         -0.12    9.88   library setup time
                                  9.88   data required time
-----------------------------------------------------------------------------
                                  9.88   data required time
                                 -4.77   data arrival time
-----------------------------------------------------------------------------
                                  5.12   slack (MET)


Startpoint: _2972_ (rising edge-triggered flip-flop clocked by clk)
Endpoint: _3031_ (rising edge-triggered flip-flop clocked by clk)
Path Group: clk
Path Type: max

Fanout     Cap    Slew   Delay    Time   Description
-----------------------------------------------------------------------------
                  0.00    0.00    0.00   clock clk (rise edge)
                          0.00    0.00   clock network delay (ideal)
                  0.00    0.00    0.00 ^ _2972_/CLK (sky130_fd_sc_hd__dfrtp_2)
     4    0.02    0.07    0.41    0.41 v _2972_/Q (sky130_fd_sc_hd__dfrtp_2)
                                         imem.address[13] (net)
                  0.07    0.00    0.41 v _1502_/A (sky130_fd_sc_hd__or4_2)
     3    0.01    0.14    0.72    1.13 v _1502_/X (sky130_fd_sc_hd__or4_2)
                                         _0382_ (net)
                  0.14    0.00    1.13 v _1506_/A_N (sky130_fd_sc_hd__and4bb_2)
     9    0.02    0.12    0.39    1.52 ^ _1506_/X (sky130_fd_sc_hd__and4bb_2)
                                         _0386_ (net)
                  0.12    0.00    1.52 ^ _1659_/C (sky130_fd_sc_hd__and4_2)
     2    0.01    0.07    0.24    1.76 ^ _1659_/X (sky130_fd_sc_hd__and4_2)
                                         _0475_ (net)
                  0.07    0.00    1.76 ^ _1670_/A (sky130_fd_sc_hd__buf_1)
    10    0.04    0.41    0.35    2.10 ^ _1670_/X (sky130_fd_sc_hd__buf_1)
                                         _0486_ (net)
                  0.41    0.00    2.11 ^ _1721_/A (sky130_fd_sc_hd__buf_1)
    10    0.04    0.45    0.42    2.52 ^ _1721_/X (sky130_fd_sc_hd__buf_1)
                                         _0537_ (net)
                  0.45    0.00    2.52 ^ _1754_/A (sky130_fd_sc_hd__buf_1)
    10    0.04    0.43    0.41    2.93 ^ _1754_/X (sky130_fd_sc_hd__buf_1)
                                         _0570_ (net)
                  0.43    0.00    2.93 ^ _2121_/B (sky130_fd_sc_hd__and2_2)
     1    0.00    0.04    0.21    3.14 ^ _2121_/X (sky130_fd_sc_hd__and2_2)
                                         _0936_ (net)
                  0.04    0.00    3.14 ^ _2122_/A (sky130_fd_sc_hd__buf_1)
     9    0.04    0.44    0.36    3.50 ^ _2122_/X (sky130_fd_sc_hd__buf_1)
                                         _0937_ (net)
                  0.44    0.00    3.50 ^ _2242_/B1 (sky130_fd_sc_hd__a21o_2)
     1    0.00    0.03    0.14    3.64 ^ _2242_/X (sky130_fd_sc_hd__a21o_2)
                                         _1054_ (net)
                  0.03    0.00    3.64 ^ _2243_/D (sky130_fd_sc_hd__or4_2)
     1    0.01    0.05    0.11    3.74 ^ _2243_/X (sky130_fd_sc_hd__or4_2)
                                         _1055_ (net)
                  0.05    0.00    3.75 ^ _2244_/A2 (sky130_fd_sc_hd__a21oi_2)
     5    0.02    0.09    0.09    3.84 v _2244_/Y (sky130_fd_sc_hd__a21oi_2)
                                         _1056_ (net)
                  0.09    0.00    3.84 v _2332_/B (sky130_fd_sc_hd__and2_2)
     5    0.02    0.06    0.24    4.08 v _2332_/X (sky130_fd_sc_hd__and2_2)
                                         _1140_ (net)
                  0.06    0.00    4.08 v _2491_/A1 (sky130_fd_sc_hd__a22o_2)
     2    0.02    0.08    0.29    4.36 v _2491_/X (sky130_fd_sc_hd__a22o_2)
                                         _1277_ (net)
                  0.08    0.00    4.37 v _2492_/A1 (sky130_fd_sc_hd__mux2_2)
     1    0.00    0.05    0.27    4.63 v _2492_/X (sky130_fd_sc_hd__mux2_2)
                                         _1278_ (net)
                  0.05    0.00    4.63 v _2493_/A (sky130_fd_sc_hd__buf_1)
     1    0.00    0.02    0.09    4.72 v _2493_/X (sky130_fd_sc_hd__buf_1)
                                         _0254_ (net)
                  0.02    0.00    4.72 v _3031_/D (sky130_fd_sc_hd__dfrtp_2)
                                  4.72   data arrival time

                  0.00   10.00   10.00   clock clk (rise edge)
                          0.00   10.00   clock network delay (ideal)
                          0.00   10.00   clock reconvergence pessimism
                                 10.00 ^ _3031_/CLK (sky130_fd_sc_hd__dfrtp_2)
                         -0.12    9.88   library setup time
                                  9.88   data required time
-----------------------------------------------------------------------------
                                  9.88   data required time
                                 -4.72   data arrival time
-----------------------------------------------------------------------------
                                  5.17   slack (MET)


Startpoint: _2962_ (rising edge-triggered flip-flop clocked by clk)
Endpoint: _2985_ (rising edge-triggered flip-flop clocked by clk)
Path Group: clk
Path Type: max

Fanout     Cap    Slew   Delay    Time   Description
-----------------------------------------------------------------------------
                  0.00    0.00    0.00   clock clk (rise edge)
                          0.00    0.00   clock network delay (ideal)
                  0.00    0.00    0.00 ^ _2962_/CLK (sky130_fd_sc_hd__dfrtp_2)
     8    0.02    0.09    0.42    0.42 v _2962_/Q (sky130_fd_sc_hd__dfrtp_2)
                                         imem.address[3] (net)
                  0.09    0.00    0.42 v _1664_/A (sky130_fd_sc_hd__and2_2)
     1    0.00    0.04    0.18    0.60 v _1664_/X (sky130_fd_sc_hd__and2_2)
                                         _0480_ (net)
                  0.04    0.00    0.60 v _1665_/A (sky130_fd_sc_hd__buf_1)
     7    0.02    0.13    0.16    0.77 v _1665_/X (sky130_fd_sc_hd__buf_1)
                                         _0481_ (net)
                  0.13    0.00    0.77 v _2499_/C (sky130_fd_sc_hd__and3_2)
     4    0.02    0.07    0.29    1.05 v _2499_/X (sky130_fd_sc_hd__and3_2)
                                         _1283_ (net)
                  0.07    0.00    1.06 v _2569_/C (sky130_fd_sc_hd__and3_2)
     3    0.01    0.06    0.24    1.30 v _2569_/X (sky130_fd_sc_hd__and3_2)
                                         _1321_ (net)
                  0.06    0.00    1.30 v _2570_/B (sky130_fd_sc_hd__and2_2)
     4    0.02    0.07    0.23    1.53 v _2570_/X (sky130_fd_sc_hd__and2_2)
                                         _1322_ (net)
                  0.07    0.00    1.53 v _2571_/C (sky130_fd_sc_hd__and3_2)
     3    0.01    0.06    0.24    1.77 v _2571_/X (sky130_fd_sc_hd__and3_2)
                                         _1323_ (net)
                  0.06    0.00    1.77 v _2572_/B (sky130_fd_sc_hd__and2_2)
     4    0.02    0.07    0.23    2.01 v _2572_/X (sky130_fd_sc_hd__and2_2)
                                         _1324_ (net)
                  0.07    0.00    2.01 v _2573_/C (sky130_fd_sc_hd__and3_2)
     3    0.01    0.06    0.24    2.25 v _2573_/X (sky130_fd_sc_hd__and3_2)
                                         _1325_ (net)
                  0.06    0.00    2.25 v _2574_/B (sky130_fd_sc_hd__and2_2)
     4    0.02    0.07    0.23    2.48 v _2574_/X (sky130_fd_sc_hd__and2_2)
                                         _1326_ (net)
                  0.07    0.00    2.48 v _2575_/C (sky130_fd_sc_hd__and3_2)
     3    0.01    0.06    0.24    2.73 v _2575_/X (sky130_fd_sc_hd__and3_2)
                                         _1327_ (net)
                  0.06    0.00    2.73 v _2576_/B (sky130_fd_sc_hd__and2_2)
     4    0.02    0.07    0.23    2.96 v _2576_/X (sky130_fd_sc_hd__and2_2)
                                         _1328_ (net)
                  0.07    0.00    2.96 v _2577_/C (sky130_fd_sc_hd__and3_2)
     3    0.01    0.06    0.24    3.20 v _2577_/X (sky130_fd_sc_hd__and3_2)
                                         _1329_ (net)
                  0.06    0.00    3.20 v _2578_/B (sky130_fd_sc_hd__and2_2)
     4    0.02    0.07    0.24    3.44 v _2578_/X (sky130_fd_sc_hd__and2_2)
                                         _1330_ (net)
                  0.07    0.00    3.44 v _2579_/C (sky130_fd_sc_hd__and3_2)
     3    0.01    0.06    0.24    3.68 v _2579_/X (sky130_fd_sc_hd__and3_2)
                                         _1331_ (net)
                  0.06    0.00    3.68 v _2580_/B (sky130_fd_sc_hd__and2_2)
     4    0.02    0.07    0.23    3.92 v _2580_/X (sky130_fd_sc_hd__and2_2)
                                         _1332_ (net)
                  0.07    0.00    3.92 v _2581_/C (sky130_fd_sc_hd__and3_2)
     3    0.01    0.06    0.24    4.16 v _2581_/X (sky130_fd_sc_hd__and3_2)
                                         _1333_ (net)
                  0.06    0.00    4.16 v _2582_/B (sky130_fd_sc_hd__and2_2)
     4    0.02    0.07    0.23    4.39 v _2582_/X (sky130_fd_sc_hd__and2_2)
                                         _1334_ (net)
                  0.07    0.00    4.39 v _2583_/C (sky130_fd_sc_hd__and3_2)
     3    0.01    0.06    0.24    4.63 v _2583_/X (sky130_fd_sc_hd__and3_2)
                                         _1335_ (net)
                  0.06    0.00    4.63 v _2597_/A (sky130_fd_sc_hd__nor2_2)
     1    0.00    0.06    0.09    4.73 ^ _2597_/Y (sky130_fd_sc_hd__nor2_2)
                                         _0215_ (net)
                  0.06    0.00    4.73 ^ _2985_/D (sky130_fd_sc_hd__dfrtp_2)
                                  4.73   data arrival time

                  0.00   10.00   10.00   clock clk (rise edge)
                          0.00   10.00   clock network delay (ideal)
                          0.00   10.00   clock reconvergence pessimism
                                 10.00 ^ _2985_/CLK (sky130_fd_sc_hd__dfrtp_2)
                         -0.07    9.93   library setup time
                                  9.93   data required time
-----------------------------------------------------------------------------
                                  9.93   data required time
                                 -4.73   data arrival time
-----------------------------------------------------------------------------
                                  5.20   slack (MET)


Startpoint: _2962_ (rising edge-triggered flip-flop clocked by clk)
Endpoint: _2984_ (rising edge-triggered flip-flop clocked by clk)
Path Group: clk
Path Type: max

Fanout     Cap    Slew   Delay    Time   Description
-----------------------------------------------------------------------------
                  0.00    0.00    0.00   clock clk (rise edge)
                          0.00    0.00   clock network delay (ideal)
                  0.00    0.00    0.00 ^ _2962_/CLK (sky130_fd_sc_hd__dfrtp_2)
     8    0.02    0.09    0.42    0.42 v _2962_/Q (sky130_fd_sc_hd__dfrtp_2)
                                         imem.address[3] (net)
                  0.09    0.00    0.42 v _1664_/A (sky130_fd_sc_hd__and2_2)
     1    0.00    0.04    0.18    0.60 v _1664_/X (sky130_fd_sc_hd__and2_2)
                                         _0480_ (net)
                  0.04    0.00    0.60 v _1665_/A (sky130_fd_sc_hd__buf_1)
     7    0.02    0.13    0.16    0.77 v _1665_/X (sky130_fd_sc_hd__buf_1)
                                         _0481_ (net)
                  0.13    0.00    0.77 v _2499_/C (sky130_fd_sc_hd__and3_2)
     4    0.02    0.07    0.29    1.05 v _2499_/X (sky130_fd_sc_hd__and3_2)
                                         _1283_ (net)
                  0.07    0.00    1.06 v _2569_/C (sky130_fd_sc_hd__and3_2)
     3    0.01    0.06    0.24    1.30 v _2569_/X (sky130_fd_sc_hd__and3_2)
                                         _1321_ (net)
                  0.06    0.00    1.30 v _2570_/B (sky130_fd_sc_hd__and2_2)
     4    0.02    0.07    0.23    1.53 v _2570_/X (sky130_fd_sc_hd__and2_2)
                                         _1322_ (net)
                  0.07    0.00    1.53 v _2571_/C (sky130_fd_sc_hd__and3_2)
     3    0.01    0.06    0.24    1.77 v _2571_/X (sky130_fd_sc_hd__and3_2)
                                         _1323_ (net)
                  0.06    0.00    1.77 v _2572_/B (sky130_fd_sc_hd__and2_2)
     4    0.02    0.07    0.23    2.01 v _2572_/X (sky130_fd_sc_hd__and2_2)
                                         _1324_ (net)
                  0.07    0.00    2.01 v _2573_/C (sky130_fd_sc_hd__and3_2)
     3    0.01    0.06    0.24    2.25 v _2573_/X (sky130_fd_sc_hd__and3_2)
                                         _1325_ (net)
                  0.06    0.00    2.25 v _2574_/B (sky130_fd_sc_hd__and2_2)
     4    0.02    0.07    0.23    2.48 v _2574_/X (sky130_fd_sc_hd__and2_2)
                                         _1326_ (net)
                  0.07    0.00    2.48 v _2575_/C (sky130_fd_sc_hd__and3_2)
     3    0.01    0.06    0.24    2.73 v _2575_/X (sky130_fd_sc_hd__and3_2)
                                         _1327_ (net)
                  0.06    0.00    2.73 v _2576_/B (sky130_fd_sc_hd__and2_2)
     4    0.02    0.07    0.23    2.96 v _2576_/X (sky130_fd_sc_hd__and2_2)
                                         _1328_ (net)
                  0.07    0.00    2.96 v _2577_/C (sky130_fd_sc_hd__and3_2)
     3    0.01    0.06    0.24    3.20 v _2577_/X (sky130_fd_sc_hd__and3_2)
                                         _1329_ (net)
                  0.06    0.00    3.20 v _2578_/B (sky130_fd_sc_hd__and2_2)
     4    0.02    0.07    0.24    3.44 v _2578_/X (sky130_fd_sc_hd__and2_2)
                                         _1330_ (net)
                  0.07    0.00    3.44 v _2579_/C (sky130_fd_sc_hd__and3_2)
     3    0.01    0.06    0.24    3.68 v _2579_/X (sky130_fd_sc_hd__and3_2)
                                         _1331_ (net)
                  0.06    0.00    3.68 v _2580_/B (sky130_fd_sc_hd__and2_2)
     4    0.02    0.07    0.23    3.92 v _2580_/X (sky130_fd_sc_hd__and2_2)
                                         _1332_ (net)
                  0.07    0.00    3.92 v _2581_/C (sky130_fd_sc_hd__and3_2)
     3    0.01    0.06    0.24    4.16 v _2581_/X (sky130_fd_sc_hd__and3_2)
                                         _1333_ (net)
                  0.06    0.00    4.16 v _2582_/B (sky130_fd_sc_hd__and2_2)
     4    0.02    0.07    0.23    4.39 v _2582_/X (sky130_fd_sc_hd__and2_2)
                                         _1334_ (net)
                  0.07    0.00    4.39 v _2598_/B (sky130_fd_sc_hd__xor2_2)
     1    0.00    0.05    0.14    4.54 v _2598_/X (sky130_fd_sc_hd__xor2_2)
                                         _0214_ (net)
                  0.05    0.00    4.54 v _2984_/D (sky130_fd_sc_hd__dfrtp_2)
                                  4.54   data arrival time

                  0.00   10.00   10.00   clock clk (rise edge)
                          0.00   10.00   clock network delay (ideal)
                          0.00   10.00   clock reconvergence pessimism
                                 10.00 ^ _2984_/CLK (sky130_fd_sc_hd__dfrtp_2)
                         -0.13    9.87   library setup time
                                  9.87   data required time
-----------------------------------------------------------------------------
                                  9.87   data required time
                                 -4.54   data arrival time
-----------------------------------------------------------------------------
                                  5.34   slack (MET)


Startpoint: _2962_ (rising edge-triggered flip-flop clocked by clk)
Endpoint: _2983_ (rising edge-triggered flip-flop clocked by clk)
Path Group: clk
Path Type: max

Fanout     Cap    Slew   Delay    Time   Description
-----------------------------------------------------------------------------
                  0.00    0.00    0.00   clock clk (rise edge)
                          0.00    0.00   clock network delay (ideal)
                  0.00    0.00    0.00 ^ _2962_/CLK (sky130_fd_sc_hd__dfrtp_2)
     8    0.02    0.09    0.42    0.42 v _2962_/Q (sky130_fd_sc_hd__dfrtp_2)
                                         imem.address[3] (net)
                  0.09    0.00    0.42 v _1664_/A (sky130_fd_sc_hd__and2_2)
     1    0.00    0.04    0.18    0.60 v _1664_/X (sky130_fd_sc_hd__and2_2)
                                         _0480_ (net)
                  0.04    0.00    0.60 v _1665_/A (sky130_fd_sc_hd__buf_1)
     7    0.02    0.13    0.16    0.77 v _1665_/X (sky130_fd_sc_hd__buf_1)
                                         _0481_ (net)
                  0.13    0.00    0.77 v _2499_/C (sky130_fd_sc_hd__and3_2)
     4    0.02    0.07    0.29    1.05 v _2499_/X (sky130_fd_sc_hd__and3_2)
                                         _1283_ (net)
                  0.07    0.00    1.06 v _2569_/C (sky130_fd_sc_hd__and3_2)
     3    0.01    0.06    0.24    1.30 v _2569_/X (sky130_fd_sc_hd__and3_2)
                                         _1321_ (net)
                  0.06    0.00    1.30 v _2570_/B (sky130_fd_sc_hd__and2_2)
     4    0.02    0.07    0.23    1.53 v _2570_/X (sky130_fd_sc_hd__and2_2)
                                         _1322_ (net)
                  0.07    0.00    1.53 v _2571_/C (sky130_fd_sc_hd__and3_2)
     3    0.01    0.06    0.24    1.77 v _2571_/X (sky130_fd_sc_hd__and3_2)
                                         _1323_ (net)
                  0.06    0.00    1.77 v _2572_/B (sky130_fd_sc_hd__and2_2)
     4    0.02    0.07    0.23    2.01 v _2572_/X (sky130_fd_sc_hd__and2_2)
                                         _1324_ (net)
                  0.07    0.00    2.01 v _2573_/C (sky130_fd_sc_hd__and3_2)
     3    0.01    0.06    0.24    2.25 v _2573_/X (sky130_fd_sc_hd__and3_2)
                                         _1325_ (net)
                  0.06    0.00    2.25 v _2574_/B (sky130_fd_sc_hd__and2_2)
     4    0.02    0.07    0.23    2.48 v _2574_/X (sky130_fd_sc_hd__and2_2)
                                         _1326_ (net)
                  0.07    0.00    2.48 v _2575_/C (sky130_fd_sc_hd__and3_2)
     3    0.01    0.06    0.24    2.73 v _2575_/X (sky130_fd_sc_hd__and3_2)
                                         _1327_ (net)
                  0.06    0.00    2.73 v _2576_/B (sky130_fd_sc_hd__and2_2)
     4    0.02    0.07    0.23    2.96 v _2576_/X (sky130_fd_sc_hd__and2_2)
                                         _1328_ (net)
                  0.07    0.00    2.96 v _2577_/C (sky130_fd_sc_hd__and3_2)
     3    0.01    0.06    0.24    3.20 v _2577_/X (sky130_fd_sc_hd__and3_2)
                                         _1329_ (net)
                  0.06    0.00    3.20 v _2578_/B (sky130_fd_sc_hd__and2_2)
     4    0.02    0.07    0.24    3.44 v _2578_/X (sky130_fd_sc_hd__and2_2)
                                         _1330_ (net)
                  0.07    0.00    3.44 v _2579_/C (sky130_fd_sc_hd__and3_2)
     3    0.01    0.06    0.24    3.68 v _2579_/X (sky130_fd_sc_hd__and3_2)
                                         _1331_ (net)
                  0.06    0.00    3.68 v _2580_/B (sky130_fd_sc_hd__and2_2)
     4    0.02    0.07    0.23    3.92 v _2580_/X (sky130_fd_sc_hd__and2_2)
                                         _1332_ (net)
                  0.07    0.00    3.92 v _2581_/C (sky130_fd_sc_hd__and3_2)
     3    0.01    0.06    0.24    4.16 v _2581_/X (sky130_fd_sc_hd__and3_2)
                                         _1333_ (net)
                  0.06    0.00    4.16 v _2582_/B (sky130_fd_sc_hd__and2_2)
     4    0.02    0.07    0.23    4.39 v _2582_/X (sky130_fd_sc_hd__and2_2)
                                         _1334_ (net)
                  0.07    0.00    4.39 v _2600_/A (sky130_fd_sc_hd__nor2_2)
     1    0.00    0.06    0.10    4.49 ^ _2600_/Y (sky130_fd_sc_hd__nor2_2)
                                         _0213_ (net)
                  0.06    0.00    4.49 ^ _2983_/D (sky130_fd_sc_hd__dfrtp_2)
                                  4.49   data arrival time

                  0.00   10.00   10.00   clock clk (rise edge)
                          0.00   10.00   clock network delay (ideal)
                          0.00   10.00   clock reconvergence pessimism
                                 10.00 ^ _2983_/CLK (sky130_fd_sc_hd__dfrtp_2)
                         -0.07    9.93   library setup time
                                  9.93   data required time
-----------------------------------------------------------------------------
                                  9.93   data required time
                                 -4.49   data arrival time
-----------------------------------------------------------------------------
                                  5.43   slack (MET)


Startpoint: _2962_ (rising edge-triggered flip-flop clocked by clk)
Endpoint: _2982_ (rising edge-triggered flip-flop clocked by clk)
Path Group: clk
Path Type: max

Fanout     Cap    Slew   Delay    Time   Description
-----------------------------------------------------------------------------
                  0.00    0.00    0.00   clock clk (rise edge)
                          0.00    0.00   clock network delay (ideal)
                  0.00    0.00    0.00 ^ _2962_/CLK (sky130_fd_sc_hd__dfrtp_2)
     8    0.02    0.09    0.42    0.42 v _2962_/Q (sky130_fd_sc_hd__dfrtp_2)
                                         imem.address[3] (net)
                  0.09    0.00    0.42 v _1664_/A (sky130_fd_sc_hd__and2_2)
     1    0.00    0.04    0.18    0.60 v _1664_/X (sky130_fd_sc_hd__and2_2)
                                         _0480_ (net)
                  0.04    0.00    0.60 v _1665_/A (sky130_fd_sc_hd__buf_1)
     7    0.02    0.13    0.16    0.77 v _1665_/X (sky130_fd_sc_hd__buf_1)
                                         _0481_ (net)
                  0.13    0.00    0.77 v _2499_/C (sky130_fd_sc_hd__and3_2)
     4    0.02    0.07    0.29    1.05 v _2499_/X (sky130_fd_sc_hd__and3_2)
                                         _1283_ (net)
                  0.07    0.00    1.06 v _2569_/C (sky130_fd_sc_hd__and3_2)
     3    0.01    0.06    0.24    1.30 v _2569_/X (sky130_fd_sc_hd__and3_2)
                                         _1321_ (net)
                  0.06    0.00    1.30 v _2570_/B (sky130_fd_sc_hd__and2_2)
     4    0.02    0.07    0.23    1.53 v _2570_/X (sky130_fd_sc_hd__and2_2)
                                         _1322_ (net)
                  0.07    0.00    1.53 v _2571_/C (sky130_fd_sc_hd__and3_2)
     3    0.01    0.06    0.24    1.77 v _2571_/X (sky130_fd_sc_hd__and3_2)
                                         _1323_ (net)
                  0.06    0.00    1.77 v _2572_/B (sky130_fd_sc_hd__and2_2)
     4    0.02    0.07    0.23    2.01 v _2572_/X (sky130_fd_sc_hd__and2_2)
                                         _1324_ (net)
                  0.07    0.00    2.01 v _2573_/C (sky130_fd_sc_hd__and3_2)
     3    0.01    0.06    0.24    2.25 v _2573_/X (sky130_fd_sc_hd__and3_2)
                                         _1325_ (net)
                  0.06    0.00    2.25 v _2574_/B (sky130_fd_sc_hd__and2_2)
     4    0.02    0.07    0.23    2.48 v _2574_/X (sky130_fd_sc_hd__and2_2)
                                         _1326_ (net)
                  0.07    0.00    2.48 v _2575_/C (sky130_fd_sc_hd__and3_2)
     3    0.01    0.06    0.24    2.73 v _2575_/X (sky130_fd_sc_hd__and3_2)
                                         _1327_ (net)
                  0.06    0.00    2.73 v _2576_/B (sky130_fd_sc_hd__and2_2)
     4    0.02    0.07    0.23    2.96 v _2576_/X (sky130_fd_sc_hd__and2_2)
                                         _1328_ (net)
                  0.07    0.00    2.96 v _2577_/C (sky130_fd_sc_hd__and3_2)
     3    0.01    0.06    0.24    3.20 v _2577_/X (sky130_fd_sc_hd__and3_2)
                                         _1329_ (net)
                  0.06    0.00    3.20 v _2578_/B (sky130_fd_sc_hd__and2_2)
     4    0.02    0.07    0.24    3.44 v _2578_/X (sky130_fd_sc_hd__and2_2)
                                         _1330_ (net)
                  0.07    0.00    3.44 v _2579_/C (sky130_fd_sc_hd__and3_2)
     3    0.01    0.06    0.24    3.68 v _2579_/X (sky130_fd_sc_hd__and3_2)
                                         _1331_ (net)
                  0.06    0.00    3.68 v _2580_/B (sky130_fd_sc_hd__and2_2)
     4    0.02    0.07    0.23    3.92 v _2580_/X (sky130_fd_sc_hd__and2_2)
                                         _1332_ (net)
                  0.07    0.00    3.92 v _2581_/C (sky130_fd_sc_hd__and3_2)
     3    0.01    0.06    0.24    4.16 v _2581_/X (sky130_fd_sc_hd__and3_2)
                                         _1333_ (net)
                  0.06    0.00    4.16 v _2602_/A (sky130_fd_sc_hd__nor2_2)
     1    0.00    0.06    0.09    4.25 ^ _2602_/Y (sky130_fd_sc_hd__nor2_2)
                                         _0212_ (net)
                  0.06    0.00    4.25 ^ _2982_/D (sky130_fd_sc_hd__dfrtp_2)
                                  4.25   data arrival time

                  0.00   10.00   10.00   clock clk (rise edge)
                          0.00   10.00   clock network delay (ideal)
                          0.00   10.00   clock reconvergence pessimism
                                 10.00 ^ _2982_/CLK (sky130_fd_sc_hd__dfrtp_2)
                         -0.07    9.93   library setup time
                                  9.93   data required time
-----------------------------------------------------------------------------
                                  9.93   data required time
                                 -4.25   data arrival time
-----------------------------------------------------------------------------
                                  5.67   slack (MET)


Startpoint: _2962_ (rising edge-triggered flip-flop clocked by clk)
Endpoint: _2981_ (rising edge-triggered flip-flop clocked by clk)
Path Group: clk
Path Type: max

Fanout     Cap    Slew   Delay    Time   Description
-----------------------------------------------------------------------------
                  0.00    0.00    0.00   clock clk (rise edge)
                          0.00    0.00   clock network delay (ideal)
                  0.00    0.00    0.00 ^ _2962_/CLK (sky130_fd_sc_hd__dfrtp_2)
     8    0.02    0.09    0.42    0.42 v _2962_/Q (sky130_fd_sc_hd__dfrtp_2)
                                         imem.address[3] (net)
                  0.09    0.00    0.42 v _1664_/A (sky130_fd_sc_hd__and2_2)
     1    0.00    0.04    0.18    0.60 v _1664_/X (sky130_fd_sc_hd__and2_2)
                                         _0480_ (net)
                  0.04    0.00    0.60 v _1665_/A (sky130_fd_sc_hd__buf_1)
     7    0.02    0.13    0.16    0.77 v _1665_/X (sky130_fd_sc_hd__buf_1)
                                         _0481_ (net)
                  0.13    0.00    0.77 v _2499_/C (sky130_fd_sc_hd__and3_2)
     4    0.02    0.07    0.29    1.05 v _2499_/X (sky130_fd_sc_hd__and3_2)
                                         _1283_ (net)
                  0.07    0.00    1.06 v _2569_/C (sky130_fd_sc_hd__and3_2)
     3    0.01    0.06    0.24    1.30 v _2569_/X (sky130_fd_sc_hd__and3_2)
                                         _1321_ (net)
                  0.06    0.00    1.30 v _2570_/B (sky130_fd_sc_hd__and2_2)
     4    0.02    0.07    0.23    1.53 v _2570_/X (sky130_fd_sc_hd__and2_2)
                                         _1322_ (net)
                  0.07    0.00    1.53 v _2571_/C (sky130_fd_sc_hd__and3_2)
     3    0.01    0.06    0.24    1.77 v _2571_/X (sky130_fd_sc_hd__and3_2)
                                         _1323_ (net)
                  0.06    0.00    1.77 v _2572_/B (sky130_fd_sc_hd__and2_2)
     4    0.02    0.07    0.23    2.01 v _2572_/X (sky130_fd_sc_hd__and2_2)
                                         _1324_ (net)
                  0.07    0.00    2.01 v _2573_/C (sky130_fd_sc_hd__and3_2)
     3    0.01    0.06    0.24    2.25 v _2573_/X (sky130_fd_sc_hd__and3_2)
                                         _1325_ (net)
                  0.06    0.00    2.25 v _2574_/B (sky130_fd_sc_hd__and2_2)
     4    0.02    0.07    0.23    2.48 v _2574_/X (sky130_fd_sc_hd__and2_2)
                                         _1326_ (net)
                  0.07    0.00    2.48 v _2575_/C (sky130_fd_sc_hd__and3_2)
     3    0.01    0.06    0.24    2.73 v _2575_/X (sky130_fd_sc_hd__and3_2)
                                         _1327_ (net)
                  0.06    0.00    2.73 v _2576_/B (sky130_fd_sc_hd__and2_2)
     4    0.02    0.07    0.23    2.96 v _2576_/X (sky130_fd_sc_hd__and2_2)
                                         _1328_ (net)
                  0.07    0.00    2.96 v _2577_/C (sky130_fd_sc_hd__and3_2)
     3    0.01    0.06    0.24    3.20 v _2577_/X (sky130_fd_sc_hd__and3_2)
                                         _1329_ (net)
                  0.06    0.00    3.20 v _2578_/B (sky130_fd_sc_hd__and2_2)
     4    0.02    0.07    0.24    3.44 v _2578_/X (sky130_fd_sc_hd__and2_2)
                                         _1330_ (net)
                  0.07    0.00    3.44 v _2579_/C (sky130_fd_sc_hd__and3_2)
     3    0.01    0.06    0.24    3.68 v _2579_/X (sky130_fd_sc_hd__and3_2)
                                         _1331_ (net)
                  0.06    0.00    3.68 v _2580_/B (sky130_fd_sc_hd__and2_2)
     4    0.02    0.07    0.23    3.92 v _2580_/X (sky130_fd_sc_hd__and2_2)
                                         _1332_ (net)
                  0.07    0.00    3.92 v _2603_/B (sky130_fd_sc_hd__xor2_2)
     1    0.00    0.05    0.14    4.06 v _2603_/X (sky130_fd_sc_hd__xor2_2)
                                         _0211_ (net)
                  0.05    0.00    4.06 v _2981_/D (sky130_fd_sc_hd__dfrtp_2)
                                  4.06   data arrival time

                  0.00   10.00   10.00   clock clk (rise edge)
                          0.00   10.00   clock network delay (ideal)
                          0.00   10.00   clock reconvergence pessimism
                                 10.00 ^ _2981_/CLK (sky130_fd_sc_hd__dfrtp_2)
                         -0.13    9.87   library setup time
                                  9.87   data required time
-----------------------------------------------------------------------------
                                  9.87   data required time
                                 -4.06   data arrival time
-----------------------------------------------------------------------------
                                  5.82   slack (MET)


Startpoint: _2962_ (rising edge-triggered flip-flop clocked by clk)
Endpoint: _2980_ (rising edge-triggered flip-flop clocked by clk)
Path Group: clk
Path Type: max

Fanout     Cap    Slew   Delay    Time   Description
-----------------------------------------------------------------------------
                  0.00    0.00    0.00   clock clk (rise edge)
                          0.00    0.00   clock network delay (ideal)
                  0.00    0.00    0.00 ^ _2962_/CLK (sky130_fd_sc_hd__dfrtp_2)
     8    0.02    0.09    0.42    0.42 v _2962_/Q (sky130_fd_sc_hd__dfrtp_2)
                                         imem.address[3] (net)
                  0.09    0.00    0.42 v _1664_/A (sky130_fd_sc_hd__and2_2)
     1    0.00    0.04    0.18    0.60 v _1664_/X (sky130_fd_sc_hd__and2_2)
                                         _0480_ (net)
                  0.04    0.00    0.60 v _1665_/A (sky130_fd_sc_hd__buf_1)
     7    0.02    0.13    0.16    0.77 v _1665_/X (sky130_fd_sc_hd__buf_1)
                                         _0481_ (net)
                  0.13    0.00    0.77 v _2499_/C (sky130_fd_sc_hd__and3_2)
     4    0.02    0.07    0.29    1.05 v _2499_/X (sky130_fd_sc_hd__and3_2)
                                         _1283_ (net)
                  0.07    0.00    1.06 v _2569_/C (sky130_fd_sc_hd__and3_2)
     3    0.01    0.06    0.24    1.30 v _2569_/X (sky130_fd_sc_hd__and3_2)
                                         _1321_ (net)
                  0.06    0.00    1.30 v _2570_/B (sky130_fd_sc_hd__and2_2)
     4    0.02    0.07    0.23    1.53 v _2570_/X (sky130_fd_sc_hd__and2_2)
                                         _1322_ (net)
                  0.07    0.00    1.53 v _2571_/C (sky130_fd_sc_hd__and3_2)
     3    0.01    0.06    0.24    1.77 v _2571_/X (sky130_fd_sc_hd__and3_2)
                                         _1323_ (net)
                  0.06    0.00    1.77 v _2572_/B (sky130_fd_sc_hd__and2_2)
     4    0.02    0.07    0.23    2.01 v _2572_/X (sky130_fd_sc_hd__and2_2)
                                         _1324_ (net)
                  0.07    0.00    2.01 v _2573_/C (sky130_fd_sc_hd__and3_2)
     3    0.01    0.06    0.24    2.25 v _2573_/X (sky130_fd_sc_hd__and3_2)
                                         _1325_ (net)
                  0.06    0.00    2.25 v _2574_/B (sky130_fd_sc_hd__and2_2)
     4    0.02    0.07    0.23    2.48 v _2574_/X (sky130_fd_sc_hd__and2_2)
                                         _1326_ (net)
                  0.07    0.00    2.48 v _2575_/C (sky130_fd_sc_hd__and3_2)
     3    0.01    0.06    0.24    2.73 v _2575_/X (sky130_fd_sc_hd__and3_2)
                                         _1327_ (net)
                  0.06    0.00    2.73 v _2576_/B (sky130_fd_sc_hd__and2_2)
     4    0.02    0.07    0.23    2.96 v _2576_/X (sky130_fd_sc_hd__and2_2)
                                         _1328_ (net)
                  0.07    0.00    2.96 v _2577_/C (sky130_fd_sc_hd__and3_2)
     3    0.01    0.06    0.24    3.20 v _2577_/X (sky130_fd_sc_hd__and3_2)
                                         _1329_ (net)
                  0.06    0.00    3.20 v _2578_/B (sky130_fd_sc_hd__and2_2)
     4    0.02    0.07    0.24    3.44 v _2578_/X (sky130_fd_sc_hd__and2_2)
                                         _1330_ (net)
                  0.07    0.00    3.44 v _2579_/C (sky130_fd_sc_hd__and3_2)
     3    0.01    0.06    0.24    3.68 v _2579_/X (sky130_fd_sc_hd__and3_2)
                                         _1331_ (net)
                  0.06    0.00    3.68 v _2580_/B (sky130_fd_sc_hd__and2_2)
     4    0.02    0.07    0.23    3.92 v _2580_/X (sky130_fd_sc_hd__and2_2)
                                         _1332_ (net)
                  0.07    0.00    3.92 v _2605_/A (sky130_fd_sc_hd__nor2_2)
     1    0.00    0.06    0.10    4.01 ^ _2605_/Y (sky130_fd_sc_hd__nor2_2)
                                         _0210_ (net)
                  0.06    0.00    4.01 ^ _2980_/D (sky130_fd_sc_hd__dfrtp_2)
                                  4.01   data arrival time

                  0.00   10.00   10.00   clock clk (rise edge)
                          0.00   10.00   clock network delay (ideal)
                          0.00   10.00   clock reconvergence pessimism
                                 10.00 ^ _2980_/CLK (sky130_fd_sc_hd__dfrtp_2)
                         -0.07    9.93   library setup time
                                  9.93   data required time
-----------------------------------------------------------------------------
                                  9.93   data required time
                                 -4.01   data arrival time
-----------------------------------------------------------------------------
                                  5.91   slack (MET)


Startpoint: _2972_ (rising edge-triggered flip-flop clocked by clk)
Endpoint: _3024_ (rising edge-triggered flip-flop clocked by clk)
Path Group: clk
Path Type: max

Fanout     Cap    Slew   Delay    Time   Description
-----------------------------------------------------------------------------
                  0.00    0.00    0.00   clock clk (rise edge)
                          0.00    0.00   clock network delay (ideal)
                  0.00    0.00    0.00 ^ _2972_/CLK (sky130_fd_sc_hd__dfrtp_2)
     4    0.02    0.07    0.41    0.41 v _2972_/Q (sky130_fd_sc_hd__dfrtp_2)
                                         imem.address[13] (net)
                  0.07    0.00    0.41 v _1502_/A (sky130_fd_sc_hd__or4_2)
     3    0.01    0.14    0.72    1.13 v _1502_/X (sky130_fd_sc_hd__or4_2)
                                         _0382_ (net)
                  0.14    0.00    1.13 v _1506_/A_N (sky130_fd_sc_hd__and4bb_2)
     9    0.02    0.12    0.39    1.52 ^ _1506_/X (sky130_fd_sc_hd__and4bb_2)
                                         _0386_ (net)
                  0.12    0.00    1.52 ^ _1507_/B (sky130_fd_sc_hd__and2_2)
     1    0.00    0.04    0.15    1.67 ^ _1507_/X (sky130_fd_sc_hd__and2_2)
                                         _0387_ (net)
                  0.04    0.00    1.67 ^ _1508_/A (sky130_fd_sc_hd__buf_4)
     8    0.03    0.08    0.14    1.81 ^ _1508_/X (sky130_fd_sc_hd__buf_4)
                                         _0388_ (net)
                  0.08    0.00    1.81 ^ _1509_/B1 (sky130_fd_sc_hd__o21ai_2)
     4    0.01    0.08    0.07    1.88 v _1509_/Y (sky130_fd_sc_hd__o21ai_2)
                                         _0389_ (net)
                  0.08    0.00    1.88 v _1510_/A (sky130_fd_sc_hd__buf_2)
    10    0.05    0.12    0.22    2.10 v _1510_/X (sky130_fd_sc_hd__buf_2)
                                         _0390_ (net)
                  0.12    0.00    2.10 v _1511_/B (sky130_fd_sc_hd__or3b_2)
     4    0.01    0.10    0.50    2.60 v _1511_/X (sky130_fd_sc_hd__or3b_2)
                                         _0391_ (net)
                  0.10    0.00    2.60 v _2501_/D (sky130_fd_sc_hd__or4_2)
     5    0.02    0.16    0.64    3.25 v _2501_/X (sky130_fd_sc_hd__or4_2)
                                         _1285_ (net)
                  0.16    0.00    3.25 v _2502_/A (sky130_fd_sc_hd__buf_1)
    10    0.03    0.15    0.23    3.48 v _2502_/X (sky130_fd_sc_hd__buf_1)
                                         _1286_ (net)
                  0.15    0.00    3.48 v _2513_/B (sky130_fd_sc_hd__and2_2)
     1    0.00    0.04    0.23    3.71 v _2513_/X (sky130_fd_sc_hd__and2_2)
                                         _1292_ (net)
                  0.04    0.00    3.71 v _2514_/A (sky130_fd_sc_hd__buf_1)
     1    0.00    0.02    0.08    3.79 v _2514_/X (sky130_fd_sc_hd__buf_1)
                                         _0247_ (net)
                  0.02    0.00    3.79 v _3024_/D (sky130_fd_sc_hd__dfrtp_2)
                                  3.79   data arrival time

                  0.00   10.00   10.00   clock clk (rise edge)
                          0.00   10.00   clock network delay (ideal)
                          0.00   10.00   clock reconvergence pessimism
                                 10.00 ^ _3024_/CLK (sky130_fd_sc_hd__dfrtp_2)
                         -0.12    9.88   library setup time
                                  9.88   data required time
-----------------------------------------------------------------------------
                                  9.88   data required time
                                 -3.79   data arrival time
-----------------------------------------------------------------------------
                                  6.09   slack (MET)


Startpoint: _2972_ (rising edge-triggered flip-flop clocked by clk)
Endpoint: _3029_ (rising edge-triggered flip-flop clocked by clk)
Path Group: clk
Path Type: max

Fanout     Cap    Slew   Delay    Time   Description
-----------------------------------------------------------------------------
                  0.00    0.00    0.00   clock clk (rise edge)
                          0.00    0.00   clock network delay (ideal)
                  0.00    0.00    0.00 ^ _2972_/CLK (sky130_fd_sc_hd__dfrtp_2)
     4    0.02    0.07    0.41    0.41 v _2972_/Q (sky130_fd_sc_hd__dfrtp_2)
                                         imem.address[13] (net)
                  0.07    0.00    0.41 v _1502_/A (sky130_fd_sc_hd__or4_2)
     3    0.01    0.14    0.72    1.13 v _1502_/X (sky130_fd_sc_hd__or4_2)
                                         _0382_ (net)
                  0.14    0.00    1.13 v _1506_/A_N (sky130_fd_sc_hd__and4bb_2)
     9    0.02    0.12    0.39    1.52 ^ _1506_/X (sky130_fd_sc_hd__and4bb_2)
                                         _0386_ (net)
                  0.12    0.00    1.52 ^ _1507_/B (sky130_fd_sc_hd__and2_2)
     1    0.00    0.04    0.15    1.67 ^ _1507_/X (sky130_fd_sc_hd__and2_2)
                                         _0387_ (net)
                  0.04    0.00    1.67 ^ _1508_/A (sky130_fd_sc_hd__buf_4)
     8    0.03    0.08    0.14    1.81 ^ _1508_/X (sky130_fd_sc_hd__buf_4)
                                         _0388_ (net)
                  0.08    0.00    1.81 ^ _1509_/B1 (sky130_fd_sc_hd__o21ai_2)
     4    0.01    0.08    0.07    1.88 v _1509_/Y (sky130_fd_sc_hd__o21ai_2)
                                         _0389_ (net)
                  0.08    0.00    1.88 v _1510_/A (sky130_fd_sc_hd__buf_2)
    10    0.05    0.12    0.22    2.10 v _1510_/X (sky130_fd_sc_hd__buf_2)
                                         _0390_ (net)
                  0.12    0.00    2.10 v _1511_/B (sky130_fd_sc_hd__or3b_2)
     4    0.01    0.10    0.50    2.60 v _1511_/X (sky130_fd_sc_hd__or3b_2)
                                         _0391_ (net)
                  0.10    0.00    2.60 v _2501_/D (sky130_fd_sc_hd__or4_2)
     5    0.02    0.16    0.64    3.25 v _2501_/X (sky130_fd_sc_hd__or4_2)
                                         _1285_ (net)
                  0.16    0.00    3.25 v _2502_/A (sky130_fd_sc_hd__buf_1)
    10    0.03    0.15    0.23    3.48 v _2502_/X (sky130_fd_sc_hd__buf_1)
                                         _1286_ (net)
                  0.15    0.00    3.48 v _2503_/B (sky130_fd_sc_hd__and2_2)
     1    0.00    0.04    0.23    3.71 v _2503_/X (sky130_fd_sc_hd__and2_2)
                                         _1287_ (net)
                  0.04    0.00    3.71 v _2504_/A (sky130_fd_sc_hd__buf_1)
     1    0.00    0.02    0.08    3.79 v _2504_/X (sky130_fd_sc_hd__buf_1)
                                         _0252_ (net)
                  0.02    0.00    3.79 v _3029_/D (sky130_fd_sc_hd__dfrtp_2)
                                  3.79   data arrival time

                  0.00   10.00   10.00   clock clk (rise edge)
                          0.00   10.00   clock network delay (ideal)
                          0.00   10.00   clock reconvergence pessimism
                                 10.00 ^ _3029_/CLK (sky130_fd_sc_hd__dfrtp_2)
                         -0.12    9.88   library setup time
                                  9.88   data required time
-----------------------------------------------------------------------------
                                  9.88   data required time
                                 -3.79   data arrival time
-----------------------------------------------------------------------------
                                  6.09   slack (MET)


Startpoint: _2972_ (rising edge-triggered flip-flop clocked by clk)
Endpoint: _3027_ (rising edge-triggered flip-flop clocked by clk)
Path Group: clk
Path Type: max

Fanout     Cap    Slew   Delay    Time   Description
-----------------------------------------------------------------------------
                  0.00    0.00    0.00   clock clk (rise edge)
                          0.00    0.00   clock network delay (ideal)
                  0.00    0.00    0.00 ^ _2972_/CLK (sky130_fd_sc_hd__dfrtp_2)
     4    0.02    0.07    0.41    0.41 v _2972_/Q (sky130_fd_sc_hd__dfrtp_2)
                                         imem.address[13] (net)
                  0.07    0.00    0.41 v _1502_/A (sky130_fd_sc_hd__or4_2)
     3    0.01    0.14    0.72    1.13 v _1502_/X (sky130_fd_sc_hd__or4_2)
                                         _0382_ (net)
                  0.14    0.00    1.13 v _1506_/A_N (sky130_fd_sc_hd__and4bb_2)
     9    0.02    0.12    0.39    1.52 ^ _1506_/X (sky130_fd_sc_hd__and4bb_2)
                                         _0386_ (net)
                  0.12    0.00    1.52 ^ _1507_/B (sky130_fd_sc_hd__and2_2)
     1    0.00    0.04    0.15    1.67 ^ _1507_/X (sky130_fd_sc_hd__and2_2)
                                         _0387_ (net)
                  0.04    0.00    1.67 ^ _1508_/A (sky130_fd_sc_hd__buf_4)
     8    0.03    0.08    0.14    1.81 ^ _1508_/X (sky130_fd_sc_hd__buf_4)
                                         _0388_ (net)
                  0.08    0.00    1.81 ^ _1509_/B1 (sky130_fd_sc_hd__o21ai_2)
     4    0.01    0.08    0.07    1.88 v _1509_/Y (sky130_fd_sc_hd__o21ai_2)
                                         _0389_ (net)
                  0.08    0.00    1.88 v _1510_/A (sky130_fd_sc_hd__buf_2)
    10    0.05    0.12    0.22    2.10 v _1510_/X (sky130_fd_sc_hd__buf_2)
                                         _0390_ (net)
                  0.12    0.00    2.10 v _1511_/B (sky130_fd_sc_hd__or3b_2)
     4    0.01    0.10    0.50    2.60 v _1511_/X (sky130_fd_sc_hd__or3b_2)
                                         _0391_ (net)
                  0.10    0.00    2.60 v _2501_/D (sky130_fd_sc_hd__or4_2)
     5    0.02    0.16    0.64    3.25 v _2501_/X (sky130_fd_sc_hd__or4_2)
                                         _1285_ (net)
                  0.16    0.00    3.25 v _2502_/A (sky130_fd_sc_hd__buf_1)
    10    0.03    0.15    0.23    3.48 v _2502_/X (sky130_fd_sc_hd__buf_1)
                                         _1286_ (net)
                  0.15    0.00    3.48 v _2507_/B (sky130_fd_sc_hd__and2_2)
     1    0.00    0.04    0.23    3.71 v _2507_/X (sky130_fd_sc_hd__and2_2)
                                         _1289_ (net)
                  0.04    0.00    3.71 v _2508_/A (sky130_fd_sc_hd__buf_1)
     1    0.00    0.02    0.08    3.79 v _2508_/X (sky130_fd_sc_hd__buf_1)
                                         _0250_ (net)
                  0.02    0.00    3.79 v _3027_/D (sky130_fd_sc_hd__dfrtp_2)
                                  3.79   data arrival time

                  0.00   10.00   10.00   clock clk (rise edge)
                          0.00   10.00   clock network delay (ideal)
                          0.00   10.00   clock reconvergence pessimism
                                 10.00 ^ _3027_/CLK (sky130_fd_sc_hd__dfrtp_2)
                         -0.12    9.88   library setup time
                                  9.88   data required time
-----------------------------------------------------------------------------
                                  9.88   data required time
                                 -3.79   data arrival time
-----------------------------------------------------------------------------
                                  6.09   slack (MET)


Startpoint: _2972_ (rising edge-triggered flip-flop clocked by clk)
Endpoint: _3025_ (rising edge-triggered flip-flop clocked by clk)
Path Group: clk
Path Type: max

Fanout     Cap    Slew   Delay    Time   Description
-----------------------------------------------------------------------------
                  0.00    0.00    0.00   clock clk (rise edge)
                          0.00    0.00   clock network delay (ideal)
                  0.00    0.00    0.00 ^ _2972_/CLK (sky130_fd_sc_hd__dfrtp_2)
     4    0.02    0.07    0.41    0.41 v _2972_/Q (sky130_fd_sc_hd__dfrtp_2)
                                         imem.address[13] (net)
                  0.07    0.00    0.41 v _1502_/A (sky130_fd_sc_hd__or4_2)
     3    0.01    0.14    0.72    1.13 v _1502_/X (sky130_fd_sc_hd__or4_2)
                                         _0382_ (net)
                  0.14    0.00    1.13 v _1506_/A_N (sky130_fd_sc_hd__and4bb_2)
     9    0.02    0.12    0.39    1.52 ^ _1506_/X (sky130_fd_sc_hd__and4bb_2)
                                         _0386_ (net)
                  0.12    0.00    1.52 ^ _1507_/B (sky130_fd_sc_hd__and2_2)
     1    0.00    0.04    0.15    1.67 ^ _1507_/X (sky130_fd_sc_hd__and2_2)
                                         _0387_ (net)
                  0.04    0.00    1.67 ^ _1508_/A (sky130_fd_sc_hd__buf_4)
     8    0.03    0.08    0.14    1.81 ^ _1508_/X (sky130_fd_sc_hd__buf_4)
                                         _0388_ (net)
                  0.08    0.00    1.81 ^ _1509_/B1 (sky130_fd_sc_hd__o21ai_2)
     4    0.01    0.08    0.07    1.88 v _1509_/Y (sky130_fd_sc_hd__o21ai_2)
                                         _0389_ (net)
                  0.08    0.00    1.88 v _1510_/A (sky130_fd_sc_hd__buf_2)
    10    0.05    0.12    0.22    2.10 v _1510_/X (sky130_fd_sc_hd__buf_2)
                                         _0390_ (net)
                  0.12    0.00    2.10 v _1511_/B (sky130_fd_sc_hd__or3b_2)
     4    0.01    0.10    0.50    2.60 v _1511_/X (sky130_fd_sc_hd__or3b_2)
                                         _0391_ (net)
                  0.10    0.00    2.60 v _2501_/D (sky130_fd_sc_hd__or4_2)
     5    0.02    0.16    0.64    3.25 v _2501_/X (sky130_fd_sc_hd__or4_2)
                                         _1285_ (net)
                  0.16    0.00    3.25 v _2502_/A (sky130_fd_sc_hd__buf_1)
    10    0.03    0.15    0.23    3.48 v _2502_/X (sky130_fd_sc_hd__buf_1)
                                         _1286_ (net)
                  0.15    0.00    3.48 v _2511_/B (sky130_fd_sc_hd__and2_2)
     1    0.00    0.04    0.23    3.71 v _2511_/X (sky130_fd_sc_hd__and2_2)
                                         _1291_ (net)
                  0.04    0.00    3.71 v _2512_/A (sky130_fd_sc_hd__buf_1)
     1    0.00    0.02    0.08    3.79 v _2512_/X (sky130_fd_sc_hd__buf_1)
                                         _0248_ (net)
                  0.02    0.00    3.79 v _3025_/D (sky130_fd_sc_hd__dfrtp_2)
                                  3.79   data arrival time

                  0.00   10.00   10.00   clock clk (rise edge)
                          0.00   10.00   clock network delay (ideal)
                          0.00   10.00   clock reconvergence pessimism
                                 10.00 ^ _3025_/CLK (sky130_fd_sc_hd__dfrtp_2)
                         -0.12    9.88   library setup time
                                  9.88   data required time
-----------------------------------------------------------------------------
                                  9.88   data required time
                                 -3.79   data arrival time
-----------------------------------------------------------------------------
                                  6.09   slack (MET)


Startpoint: _2972_ (rising edge-triggered flip-flop clocked by clk)
Endpoint: _3028_ (rising edge-triggered flip-flop clocked by clk)
Path Group: clk
Path Type: max

Fanout     Cap    Slew   Delay    Time   Description
-----------------------------------------------------------------------------
                  0.00    0.00    0.00   clock clk (rise edge)
                          0.00    0.00   clock network delay (ideal)
                  0.00    0.00    0.00 ^ _2972_/CLK (sky130_fd_sc_hd__dfrtp_2)
     4    0.02    0.07    0.41    0.41 v _2972_/Q (sky130_fd_sc_hd__dfrtp_2)
                                         imem.address[13] (net)
                  0.07    0.00    0.41 v _1502_/A (sky130_fd_sc_hd__or4_2)
     3    0.01    0.14    0.72    1.13 v _1502_/X (sky130_fd_sc_hd__or4_2)
                                         _0382_ (net)
                  0.14    0.00    1.13 v _1506_/A_N (sky130_fd_sc_hd__and4bb_2)
     9    0.02    0.12    0.39    1.52 ^ _1506_/X (sky130_fd_sc_hd__and4bb_2)
                                         _0386_ (net)
                  0.12    0.00    1.52 ^ _1507_/B (sky130_fd_sc_hd__and2_2)
     1    0.00    0.04    0.15    1.67 ^ _1507_/X (sky130_fd_sc_hd__and2_2)
                                         _0387_ (net)
                  0.04    0.00    1.67 ^ _1508_/A (sky130_fd_sc_hd__buf_4)
     8    0.03    0.08    0.14    1.81 ^ _1508_/X (sky130_fd_sc_hd__buf_4)
                                         _0388_ (net)
                  0.08    0.00    1.81 ^ _1509_/B1 (sky130_fd_sc_hd__o21ai_2)
     4    0.01    0.08    0.07    1.88 v _1509_/Y (sky130_fd_sc_hd__o21ai_2)
                                         _0389_ (net)
                  0.08    0.00    1.88 v _1510_/A (sky130_fd_sc_hd__buf_2)
    10    0.05    0.12    0.22    2.10 v _1510_/X (sky130_fd_sc_hd__buf_2)
                                         _0390_ (net)
                  0.12    0.00    2.10 v _1511_/B (sky130_fd_sc_hd__or3b_2)
     4    0.01    0.10    0.50    2.60 v _1511_/X (sky130_fd_sc_hd__or3b_2)
                                         _0391_ (net)
                  0.10    0.00    2.60 v _2501_/D (sky130_fd_sc_hd__or4_2)
     5    0.02    0.16    0.64    3.25 v _2501_/X (sky130_fd_sc_hd__or4_2)
                                         _1285_ (net)
                  0.16    0.00    3.25 v _2502_/A (sky130_fd_sc_hd__buf_1)
    10    0.03    0.15    0.23    3.48 v _2502_/X (sky130_fd_sc_hd__buf_1)
                                         _1286_ (net)
                  0.15    0.00    3.48 v _2505_/B (sky130_fd_sc_hd__and2_2)
     1    0.00    0.04    0.23    3.71 v _2505_/X (sky130_fd_sc_hd__and2_2)
                                         _1288_ (net)
                  0.04    0.00    3.71 v _2506_/A (sky130_fd_sc_hd__buf_1)
     1    0.00    0.02    0.08    3.79 v _2506_/X (sky130_fd_sc_hd__buf_1)
                                         _0251_ (net)
                  0.02    0.00    3.79 v _3028_/D (sky130_fd_sc_hd__dfrtp_2)
                                  3.79   data arrival time

                  0.00   10.00   10.00   clock clk (rise edge)
                          0.00   10.00   clock network delay (ideal)
                          0.00   10.00   clock reconvergence pessimism
                                 10.00 ^ _3028_/CLK (sky130_fd_sc_hd__dfrtp_2)
                         -0.12    9.88   library setup time
                                  9.88   data required time
-----------------------------------------------------------------------------
                                  9.88   data required time
                                 -3.79   data arrival time
-----------------------------------------------------------------------------
                                  6.09   slack (MET)


Startpoint: _2972_ (rising edge-triggered flip-flop clocked by clk)
Endpoint: _3026_ (rising edge-triggered flip-flop clocked by clk)
Path Group: clk
Path Type: max

Fanout     Cap    Slew   Delay    Time   Description
-----------------------------------------------------------------------------
                  0.00    0.00    0.00   clock clk (rise edge)
                          0.00    0.00   clock network delay (ideal)
                  0.00    0.00    0.00 ^ _2972_/CLK (sky130_fd_sc_hd__dfrtp_2)
     4    0.02    0.07    0.41    0.41 v _2972_/Q (sky130_fd_sc_hd__dfrtp_2)
                                         imem.address[13] (net)
                  0.07    0.00    0.41 v _1502_/A (sky130_fd_sc_hd__or4_2)
     3    0.01    0.14    0.72    1.13 v _1502_/X (sky130_fd_sc_hd__or4_2)
                                         _0382_ (net)
                  0.14    0.00    1.13 v _1506_/A_N (sky130_fd_sc_hd__and4bb_2)
     9    0.02    0.12    0.39    1.52 ^ _1506_/X (sky130_fd_sc_hd__and4bb_2)
                                         _0386_ (net)
                  0.12    0.00    1.52 ^ _1507_/B (sky130_fd_sc_hd__and2_2)
     1    0.00    0.04    0.15    1.67 ^ _1507_/X (sky130_fd_sc_hd__and2_2)
                                         _0387_ (net)
                  0.04    0.00    1.67 ^ _1508_/A (sky130_fd_sc_hd__buf_4)
     8    0.03    0.08    0.14    1.81 ^ _1508_/X (sky130_fd_sc_hd__buf_4)
                                         _0388_ (net)
                  0.08    0.00    1.81 ^ _1509_/B1 (sky130_fd_sc_hd__o21ai_2)
     4    0.01    0.08    0.07    1.88 v _1509_/Y (sky130_fd_sc_hd__o21ai_2)
                                         _0389_ (net)
                  0.08    0.00    1.88 v _1510_/A (sky130_fd_sc_hd__buf_2)
    10    0.05    0.12    0.22    2.10 v _1510_/X (sky130_fd_sc_hd__buf_2)
                                         _0390_ (net)
                  0.12    0.00    2.10 v _1511_/B (sky130_fd_sc_hd__or3b_2)
     4    0.01    0.10    0.50    2.60 v _1511_/X (sky130_fd_sc_hd__or3b_2)
                                         _0391_ (net)
                  0.10    0.00    2.60 v _2501_/D (sky130_fd_sc_hd__or4_2)
     5    0.02    0.16    0.64    3.25 v _2501_/X (sky130_fd_sc_hd__or4_2)
                                         _1285_ (net)
                  0.16    0.00    3.25 v _2502_/A (sky130_fd_sc_hd__buf_1)
    10    0.03    0.15    0.23    3.48 v _2502_/X (sky130_fd_sc_hd__buf_1)
                                         _1286_ (net)
                  0.15    0.00    3.48 v _2509_/B (sky130_fd_sc_hd__and2_2)
     1    0.00    0.04    0.23    3.71 v _2509_/X (sky130_fd_sc_hd__and2_2)
                                         _1290_ (net)
                  0.04    0.00    3.71 v _2510_/A (sky130_fd_sc_hd__buf_1)
     1    0.00    0.02    0.08    3.79 v _2510_/X (sky130_fd_sc_hd__buf_1)
                                         _0249_ (net)
                  0.02    0.00    3.79 v _3026_/D (sky130_fd_sc_hd__dfrtp_2)
                                  3.79   data arrival time

                  0.00   10.00   10.00   clock clk (rise edge)
                          0.00   10.00   clock network delay (ideal)
                          0.00   10.00   clock reconvergence pessimism
                                 10.00 ^ _3026_/CLK (sky130_fd_sc_hd__dfrtp_2)
                         -0.12    9.88   library setup time
                                  9.88   data required time
-----------------------------------------------------------------------------
                                  9.88   data required time
                                 -3.79   data arrival time
-----------------------------------------------------------------------------
                                  6.09   slack (MET)


Startpoint: _2972_ (rising edge-triggered flip-flop clocked by clk)
Endpoint: _3088_ (rising edge-triggered flip-flop clocked by clk)
Path Group: clk
Path Type: max

Fanout     Cap    Slew   Delay    Time   Description
-----------------------------------------------------------------------------
                  0.00    0.00    0.00   clock clk (rise edge)
                          0.00    0.00   clock network delay (ideal)
                  0.00    0.00    0.00 ^ _2972_/CLK (sky130_fd_sc_hd__dfrtp_2)
     4    0.02    0.07    0.41    0.41 v _2972_/Q (sky130_fd_sc_hd__dfrtp_2)
                                         imem.address[13] (net)
                  0.07    0.00    0.41 v _1502_/A (sky130_fd_sc_hd__or4_2)
     3    0.01    0.14    0.72    1.13 v _1502_/X (sky130_fd_sc_hd__or4_2)
                                         _0382_ (net)
                  0.14    0.00    1.13 v _1506_/A_N (sky130_fd_sc_hd__and4bb_2)
     9    0.02    0.12    0.39    1.52 ^ _1506_/X (sky130_fd_sc_hd__and4bb_2)
                                         _0386_ (net)
                  0.12    0.00    1.52 ^ _1507_/B (sky130_fd_sc_hd__and2_2)
     1    0.00    0.04    0.15    1.67 ^ _1507_/X (sky130_fd_sc_hd__and2_2)
                                         _0387_ (net)
                  0.04    0.00    1.67 ^ _1508_/A (sky130_fd_sc_hd__buf_4)
     8    0.03    0.08    0.14    1.81 ^ _1508_/X (sky130_fd_sc_hd__buf_4)
                                         _0388_ (net)
                  0.08    0.00    1.81 ^ _1509_/B1 (sky130_fd_sc_hd__o21ai_2)
     4    0.01    0.08    0.07    1.88 v _1509_/Y (sky130_fd_sc_hd__o21ai_2)
                                         _0389_ (net)
                  0.08    0.00    1.88 v _1510_/A (sky130_fd_sc_hd__buf_2)
    10    0.05    0.12    0.22    2.10 v _1510_/X (sky130_fd_sc_hd__buf_2)
                                         _0390_ (net)
                  0.12    0.00    2.10 v _1511_/B (sky130_fd_sc_hd__or3b_2)
     4    0.01    0.10    0.50    2.60 v _1511_/X (sky130_fd_sc_hd__or3b_2)
                                         _0391_ (net)
                  0.10    0.00    2.60 v _1580_/D (sky130_fd_sc_hd__or4_2)
     5    0.01    0.13    0.60    3.21 v _1580_/X (sky130_fd_sc_hd__or4_2)
                                         _0428_ (net)
                  0.13    0.00    3.21 v _1581_/A (sky130_fd_sc_hd__buf_1)
    10    0.03    0.18    0.24    3.45 v _1581_/X (sky130_fd_sc_hd__buf_1)
                                         _0429_ (net)
                  0.18    0.00    3.45 v _1592_/B (sky130_fd_sc_hd__and2_2)
     1    0.00    0.04    0.24    3.69 v _1592_/X (sky130_fd_sc_hd__and2_2)
                                         _0435_ (net)
                  0.04    0.00    3.69 v _1593_/A (sky130_fd_sc_hd__buf_1)
     1    0.00    0.02    0.08    3.77 v _1593_/X (sky130_fd_sc_hd__buf_1)
                                         _0311_ (net)
                  0.02    0.00    3.77 v _3088_/D (sky130_fd_sc_hd__dfrtp_2)
                                  3.77   data arrival time

                  0.00   10.00   10.00   clock clk (rise edge)
                          0.00   10.00   clock network delay (ideal)
                          0.00   10.00   clock reconvergence pessimism
                                 10.00 ^ _3088_/CLK (sky130_fd_sc_hd__dfrtp_2)
                         -0.12    9.88   library setup time
                                  9.88   data required time
-----------------------------------------------------------------------------
                                  9.88   data required time
                                 -3.77   data arrival time
-----------------------------------------------------------------------------
                                  6.11   slack (MET)


Startpoint: _2972_ (rising edge-triggered flip-flop clocked by clk)
Endpoint: _3089_ (rising edge-triggered flip-flop clocked by clk)
Path Group: clk
Path Type: max

Fanout     Cap    Slew   Delay    Time   Description
-----------------------------------------------------------------------------
                  0.00    0.00    0.00   clock clk (rise edge)
                          0.00    0.00   clock network delay (ideal)
                  0.00    0.00    0.00 ^ _2972_/CLK (sky130_fd_sc_hd__dfrtp_2)
     4    0.02    0.07    0.41    0.41 v _2972_/Q (sky130_fd_sc_hd__dfrtp_2)
                                         imem.address[13] (net)
                  0.07    0.00    0.41 v _1502_/A (sky130_fd_sc_hd__or4_2)
     3    0.01    0.14    0.72    1.13 v _1502_/X (sky130_fd_sc_hd__or4_2)
                                         _0382_ (net)
                  0.14    0.00    1.13 v _1506_/A_N (sky130_fd_sc_hd__and4bb_2)
     9    0.02    0.12    0.39    1.52 ^ _1506_/X (sky130_fd_sc_hd__and4bb_2)
                                         _0386_ (net)
                  0.12    0.00    1.52 ^ _1507_/B (sky130_fd_sc_hd__and2_2)
     1    0.00    0.04    0.15    1.67 ^ _1507_/X (sky130_fd_sc_hd__and2_2)
                                         _0387_ (net)
                  0.04    0.00    1.67 ^ _1508_/A (sky130_fd_sc_hd__buf_4)
     8    0.03    0.08    0.14    1.81 ^ _1508_/X (sky130_fd_sc_hd__buf_4)
                                         _0388_ (net)
                  0.08    0.00    1.81 ^ _1509_/B1 (sky130_fd_sc_hd__o21ai_2)
     4    0.01    0.08    0.07    1.88 v _1509_/Y (sky130_fd_sc_hd__o21ai_2)
                                         _0389_ (net)
                  0.08    0.00    1.88 v _1510_/A (sky130_fd_sc_hd__buf_2)
    10    0.05    0.12    0.22    2.10 v _1510_/X (sky130_fd_sc_hd__buf_2)
                                         _0390_ (net)
                  0.12    0.00    2.10 v _1511_/B (sky130_fd_sc_hd__or3b_2)
     4    0.01    0.10    0.50    2.60 v _1511_/X (sky130_fd_sc_hd__or3b_2)
                                         _0391_ (net)
                  0.10    0.00    2.60 v _1580_/D (sky130_fd_sc_hd__or4_2)
     5    0.01    0.13    0.60    3.21 v _1580_/X (sky130_fd_sc_hd__or4_2)
                                         _0428_ (net)
                  0.13    0.00    3.21 v _1581_/A (sky130_fd_sc_hd__buf_1)
    10    0.03    0.18    0.24    3.45 v _1581_/X (sky130_fd_sc_hd__buf_1)
                                         _0429_ (net)
                  0.18    0.00    3.45 v _1590_/B (sky130_fd_sc_hd__and2_2)
     1    0.00    0.04    0.24    3.69 v _1590_/X (sky130_fd_sc_hd__and2_2)
                                         _0434_ (net)
                  0.04    0.00    3.69 v _1591_/A (sky130_fd_sc_hd__buf_1)
     1    0.00    0.02    0.08    3.77 v _1591_/X (sky130_fd_sc_hd__buf_1)
                                         _0312_ (net)
                  0.02    0.00    3.77 v _3089_/D (sky130_fd_sc_hd__dfrtp_2)
                                  3.77   data arrival time

                  0.00   10.00   10.00   clock clk (rise edge)
                          0.00   10.00   clock network delay (ideal)
                          0.00   10.00   clock reconvergence pessimism
                                 10.00 ^ _3089_/CLK (sky130_fd_sc_hd__dfrtp_2)
                         -0.12    9.88   library setup time
                                  9.88   data required time
-----------------------------------------------------------------------------
                                  9.88   data required time
                                 -3.77   data arrival time
-----------------------------------------------------------------------------
                                  6.11   slack (MET)


Startpoint: _2972_ (rising edge-triggered flip-flop clocked by clk)
Endpoint: _3087_ (rising edge-triggered flip-flop clocked by clk)
Path Group: clk
Path Type: max

Fanout     Cap    Slew   Delay    Time   Description
-----------------------------------------------------------------------------
                  0.00    0.00    0.00   clock clk (rise edge)
                          0.00    0.00   clock network delay (ideal)
                  0.00    0.00    0.00 ^ _2972_/CLK (sky130_fd_sc_hd__dfrtp_2)
     4    0.02    0.07    0.41    0.41 v _2972_/Q (sky130_fd_sc_hd__dfrtp_2)
                                         imem.address[13] (net)
                  0.07    0.00    0.41 v _1502_/A (sky130_fd_sc_hd__or4_2)
     3    0.01    0.14    0.72    1.13 v _1502_/X (sky130_fd_sc_hd__or4_2)
                                         _0382_ (net)
                  0.14    0.00    1.13 v _1506_/A_N (sky130_fd_sc_hd__and4bb_2)
     9    0.02    0.12    0.39    1.52 ^ _1506_/X (sky130_fd_sc_hd__and4bb_2)
                                         _0386_ (net)
                  0.12    0.00    1.52 ^ _1507_/B (sky130_fd_sc_hd__and2_2)
     1    0.00    0.04    0.15    1.67 ^ _1507_/X (sky130_fd_sc_hd__and2_2)
                                         _0387_ (net)
                  0.04    0.00    1.67 ^ _1508_/A (sky130_fd_sc_hd__buf_4)
     8    0.03    0.08    0.14    1.81 ^ _1508_/X (sky130_fd_sc_hd__buf_4)
                                         _0388_ (net)
                  0.08    0.00    1.81 ^ _1509_/B1 (sky130_fd_sc_hd__o21ai_2)
     4    0.01    0.08    0.07    1.88 v _1509_/Y (sky130_fd_sc_hd__o21ai_2)
                                         _0389_ (net)
                  0.08    0.00    1.88 v _1510_/A (sky130_fd_sc_hd__buf_2)
    10    0.05    0.12    0.22    2.10 v _1510_/X (sky130_fd_sc_hd__buf_2)
                                         _0390_ (net)
                  0.12    0.00    2.10 v _1511_/B (sky130_fd_sc_hd__or3b_2)
     4    0.01    0.10    0.50    2.60 v _1511_/X (sky130_fd_sc_hd__or3b_2)
                                         _0391_ (net)
                  0.10    0.00    2.60 v _1580_/D (sky130_fd_sc_hd__or4_2)
     5    0.01    0.13    0.60    3.21 v _1580_/X (sky130_fd_sc_hd__or4_2)
                                         _0428_ (net)
                  0.13    0.00    3.21 v _1581_/A (sky130_fd_sc_hd__buf_1)
    10    0.03    0.18    0.24    3.45 v _1581_/X (sky130_fd_sc_hd__buf_1)
                                         _0429_ (net)
                  0.18    0.00    3.45 v _1594_/B (sky130_fd_sc_hd__and2_2)
     1    0.00    0.04    0.24    3.69 v _1594_/X (sky130_fd_sc_hd__and2_2)
                                         _0436_ (net)
                  0.04    0.00    3.69 v _1595_/A (sky130_fd_sc_hd__buf_1)
     1    0.00    0.02    0.08    3.77 v _1595_/X (sky130_fd_sc_hd__buf_1)
                                         _0310_ (net)
                  0.02    0.00    3.77 v _3087_/D (sky130_fd_sc_hd__dfrtp_2)
                                  3.77   data arrival time

                  0.00   10.00   10.00   clock clk (rise edge)
                          0.00   10.00   clock network delay (ideal)
                          0.00   10.00   clock reconvergence pessimism
                                 10.00 ^ _3087_/CLK (sky130_fd_sc_hd__dfrtp_2)
                         -0.12    9.88   library setup time
                                  9.88   data required time
-----------------------------------------------------------------------------
                                  9.88   data required time
                                 -3.77   data arrival time
-----------------------------------------------------------------------------
                                  6.11   slack (MET)


Startpoint: _2972_ (rising edge-triggered flip-flop clocked by clk)
Endpoint: _3090_ (rising edge-triggered flip-flop clocked by clk)
Path Group: clk
Path Type: max

Fanout     Cap    Slew   Delay    Time   Description
-----------------------------------------------------------------------------
                  0.00    0.00    0.00   clock clk (rise edge)
                          0.00    0.00   clock network delay (ideal)
                  0.00    0.00    0.00 ^ _2972_/CLK (sky130_fd_sc_hd__dfrtp_2)
     4    0.02    0.07    0.41    0.41 v _2972_/Q (sky130_fd_sc_hd__dfrtp_2)
                                         imem.address[13] (net)
                  0.07    0.00    0.41 v _1502_/A (sky130_fd_sc_hd__or4_2)
     3    0.01    0.14    0.72    1.13 v _1502_/X (sky130_fd_sc_hd__or4_2)
                                         _0382_ (net)
                  0.14    0.00    1.13 v _1506_/A_N (sky130_fd_sc_hd__and4bb_2)
     9    0.02    0.12    0.39    1.52 ^ _1506_/X (sky130_fd_sc_hd__and4bb_2)
                                         _0386_ (net)
                  0.12    0.00    1.52 ^ _1507_/B (sky130_fd_sc_hd__and2_2)
     1    0.00    0.04    0.15    1.67 ^ _1507_/X (sky130_fd_sc_hd__and2_2)
                                         _0387_ (net)
                  0.04    0.00    1.67 ^ _1508_/A (sky130_fd_sc_hd__buf_4)
     8    0.03    0.08    0.14    1.81 ^ _1508_/X (sky130_fd_sc_hd__buf_4)
                                         _0388_ (net)
                  0.08    0.00    1.81 ^ _1509_/B1 (sky130_fd_sc_hd__o21ai_2)
     4    0.01    0.08    0.07    1.88 v _1509_/Y (sky130_fd_sc_hd__o21ai_2)
                                         _0389_ (net)
                  0.08    0.00    1.88 v _1510_/A (sky130_fd_sc_hd__buf_2)
    10    0.05    0.12    0.22    2.10 v _1510_/X (sky130_fd_sc_hd__buf_2)
                                         _0390_ (net)
                  0.12    0.00    2.10 v _1511_/B (sky130_fd_sc_hd__or3b_2)
     4    0.01    0.10    0.50    2.60 v _1511_/X (sky130_fd_sc_hd__or3b_2)
                                         _0391_ (net)
                  0.10    0.00    2.60 v _1580_/D (sky130_fd_sc_hd__or4_2)
     5    0.01    0.13    0.60    3.21 v _1580_/X (sky130_fd_sc_hd__or4_2)
                                         _0428_ (net)
                  0.13    0.00    3.21 v _1581_/A (sky130_fd_sc_hd__buf_1)
    10    0.03    0.18    0.24    3.45 v _1581_/X (sky130_fd_sc_hd__buf_1)
                                         _0429_ (net)
                  0.18    0.00    3.45 v _1588_/B (sky130_fd_sc_hd__and2_2)
     1    0.00    0.04    0.24    3.69 v _1588_/X (sky130_fd_sc_hd__and2_2)
                                         _0433_ (net)
                  0.04    0.00    3.69 v _1589_/A (sky130_fd_sc_hd__buf_1)
     1    0.00    0.02    0.08    3.77 v _1589_/X (sky130_fd_sc_hd__buf_1)
                                         _0313_ (net)
                  0.02    0.00    3.77 v _3090_/D (sky130_fd_sc_hd__dfrtp_2)
                                  3.77   data arrival time

                  0.00   10.00   10.00   clock clk (rise edge)
                          0.00   10.00   clock network delay (ideal)
                          0.00   10.00   clock reconvergence pessimism
                                 10.00 ^ _3090_/CLK (sky130_fd_sc_hd__dfrtp_2)
                         -0.12    9.88   library setup time
                                  9.88   data required time
-----------------------------------------------------------------------------
                                  9.88   data required time
                                 -3.77   data arrival time
-----------------------------------------------------------------------------
                                  6.11   slack (MET)


Startpoint: _2972_ (rising edge-triggered flip-flop clocked by clk)
Endpoint: _3086_ (rising edge-triggered flip-flop clocked by clk)
Path Group: clk
Path Type: max

Fanout     Cap    Slew   Delay    Time   Description
-----------------------------------------------------------------------------
                  0.00    0.00    0.00   clock clk (rise edge)
                          0.00    0.00   clock network delay (ideal)
                  0.00    0.00    0.00 ^ _2972_/CLK (sky130_fd_sc_hd__dfrtp_2)
     4    0.02    0.07    0.41    0.41 v _2972_/Q (sky130_fd_sc_hd__dfrtp_2)
                                         imem.address[13] (net)
                  0.07    0.00    0.41 v _1502_/A (sky130_fd_sc_hd__or4_2)
     3    0.01    0.14    0.72    1.13 v _1502_/X (sky130_fd_sc_hd__or4_2)
                                         _0382_ (net)
                  0.14    0.00    1.13 v _1506_/A_N (sky130_fd_sc_hd__and4bb_2)
     9    0.02    0.12    0.39    1.52 ^ _1506_/X (sky130_fd_sc_hd__and4bb_2)
                                         _0386_ (net)
                  0.12    0.00    1.52 ^ _1507_/B (sky130_fd_sc_hd__and2_2)
     1    0.00    0.04    0.15    1.67 ^ _1507_/X (sky130_fd_sc_hd__and2_2)
                                         _0387_ (net)
                  0.04    0.00    1.67 ^ _1508_/A (sky130_fd_sc_hd__buf_4)
     8    0.03    0.08    0.14    1.81 ^ _1508_/X (sky130_fd_sc_hd__buf_4)
                                         _0388_ (net)
                  0.08    0.00    1.81 ^ _1509_/B1 (sky130_fd_sc_hd__o21ai_2)
     4    0.01    0.08    0.07    1.88 v _1509_/Y (sky130_fd_sc_hd__o21ai_2)
                                         _0389_ (net)
                  0.08    0.00    1.88 v _1510_/A (sky130_fd_sc_hd__buf_2)
    10    0.05    0.12    0.22    2.10 v _1510_/X (sky130_fd_sc_hd__buf_2)
                                         _0390_ (net)
                  0.12    0.00    2.10 v _1511_/B (sky130_fd_sc_hd__or3b_2)
     4    0.01    0.10    0.50    2.60 v _1511_/X (sky130_fd_sc_hd__or3b_2)
                                         _0391_ (net)
                  0.10    0.00    2.60 v _1580_/D (sky130_fd_sc_hd__or4_2)
     5    0.01    0.13    0.60    3.21 v _1580_/X (sky130_fd_sc_hd__or4_2)
                                         _0428_ (net)
                  0.13    0.00    3.21 v _1581_/A (sky130_fd_sc_hd__buf_1)
    10    0.03    0.18    0.24    3.45 v _1581_/X (sky130_fd_sc_hd__buf_1)
                                         _0429_ (net)
                  0.18    0.00    3.45 v _1596_/B (sky130_fd_sc_hd__and2_2)
     1    0.00    0.04    0.24    3.69 v _1596_/X (sky130_fd_sc_hd__and2_2)
                                         _0437_ (net)
                  0.04    0.00    3.69 v _1597_/A (sky130_fd_sc_hd__buf_1)
     1    0.00    0.02    0.08    3.77 v _1597_/X (sky130_fd_sc_hd__buf_1)
                                         _0309_ (net)
                  0.02    0.00    3.77 v _3086_/D (sky130_fd_sc_hd__dfrtp_2)
                                  3.77   data arrival time

                  0.00   10.00   10.00   clock clk (rise edge)
                          0.00   10.00   clock network delay (ideal)
                          0.00   10.00   clock reconvergence pessimism
                                 10.00 ^ _3086_/CLK (sky130_fd_sc_hd__dfrtp_2)
                         -0.12    9.88   library setup time
                                  9.88   data required time
-----------------------------------------------------------------------------
                                  9.88   data required time
                                 -3.77   data arrival time
-----------------------------------------------------------------------------
                                  6.11   slack (MET)


Startpoint: _2972_ (rising edge-triggered flip-flop clocked by clk)
Endpoint: _3091_ (rising edge-triggered flip-flop clocked by clk)
Path Group: clk
Path Type: max

Fanout     Cap    Slew   Delay    Time   Description
-----------------------------------------------------------------------------
                  0.00    0.00    0.00   clock clk (rise edge)
                          0.00    0.00   clock network delay (ideal)
                  0.00    0.00    0.00 ^ _2972_/CLK (sky130_fd_sc_hd__dfrtp_2)
     4    0.02    0.07    0.41    0.41 v _2972_/Q (sky130_fd_sc_hd__dfrtp_2)
                                         imem.address[13] (net)
                  0.07    0.00    0.41 v _1502_/A (sky130_fd_sc_hd__or4_2)
     3    0.01    0.14    0.72    1.13 v _1502_/X (sky130_fd_sc_hd__or4_2)
                                         _0382_ (net)
                  0.14    0.00    1.13 v _1506_/A_N (sky130_fd_sc_hd__and4bb_2)
     9    0.02    0.12    0.39    1.52 ^ _1506_/X (sky130_fd_sc_hd__and4bb_2)
                                         _0386_ (net)
                  0.12    0.00    1.52 ^ _1507_/B (sky130_fd_sc_hd__and2_2)
     1    0.00    0.04    0.15    1.67 ^ _1507_/X (sky130_fd_sc_hd__and2_2)
                                         _0387_ (net)
                  0.04    0.00    1.67 ^ _1508_/A (sky130_fd_sc_hd__buf_4)
     8    0.03    0.08    0.14    1.81 ^ _1508_/X (sky130_fd_sc_hd__buf_4)
                                         _0388_ (net)
                  0.08    0.00    1.81 ^ _1509_/B1 (sky130_fd_sc_hd__o21ai_2)
     4    0.01    0.08    0.07    1.88 v _1509_/Y (sky130_fd_sc_hd__o21ai_2)
                                         _0389_ (net)
                  0.08    0.00    1.88 v _1510_/A (sky130_fd_sc_hd__buf_2)
    10    0.05    0.12    0.22    2.10 v _1510_/X (sky130_fd_sc_hd__buf_2)
                                         _0390_ (net)
                  0.12    0.00    2.10 v _1511_/B (sky130_fd_sc_hd__or3b_2)
     4    0.01    0.10    0.50    2.60 v _1511_/X (sky130_fd_sc_hd__or3b_2)
                                         _0391_ (net)
                  0.10    0.00    2.60 v _1580_/D (sky130_fd_sc_hd__or4_2)
     5    0.01    0.13    0.60    3.21 v _1580_/X (sky130_fd_sc_hd__or4_2)
                                         _0428_ (net)
                  0.13    0.00    3.21 v _1581_/A (sky130_fd_sc_hd__buf_1)
    10    0.03    0.18    0.24    3.45 v _1581_/X (sky130_fd_sc_hd__buf_1)
                                         _0429_ (net)
                  0.18    0.00    3.45 v _1586_/B (sky130_fd_sc_hd__and2_2)
     1    0.00    0.04    0.24    3.69 v _1586_/X (sky130_fd_sc_hd__and2_2)
                                         _0432_ (net)
                  0.04    0.00    3.69 v _1587_/A (sky130_fd_sc_hd__buf_1)
     1    0.00    0.02    0.08    3.77 v _1587_/X (sky130_fd_sc_hd__buf_1)
                                         _0314_ (net)
                  0.02    0.00    3.77 v _3091_/D (sky130_fd_sc_hd__dfrtp_2)
                                  3.77   data arrival time

                  0.00   10.00   10.00   clock clk (rise edge)
                          0.00   10.00   clock network delay (ideal)
                          0.00   10.00   clock reconvergence pessimism
                                 10.00 ^ _3091_/CLK (sky130_fd_sc_hd__dfrtp_2)
                         -0.12    9.88   library setup time
                                  9.88   data required time
-----------------------------------------------------------------------------
                                  9.88   data required time
                                 -3.77   data arrival time
-----------------------------------------------------------------------------
                                  6.11   slack (MET)


Startpoint: _2972_ (rising edge-triggered flip-flop clocked by clk)
Endpoint: _3017_ (rising edge-triggered flip-flop clocked by clk)
Path Group: clk
Path Type: max

Fanout     Cap    Slew   Delay    Time   Description
-----------------------------------------------------------------------------
                  0.00    0.00    0.00   clock clk (rise edge)
                          0.00    0.00   clock network delay (ideal)
                  0.00    0.00    0.00 ^ _2972_/CLK (sky130_fd_sc_hd__dfrtp_2)
     4    0.02    0.07    0.41    0.41 v _2972_/Q (sky130_fd_sc_hd__dfrtp_2)
                                         imem.address[13] (net)
                  0.07    0.00    0.41 v _1502_/A (sky130_fd_sc_hd__or4_2)
     3    0.01    0.14    0.72    1.13 v _1502_/X (sky130_fd_sc_hd__or4_2)
                                         _0382_ (net)
                  0.14    0.00    1.13 v _1506_/A_N (sky130_fd_sc_hd__and4bb_2)
     9    0.02    0.12    0.39    1.52 ^ _1506_/X (sky130_fd_sc_hd__and4bb_2)
                                         _0386_ (net)
                  0.12    0.00    1.52 ^ _1507_/B (sky130_fd_sc_hd__and2_2)
     1    0.00    0.04    0.15    1.67 ^ _1507_/X (sky130_fd_sc_hd__and2_2)
                                         _0387_ (net)
                  0.04    0.00    1.67 ^ _1508_/A (sky130_fd_sc_hd__buf_4)
     8    0.03    0.08    0.14    1.81 ^ _1508_/X (sky130_fd_sc_hd__buf_4)
                                         _0388_ (net)
                  0.08    0.00    1.81 ^ _1509_/B1 (sky130_fd_sc_hd__o21ai_2)
     4    0.01    0.08    0.07    1.88 v _1509_/Y (sky130_fd_sc_hd__o21ai_2)
                                         _0389_ (net)
                  0.08    0.00    1.88 v _1510_/A (sky130_fd_sc_hd__buf_2)
    10    0.05    0.12    0.22    2.10 v _1510_/X (sky130_fd_sc_hd__buf_2)
                                         _0390_ (net)
                  0.12    0.00    2.10 v _1511_/B (sky130_fd_sc_hd__or3b_2)
     4    0.01    0.10    0.50    2.60 v _1511_/X (sky130_fd_sc_hd__or3b_2)
                                         _0391_ (net)
                  0.10    0.00    2.60 v _2501_/D (sky130_fd_sc_hd__or4_2)
     5    0.02    0.16    0.64    3.25 v _2501_/X (sky130_fd_sc_hd__or4_2)
                                         _1285_ (net)
                  0.16    0.00    3.25 v _2515_/A (sky130_fd_sc_hd__buf_1)
    10    0.02    0.14    0.22    3.47 v _2515_/X (sky130_fd_sc_hd__buf_1)
                                         _1293_ (net)
                  0.14    0.00    3.47 v _2528_/B (sky130_fd_sc_hd__and2_2)
     1    0.00    0.04    0.22    3.69 v _2528_/X (sky130_fd_sc_hd__and2_2)
                                         _1300_ (net)
                  0.04    0.00    3.69 v _2529_/A (sky130_fd_sc_hd__buf_1)
     1    0.00    0.02    0.08    3.77 v _2529_/X (sky130_fd_sc_hd__buf_1)
                                         _0240_ (net)
                  0.02    0.00    3.77 v _3017_/D (sky130_fd_sc_hd__dfrtp_2)
                                  3.77   data arrival time

                  0.00   10.00   10.00   clock clk (rise edge)
                          0.00   10.00   clock network delay (ideal)
                          0.00   10.00   clock reconvergence pessimism
                                 10.00 ^ _3017_/CLK (sky130_fd_sc_hd__dfrtp_2)
                         -0.12    9.88   library setup time
                                  9.88   data required time
-----------------------------------------------------------------------------
                                  9.88   data required time
                                 -3.77   data arrival time
-----------------------------------------------------------------------------
                                  6.11   slack (MET)


Startpoint: _2972_ (rising edge-triggered flip-flop clocked by clk)
Endpoint: _3016_ (rising edge-triggered flip-flop clocked by clk)
Path Group: clk
Path Type: max

Fanout     Cap    Slew   Delay    Time   Description
-----------------------------------------------------------------------------
                  0.00    0.00    0.00   clock clk (rise edge)
                          0.00    0.00   clock network delay (ideal)
                  0.00    0.00    0.00 ^ _2972_/CLK (sky130_fd_sc_hd__dfrtp_2)
     4    0.02    0.07    0.41    0.41 v _2972_/Q (sky130_fd_sc_hd__dfrtp_2)
                                         imem.address[13] (net)
                  0.07    0.00    0.41 v _1502_/A (sky130_fd_sc_hd__or4_2)
     3    0.01    0.14    0.72    1.13 v _1502_/X (sky130_fd_sc_hd__or4_2)
                                         _0382_ (net)
                  0.14    0.00    1.13 v _1506_/A_N (sky130_fd_sc_hd__and4bb_2)
     9    0.02    0.12    0.39    1.52 ^ _1506_/X (sky130_fd_sc_hd__and4bb_2)
                                         _0386_ (net)
                  0.12    0.00    1.52 ^ _1507_/B (sky130_fd_sc_hd__and2_2)
     1    0.00    0.04    0.15    1.67 ^ _1507_/X (sky130_fd_sc_hd__and2_2)
                                         _0387_ (net)
                  0.04    0.00    1.67 ^ _1508_/A (sky130_fd_sc_hd__buf_4)
     8    0.03    0.08    0.14    1.81 ^ _1508_/X (sky130_fd_sc_hd__buf_4)
                                         _0388_ (net)
                  0.08    0.00    1.81 ^ _1509_/B1 (sky130_fd_sc_hd__o21ai_2)
     4    0.01    0.08    0.07    1.88 v _1509_/Y (sky130_fd_sc_hd__o21ai_2)
                                         _0389_ (net)
                  0.08    0.00    1.88 v _1510_/A (sky130_fd_sc_hd__buf_2)
    10    0.05    0.12    0.22    2.10 v _1510_/X (sky130_fd_sc_hd__buf_2)
                                         _0390_ (net)
                  0.12    0.00    2.10 v _1511_/B (sky130_fd_sc_hd__or3b_2)
     4    0.01    0.10    0.50    2.60 v _1511_/X (sky130_fd_sc_hd__or3b_2)
                                         _0391_ (net)
                  0.10    0.00    2.60 v _2501_/D (sky130_fd_sc_hd__or4_2)
     5    0.02    0.16    0.64    3.25 v _2501_/X (sky130_fd_sc_hd__or4_2)
                                         _1285_ (net)
                  0.16    0.00    3.25 v _2515_/A (sky130_fd_sc_hd__buf_1)
    10    0.02    0.14    0.22    3.47 v _2515_/X (sky130_fd_sc_hd__buf_1)
                                         _1293_ (net)
                  0.14    0.00    3.47 v _2530_/B (sky130_fd_sc_hd__and2_2)
     1    0.00    0.04    0.22    3.69 v _2530_/X (sky130_fd_sc_hd__and2_2)
                                         _1301_ (net)
                  0.04    0.00    3.69 v _2531_/A (sky130_fd_sc_hd__buf_1)
     1    0.00    0.02    0.08    3.77 v _2531_/X (sky130_fd_sc_hd__buf_1)
                                         _0239_ (net)
                  0.02    0.00    3.77 v _3016_/D (sky130_fd_sc_hd__dfrtp_2)
                                  3.77   data arrival time

                  0.00   10.00   10.00   clock clk (rise edge)
                          0.00   10.00   clock network delay (ideal)
                          0.00   10.00   clock reconvergence pessimism
                                 10.00 ^ _3016_/CLK (sky130_fd_sc_hd__dfrtp_2)
                         -0.12    9.88   library setup time
                                  9.88   data required time
-----------------------------------------------------------------------------
                                  9.88   data required time
                                 -3.77   data arrival time
-----------------------------------------------------------------------------
                                  6.11   slack (MET)


Startpoint: _2972_ (rising edge-triggered flip-flop clocked by clk)
Endpoint: _3015_ (rising edge-triggered flip-flop clocked by clk)
Path Group: clk
Path Type: max

Fanout     Cap    Slew   Delay    Time   Description
-----------------------------------------------------------------------------
                  0.00    0.00    0.00   clock clk (rise edge)
                          0.00    0.00   clock network delay (ideal)
                  0.00    0.00    0.00 ^ _2972_/CLK (sky130_fd_sc_hd__dfrtp_2)
     4    0.02    0.07    0.41    0.41 v _2972_/Q (sky130_fd_sc_hd__dfrtp_2)
                                         imem.address[13] (net)
                  0.07    0.00    0.41 v _1502_/A (sky130_fd_sc_hd__or4_2)
     3    0.01    0.14    0.72    1.13 v _1502_/X (sky130_fd_sc_hd__or4_2)
                                         _0382_ (net)
                  0.14    0.00    1.13 v _1506_/A_N (sky130_fd_sc_hd__and4bb_2)
     9    0.02    0.12    0.39    1.52 ^ _1506_/X (sky130_fd_sc_hd__and4bb_2)
                                         _0386_ (net)
                  0.12    0.00    1.52 ^ _1507_/B (sky130_fd_sc_hd__and2_2)
     1    0.00    0.04    0.15    1.67 ^ _1507_/X (sky130_fd_sc_hd__and2_2)
                                         _0387_ (net)
                  0.04    0.00    1.67 ^ _1508_/A (sky130_fd_sc_hd__buf_4)
     8    0.03    0.08    0.14    1.81 ^ _1508_/X (sky130_fd_sc_hd__buf_4)
                                         _0388_ (net)
                  0.08    0.00    1.81 ^ _1509_/B1 (sky130_fd_sc_hd__o21ai_2)
     4    0.01    0.08    0.07    1.88 v _1509_/Y (sky130_fd_sc_hd__o21ai_2)
                                         _0389_ (net)
                  0.08    0.00    1.88 v _1510_/A (sky130_fd_sc_hd__buf_2)
    10    0.05    0.12    0.22    2.10 v _1510_/X (sky130_fd_sc_hd__buf_2)
                                         _0390_ (net)
                  0.12    0.00    2.10 v _1511_/B (sky130_fd_sc_hd__or3b_2)
     4    0.01    0.10    0.50    2.60 v _1511_/X (sky130_fd_sc_hd__or3b_2)
                                         _0391_ (net)
                  0.10    0.00    2.60 v _2501_/D (sky130_fd_sc_hd__or4_2)
     5    0.02    0.16    0.64    3.25 v _2501_/X (sky130_fd_sc_hd__or4_2)
                                         _1285_ (net)
                  0.16    0.00    3.25 v _2515_/A (sky130_fd_sc_hd__buf_1)
    10    0.02    0.14    0.22    3.47 v _2515_/X (sky130_fd_sc_hd__buf_1)
                                         _1293_ (net)
                  0.14    0.00    3.47 v _2532_/B (sky130_fd_sc_hd__and2_2)
     1    0.00    0.04    0.22    3.69 v _2532_/X (sky130_fd_sc_hd__and2_2)
                                         _1302_ (net)
                  0.04    0.00    3.69 v _2533_/A (sky130_fd_sc_hd__buf_1)
     1    0.00    0.02    0.08    3.77 v _2533_/X (sky130_fd_sc_hd__buf_1)
                                         _0238_ (net)
                  0.02    0.00    3.77 v _3015_/D (sky130_fd_sc_hd__dfrtp_2)
                                  3.77   data arrival time

                  0.00   10.00   10.00   clock clk (rise edge)
                          0.00   10.00   clock network delay (ideal)
                          0.00   10.00   clock reconvergence pessimism
                                 10.00 ^ _3015_/CLK (sky130_fd_sc_hd__dfrtp_2)
                         -0.12    9.88   library setup time
                                  9.88   data required time
-----------------------------------------------------------------------------
                                  9.88   data required time
                                 -3.77   data arrival time
-----------------------------------------------------------------------------
                                  6.11   slack (MET)


Startpoint: _2972_ (rising edge-triggered flip-flop clocked by clk)
Endpoint: _3021_ (rising edge-triggered flip-flop clocked by clk)
Path Group: clk
Path Type: max

Fanout     Cap    Slew   Delay    Time   Description
-----------------------------------------------------------------------------
                  0.00    0.00    0.00   clock clk (rise edge)
                          0.00    0.00   clock network delay (ideal)
                  0.00    0.00    0.00 ^ _2972_/CLK (sky130_fd_sc_hd__dfrtp_2)
     4    0.02    0.07    0.41    0.41 v _2972_/Q (sky130_fd_sc_hd__dfrtp_2)
                                         imem.address[13] (net)
                  0.07    0.00    0.41 v _1502_/A (sky130_fd_sc_hd__or4_2)
     3    0.01    0.14    0.72    1.13 v _1502_/X (sky130_fd_sc_hd__or4_2)
                                         _0382_ (net)
                  0.14    0.00    1.13 v _1506_/A_N (sky130_fd_sc_hd__and4bb_2)
     9    0.02    0.12    0.39    1.52 ^ _1506_/X (sky130_fd_sc_hd__and4bb_2)
                                         _0386_ (net)
                  0.12    0.00    1.52 ^ _1507_/B (sky130_fd_sc_hd__and2_2)
     1    0.00    0.04    0.15    1.67 ^ _1507_/X (sky130_fd_sc_hd__and2_2)
                                         _0387_ (net)
                  0.04    0.00    1.67 ^ _1508_/A (sky130_fd_sc_hd__buf_4)
     8    0.03    0.08    0.14    1.81 ^ _1508_/X (sky130_fd_sc_hd__buf_4)
                                         _0388_ (net)
                  0.08    0.00    1.81 ^ _1509_/B1 (sky130_fd_sc_hd__o21ai_2)
     4    0.01    0.08    0.07    1.88 v _1509_/Y (sky130_fd_sc_hd__o21ai_2)
                                         _0389_ (net)
                  0.08    0.00    1.88 v _1510_/A (sky130_fd_sc_hd__buf_2)
    10    0.05    0.12    0.22    2.10 v _1510_/X (sky130_fd_sc_hd__buf_2)
                                         _0390_ (net)
                  0.12    0.00    2.10 v _1511_/B (sky130_fd_sc_hd__or3b_2)
     4    0.01    0.10    0.50    2.60 v _1511_/X (sky130_fd_sc_hd__or3b_2)
                                         _0391_ (net)
                  0.10    0.00    2.60 v _2501_/D (sky130_fd_sc_hd__or4_2)
     5    0.02    0.16    0.64    3.25 v _2501_/X (sky130_fd_sc_hd__or4_2)
                                         _1285_ (net)
                  0.16    0.00    3.25 v _2515_/A (sky130_fd_sc_hd__buf_1)
    10    0.02    0.14    0.22    3.47 v _2515_/X (sky130_fd_sc_hd__buf_1)
                                         _1293_ (net)
                  0.14    0.00    3.47 v _2520_/B (sky130_fd_sc_hd__and2_2)
     1    0.00    0.04    0.22    3.69 v _2520_/X (sky130_fd_sc_hd__and2_2)
                                         _1296_ (net)
                  0.04    0.00    3.69 v _2521_/A (sky130_fd_sc_hd__buf_1)
     1    0.00    0.02    0.08    3.77 v _2521_/X (sky130_fd_sc_hd__buf_1)
                                         _0244_ (net)
                  0.02    0.00    3.77 v _3021_/D (sky130_fd_sc_hd__dfrtp_2)
                                  3.77   data arrival time

                  0.00   10.00   10.00   clock clk (rise edge)
                          0.00   10.00   clock network delay (ideal)
                          0.00   10.00   clock reconvergence pessimism
                                 10.00 ^ _3021_/CLK (sky130_fd_sc_hd__dfrtp_2)
                         -0.12    9.88   library setup time
                                  9.88   data required time
-----------------------------------------------------------------------------
                                  9.88   data required time
                                 -3.77   data arrival time
-----------------------------------------------------------------------------
                                  6.11   slack (MET)


Startpoint: _2972_ (rising edge-triggered flip-flop clocked by clk)
Endpoint: _3018_ (rising edge-triggered flip-flop clocked by clk)
Path Group: clk
Path Type: max

Fanout     Cap    Slew   Delay    Time   Description
-----------------------------------------------------------------------------
                  0.00    0.00    0.00   clock clk (rise edge)
                          0.00    0.00   clock network delay (ideal)
                  0.00    0.00    0.00 ^ _2972_/CLK (sky130_fd_sc_hd__dfrtp_2)
     4    0.02    0.07    0.41    0.41 v _2972_/Q (sky130_fd_sc_hd__dfrtp_2)
                                         imem.address[13] (net)
                  0.07    0.00    0.41 v _1502_/A (sky130_fd_sc_hd__or4_2)
     3    0.01    0.14    0.72    1.13 v _1502_/X (sky130_fd_sc_hd__or4_2)
                                         _0382_ (net)
                  0.14    0.00    1.13 v _1506_/A_N (sky130_fd_sc_hd__and4bb_2)
     9    0.02    0.12    0.39    1.52 ^ _1506_/X (sky130_fd_sc_hd__and4bb_2)
                                         _0386_ (net)
                  0.12    0.00    1.52 ^ _1507_/B (sky130_fd_sc_hd__and2_2)
     1    0.00    0.04    0.15    1.67 ^ _1507_/X (sky130_fd_sc_hd__and2_2)
                                         _0387_ (net)
                  0.04    0.00    1.67 ^ _1508_/A (sky130_fd_sc_hd__buf_4)
     8    0.03    0.08    0.14    1.81 ^ _1508_/X (sky130_fd_sc_hd__buf_4)
                                         _0388_ (net)
                  0.08    0.00    1.81 ^ _1509_/B1 (sky130_fd_sc_hd__o21ai_2)
     4    0.01    0.08    0.07    1.88 v _1509_/Y (sky130_fd_sc_hd__o21ai_2)
                                         _0389_ (net)
                  0.08    0.00    1.88 v _1510_/A (sky130_fd_sc_hd__buf_2)
    10    0.05    0.12    0.22    2.10 v _1510_/X (sky130_fd_sc_hd__buf_2)
                                         _0390_ (net)
                  0.12    0.00    2.10 v _1511_/B (sky130_fd_sc_hd__or3b_2)
     4    0.01    0.10    0.50    2.60 v _1511_/X (sky130_fd_sc_hd__or3b_2)
                                         _0391_ (net)
                  0.10    0.00    2.60 v _2501_/D (sky130_fd_sc_hd__or4_2)
     5    0.02    0.16    0.64    3.25 v _2501_/X (sky130_fd_sc_hd__or4_2)
                                         _1285_ (net)
                  0.16    0.00    3.25 v _2515_/A (sky130_fd_sc_hd__buf_1)
    10    0.02    0.14    0.22    3.47 v _2515_/X (sky130_fd_sc_hd__buf_1)
                                         _1293_ (net)
                  0.14    0.00    3.47 v _2526_/B (sky130_fd_sc_hd__and2_2)
     1    0.00    0.03    0.22    3.69 v _2526_/X (sky130_fd_sc_hd__and2_2)
                                         _1299_ (net)
                  0.03    0.00    3.69 v _2527_/A (sky130_fd_sc_hd__buf_1)
     1    0.00    0.02    0.08    3.77 v _2527_/X (sky130_fd_sc_hd__buf_1)
                                         _0241_ (net)
                  0.02    0.00    3.77 v _3018_/D (sky130_fd_sc_hd__dfrtp_2)
                                  3.77   data arrival time

                  0.00   10.00   10.00   clock clk (rise edge)
                          0.00   10.00   clock network delay (ideal)
                          0.00   10.00   clock reconvergence pessimism
                                 10.00 ^ _3018_/CLK (sky130_fd_sc_hd__dfrtp_2)
                         -0.12    9.88   library setup time
                                  9.88   data required time
-----------------------------------------------------------------------------
                                  9.88   data required time
                                 -3.77   data arrival time
-----------------------------------------------------------------------------
                                  6.11   slack (MET)


Startpoint: _2972_ (rising edge-triggered flip-flop clocked by clk)
Endpoint: _3019_ (rising edge-triggered flip-flop clocked by clk)
Path Group: clk
Path Type: max

Fanout     Cap    Slew   Delay    Time   Description
-----------------------------------------------------------------------------
                  0.00    0.00    0.00   clock clk (rise edge)
                          0.00    0.00   clock network delay (ideal)
                  0.00    0.00    0.00 ^ _2972_/CLK (sky130_fd_sc_hd__dfrtp_2)
     4    0.02    0.07    0.41    0.41 v _2972_/Q (sky130_fd_sc_hd__dfrtp_2)
                                         imem.address[13] (net)
                  0.07    0.00    0.41 v _1502_/A (sky130_fd_sc_hd__or4_2)
     3    0.01    0.14    0.72    1.13 v _1502_/X (sky130_fd_sc_hd__or4_2)
                                         _0382_ (net)
                  0.14    0.00    1.13 v _1506_/A_N (sky130_fd_sc_hd__and4bb_2)
     9    0.02    0.12    0.39    1.52 ^ _1506_/X (sky130_fd_sc_hd__and4bb_2)
                                         _0386_ (net)
                  0.12    0.00    1.52 ^ _1507_/B (sky130_fd_sc_hd__and2_2)
     1    0.00    0.04    0.15    1.67 ^ _1507_/X (sky130_fd_sc_hd__and2_2)
                                         _0387_ (net)
                  0.04    0.00    1.67 ^ _1508_/A (sky130_fd_sc_hd__buf_4)
     8    0.03    0.08    0.14    1.81 ^ _1508_/X (sky130_fd_sc_hd__buf_4)
                                         _0388_ (net)
                  0.08    0.00    1.81 ^ _1509_/B1 (sky130_fd_sc_hd__o21ai_2)
     4    0.01    0.08    0.07    1.88 v _1509_/Y (sky130_fd_sc_hd__o21ai_2)
                                         _0389_ (net)
                  0.08    0.00    1.88 v _1510_/A (sky130_fd_sc_hd__buf_2)
    10    0.05    0.12    0.22    2.10 v _1510_/X (sky130_fd_sc_hd__buf_2)
                                         _0390_ (net)
                  0.12    0.00    2.10 v _1511_/B (sky130_fd_sc_hd__or3b_2)
     4    0.01    0.10    0.50    2.60 v _1511_/X (sky130_fd_sc_hd__or3b_2)
                                         _0391_ (net)
                  0.10    0.00    2.60 v _2501_/D (sky130_fd_sc_hd__or4_2)
     5    0.02    0.16    0.64    3.25 v _2501_/X (sky130_fd_sc_hd__or4_2)
                                         _1285_ (net)
                  0.16    0.00    3.25 v _2515_/A (sky130_fd_sc_hd__buf_1)
    10    0.02    0.14    0.22    3.47 v _2515_/X (sky130_fd_sc_hd__buf_1)
                                         _1293_ (net)
                  0.14    0.00    3.47 v _2524_/B (sky130_fd_sc_hd__and2_2)
     1    0.00    0.04    0.22    3.69 v _2524_/X (sky130_fd_sc_hd__and2_2)
                                         _1298_ (net)
                  0.04    0.00    3.69 v _2525_/A (sky130_fd_sc_hd__buf_1)
     1    0.00    0.02    0.08    3.77 v _2525_/X (sky130_fd_sc_hd__buf_1)
                                         _0242_ (net)
                  0.02    0.00    3.77 v _3019_/D (sky130_fd_sc_hd__dfrtp_2)
                                  3.77   data arrival time

                  0.00   10.00   10.00   clock clk (rise edge)
                          0.00   10.00   clock network delay (ideal)
                          0.00   10.00   clock reconvergence pessimism
                                 10.00 ^ _3019_/CLK (sky130_fd_sc_hd__dfrtp_2)
                         -0.12    9.88   library setup time
                                  9.88   data required time
-----------------------------------------------------------------------------
                                  9.88   data required time
                                 -3.77   data arrival time
-----------------------------------------------------------------------------
                                  6.11   slack (MET)


Startpoint: _2972_ (rising edge-triggered flip-flop clocked by clk)
Endpoint: _3014_ (rising edge-triggered flip-flop clocked by clk)
Path Group: clk
Path Type: max

Fanout     Cap    Slew   Delay    Time   Description
-----------------------------------------------------------------------------
                  0.00    0.00    0.00   clock clk (rise edge)
                          0.00    0.00   clock network delay (ideal)
                  0.00    0.00    0.00 ^ _2972_/CLK (sky130_fd_sc_hd__dfrtp_2)
     4    0.02    0.07    0.41    0.41 v _2972_/Q (sky130_fd_sc_hd__dfrtp_2)
                                         imem.address[13] (net)
                  0.07    0.00    0.41 v _1502_/A (sky130_fd_sc_hd__or4_2)
     3    0.01    0.14    0.72    1.13 v _1502_/X (sky130_fd_sc_hd__or4_2)
                                         _0382_ (net)
                  0.14    0.00    1.13 v _1506_/A_N (sky130_fd_sc_hd__and4bb_2)
     9    0.02    0.12    0.39    1.52 ^ _1506_/X (sky130_fd_sc_hd__and4bb_2)
                                         _0386_ (net)
                  0.12    0.00    1.52 ^ _1507_/B (sky130_fd_sc_hd__and2_2)
     1    0.00    0.04    0.15    1.67 ^ _1507_/X (sky130_fd_sc_hd__and2_2)
                                         _0387_ (net)
                  0.04    0.00    1.67 ^ _1508_/A (sky130_fd_sc_hd__buf_4)
     8    0.03    0.08    0.14    1.81 ^ _1508_/X (sky130_fd_sc_hd__buf_4)
                                         _0388_ (net)
                  0.08    0.00    1.81 ^ _1509_/B1 (sky130_fd_sc_hd__o21ai_2)
     4    0.01    0.08    0.07    1.88 v _1509_/Y (sky130_fd_sc_hd__o21ai_2)
                                         _0389_ (net)
                  0.08    0.00    1.88 v _1510_/A (sky130_fd_sc_hd__buf_2)
    10    0.05    0.12    0.22    2.10 v _1510_/X (sky130_fd_sc_hd__buf_2)
                                         _0390_ (net)
                  0.12    0.00    2.10 v _1511_/B (sky130_fd_sc_hd__or3b_2)
     4    0.01    0.10    0.50    2.60 v _1511_/X (sky130_fd_sc_hd__or3b_2)
                                         _0391_ (net)
                  0.10    0.00    2.60 v _2501_/D (sky130_fd_sc_hd__or4_2)
     5    0.02    0.16    0.64    3.25 v _2501_/X (sky130_fd_sc_hd__or4_2)
                                         _1285_ (net)
                  0.16    0.00    3.25 v _2515_/A (sky130_fd_sc_hd__buf_1)
    10    0.02    0.14    0.22    3.47 v _2515_/X (sky130_fd_sc_hd__buf_1)
                                         _1293_ (net)
                  0.14    0.00    3.47 v _2534_/B (sky130_fd_sc_hd__and2_2)
     1    0.00    0.04    0.22    3.69 v _2534_/X (sky130_fd_sc_hd__and2_2)
                                         _1303_ (net)
                  0.04    0.00    3.69 v _2535_/A (sky130_fd_sc_hd__buf_1)
     1    0.00    0.02    0.08    3.77 v _2535_/X (sky130_fd_sc_hd__buf_1)
                                         _0237_ (net)
                  0.02    0.00    3.77 v _3014_/D (sky130_fd_sc_hd__dfrtp_2)
                                  3.77   data arrival time

                  0.00   10.00   10.00   clock clk (rise edge)
                          0.00   10.00   clock network delay (ideal)
                          0.00   10.00   clock reconvergence pessimism
                                 10.00 ^ _3014_/CLK (sky130_fd_sc_hd__dfrtp_2)
                         -0.12    9.88   library setup time
                                  9.88   data required time
-----------------------------------------------------------------------------
                                  9.88   data required time
                                 -3.77   data arrival time
-----------------------------------------------------------------------------
                                  6.11   slack (MET)


Startpoint: _2972_ (rising edge-triggered flip-flop clocked by clk)
Endpoint: _3023_ (rising edge-triggered flip-flop clocked by clk)
Path Group: clk
Path Type: max

Fanout     Cap    Slew   Delay    Time   Description
-----------------------------------------------------------------------------
                  0.00    0.00    0.00   clock clk (rise edge)
                          0.00    0.00   clock network delay (ideal)
                  0.00    0.00    0.00 ^ _2972_/CLK (sky130_fd_sc_hd__dfrtp_2)
     4    0.02    0.07    0.41    0.41 v _2972_/Q (sky130_fd_sc_hd__dfrtp_2)
                                         imem.address[13] (net)
                  0.07    0.00    0.41 v _1502_/A (sky130_fd_sc_hd__or4_2)
     3    0.01    0.14    0.72    1.13 v _1502_/X (sky130_fd_sc_hd__or4_2)
                                         _0382_ (net)
                  0.14    0.00    1.13 v _1506_/A_N (sky130_fd_sc_hd__and4bb_2)
     9    0.02    0.12    0.39    1.52 ^ _1506_/X (sky130_fd_sc_hd__and4bb_2)
                                         _0386_ (net)
                  0.12    0.00    1.52 ^ _1507_/B (sky130_fd_sc_hd__and2_2)
     1    0.00    0.04    0.15    1.67 ^ _1507_/X (sky130_fd_sc_hd__and2_2)
                                         _0387_ (net)
                  0.04    0.00    1.67 ^ _1508_/A (sky130_fd_sc_hd__buf_4)
     8    0.03    0.08    0.14    1.81 ^ _1508_/X (sky130_fd_sc_hd__buf_4)
                                         _0388_ (net)
                  0.08    0.00    1.81 ^ _1509_/B1 (sky130_fd_sc_hd__o21ai_2)
     4    0.01    0.08    0.07    1.88 v _1509_/Y (sky130_fd_sc_hd__o21ai_2)
                                         _0389_ (net)
                  0.08    0.00    1.88 v _1510_/A (sky130_fd_sc_hd__buf_2)
    10    0.05    0.12    0.22    2.10 v _1510_/X (sky130_fd_sc_hd__buf_2)
                                         _0390_ (net)
                  0.12    0.00    2.10 v _1511_/B (sky130_fd_sc_hd__or3b_2)
     4    0.01    0.10    0.50    2.60 v _1511_/X (sky130_fd_sc_hd__or3b_2)
                                         _0391_ (net)
                  0.10    0.00    2.60 v _2501_/D (sky130_fd_sc_hd__or4_2)
     5    0.02    0.16    0.64    3.25 v _2501_/X (sky130_fd_sc_hd__or4_2)
                                         _1285_ (net)
                  0.16    0.00    3.25 v _2515_/A (sky130_fd_sc_hd__buf_1)
    10    0.02    0.14    0.22    3.47 v _2515_/X (sky130_fd_sc_hd__buf_1)
                                         _1293_ (net)
                  0.14    0.00    3.47 v _2516_/B (sky130_fd_sc_hd__and2_2)
     1    0.00    0.04    0.22    3.69 v _2516_/X (sky130_fd_sc_hd__and2_2)
                                         _1294_ (net)
                  0.04    0.00    3.69 v _2517_/A (sky130_fd_sc_hd__buf_1)
     1    0.00    0.02    0.08    3.77 v _2517_/X (sky130_fd_sc_hd__buf_1)
                                         _0246_ (net)
                  0.02    0.00    3.77 v _3023_/D (sky130_fd_sc_hd__dfrtp_2)
                                  3.77   data arrival time

                  0.00   10.00   10.00   clock clk (rise edge)
                          0.00   10.00   clock network delay (ideal)
                          0.00   10.00   clock reconvergence pessimism
                                 10.00 ^ _3023_/CLK (sky130_fd_sc_hd__dfrtp_2)
                         -0.12    9.88   library setup time
                                  9.88   data required time
-----------------------------------------------------------------------------
                                  9.88   data required time
                                 -3.77   data arrival time
-----------------------------------------------------------------------------
                                  6.11   slack (MET)


Startpoint: _2972_ (rising edge-triggered flip-flop clocked by clk)
Endpoint: _3020_ (rising edge-triggered flip-flop clocked by clk)
Path Group: clk
Path Type: max

Fanout     Cap    Slew   Delay    Time   Description
-----------------------------------------------------------------------------
                  0.00    0.00    0.00   clock clk (rise edge)
                          0.00    0.00   clock network delay (ideal)
                  0.00    0.00    0.00 ^ _2972_/CLK (sky130_fd_sc_hd__dfrtp_2)
     4    0.02    0.07    0.41    0.41 v _2972_/Q (sky130_fd_sc_hd__dfrtp_2)
                                         imem.address[13] (net)
                  0.07    0.00    0.41 v _1502_/A (sky130_fd_sc_hd__or4_2)
     3    0.01    0.14    0.72    1.13 v _1502_/X (sky130_fd_sc_hd__or4_2)
                                         _0382_ (net)
                  0.14    0.00    1.13 v _1506_/A_N (sky130_fd_sc_hd__and4bb_2)
     9    0.02    0.12    0.39    1.52 ^ _1506_/X (sky130_fd_sc_hd__and4bb_2)
                                         _0386_ (net)
                  0.12    0.00    1.52 ^ _1507_/B (sky130_fd_sc_hd__and2_2)
     1    0.00    0.04    0.15    1.67 ^ _1507_/X (sky130_fd_sc_hd__and2_2)
                                         _0387_ (net)
                  0.04    0.00    1.67 ^ _1508_/A (sky130_fd_sc_hd__buf_4)
     8    0.03    0.08    0.14    1.81 ^ _1508_/X (sky130_fd_sc_hd__buf_4)
                                         _0388_ (net)
                  0.08    0.00    1.81 ^ _1509_/B1 (sky130_fd_sc_hd__o21ai_2)
     4    0.01    0.08    0.07    1.88 v _1509_/Y (sky130_fd_sc_hd__o21ai_2)
                                         _0389_ (net)
                  0.08    0.00    1.88 v _1510_/A (sky130_fd_sc_hd__buf_2)
    10    0.05    0.12    0.22    2.10 v _1510_/X (sky130_fd_sc_hd__buf_2)
                                         _0390_ (net)
                  0.12    0.00    2.10 v _1511_/B (sky130_fd_sc_hd__or3b_2)
     4    0.01    0.10    0.50    2.60 v _1511_/X (sky130_fd_sc_hd__or3b_2)
                                         _0391_ (net)
                  0.10    0.00    2.60 v _2501_/D (sky130_fd_sc_hd__or4_2)
     5    0.02    0.16    0.64    3.25 v _2501_/X (sky130_fd_sc_hd__or4_2)
                                         _1285_ (net)
                  0.16    0.00    3.25 v _2515_/A (sky130_fd_sc_hd__buf_1)
    10    0.02    0.14    0.22    3.47 v _2515_/X (sky130_fd_sc_hd__buf_1)
                                         _1293_ (net)
                  0.14    0.00    3.47 v _2522_/B (sky130_fd_sc_hd__and2_2)
     1    0.00    0.04    0.22    3.69 v _2522_/X (sky130_fd_sc_hd__and2_2)
                                         _1297_ (net)
                  0.04    0.00    3.69 v _2523_/A (sky130_fd_sc_hd__buf_1)
     1    0.00    0.02    0.08    3.77 v _2523_/X (sky130_fd_sc_hd__buf_1)
                                         _0243_ (net)
                  0.02    0.00    3.77 v _3020_/D (sky130_fd_sc_hd__dfrtp_2)
                                  3.77   data arrival time

                  0.00   10.00   10.00   clock clk (rise edge)
                          0.00   10.00   clock network delay (ideal)
                          0.00   10.00   clock reconvergence pessimism
                                 10.00 ^ _3020_/CLK (sky130_fd_sc_hd__dfrtp_2)
                         -0.12    9.88   library setup time
                                  9.88   data required time
-----------------------------------------------------------------------------
                                  9.88   data required time
                                 -3.77   data arrival time
-----------------------------------------------------------------------------
                                  6.11   slack (MET)


Startpoint: _2972_ (rising edge-triggered flip-flop clocked by clk)
Endpoint: _3022_ (rising edge-triggered flip-flop clocked by clk)
Path Group: clk
Path Type: max

Fanout     Cap    Slew   Delay    Time   Description
-----------------------------------------------------------------------------
                  0.00    0.00    0.00   clock clk (rise edge)
                          0.00    0.00   clock network delay (ideal)
                  0.00    0.00    0.00 ^ _2972_/CLK (sky130_fd_sc_hd__dfrtp_2)
     4    0.02    0.07    0.41    0.41 v _2972_/Q (sky130_fd_sc_hd__dfrtp_2)
                                         imem.address[13] (net)
                  0.07    0.00    0.41 v _1502_/A (sky130_fd_sc_hd__or4_2)
     3    0.01    0.14    0.72    1.13 v _1502_/X (sky130_fd_sc_hd__or4_2)
                                         _0382_ (net)
                  0.14    0.00    1.13 v _1506_/A_N (sky130_fd_sc_hd__and4bb_2)
     9    0.02    0.12    0.39    1.52 ^ _1506_/X (sky130_fd_sc_hd__and4bb_2)
                                         _0386_ (net)
                  0.12    0.00    1.52 ^ _1507_/B (sky130_fd_sc_hd__and2_2)
     1    0.00    0.04    0.15    1.67 ^ _1507_/X (sky130_fd_sc_hd__and2_2)
                                         _0387_ (net)
                  0.04    0.00    1.67 ^ _1508_/A (sky130_fd_sc_hd__buf_4)
     8    0.03    0.08    0.14    1.81 ^ _1508_/X (sky130_fd_sc_hd__buf_4)
                                         _0388_ (net)
                  0.08    0.00    1.81 ^ _1509_/B1 (sky130_fd_sc_hd__o21ai_2)
     4    0.01    0.08    0.07    1.88 v _1509_/Y (sky130_fd_sc_hd__o21ai_2)
                                         _0389_ (net)
                  0.08    0.00    1.88 v _1510_/A (sky130_fd_sc_hd__buf_2)
    10    0.05    0.12    0.22    2.10 v _1510_/X (sky130_fd_sc_hd__buf_2)
                                         _0390_ (net)
                  0.12    0.00    2.10 v _1511_/B (sky130_fd_sc_hd__or3b_2)
     4    0.01    0.10    0.50    2.60 v _1511_/X (sky130_fd_sc_hd__or3b_2)
                                         _0391_ (net)
                  0.10    0.00    2.60 v _2501_/D (sky130_fd_sc_hd__or4_2)
     5    0.02    0.16    0.64    3.25 v _2501_/X (sky130_fd_sc_hd__or4_2)
                                         _1285_ (net)
                  0.16    0.00    3.25 v _2515_/A (sky130_fd_sc_hd__buf_1)
    10    0.02    0.14    0.22    3.47 v _2515_/X (sky130_fd_sc_hd__buf_1)
                                         _1293_ (net)
                  0.14    0.00    3.47 v _2518_/B (sky130_fd_sc_hd__and2_2)
     1    0.00    0.04    0.22    3.69 v _2518_/X (sky130_fd_sc_hd__and2_2)
                                         _1295_ (net)
                  0.04    0.00    3.69 v _2519_/A (sky130_fd_sc_hd__buf_1)
     1    0.00    0.02    0.08    3.77 v _2519_/X (sky130_fd_sc_hd__buf_1)
                                         _0245_ (net)
                  0.02    0.00    3.77 v _3022_/D (sky130_fd_sc_hd__dfrtp_2)
                                  3.77   data arrival time

                  0.00   10.00   10.00   clock clk (rise edge)
                          0.00   10.00   clock network delay (ideal)
                          0.00   10.00   clock reconvergence pessimism
                                 10.00 ^ _3022_/CLK (sky130_fd_sc_hd__dfrtp_2)
                         -0.12    9.88   library setup time
                                  9.88   data required time
-----------------------------------------------------------------------------
                                  9.88   data required time
                                 -3.77   data arrival time
-----------------------------------------------------------------------------
                                  6.11   slack (MET)


Startpoint: _2972_ (rising edge-triggered flip-flop clocked by clk)
Endpoint: _3093_ (rising edge-triggered flip-flop clocked by clk)
Path Group: clk
Path Type: max

Fanout     Cap    Slew   Delay    Time   Description
-----------------------------------------------------------------------------
                  0.00    0.00    0.00   clock clk (rise edge)
                          0.00    0.00   clock network delay (ideal)
                  0.00    0.00    0.00 ^ _2972_/CLK (sky130_fd_sc_hd__dfrtp_2)
     4    0.02    0.07    0.41    0.41 v _2972_/Q (sky130_fd_sc_hd__dfrtp_2)
                                         imem.address[13] (net)
                  0.07    0.00    0.41 v _1502_/A (sky130_fd_sc_hd__or4_2)
     3    0.01    0.14    0.72    1.13 v _1502_/X (sky130_fd_sc_hd__or4_2)
                                         _0382_ (net)
                  0.14    0.00    1.13 v _1506_/A_N (sky130_fd_sc_hd__and4bb_2)
     9    0.02    0.12    0.39    1.52 ^ _1506_/X (sky130_fd_sc_hd__and4bb_2)
                                         _0386_ (net)
                  0.12    0.00    1.52 ^ _1507_/B (sky130_fd_sc_hd__and2_2)
     1    0.00    0.04    0.15    1.67 ^ _1507_/X (sky130_fd_sc_hd__and2_2)
                                         _0387_ (net)
                  0.04    0.00    1.67 ^ _1508_/A (sky130_fd_sc_hd__buf_4)
     8    0.03    0.08    0.14    1.81 ^ _1508_/X (sky130_fd_sc_hd__buf_4)
                                         _0388_ (net)
                  0.08    0.00    1.81 ^ _1509_/B1 (sky130_fd_sc_hd__o21ai_2)
     4    0.01    0.08    0.07    1.88 v _1509_/Y (sky130_fd_sc_hd__o21ai_2)
                                         _0389_ (net)
                  0.08    0.00    1.88 v _1510_/A (sky130_fd_sc_hd__buf_2)
    10    0.05    0.12    0.22    2.10 v _1510_/X (sky130_fd_sc_hd__buf_2)
                                         _0390_ (net)
                  0.12    0.00    2.10 v _1511_/B (sky130_fd_sc_hd__or3b_2)
     4    0.01    0.10    0.50    2.60 v _1511_/X (sky130_fd_sc_hd__or3b_2)
                                         _0391_ (net)
                  0.10    0.00    2.60 v _1580_/D (sky130_fd_sc_hd__or4_2)
     5    0.01    0.13    0.60    3.21 v _1580_/X (sky130_fd_sc_hd__or4_2)
                                         _0428_ (net)
                  0.13    0.00    3.21 v _1581_/A (sky130_fd_sc_hd__buf_1)
    10    0.03    0.18    0.24    3.45 v _1581_/X (sky130_fd_sc_hd__buf_1)
                                         _0429_ (net)
                  0.18    0.00    3.45 v _1582_/B (sky130_fd_sc_hd__and2_2)
     1    0.00    0.03    0.24    3.69 v _1582_/X (sky130_fd_sc_hd__and2_2)
                                         _0430_ (net)
                  0.03    0.00    3.69 v _1583_/A (sky130_fd_sc_hd__buf_1)
     1    0.00    0.02    0.08    3.77 v _1583_/X (sky130_fd_sc_hd__buf_1)
                                         _0316_ (net)
                  0.02    0.00    3.77 v _3093_/D (sky130_fd_sc_hd__dfrtp_2)
                                  3.77   data arrival time

                  0.00   10.00   10.00   clock clk (rise edge)
                          0.00   10.00   clock network delay (ideal)
                          0.00   10.00   clock reconvergence pessimism
                                 10.00 ^ _3093_/CLK (sky130_fd_sc_hd__dfrtp_2)
                         -0.12    9.88   library setup time
                                  9.88   data required time
-----------------------------------------------------------------------------
                                  9.88   data required time
                                 -3.77   data arrival time
-----------------------------------------------------------------------------
                                  6.11   slack (MET)


Startpoint: _2972_ (rising edge-triggered flip-flop clocked by clk)
Endpoint: _3092_ (rising edge-triggered flip-flop clocked by clk)
Path Group: clk
Path Type: max

Fanout     Cap    Slew   Delay    Time   Description
-----------------------------------------------------------------------------
                  0.00    0.00    0.00   clock clk (rise edge)
                          0.00    0.00   clock network delay (ideal)
                  0.00    0.00    0.00 ^ _2972_/CLK (sky130_fd_sc_hd__dfrtp_2)
     4    0.02    0.07    0.41    0.41 v _2972_/Q (sky130_fd_sc_hd__dfrtp_2)
                                         imem.address[13] (net)
                  0.07    0.00    0.41 v _1502_/A (sky130_fd_sc_hd__or4_2)
     3    0.01    0.14    0.72    1.13 v _1502_/X (sky130_fd_sc_hd__or4_2)
                                         _0382_ (net)
                  0.14    0.00    1.13 v _1506_/A_N (sky130_fd_sc_hd__and4bb_2)
     9    0.02    0.12    0.39    1.52 ^ _1506_/X (sky130_fd_sc_hd__and4bb_2)
                                         _0386_ (net)
                  0.12    0.00    1.52 ^ _1507_/B (sky130_fd_sc_hd__and2_2)
     1    0.00    0.04    0.15    1.67 ^ _1507_/X (sky130_fd_sc_hd__and2_2)
                                         _0387_ (net)
                  0.04    0.00    1.67 ^ _1508_/A (sky130_fd_sc_hd__buf_4)
     8    0.03    0.08    0.14    1.81 ^ _1508_/X (sky130_fd_sc_hd__buf_4)
                                         _0388_ (net)
                  0.08    0.00    1.81 ^ _1509_/B1 (sky130_fd_sc_hd__o21ai_2)
     4    0.01    0.08    0.07    1.88 v _1509_/Y (sky130_fd_sc_hd__o21ai_2)
                                         _0389_ (net)
                  0.08    0.00    1.88 v _1510_/A (sky130_fd_sc_hd__buf_2)
    10    0.05    0.12    0.22    2.10 v _1510_/X (sky130_fd_sc_hd__buf_2)
                                         _0390_ (net)
                  0.12    0.00    2.10 v _1511_/B (sky130_fd_sc_hd__or3b_2)
     4    0.01    0.10    0.50    2.60 v _1511_/X (sky130_fd_sc_hd__or3b_2)
                                         _0391_ (net)
                  0.10    0.00    2.60 v _1580_/D (sky130_fd_sc_hd__or4_2)
     5    0.01    0.13    0.60    3.21 v _1580_/X (sky130_fd_sc_hd__or4_2)
                                         _0428_ (net)
                  0.13    0.00    3.21 v _1581_/A (sky130_fd_sc_hd__buf_1)
    10    0.03    0.18    0.24    3.45 v _1581_/X (sky130_fd_sc_hd__buf_1)
                                         _0429_ (net)
                  0.18    0.00    3.45 v _1584_/B (sky130_fd_sc_hd__and2_2)
     1    0.00    0.03    0.24    3.69 v _1584_/X (sky130_fd_sc_hd__and2_2)
                                         _0431_ (net)
                  0.03    0.00    3.69 v _1585_/A (sky130_fd_sc_hd__buf_1)
     1    0.00    0.02    0.08    3.77 v _1585_/X (sky130_fd_sc_hd__buf_1)
                                         _0315_ (net)
                  0.02    0.00    3.77 v _3092_/D (sky130_fd_sc_hd__dfrtp_2)
                                  3.77   data arrival time

                  0.00   10.00   10.00   clock clk (rise edge)
                          0.00   10.00   clock network delay (ideal)
                          0.00   10.00   clock reconvergence pessimism
                                 10.00 ^ _3092_/CLK (sky130_fd_sc_hd__dfrtp_2)
                         -0.12    9.88   library setup time
                                  9.88   data required time
-----------------------------------------------------------------------------
                                  9.88   data required time
                                 -3.77   data arrival time
-----------------------------------------------------------------------------
                                  6.12   slack (MET)


Startpoint: _2972_ (rising edge-triggered flip-flop clocked by clk)
Endpoint: _3006_ (rising edge-triggered flip-flop clocked by clk)
Path Group: clk
Path Type: max

Fanout     Cap    Slew   Delay    Time   Description
-----------------------------------------------------------------------------
                  0.00    0.00    0.00   clock clk (rise edge)
                          0.00    0.00   clock network delay (ideal)
                  0.00    0.00    0.00 ^ _2972_/CLK (sky130_fd_sc_hd__dfrtp_2)
     4    0.02    0.07    0.41    0.41 v _2972_/Q (sky130_fd_sc_hd__dfrtp_2)
                                         imem.address[13] (net)
                  0.07    0.00    0.41 v _1502_/A (sky130_fd_sc_hd__or4_2)
     3    0.01    0.14    0.72    1.13 v _1502_/X (sky130_fd_sc_hd__or4_2)
                                         _0382_ (net)
                  0.14    0.00    1.13 v _1506_/A_N (sky130_fd_sc_hd__and4bb_2)
     9    0.02    0.12    0.39    1.52 ^ _1506_/X (sky130_fd_sc_hd__and4bb_2)
                                         _0386_ (net)
                  0.12    0.00    1.52 ^ _1507_/B (sky130_fd_sc_hd__and2_2)
     1    0.00    0.04    0.15    1.67 ^ _1507_/X (sky130_fd_sc_hd__and2_2)
                                         _0387_ (net)
                  0.04    0.00    1.67 ^ _1508_/A (sky130_fd_sc_hd__buf_4)
     8    0.03    0.08    0.14    1.81 ^ _1508_/X (sky130_fd_sc_hd__buf_4)
                                         _0388_ (net)
                  0.08    0.00    1.81 ^ _1509_/B1 (sky130_fd_sc_hd__o21ai_2)
     4    0.01    0.08    0.07    1.88 v _1509_/Y (sky130_fd_sc_hd__o21ai_2)
                                         _0389_ (net)
                  0.08    0.00    1.88 v _1510_/A (sky130_fd_sc_hd__buf_2)
    10    0.05    0.12    0.22    2.10 v _1510_/X (sky130_fd_sc_hd__buf_2)
                                         _0390_ (net)
                  0.12    0.00    2.10 v _1511_/B (sky130_fd_sc_hd__or3b_2)
     4    0.01    0.10    0.50    2.60 v _1511_/X (sky130_fd_sc_hd__or3b_2)
                                         _0391_ (net)
                  0.10    0.00    2.60 v _2501_/D (sky130_fd_sc_hd__or4_2)
     5    0.02    0.16    0.64    3.25 v _2501_/X (sky130_fd_sc_hd__or4_2)
                                         _1285_ (net)
                  0.16    0.00    3.25 v _2536_/A (sky130_fd_sc_hd__buf_1)
    10    0.02    0.12    0.21    3.46 v _2536_/X (sky130_fd_sc_hd__buf_1)
                                         _1304_ (net)
                  0.12    0.00    3.46 v _2551_/B (sky130_fd_sc_hd__and2_2)
     1    0.00    0.03    0.21    3.67 v _2551_/X (sky130_fd_sc_hd__and2_2)
                                         _1312_ (net)
                  0.03    0.00    3.67 v _2552_/A (sky130_fd_sc_hd__buf_1)
     1    0.00    0.02    0.08    3.75 v _2552_/X (sky130_fd_sc_hd__buf_1)
                                         _0229_ (net)
                  0.02    0.00    3.75 v _3006_/D (sky130_fd_sc_hd__dfrtp_2)
                                  3.75   data arrival time

                  0.00   10.00   10.00   clock clk (rise edge)
                          0.00   10.00   clock network delay (ideal)
                          0.00   10.00   clock reconvergence pessimism
                                 10.00 ^ _3006_/CLK (sky130_fd_sc_hd__dfrtp_2)
                         -0.12    9.88   library setup time
                                  9.88   data required time
-----------------------------------------------------------------------------
                                  9.88   data required time
                                 -3.75   data arrival time
-----------------------------------------------------------------------------
                                  6.13   slack (MET)


Startpoint: _2972_ (rising edge-triggered flip-flop clocked by clk)
Endpoint: _3007_ (rising edge-triggered flip-flop clocked by clk)
Path Group: clk
Path Type: max

Fanout     Cap    Slew   Delay    Time   Description
-----------------------------------------------------------------------------
                  0.00    0.00    0.00   clock clk (rise edge)
                          0.00    0.00   clock network delay (ideal)
                  0.00    0.00    0.00 ^ _2972_/CLK (sky130_fd_sc_hd__dfrtp_2)
     4    0.02    0.07    0.41    0.41 v _2972_/Q (sky130_fd_sc_hd__dfrtp_2)
                                         imem.address[13] (net)
                  0.07    0.00    0.41 v _1502_/A (sky130_fd_sc_hd__or4_2)
     3    0.01    0.14    0.72    1.13 v _1502_/X (sky130_fd_sc_hd__or4_2)
                                         _0382_ (net)
                  0.14    0.00    1.13 v _1506_/A_N (sky130_fd_sc_hd__and4bb_2)
     9    0.02    0.12    0.39    1.52 ^ _1506_/X (sky130_fd_sc_hd__and4bb_2)
                                         _0386_ (net)
                  0.12    0.00    1.52 ^ _1507_/B (sky130_fd_sc_hd__and2_2)
     1    0.00    0.04    0.15    1.67 ^ _1507_/X (sky130_fd_sc_hd__and2_2)
                                         _0387_ (net)
                  0.04    0.00    1.67 ^ _1508_/A (sky130_fd_sc_hd__buf_4)
     8    0.03    0.08    0.14    1.81 ^ _1508_/X (sky130_fd_sc_hd__buf_4)
                                         _0388_ (net)
                  0.08    0.00    1.81 ^ _1509_/B1 (sky130_fd_sc_hd__o21ai_2)
     4    0.01    0.08    0.07    1.88 v _1509_/Y (sky130_fd_sc_hd__o21ai_2)
                                         _0389_ (net)
                  0.08    0.00    1.88 v _1510_/A (sky130_fd_sc_hd__buf_2)
    10    0.05    0.12    0.22    2.10 v _1510_/X (sky130_fd_sc_hd__buf_2)
                                         _0390_ (net)
                  0.12    0.00    2.10 v _1511_/B (sky130_fd_sc_hd__or3b_2)
     4    0.01    0.10    0.50    2.60 v _1511_/X (sky130_fd_sc_hd__or3b_2)
                                         _0391_ (net)
                  0.10    0.00    2.60 v _2501_/D (sky130_fd_sc_hd__or4_2)
     5    0.02    0.16    0.64    3.25 v _2501_/X (sky130_fd_sc_hd__or4_2)
                                         _1285_ (net)
                  0.16    0.00    3.25 v _2536_/A (sky130_fd_sc_hd__buf_1)
    10    0.02    0.12    0.21    3.46 v _2536_/X (sky130_fd_sc_hd__buf_1)
                                         _1304_ (net)
                  0.12    0.00    3.46 v _2549_/B (sky130_fd_sc_hd__and2_2)
     1    0.00    0.04    0.21    3.67 v _2549_/X (sky130_fd_sc_hd__and2_2)
                                         _1311_ (net)
                  0.04    0.00    3.67 v _2550_/A (sky130_fd_sc_hd__buf_1)
     1    0.00    0.02    0.08    3.75 v _2550_/X (sky130_fd_sc_hd__buf_1)
                                         _0230_ (net)
                  0.02    0.00    3.75 v _3007_/D (sky130_fd_sc_hd__dfrtp_2)
                                  3.75   data arrival time

                  0.00   10.00   10.00   clock clk (rise edge)
                          0.00   10.00   clock network delay (ideal)
                          0.00   10.00   clock reconvergence pessimism
                                 10.00 ^ _3007_/CLK (sky130_fd_sc_hd__dfrtp_2)
                         -0.12    9.88   library setup time
                                  9.88   data required time
-----------------------------------------------------------------------------
                                  9.88   data required time
                                 -3.75   data arrival time
-----------------------------------------------------------------------------
                                  6.13   slack (MET)


Startpoint: _2972_ (rising edge-triggered flip-flop clocked by clk)
Endpoint: _3008_ (rising edge-triggered flip-flop clocked by clk)
Path Group: clk
Path Type: max

Fanout     Cap    Slew   Delay    Time   Description
-----------------------------------------------------------------------------
                  0.00    0.00    0.00   clock clk (rise edge)
                          0.00    0.00   clock network delay (ideal)
                  0.00    0.00    0.00 ^ _2972_/CLK (sky130_fd_sc_hd__dfrtp_2)
     4    0.02    0.07    0.41    0.41 v _2972_/Q (sky130_fd_sc_hd__dfrtp_2)
                                         imem.address[13] (net)
                  0.07    0.00    0.41 v _1502_/A (sky130_fd_sc_hd__or4_2)
     3    0.01    0.14    0.72    1.13 v _1502_/X (sky130_fd_sc_hd__or4_2)
                                         _0382_ (net)
                  0.14    0.00    1.13 v _1506_/A_N (sky130_fd_sc_hd__and4bb_2)
     9    0.02    0.12    0.39    1.52 ^ _1506_/X (sky130_fd_sc_hd__and4bb_2)
                                         _0386_ (net)
                  0.12    0.00    1.52 ^ _1507_/B (sky130_fd_sc_hd__and2_2)
     1    0.00    0.04    0.15    1.67 ^ _1507_/X (sky130_fd_sc_hd__and2_2)
                                         _0387_ (net)
                  0.04    0.00    1.67 ^ _1508_/A (sky130_fd_sc_hd__buf_4)
     8    0.03    0.08    0.14    1.81 ^ _1508_/X (sky130_fd_sc_hd__buf_4)
                                         _0388_ (net)
                  0.08    0.00    1.81 ^ _1509_/B1 (sky130_fd_sc_hd__o21ai_2)
     4    0.01    0.08    0.07    1.88 v _1509_/Y (sky130_fd_sc_hd__o21ai_2)
                                         _0389_ (net)
                  0.08    0.00    1.88 v _1510_/A (sky130_fd_sc_hd__buf_2)
    10    0.05    0.12    0.22    2.10 v _1510_/X (sky130_fd_sc_hd__buf_2)
                                         _0390_ (net)
                  0.12    0.00    2.10 v _1511_/B (sky130_fd_sc_hd__or3b_2)
     4    0.01    0.10    0.50    2.60 v _1511_/X (sky130_fd_sc_hd__or3b_2)
                                         _0391_ (net)
                  0.10    0.00    2.60 v _2501_/D (sky130_fd_sc_hd__or4_2)
     5    0.02    0.16    0.64    3.25 v _2501_/X (sky130_fd_sc_hd__or4_2)
                                         _1285_ (net)
                  0.16    0.00    3.25 v _2536_/A (sky130_fd_sc_hd__buf_1)
    10    0.02    0.12    0.21    3.46 v _2536_/X (sky130_fd_sc_hd__buf_1)
                                         _1304_ (net)
                  0.12    0.00    3.46 v _2547_/B (sky130_fd_sc_hd__and2_2)
     1    0.00    0.04    0.21    3.67 v _2547_/X (sky130_fd_sc_hd__and2_2)
                                         _1310_ (net)
                  0.04    0.00    3.67 v _2548_/A (sky130_fd_sc_hd__buf_1)
     1    0.00    0.02    0.08    3.75 v _2548_/X (sky130_fd_sc_hd__buf_1)
                                         _0231_ (net)
                  0.02    0.00    3.75 v _3008_/D (sky130_fd_sc_hd__dfrtp_2)
                                  3.75   data arrival time

                  0.00   10.00   10.00   clock clk (rise edge)
                          0.00   10.00   clock network delay (ideal)
                          0.00   10.00   clock reconvergence pessimism
                                 10.00 ^ _3008_/CLK (sky130_fd_sc_hd__dfrtp_2)
                         -0.12    9.88   library setup time
                                  9.88   data required time
-----------------------------------------------------------------------------
                                  9.88   data required time
                                 -3.75   data arrival time
-----------------------------------------------------------------------------
                                  6.13   slack (MET)


Startpoint: _2972_ (rising edge-triggered flip-flop clocked by clk)
Endpoint: _3005_ (rising edge-triggered flip-flop clocked by clk)
Path Group: clk
Path Type: max

Fanout     Cap    Slew   Delay    Time   Description
-----------------------------------------------------------------------------
                  0.00    0.00    0.00   clock clk (rise edge)
                          0.00    0.00   clock network delay (ideal)
                  0.00    0.00    0.00 ^ _2972_/CLK (sky130_fd_sc_hd__dfrtp_2)
     4    0.02    0.07    0.41    0.41 v _2972_/Q (sky130_fd_sc_hd__dfrtp_2)
                                         imem.address[13] (net)
                  0.07    0.00    0.41 v _1502_/A (sky130_fd_sc_hd__or4_2)
     3    0.01    0.14    0.72    1.13 v _1502_/X (sky130_fd_sc_hd__or4_2)
                                         _0382_ (net)
                  0.14    0.00    1.13 v _1506_/A_N (sky130_fd_sc_hd__and4bb_2)
     9    0.02    0.12    0.39    1.52 ^ _1506_/X (sky130_fd_sc_hd__and4bb_2)
                                         _0386_ (net)
                  0.12    0.00    1.52 ^ _1507_/B (sky130_fd_sc_hd__and2_2)
     1    0.00    0.04    0.15    1.67 ^ _1507_/X (sky130_fd_sc_hd__and2_2)
                                         _0387_ (net)
                  0.04    0.00    1.67 ^ _1508_/A (sky130_fd_sc_hd__buf_4)
     8    0.03    0.08    0.14    1.81 ^ _1508_/X (sky130_fd_sc_hd__buf_4)
                                         _0388_ (net)
                  0.08    0.00    1.81 ^ _1509_/B1 (sky130_fd_sc_hd__o21ai_2)
     4    0.01    0.08    0.07    1.88 v _1509_/Y (sky130_fd_sc_hd__o21ai_2)
                                         _0389_ (net)
                  0.08    0.00    1.88 v _1510_/A (sky130_fd_sc_hd__buf_2)
    10    0.05    0.12    0.22    2.10 v _1510_/X (sky130_fd_sc_hd__buf_2)
                                         _0390_ (net)
                  0.12    0.00    2.10 v _1511_/B (sky130_fd_sc_hd__or3b_2)
     4    0.01    0.10    0.50    2.60 v _1511_/X (sky130_fd_sc_hd__or3b_2)
                                         _0391_ (net)
                  0.10    0.00    2.60 v _2501_/D (sky130_fd_sc_hd__or4_2)
     5    0.02    0.16    0.64    3.25 v _2501_/X (sky130_fd_sc_hd__or4_2)
                                         _1285_ (net)
                  0.16    0.00    3.25 v _2536_/A (sky130_fd_sc_hd__buf_1)
    10    0.02    0.12    0.21    3.46 v _2536_/X (sky130_fd_sc_hd__buf_1)
                                         _1304_ (net)
                  0.12    0.00    3.46 v _2553_/B (sky130_fd_sc_hd__and2_2)
     1    0.00    0.03    0.21    3.67 v _2553_/X (sky130_fd_sc_hd__and2_2)
                                         _1313_ (net)
                  0.03    0.00    3.67 v _2554_/A (sky130_fd_sc_hd__buf_1)
     1    0.00    0.02    0.08    3.75 v _2554_/X (sky130_fd_sc_hd__buf_1)
                                         _0228_ (net)
                  0.02    0.00    3.75 v _3005_/D (sky130_fd_sc_hd__dfrtp_2)
                                  3.75   data arrival time

                  0.00   10.00   10.00   clock clk (rise edge)
                          0.00   10.00   clock network delay (ideal)
                          0.00   10.00   clock reconvergence pessimism
                                 10.00 ^ _3005_/CLK (sky130_fd_sc_hd__dfrtp_2)
                         -0.12    9.88   library setup time
                                  9.88   data required time
-----------------------------------------------------------------------------
                                  9.88   data required time
                                 -3.75   data arrival time
-----------------------------------------------------------------------------
                                  6.13   slack (MET)


Startpoint: _2972_ (rising edge-triggered flip-flop clocked by clk)
Endpoint: _3004_ (rising edge-triggered flip-flop clocked by clk)
Path Group: clk
Path Type: max

Fanout     Cap    Slew   Delay    Time   Description
-----------------------------------------------------------------------------
                  0.00    0.00    0.00   clock clk (rise edge)
                          0.00    0.00   clock network delay (ideal)
                  0.00    0.00    0.00 ^ _2972_/CLK (sky130_fd_sc_hd__dfrtp_2)
     4    0.02    0.07    0.41    0.41 v _2972_/Q (sky130_fd_sc_hd__dfrtp_2)
                                         imem.address[13] (net)
                  0.07    0.00    0.41 v _1502_/A (sky130_fd_sc_hd__or4_2)
     3    0.01    0.14    0.72    1.13 v _1502_/X (sky130_fd_sc_hd__or4_2)
                                         _0382_ (net)
                  0.14    0.00    1.13 v _1506_/A_N (sky130_fd_sc_hd__and4bb_2)
     9    0.02    0.12    0.39    1.52 ^ _1506_/X (sky130_fd_sc_hd__and4bb_2)
                                         _0386_ (net)
                  0.12    0.00    1.52 ^ _1507_/B (sky130_fd_sc_hd__and2_2)
     1    0.00    0.04    0.15    1.67 ^ _1507_/X (sky130_fd_sc_hd__and2_2)
                                         _0387_ (net)
                  0.04    0.00    1.67 ^ _1508_/A (sky130_fd_sc_hd__buf_4)
     8    0.03    0.08    0.14    1.81 ^ _1508_/X (sky130_fd_sc_hd__buf_4)
                                         _0388_ (net)
                  0.08    0.00    1.81 ^ _1509_/B1 (sky130_fd_sc_hd__o21ai_2)
     4    0.01    0.08    0.07    1.88 v _1509_/Y (sky130_fd_sc_hd__o21ai_2)
                                         _0389_ (net)
                  0.08    0.00    1.88 v _1510_/A (sky130_fd_sc_hd__buf_2)
    10    0.05    0.12    0.22    2.10 v _1510_/X (sky130_fd_sc_hd__buf_2)
                                         _0390_ (net)
                  0.12    0.00    2.10 v _1511_/B (sky130_fd_sc_hd__or3b_2)
     4    0.01    0.10    0.50    2.60 v _1511_/X (sky130_fd_sc_hd__or3b_2)
                                         _0391_ (net)
                  0.10    0.00    2.60 v _2501_/D (sky130_fd_sc_hd__or4_2)
     5    0.02    0.16    0.64    3.25 v _2501_/X (sky130_fd_sc_hd__or4_2)
                                         _1285_ (net)
                  0.16    0.00    3.25 v _2536_/A (sky130_fd_sc_hd__buf_1)
    10    0.02    0.12    0.21    3.46 v _2536_/X (sky130_fd_sc_hd__buf_1)
                                         _1304_ (net)
                  0.12    0.00    3.46 v _2555_/B (sky130_fd_sc_hd__and2_2)
     1    0.00    0.04    0.21    3.67 v _2555_/X (sky130_fd_sc_hd__and2_2)
                                         _1314_ (net)
                  0.04    0.00    3.67 v _2556_/A (sky130_fd_sc_hd__buf_1)
     1    0.00    0.02    0.08    3.75 v _2556_/X (sky130_fd_sc_hd__buf_1)
                                         _0227_ (net)
                  0.02    0.00    3.75 v _3004_/D (sky130_fd_sc_hd__dfrtp_2)
                                  3.75   data arrival time

                  0.00   10.00   10.00   clock clk (rise edge)
                          0.00   10.00   clock network delay (ideal)
                          0.00   10.00   clock reconvergence pessimism
                                 10.00 ^ _3004_/CLK (sky130_fd_sc_hd__dfrtp_2)
                         -0.12    9.88   library setup time
                                  9.88   data required time
-----------------------------------------------------------------------------
                                  9.88   data required time
                                 -3.75   data arrival time
-----------------------------------------------------------------------------
                                  6.13   slack (MET)


Startpoint: _2972_ (rising edge-triggered flip-flop clocked by clk)
Endpoint: _3009_ (rising edge-triggered flip-flop clocked by clk)
Path Group: clk
Path Type: max

Fanout     Cap    Slew   Delay    Time   Description
-----------------------------------------------------------------------------
                  0.00    0.00    0.00   clock clk (rise edge)
                          0.00    0.00   clock network delay (ideal)
                  0.00    0.00    0.00 ^ _2972_/CLK (sky130_fd_sc_hd__dfrtp_2)
     4    0.02    0.07    0.41    0.41 v _2972_/Q (sky130_fd_sc_hd__dfrtp_2)
                                         imem.address[13] (net)
                  0.07    0.00    0.41 v _1502_/A (sky130_fd_sc_hd__or4_2)
     3    0.01    0.14    0.72    1.13 v _1502_/X (sky130_fd_sc_hd__or4_2)
                                         _0382_ (net)
                  0.14    0.00    1.13 v _1506_/A_N (sky130_fd_sc_hd__and4bb_2)
     9    0.02    0.12    0.39    1.52 ^ _1506_/X (sky130_fd_sc_hd__and4bb_2)
                                         _0386_ (net)
                  0.12    0.00    1.52 ^ _1507_/B (sky130_fd_sc_hd__and2_2)
     1    0.00    0.04    0.15    1.67 ^ _1507_/X (sky130_fd_sc_hd__and2_2)
                                         _0387_ (net)
                  0.04    0.00    1.67 ^ _1508_/A (sky130_fd_sc_hd__buf_4)
     8    0.03    0.08    0.14    1.81 ^ _1508_/X (sky130_fd_sc_hd__buf_4)
                                         _0388_ (net)
                  0.08    0.00    1.81 ^ _1509_/B1 (sky130_fd_sc_hd__o21ai_2)
     4    0.01    0.08    0.07    1.88 v _1509_/Y (sky130_fd_sc_hd__o21ai_2)
                                         _0389_ (net)
                  0.08    0.00    1.88 v _1510_/A (sky130_fd_sc_hd__buf_2)
    10    0.05    0.12    0.22    2.10 v _1510_/X (sky130_fd_sc_hd__buf_2)
                                         _0390_ (net)
                  0.12    0.00    2.10 v _1511_/B (sky130_fd_sc_hd__or3b_2)
     4    0.01    0.10    0.50    2.60 v _1511_/X (sky130_fd_sc_hd__or3b_2)
                                         _0391_ (net)
                  0.10    0.00    2.60 v _2501_/D (sky130_fd_sc_hd__or4_2)
     5    0.02    0.16    0.64    3.25 v _2501_/X (sky130_fd_sc_hd__or4_2)
                                         _1285_ (net)
                  0.16    0.00    3.25 v _2536_/A (sky130_fd_sc_hd__buf_1)
    10    0.02    0.12    0.21    3.46 v _2536_/X (sky130_fd_sc_hd__buf_1)
                                         _1304_ (net)
                  0.12    0.00    3.46 v _2545_/B (sky130_fd_sc_hd__and2_2)
     1    0.00    0.04    0.21    3.67 v _2545_/X (sky130_fd_sc_hd__and2_2)
                                         _1309_ (net)
                  0.04    0.00    3.67 v _2546_/A (sky130_fd_sc_hd__buf_1)
     1    0.00    0.02    0.08    3.75 v _2546_/X (sky130_fd_sc_hd__buf_1)
                                         _0232_ (net)
                  0.02    0.00    3.75 v _3009_/D (sky130_fd_sc_hd__dfrtp_2)
                                  3.75   data arrival time

                  0.00   10.00   10.00   clock clk (rise edge)
                          0.00   10.00   clock network delay (ideal)
                          0.00   10.00   clock reconvergence pessimism
                                 10.00 ^ _3009_/CLK (sky130_fd_sc_hd__dfrtp_2)
                         -0.12    9.88   library setup time
                                  9.88   data required time
-----------------------------------------------------------------------------
                                  9.88   data required time
                                 -3.75   data arrival time
-----------------------------------------------------------------------------
                                  6.13   slack (MET)


Startpoint: _2972_ (rising edge-triggered flip-flop clocked by clk)
Endpoint: _3010_ (rising edge-triggered flip-flop clocked by clk)
Path Group: clk
Path Type: max

Fanout     Cap    Slew   Delay    Time   Description
-----------------------------------------------------------------------------
                  0.00    0.00    0.00   clock clk (rise edge)
                          0.00    0.00   clock network delay (ideal)
                  0.00    0.00    0.00 ^ _2972_/CLK (sky130_fd_sc_hd__dfrtp_2)
     4    0.02    0.07    0.41    0.41 v _2972_/Q (sky130_fd_sc_hd__dfrtp_2)
                                         imem.address[13] (net)
                  0.07    0.00    0.41 v _1502_/A (sky130_fd_sc_hd__or4_2)
     3    0.01    0.14    0.72    1.13 v _1502_/X (sky130_fd_sc_hd__or4_2)
                                         _0382_ (net)
                  0.14    0.00    1.13 v _1506_/A_N (sky130_fd_sc_hd__and4bb_2)
     9    0.02    0.12    0.39    1.52 ^ _1506_/X (sky130_fd_sc_hd__and4bb_2)
                                         _0386_ (net)
                  0.12    0.00    1.52 ^ _1507_/B (sky130_fd_sc_hd__and2_2)
     1    0.00    0.04    0.15    1.67 ^ _1507_/X (sky130_fd_sc_hd__and2_2)
                                         _0387_ (net)
                  0.04    0.00    1.67 ^ _1508_/A (sky130_fd_sc_hd__buf_4)
     8    0.03    0.08    0.14    1.81 ^ _1508_/X (sky130_fd_sc_hd__buf_4)
                                         _0388_ (net)
                  0.08    0.00    1.81 ^ _1509_/B1 (sky130_fd_sc_hd__o21ai_2)
     4    0.01    0.08    0.07    1.88 v _1509_/Y (sky130_fd_sc_hd__o21ai_2)
                                         _0389_ (net)
                  0.08    0.00    1.88 v _1510_/A (sky130_fd_sc_hd__buf_2)
    10    0.05    0.12    0.22    2.10 v _1510_/X (sky130_fd_sc_hd__buf_2)
                                         _0390_ (net)
                  0.12    0.00    2.10 v _1511_/B (sky130_fd_sc_hd__or3b_2)
     4    0.01    0.10    0.50    2.60 v _1511_/X (sky130_fd_sc_hd__or3b_2)
                                         _0391_ (net)
                  0.10    0.00    2.60 v _2501_/D (sky130_fd_sc_hd__or4_2)
     5    0.02    0.16    0.64    3.25 v _2501_/X (sky130_fd_sc_hd__or4_2)
                                         _1285_ (net)
                  0.16    0.00    3.25 v _2536_/A (sky130_fd_sc_hd__buf_1)
    10    0.02    0.12    0.21    3.46 v _2536_/X (sky130_fd_sc_hd__buf_1)
                                         _1304_ (net)
                  0.12    0.00    3.46 v _2543_/B (sky130_fd_sc_hd__and2_2)
     1    0.00    0.04    0.21    3.67 v _2543_/X (sky130_fd_sc_hd__and2_2)
                                         _1308_ (net)
                  0.04    0.00    3.67 v _2544_/A (sky130_fd_sc_hd__buf_1)
     1    0.00    0.02    0.08    3.75 v _2544_/X (sky130_fd_sc_hd__buf_1)
                                         _0233_ (net)
                  0.02    0.00    3.75 v _3010_/D (sky130_fd_sc_hd__dfrtp_2)
                                  3.75   data arrival time

                  0.00   10.00   10.00   clock clk (rise edge)
                          0.00   10.00   clock network delay (ideal)
                          0.00   10.00   clock reconvergence pessimism
                                 10.00 ^ _3010_/CLK (sky130_fd_sc_hd__dfrtp_2)
                         -0.12    9.88   library setup time
                                  9.88   data required time
-----------------------------------------------------------------------------
                                  9.88   data required time
                                 -3.75   data arrival time
-----------------------------------------------------------------------------
                                  6.13   slack (MET)


Startpoint: _2972_ (rising edge-triggered flip-flop clocked by clk)
Endpoint: _3013_ (rising edge-triggered flip-flop clocked by clk)
Path Group: clk
Path Type: max

Fanout     Cap    Slew   Delay    Time   Description
-----------------------------------------------------------------------------
                  0.00    0.00    0.00   clock clk (rise edge)
                          0.00    0.00   clock network delay (ideal)
                  0.00    0.00    0.00 ^ _2972_/CLK (sky130_fd_sc_hd__dfrtp_2)
     4    0.02    0.07    0.41    0.41 v _2972_/Q (sky130_fd_sc_hd__dfrtp_2)
                                         imem.address[13] (net)
                  0.07    0.00    0.41 v _1502_/A (sky130_fd_sc_hd__or4_2)
     3    0.01    0.14    0.72    1.13 v _1502_/X (sky130_fd_sc_hd__or4_2)
                                         _0382_ (net)
                  0.14    0.00    1.13 v _1506_/A_N (sky130_fd_sc_hd__and4bb_2)
     9    0.02    0.12    0.39    1.52 ^ _1506_/X (sky130_fd_sc_hd__and4bb_2)
                                         _0386_ (net)
                  0.12    0.00    1.52 ^ _1507_/B (sky130_fd_sc_hd__and2_2)
     1    0.00    0.04    0.15    1.67 ^ _1507_/X (sky130_fd_sc_hd__and2_2)
                                         _0387_ (net)
                  0.04    0.00    1.67 ^ _1508_/A (sky130_fd_sc_hd__buf_4)
     8    0.03    0.08    0.14    1.81 ^ _1508_/X (sky130_fd_sc_hd__buf_4)
                                         _0388_ (net)
                  0.08    0.00    1.81 ^ _1509_/B1 (sky130_fd_sc_hd__o21ai_2)
     4    0.01    0.08    0.07    1.88 v _1509_/Y (sky130_fd_sc_hd__o21ai_2)
                                         _0389_ (net)
                  0.08    0.00    1.88 v _1510_/A (sky130_fd_sc_hd__buf_2)
    10    0.05    0.12    0.22    2.10 v _1510_/X (sky130_fd_sc_hd__buf_2)
                                         _0390_ (net)
                  0.12    0.00    2.10 v _1511_/B (sky130_fd_sc_hd__or3b_2)
     4    0.01    0.10    0.50    2.60 v _1511_/X (sky130_fd_sc_hd__or3b_2)
                                         _0391_ (net)
                  0.10    0.00    2.60 v _2501_/D (sky130_fd_sc_hd__or4_2)
     5    0.02    0.16    0.64    3.25 v _2501_/X (sky130_fd_sc_hd__or4_2)
                                         _1285_ (net)
                  0.16    0.00    3.25 v _2536_/A (sky130_fd_sc_hd__buf_1)
    10    0.02    0.12    0.21    3.46 v _2536_/X (sky130_fd_sc_hd__buf_1)
                                         _1304_ (net)
                  0.12    0.00    3.46 v _2537_/B (sky130_fd_sc_hd__and2_2)
     1    0.00    0.04    0.21    3.67 v _2537_/X (sky130_fd_sc_hd__and2_2)
                                         _1305_ (net)
                  0.04    0.00    3.67 v _2538_/A (sky130_fd_sc_hd__buf_1)
     1    0.00    0.02    0.08    3.75 v _2538_/X (sky130_fd_sc_hd__buf_1)
                                         _0236_ (net)
                  0.02    0.00    3.75 v _3013_/D (sky130_fd_sc_hd__dfrtp_2)
                                  3.75   data arrival time

                  0.00   10.00   10.00   clock clk (rise edge)
                          0.00   10.00   clock network delay (ideal)
                          0.00   10.00   clock reconvergence pessimism
                                 10.00 ^ _3013_/CLK (sky130_fd_sc_hd__dfrtp_2)
                         -0.12    9.88   library setup time
                                  9.88   data required time
-----------------------------------------------------------------------------
                                  9.88   data required time
                                 -3.75   data arrival time
-----------------------------------------------------------------------------
                                  6.13   slack (MET)


Startpoint: _2972_ (rising edge-triggered flip-flop clocked by clk)
Endpoint: _3011_ (rising edge-triggered flip-flop clocked by clk)
Path Group: clk
Path Type: max

Fanout     Cap    Slew   Delay    Time   Description
-----------------------------------------------------------------------------
                  0.00    0.00    0.00   clock clk (rise edge)
                          0.00    0.00   clock network delay (ideal)
                  0.00    0.00    0.00 ^ _2972_/CLK (sky130_fd_sc_hd__dfrtp_2)
     4    0.02    0.07    0.41    0.41 v _2972_/Q (sky130_fd_sc_hd__dfrtp_2)
                                         imem.address[13] (net)
                  0.07    0.00    0.41 v _1502_/A (sky130_fd_sc_hd__or4_2)
     3    0.01    0.14    0.72    1.13 v _1502_/X (sky130_fd_sc_hd__or4_2)
                                         _0382_ (net)
                  0.14    0.00    1.13 v _1506_/A_N (sky130_fd_sc_hd__and4bb_2)
     9    0.02    0.12    0.39    1.52 ^ _1506_/X (sky130_fd_sc_hd__and4bb_2)
                                         _0386_ (net)
                  0.12    0.00    1.52 ^ _1507_/B (sky130_fd_sc_hd__and2_2)
     1    0.00    0.04    0.15    1.67 ^ _1507_/X (sky130_fd_sc_hd__and2_2)
                                         _0387_ (net)
                  0.04    0.00    1.67 ^ _1508_/A (sky130_fd_sc_hd__buf_4)
     8    0.03    0.08    0.14    1.81 ^ _1508_/X (sky130_fd_sc_hd__buf_4)
                                         _0388_ (net)
                  0.08    0.00    1.81 ^ _1509_/B1 (sky130_fd_sc_hd__o21ai_2)
     4    0.01    0.08    0.07    1.88 v _1509_/Y (sky130_fd_sc_hd__o21ai_2)
                                         _0389_ (net)
                  0.08    0.00    1.88 v _1510_/A (sky130_fd_sc_hd__buf_2)
    10    0.05    0.12    0.22    2.10 v _1510_/X (sky130_fd_sc_hd__buf_2)
                                         _0390_ (net)
                  0.12    0.00    2.10 v _1511_/B (sky130_fd_sc_hd__or3b_2)
     4    0.01    0.10    0.50    2.60 v _1511_/X (sky130_fd_sc_hd__or3b_2)
                                         _0391_ (net)
                  0.10    0.00    2.60 v _2501_/D (sky130_fd_sc_hd__or4_2)
     5    0.02    0.16    0.64    3.25 v _2501_/X (sky130_fd_sc_hd__or4_2)
                                         _1285_ (net)
                  0.16    0.00    3.25 v _2536_/A (sky130_fd_sc_hd__buf_1)
    10    0.02    0.12    0.21    3.46 v _2536_/X (sky130_fd_sc_hd__buf_1)
                                         _1304_ (net)
                  0.12    0.00    3.46 v _2541_/B (sky130_fd_sc_hd__and2_2)
     1    0.00    0.04    0.21    3.67 v _2541_/X (sky130_fd_sc_hd__and2_2)
                                         _1307_ (net)
                  0.04    0.00    3.67 v _2542_/A (sky130_fd_sc_hd__buf_1)
     1    0.00    0.02    0.08    3.75 v _2542_/X (sky130_fd_sc_hd__buf_1)
                                         _0234_ (net)
                  0.02    0.00    3.75 v _3011_/D (sky130_fd_sc_hd__dfrtp_2)
                                  3.75   data arrival time

                  0.00   10.00   10.00   clock clk (rise edge)
                          0.00   10.00   clock network delay (ideal)
                          0.00   10.00   clock reconvergence pessimism
                                 10.00 ^ _3011_/CLK (sky130_fd_sc_hd__dfrtp_2)
                         -0.12    9.88   library setup time
                                  9.88   data required time
-----------------------------------------------------------------------------
                                  9.88   data required time
                                 -3.75   data arrival time
-----------------------------------------------------------------------------
                                  6.13   slack (MET)


Startpoint: _2972_ (rising edge-triggered flip-flop clocked by clk)
Endpoint: _3012_ (rising edge-triggered flip-flop clocked by clk)
Path Group: clk
Path Type: max

Fanout     Cap    Slew   Delay    Time   Description
-----------------------------------------------------------------------------
                  0.00    0.00    0.00   clock clk (rise edge)
                          0.00    0.00   clock network delay (ideal)
                  0.00    0.00    0.00 ^ _2972_/CLK (sky130_fd_sc_hd__dfrtp_2)
     4    0.02    0.07    0.41    0.41 v _2972_/Q (sky130_fd_sc_hd__dfrtp_2)
                                         imem.address[13] (net)
                  0.07    0.00    0.41 v _1502_/A (sky130_fd_sc_hd__or4_2)
     3    0.01    0.14    0.72    1.13 v _1502_/X (sky130_fd_sc_hd__or4_2)
                                         _0382_ (net)
                  0.14    0.00    1.13 v _1506_/A_N (sky130_fd_sc_hd__and4bb_2)
     9    0.02    0.12    0.39    1.52 ^ _1506_/X (sky130_fd_sc_hd__and4bb_2)
                                         _0386_ (net)
                  0.12    0.00    1.52 ^ _1507_/B (sky130_fd_sc_hd__and2_2)
     1    0.00    0.04    0.15    1.67 ^ _1507_/X (sky130_fd_sc_hd__and2_2)
                                         _0387_ (net)
                  0.04    0.00    1.67 ^ _1508_/A (sky130_fd_sc_hd__buf_4)
     8    0.03    0.08    0.14    1.81 ^ _1508_/X (sky130_fd_sc_hd__buf_4)
                                         _0388_ (net)
                  0.08    0.00    1.81 ^ _1509_/B1 (sky130_fd_sc_hd__o21ai_2)
     4    0.01    0.08    0.07    1.88 v _1509_/Y (sky130_fd_sc_hd__o21ai_2)
                                         _0389_ (net)
                  0.08    0.00    1.88 v _1510_/A (sky130_fd_sc_hd__buf_2)
    10    0.05    0.12    0.22    2.10 v _1510_/X (sky130_fd_sc_hd__buf_2)
                                         _0390_ (net)
                  0.12    0.00    2.10 v _1511_/B (sky130_fd_sc_hd__or3b_2)
     4    0.01    0.10    0.50    2.60 v _1511_/X (sky130_fd_sc_hd__or3b_2)
                                         _0391_ (net)
                  0.10    0.00    2.60 v _2501_/D (sky130_fd_sc_hd__or4_2)
     5    0.02    0.16    0.64    3.25 v _2501_/X (sky130_fd_sc_hd__or4_2)
                                         _1285_ (net)
                  0.16    0.00    3.25 v _2536_/A (sky130_fd_sc_hd__buf_1)
    10    0.02    0.12    0.21    3.46 v _2536_/X (sky130_fd_sc_hd__buf_1)
                                         _1304_ (net)
                  0.12    0.00    3.46 v _2539_/B (sky130_fd_sc_hd__and2_2)
     1    0.00    0.04    0.21    3.67 v _2539_/X (sky130_fd_sc_hd__and2_2)
                                         _1306_ (net)
                  0.04    0.00    3.67 v _2540_/A (sky130_fd_sc_hd__buf_1)
     1    0.00    0.02    0.08    3.75 v _2540_/X (sky130_fd_sc_hd__buf_1)
                                         _0235_ (net)
                  0.02    0.00    3.75 v _3012_/D (sky130_fd_sc_hd__dfrtp_2)
                                  3.75   data arrival time

                  0.00   10.00   10.00   clock clk (rise edge)
                          0.00   10.00   clock network delay (ideal)
                          0.00   10.00   clock reconvergence pessimism
                                 10.00 ^ _3012_/CLK (sky130_fd_sc_hd__dfrtp_2)
                         -0.12    9.88   library setup time
                                  9.88   data required time
-----------------------------------------------------------------------------
                                  9.88   data required time
                                 -3.75   data arrival time
-----------------------------------------------------------------------------
                                  6.13   slack (MET)


Startpoint: _2972_ (rising edge-triggered flip-flop clocked by clk)
Endpoint: _3081_ (rising edge-triggered flip-flop clocked by clk)
Path Group: clk
Path Type: max

Fanout     Cap    Slew   Delay    Time   Description
-----------------------------------------------------------------------------
                  0.00    0.00    0.00   clock clk (rise edge)
                          0.00    0.00   clock network delay (ideal)
                  0.00    0.00    0.00 ^ _2972_/CLK (sky130_fd_sc_hd__dfrtp_2)
     4    0.02    0.07    0.41    0.41 v _2972_/Q (sky130_fd_sc_hd__dfrtp_2)
                                         imem.address[13] (net)
                  0.07    0.00    0.41 v _1502_/A (sky130_fd_sc_hd__or4_2)
     3    0.01    0.14    0.72    1.13 v _1502_/X (sky130_fd_sc_hd__or4_2)
                                         _0382_ (net)
                  0.14    0.00    1.13 v _1506_/A_N (sky130_fd_sc_hd__and4bb_2)
     9    0.02    0.12    0.39    1.52 ^ _1506_/X (sky130_fd_sc_hd__and4bb_2)
                                         _0386_ (net)
                  0.12    0.00    1.52 ^ _1507_/B (sky130_fd_sc_hd__and2_2)
     1    0.00    0.04    0.15    1.67 ^ _1507_/X (sky130_fd_sc_hd__and2_2)
                                         _0387_ (net)
                  0.04    0.00    1.67 ^ _1508_/A (sky130_fd_sc_hd__buf_4)
     8    0.03    0.08    0.14    1.81 ^ _1508_/X (sky130_fd_sc_hd__buf_4)
                                         _0388_ (net)
                  0.08    0.00    1.81 ^ _1509_/B1 (sky130_fd_sc_hd__o21ai_2)
     4    0.01    0.08    0.07    1.88 v _1509_/Y (sky130_fd_sc_hd__o21ai_2)
                                         _0389_ (net)
                  0.08    0.00    1.88 v _1510_/A (sky130_fd_sc_hd__buf_2)
    10    0.05    0.12    0.22    2.10 v _1510_/X (sky130_fd_sc_hd__buf_2)
                                         _0390_ (net)
                  0.12    0.00    2.10 v _1511_/B (sky130_fd_sc_hd__or3b_2)
     4    0.01    0.10    0.50    2.60 v _1511_/X (sky130_fd_sc_hd__or3b_2)
                                         _0391_ (net)
                  0.10    0.00    2.60 v _1580_/D (sky130_fd_sc_hd__or4_2)
     5    0.01    0.13    0.60    3.21 v _1580_/X (sky130_fd_sc_hd__or4_2)
                                         _0428_ (net)
                  0.13    0.00    3.21 v _1598_/A (sky130_fd_sc_hd__buf_1)
    10    0.03    0.15    0.22    3.43 v _1598_/X (sky130_fd_sc_hd__buf_1)
                                         _0438_ (net)
                  0.15    0.00    3.43 v _1607_/B (sky130_fd_sc_hd__and2_2)
     1    0.00    0.04    0.23    3.66 v _1607_/X (sky130_fd_sc_hd__and2_2)
                                         _0443_ (net)
                  0.04    0.00    3.66 v _1608_/A (sky130_fd_sc_hd__buf_1)
     1    0.00    0.02    0.08    3.74 v _1608_/X (sky130_fd_sc_hd__buf_1)
                                         _0304_ (net)
                  0.02    0.00    3.74 v _3081_/D (sky130_fd_sc_hd__dfrtp_2)
                                  3.74   data arrival time

                  0.00   10.00   10.00   clock clk (rise edge)
                          0.00   10.00   clock network delay (ideal)
                          0.00   10.00   clock reconvergence pessimism
                                 10.00 ^ _3081_/CLK (sky130_fd_sc_hd__dfrtp_2)
                         -0.12    9.88   library setup time
                                  9.88   data required time
-----------------------------------------------------------------------------
                                  9.88   data required time
                                 -3.74   data arrival time
-----------------------------------------------------------------------------
                                  6.14   slack (MET)


Startpoint: _2972_ (rising edge-triggered flip-flop clocked by clk)
Endpoint: _3080_ (rising edge-triggered flip-flop clocked by clk)
Path Group: clk
Path Type: max

Fanout     Cap    Slew   Delay    Time   Description
-----------------------------------------------------------------------------
                  0.00    0.00    0.00   clock clk (rise edge)
                          0.00    0.00   clock network delay (ideal)
                  0.00    0.00    0.00 ^ _2972_/CLK (sky130_fd_sc_hd__dfrtp_2)
     4    0.02    0.07    0.41    0.41 v _2972_/Q (sky130_fd_sc_hd__dfrtp_2)
                                         imem.address[13] (net)
                  0.07    0.00    0.41 v _1502_/A (sky130_fd_sc_hd__or4_2)
     3    0.01    0.14    0.72    1.13 v _1502_/X (sky130_fd_sc_hd__or4_2)
                                         _0382_ (net)
                  0.14    0.00    1.13 v _1506_/A_N (sky130_fd_sc_hd__and4bb_2)
     9    0.02    0.12    0.39    1.52 ^ _1506_/X (sky130_fd_sc_hd__and4bb_2)
                                         _0386_ (net)
                  0.12    0.00    1.52 ^ _1507_/B (sky130_fd_sc_hd__and2_2)
     1    0.00    0.04    0.15    1.67 ^ _1507_/X (sky130_fd_sc_hd__and2_2)
                                         _0387_ (net)
                  0.04    0.00    1.67 ^ _1508_/A (sky130_fd_sc_hd__buf_4)
     8    0.03    0.08    0.14    1.81 ^ _1508_/X (sky130_fd_sc_hd__buf_4)
                                         _0388_ (net)
                  0.08    0.00    1.81 ^ _1509_/B1 (sky130_fd_sc_hd__o21ai_2)
     4    0.01    0.08    0.07    1.88 v _1509_/Y (sky130_fd_sc_hd__o21ai_2)
                                         _0389_ (net)
                  0.08    0.00    1.88 v _1510_/A (sky130_fd_sc_hd__buf_2)
    10    0.05    0.12    0.22    2.10 v _1510_/X (sky130_fd_sc_hd__buf_2)
                                         _0390_ (net)
                  0.12    0.00    2.10 v _1511_/B (sky130_fd_sc_hd__or3b_2)
     4    0.01    0.10    0.50    2.60 v _1511_/X (sky130_fd_sc_hd__or3b_2)
                                         _0391_ (net)
                  0.10    0.00    2.60 v _1580_/D (sky130_fd_sc_hd__or4_2)
     5    0.01    0.13    0.60    3.21 v _1580_/X (sky130_fd_sc_hd__or4_2)
                                         _0428_ (net)
                  0.13    0.00    3.21 v _1598_/A (sky130_fd_sc_hd__buf_1)
    10    0.03    0.15    0.22    3.43 v _1598_/X (sky130_fd_sc_hd__buf_1)
                                         _0438_ (net)
                  0.15    0.00    3.43 v _1609_/B (sky130_fd_sc_hd__and2_2)
     1    0.00    0.04    0.23    3.66 v _1609_/X (sky130_fd_sc_hd__and2_2)
                                         _0444_ (net)
                  0.04    0.00    3.66 v _1610_/A (sky130_fd_sc_hd__buf_1)
     1    0.00    0.02    0.08    3.74 v _1610_/X (sky130_fd_sc_hd__buf_1)
                                         _0303_ (net)
                  0.02    0.00    3.74 v _3080_/D (sky130_fd_sc_hd__dfrtp_2)
                                  3.74   data arrival time

                  0.00   10.00   10.00   clock clk (rise edge)
                          0.00   10.00   clock network delay (ideal)
                          0.00   10.00   clock reconvergence pessimism
                                 10.00 ^ _3080_/CLK (sky130_fd_sc_hd__dfrtp_2)
                         -0.12    9.88   library setup time
                                  9.88   data required time
-----------------------------------------------------------------------------
                                  9.88   data required time
                                 -3.74   data arrival time
-----------------------------------------------------------------------------
                                  6.14   slack (MET)


Startpoint: _2972_ (rising edge-triggered flip-flop clocked by clk)
Endpoint: _3079_ (rising edge-triggered flip-flop clocked by clk)
Path Group: clk
Path Type: max

Fanout     Cap    Slew   Delay    Time   Description
-----------------------------------------------------------------------------
                  0.00    0.00    0.00   clock clk (rise edge)
                          0.00    0.00   clock network delay (ideal)
                  0.00    0.00    0.00 ^ _2972_/CLK (sky130_fd_sc_hd__dfrtp_2)
     4    0.02    0.07    0.41    0.41 v _2972_/Q (sky130_fd_sc_hd__dfrtp_2)
                                         imem.address[13] (net)
                  0.07    0.00    0.41 v _1502_/A (sky130_fd_sc_hd__or4_2)
     3    0.01    0.14    0.72    1.13 v _1502_/X (sky130_fd_sc_hd__or4_2)
                                         _0382_ (net)
                  0.14    0.00    1.13 v _1506_/A_N (sky130_fd_sc_hd__and4bb_2)
     9    0.02    0.12    0.39    1.52 ^ _1506_/X (sky130_fd_sc_hd__and4bb_2)
                                         _0386_ (net)
                  0.12    0.00    1.52 ^ _1507_/B (sky130_fd_sc_hd__and2_2)
     1    0.00    0.04    0.15    1.67 ^ _1507_/X (sky130_fd_sc_hd__and2_2)
                                         _0387_ (net)
                  0.04    0.00    1.67 ^ _1508_/A (sky130_fd_sc_hd__buf_4)
     8    0.03    0.08    0.14    1.81 ^ _1508_/X (sky130_fd_sc_hd__buf_4)
                                         _0388_ (net)
                  0.08    0.00    1.81 ^ _1509_/B1 (sky130_fd_sc_hd__o21ai_2)
     4    0.01    0.08    0.07    1.88 v _1509_/Y (sky130_fd_sc_hd__o21ai_2)
                                         _0389_ (net)
                  0.08    0.00    1.88 v _1510_/A (sky130_fd_sc_hd__buf_2)
    10    0.05    0.12    0.22    2.10 v _1510_/X (sky130_fd_sc_hd__buf_2)
                                         _0390_ (net)
                  0.12    0.00    2.10 v _1511_/B (sky130_fd_sc_hd__or3b_2)
     4    0.01    0.10    0.50    2.60 v _1511_/X (sky130_fd_sc_hd__or3b_2)
                                         _0391_ (net)
                  0.10    0.00    2.60 v _1580_/D (sky130_fd_sc_hd__or4_2)
     5    0.01    0.13    0.60    3.21 v _1580_/X (sky130_fd_sc_hd__or4_2)
                                         _0428_ (net)
                  0.13    0.00    3.21 v _1598_/A (sky130_fd_sc_hd__buf_1)
    10    0.03    0.15    0.22    3.43 v _1598_/X (sky130_fd_sc_hd__buf_1)
                                         _0438_ (net)
                  0.15    0.00    3.43 v _1611_/B (sky130_fd_sc_hd__and2_2)
     1    0.00    0.04    0.23    3.66 v _1611_/X (sky130_fd_sc_hd__and2_2)
                                         _0445_ (net)
                  0.04    0.00    3.66 v _1612_/A (sky130_fd_sc_hd__buf_1)
     1    0.00    0.02    0.08    3.74 v _1612_/X (sky130_fd_sc_hd__buf_1)
                                         _0302_ (net)
                  0.02    0.00    3.74 v _3079_/D (sky130_fd_sc_hd__dfrtp_2)
                                  3.74   data arrival time

                  0.00   10.00   10.00   clock clk (rise edge)
                          0.00   10.00   clock network delay (ideal)
                          0.00   10.00   clock reconvergence pessimism
                                 10.00 ^ _3079_/CLK (sky130_fd_sc_hd__dfrtp_2)
                         -0.12    9.88   library setup time
                                  9.88   data required time
-----------------------------------------------------------------------------
                                  9.88   data required time
                                 -3.74   data arrival time
-----------------------------------------------------------------------------
                                  6.14   slack (MET)


Startpoint: _2972_ (rising edge-triggered flip-flop clocked by clk)
Endpoint: _3083_ (rising edge-triggered flip-flop clocked by clk)
Path Group: clk
Path Type: max

Fanout     Cap    Slew   Delay    Time   Description
-----------------------------------------------------------------------------
                  0.00    0.00    0.00   clock clk (rise edge)
                          0.00    0.00   clock network delay (ideal)
                  0.00    0.00    0.00 ^ _2972_/CLK (sky130_fd_sc_hd__dfrtp_2)
     4    0.02    0.07    0.41    0.41 v _2972_/Q (sky130_fd_sc_hd__dfrtp_2)
                                         imem.address[13] (net)
                  0.07    0.00    0.41 v _1502_/A (sky130_fd_sc_hd__or4_2)
     3    0.01    0.14    0.72    1.13 v _1502_/X (sky130_fd_sc_hd__or4_2)
                                         _0382_ (net)
                  0.14    0.00    1.13 v _1506_/A_N (sky130_fd_sc_hd__and4bb_2)
     9    0.02    0.12    0.39    1.52 ^ _1506_/X (sky130_fd_sc_hd__and4bb_2)
                                         _0386_ (net)
                  0.12    0.00    1.52 ^ _1507_/B (sky130_fd_sc_hd__and2_2)
     1    0.00    0.04    0.15    1.67 ^ _1507_/X (sky130_fd_sc_hd__and2_2)
                                         _0387_ (net)
                  0.04    0.00    1.67 ^ _1508_/A (sky130_fd_sc_hd__buf_4)
     8    0.03    0.08    0.14    1.81 ^ _1508_/X (sky130_fd_sc_hd__buf_4)
                                         _0388_ (net)
                  0.08    0.00    1.81 ^ _1509_/B1 (sky130_fd_sc_hd__o21ai_2)
     4    0.01    0.08    0.07    1.88 v _1509_/Y (sky130_fd_sc_hd__o21ai_2)
                                         _0389_ (net)
                  0.08    0.00    1.88 v _1510_/A (sky130_fd_sc_hd__buf_2)
    10    0.05    0.12    0.22    2.10 v _1510_/X (sky130_fd_sc_hd__buf_2)
                                         _0390_ (net)
                  0.12    0.00    2.10 v _1511_/B (sky130_fd_sc_hd__or3b_2)
     4    0.01    0.10    0.50    2.60 v _1511_/X (sky130_fd_sc_hd__or3b_2)
                                         _0391_ (net)
                  0.10    0.00    2.60 v _1580_/D (sky130_fd_sc_hd__or4_2)
     5    0.01    0.13    0.60    3.21 v _1580_/X (sky130_fd_sc_hd__or4_2)
                                         _0428_ (net)
                  0.13    0.00    3.21 v _1598_/A (sky130_fd_sc_hd__buf_1)
    10    0.03    0.15    0.22    3.43 v _1598_/X (sky130_fd_sc_hd__buf_1)
                                         _0438_ (net)
                  0.15    0.00    3.43 v _1603_/B (sky130_fd_sc_hd__and2_2)
     1    0.00    0.04    0.23    3.66 v _1603_/X (sky130_fd_sc_hd__and2_2)
                                         _0441_ (net)
                  0.04    0.00    3.66 v _1604_/A (sky130_fd_sc_hd__buf_1)
     1    0.00    0.02    0.08    3.74 v _1604_/X (sky130_fd_sc_hd__buf_1)
                                         _0306_ (net)
                  0.02    0.00    3.74 v _3083_/D (sky130_fd_sc_hd__dfrtp_2)
                                  3.74   data arrival time

                  0.00   10.00   10.00   clock clk (rise edge)
                          0.00   10.00   clock network delay (ideal)
                          0.00   10.00   clock reconvergence pessimism
                                 10.00 ^ _3083_/CLK (sky130_fd_sc_hd__dfrtp_2)
                         -0.12    9.88   library setup time
                                  9.88   data required time
-----------------------------------------------------------------------------
                                  9.88   data required time
                                 -3.74   data arrival time
-----------------------------------------------------------------------------
                                  6.14   slack (MET)


Startpoint: _2972_ (rising edge-triggered flip-flop clocked by clk)
Endpoint: _3082_ (rising edge-triggered flip-flop clocked by clk)
Path Group: clk
Path Type: max

Fanout     Cap    Slew   Delay    Time   Description
-----------------------------------------------------------------------------
                  0.00    0.00    0.00   clock clk (rise edge)
                          0.00    0.00   clock network delay (ideal)
                  0.00    0.00    0.00 ^ _2972_/CLK (sky130_fd_sc_hd__dfrtp_2)
     4    0.02    0.07    0.41    0.41 v _2972_/Q (sky130_fd_sc_hd__dfrtp_2)
                                         imem.address[13] (net)
                  0.07    0.00    0.41 v _1502_/A (sky130_fd_sc_hd__or4_2)
     3    0.01    0.14    0.72    1.13 v _1502_/X (sky130_fd_sc_hd__or4_2)
                                         _0382_ (net)
                  0.14    0.00    1.13 v _1506_/A_N (sky130_fd_sc_hd__and4bb_2)
     9    0.02    0.12    0.39    1.52 ^ _1506_/X (sky130_fd_sc_hd__and4bb_2)
                                         _0386_ (net)
                  0.12    0.00    1.52 ^ _1507_/B (sky130_fd_sc_hd__and2_2)
     1    0.00    0.04    0.15    1.67 ^ _1507_/X (sky130_fd_sc_hd__and2_2)
                                         _0387_ (net)
                  0.04    0.00    1.67 ^ _1508_/A (sky130_fd_sc_hd__buf_4)
     8    0.03    0.08    0.14    1.81 ^ _1508_/X (sky130_fd_sc_hd__buf_4)
                                         _0388_ (net)
                  0.08    0.00    1.81 ^ _1509_/B1 (sky130_fd_sc_hd__o21ai_2)
     4    0.01    0.08    0.07    1.88 v _1509_/Y (sky130_fd_sc_hd__o21ai_2)
                                         _0389_ (net)
                  0.08    0.00    1.88 v _1510_/A (sky130_fd_sc_hd__buf_2)
    10    0.05    0.12    0.22    2.10 v _1510_/X (sky130_fd_sc_hd__buf_2)
                                         _0390_ (net)
                  0.12    0.00    2.10 v _1511_/B (sky130_fd_sc_hd__or3b_2)
     4    0.01    0.10    0.50    2.60 v _1511_/X (sky130_fd_sc_hd__or3b_2)
                                         _0391_ (net)
                  0.10    0.00    2.60 v _1580_/D (sky130_fd_sc_hd__or4_2)
     5    0.01    0.13    0.60    3.21 v _1580_/X (sky130_fd_sc_hd__or4_2)
                                         _0428_ (net)
                  0.13    0.00    3.21 v _1598_/A (sky130_fd_sc_hd__buf_1)
    10    0.03    0.15    0.22    3.43 v _1598_/X (sky130_fd_sc_hd__buf_1)
                                         _0438_ (net)
                  0.15    0.00    3.43 v _1605_/B (sky130_fd_sc_hd__and2_2)
     1    0.00    0.04    0.23    3.66 v _1605_/X (sky130_fd_sc_hd__and2_2)
                                         _0442_ (net)
                  0.04    0.00    3.66 v _1606_/A (sky130_fd_sc_hd__buf_1)
     1    0.00    0.02    0.08    3.74 v _1606_/X (sky130_fd_sc_hd__buf_1)
                                         _0305_ (net)
                  0.02    0.00    3.74 v _3082_/D (sky130_fd_sc_hd__dfrtp_2)
                                  3.74   data arrival time

                  0.00   10.00   10.00   clock clk (rise edge)
                          0.00   10.00   clock network delay (ideal)
                          0.00   10.00   clock reconvergence pessimism
                                 10.00 ^ _3082_/CLK (sky130_fd_sc_hd__dfrtp_2)
                         -0.12    9.88   library setup time
                                  9.88   data required time
-----------------------------------------------------------------------------
                                  9.88   data required time
                                 -3.74   data arrival time
-----------------------------------------------------------------------------
                                  6.14   slack (MET)


Startpoint: _2972_ (rising edge-triggered flip-flop clocked by clk)
Endpoint: _3077_ (rising edge-triggered flip-flop clocked by clk)
Path Group: clk
Path Type: max

Fanout     Cap    Slew   Delay    Time   Description
-----------------------------------------------------------------------------
                  0.00    0.00    0.00   clock clk (rise edge)
                          0.00    0.00   clock network delay (ideal)
                  0.00    0.00    0.00 ^ _2972_/CLK (sky130_fd_sc_hd__dfrtp_2)
     4    0.02    0.07    0.41    0.41 v _2972_/Q (sky130_fd_sc_hd__dfrtp_2)
                                         imem.address[13] (net)
                  0.07    0.00    0.41 v _1502_/A (sky130_fd_sc_hd__or4_2)
     3    0.01    0.14    0.72    1.13 v _1502_/X (sky130_fd_sc_hd__or4_2)
                                         _0382_ (net)
                  0.14    0.00    1.13 v _1506_/A_N (sky130_fd_sc_hd__and4bb_2)
     9    0.02    0.12    0.39    1.52 ^ _1506_/X (sky130_fd_sc_hd__and4bb_2)
                                         _0386_ (net)
                  0.12    0.00    1.52 ^ _1507_/B (sky130_fd_sc_hd__and2_2)
     1    0.00    0.04    0.15    1.67 ^ _1507_/X (sky130_fd_sc_hd__and2_2)
                                         _0387_ (net)
                  0.04    0.00    1.67 ^ _1508_/A (sky130_fd_sc_hd__buf_4)
     8    0.03    0.08    0.14    1.81 ^ _1508_/X (sky130_fd_sc_hd__buf_4)
                                         _0388_ (net)
                  0.08    0.00    1.81 ^ _1509_/B1 (sky130_fd_sc_hd__o21ai_2)
     4    0.01    0.08    0.07    1.88 v _1509_/Y (sky130_fd_sc_hd__o21ai_2)
                                         _0389_ (net)
                  0.08    0.00    1.88 v _1510_/A (sky130_fd_sc_hd__buf_2)
    10    0.05    0.12    0.22    2.10 v _1510_/X (sky130_fd_sc_hd__buf_2)
                                         _0390_ (net)
                  0.12    0.00    2.10 v _1511_/B (sky130_fd_sc_hd__or3b_2)
     4    0.01    0.10    0.50    2.60 v _1511_/X (sky130_fd_sc_hd__or3b_2)
                                         _0391_ (net)
                  0.10    0.00    2.60 v _1580_/D (sky130_fd_sc_hd__or4_2)
     5    0.01    0.13    0.60    3.21 v _1580_/X (sky130_fd_sc_hd__or4_2)
                                         _0428_ (net)
                  0.13    0.00    3.21 v _1598_/A (sky130_fd_sc_hd__buf_1)
    10    0.03    0.15    0.22    3.43 v _1598_/X (sky130_fd_sc_hd__buf_1)
                                         _0438_ (net)
                  0.15    0.00    3.43 v _1615_/B (sky130_fd_sc_hd__and2_2)
     1    0.00    0.04    0.23    3.66 v _1615_/X (sky130_fd_sc_hd__and2_2)
                                         _0447_ (net)
                  0.04    0.00    3.66 v _1616_/A (sky130_fd_sc_hd__buf_1)
     1    0.00    0.02    0.08    3.74 v _1616_/X (sky130_fd_sc_hd__buf_1)
                                         _0300_ (net)
                  0.02    0.00    3.74 v _3077_/D (sky130_fd_sc_hd__dfrtp_2)
                                  3.74   data arrival time

                  0.00   10.00   10.00   clock clk (rise edge)
                          0.00   10.00   clock network delay (ideal)
                          0.00   10.00   clock reconvergence pessimism
                                 10.00 ^ _3077_/CLK (sky130_fd_sc_hd__dfrtp_2)
                         -0.12    9.88   library setup time
                                  9.88   data required time
-----------------------------------------------------------------------------
                                  9.88   data required time
                                 -3.74   data arrival time
-----------------------------------------------------------------------------
                                  6.14   slack (MET)


Startpoint: _2972_ (rising edge-triggered flip-flop clocked by clk)
Endpoint: _3076_ (rising edge-triggered flip-flop clocked by clk)
Path Group: clk
Path Type: max

Fanout     Cap    Slew   Delay    Time   Description
-----------------------------------------------------------------------------
                  0.00    0.00    0.00   clock clk (rise edge)
                          0.00    0.00   clock network delay (ideal)
                  0.00    0.00    0.00 ^ _2972_/CLK (sky130_fd_sc_hd__dfrtp_2)
     4    0.02    0.07    0.41    0.41 v _2972_/Q (sky130_fd_sc_hd__dfrtp_2)
                                         imem.address[13] (net)
                  0.07    0.00    0.41 v _1502_/A (sky130_fd_sc_hd__or4_2)
     3    0.01    0.14    0.72    1.13 v _1502_/X (sky130_fd_sc_hd__or4_2)
                                         _0382_ (net)
                  0.14    0.00    1.13 v _1506_/A_N (sky130_fd_sc_hd__and4bb_2)
     9    0.02    0.12    0.39    1.52 ^ _1506_/X (sky130_fd_sc_hd__and4bb_2)
                                         _0386_ (net)
                  0.12    0.00    1.52 ^ _1507_/B (sky130_fd_sc_hd__and2_2)
     1    0.00    0.04    0.15    1.67 ^ _1507_/X (sky130_fd_sc_hd__and2_2)
                                         _0387_ (net)
                  0.04    0.00    1.67 ^ _1508_/A (sky130_fd_sc_hd__buf_4)
     8    0.03    0.08    0.14    1.81 ^ _1508_/X (sky130_fd_sc_hd__buf_4)
                                         _0388_ (net)
                  0.08    0.00    1.81 ^ _1509_/B1 (sky130_fd_sc_hd__o21ai_2)
     4    0.01    0.08    0.07    1.88 v _1509_/Y (sky130_fd_sc_hd__o21ai_2)
                                         _0389_ (net)
                  0.08    0.00    1.88 v _1510_/A (sky130_fd_sc_hd__buf_2)
    10    0.05    0.12    0.22    2.10 v _1510_/X (sky130_fd_sc_hd__buf_2)
                                         _0390_ (net)
                  0.12    0.00    2.10 v _1511_/B (sky130_fd_sc_hd__or3b_2)
     4    0.01    0.10    0.50    2.60 v _1511_/X (sky130_fd_sc_hd__or3b_2)
                                         _0391_ (net)
                  0.10    0.00    2.60 v _1580_/D (sky130_fd_sc_hd__or4_2)
     5    0.01    0.13    0.60    3.21 v _1580_/X (sky130_fd_sc_hd__or4_2)
                                         _0428_ (net)
                  0.13    0.00    3.21 v _1598_/A (sky130_fd_sc_hd__buf_1)
    10    0.03    0.15    0.22    3.43 v _1598_/X (sky130_fd_sc_hd__buf_1)
                                         _0438_ (net)
                  0.15    0.00    3.43 v _1617_/B (sky130_fd_sc_hd__and2_2)
     1    0.00    0.04    0.23    3.66 v _1617_/X (sky130_fd_sc_hd__and2_2)
                                         _0448_ (net)
                  0.04    0.00    3.66 v _1618_/A (sky130_fd_sc_hd__buf_1)
     1    0.00    0.02    0.08    3.74 v _1618_/X (sky130_fd_sc_hd__buf_1)
                                         _0299_ (net)
                  0.02    0.00    3.74 v _3076_/D (sky130_fd_sc_hd__dfrtp_2)
                                  3.74   data arrival time

                  0.00   10.00   10.00   clock clk (rise edge)
                          0.00   10.00   clock network delay (ideal)
                          0.00   10.00   clock reconvergence pessimism
                                 10.00 ^ _3076_/CLK (sky130_fd_sc_hd__dfrtp_2)
                         -0.12    9.88   library setup time
                                  9.88   data required time
-----------------------------------------------------------------------------
                                  9.88   data required time
                                 -3.74   data arrival time
-----------------------------------------------------------------------------
                                  6.14   slack (MET)


Startpoint: _2972_ (rising edge-triggered flip-flop clocked by clk)
Endpoint: _3078_ (rising edge-triggered flip-flop clocked by clk)
Path Group: clk
Path Type: max

Fanout     Cap    Slew   Delay    Time   Description
-----------------------------------------------------------------------------
                  0.00    0.00    0.00   clock clk (rise edge)
                          0.00    0.00   clock network delay (ideal)
                  0.00    0.00    0.00 ^ _2972_/CLK (sky130_fd_sc_hd__dfrtp_2)
     4    0.02    0.07    0.41    0.41 v _2972_/Q (sky130_fd_sc_hd__dfrtp_2)
                                         imem.address[13] (net)
                  0.07    0.00    0.41 v _1502_/A (sky130_fd_sc_hd__or4_2)
     3    0.01    0.14    0.72    1.13 v _1502_/X (sky130_fd_sc_hd__or4_2)
                                         _0382_ (net)
                  0.14    0.00    1.13 v _1506_/A_N (sky130_fd_sc_hd__and4bb_2)
     9    0.02    0.12    0.39    1.52 ^ _1506_/X (sky130_fd_sc_hd__and4bb_2)
                                         _0386_ (net)
                  0.12    0.00    1.52 ^ _1507_/B (sky130_fd_sc_hd__and2_2)
     1    0.00    0.04    0.15    1.67 ^ _1507_/X (sky130_fd_sc_hd__and2_2)
                                         _0387_ (net)
                  0.04    0.00    1.67 ^ _1508_/A (sky130_fd_sc_hd__buf_4)
     8    0.03    0.08    0.14    1.81 ^ _1508_/X (sky130_fd_sc_hd__buf_4)
                                         _0388_ (net)
                  0.08    0.00    1.81 ^ _1509_/B1 (sky130_fd_sc_hd__o21ai_2)
     4    0.01    0.08    0.07    1.88 v _1509_/Y (sky130_fd_sc_hd__o21ai_2)
                                         _0389_ (net)
                  0.08    0.00    1.88 v _1510_/A (sky130_fd_sc_hd__buf_2)
    10    0.05    0.12    0.22    2.10 v _1510_/X (sky130_fd_sc_hd__buf_2)
                                         _0390_ (net)
                  0.12    0.00    2.10 v _1511_/B (sky130_fd_sc_hd__or3b_2)
     4    0.01    0.10    0.50    2.60 v _1511_/X (sky130_fd_sc_hd__or3b_2)
                                         _0391_ (net)
                  0.10    0.00    2.60 v _1580_/D (sky130_fd_sc_hd__or4_2)
     5    0.01    0.13    0.60    3.21 v _1580_/X (sky130_fd_sc_hd__or4_2)
                                         _0428_ (net)
                  0.13    0.00    3.21 v _1598_/A (sky130_fd_sc_hd__buf_1)
    10    0.03    0.15    0.22    3.43 v _1598_/X (sky130_fd_sc_hd__buf_1)
                                         _0438_ (net)
                  0.15    0.00    3.43 v _1613_/B (sky130_fd_sc_hd__and2_2)
     1    0.00    0.04    0.23    3.66 v _1613_/X (sky130_fd_sc_hd__and2_2)
                                         _0446_ (net)
                  0.04    0.00    3.66 v _1614_/A (sky130_fd_sc_hd__buf_1)
     1    0.00    0.02    0.08    3.74 v _1614_/X (sky130_fd_sc_hd__buf_1)
                                         _0301_ (net)
                  0.02    0.00    3.74 v _3078_/D (sky130_fd_sc_hd__dfrtp_2)
                                  3.74   data arrival time

                  0.00   10.00   10.00   clock clk (rise edge)
                          0.00   10.00   clock network delay (ideal)
                          0.00   10.00   clock reconvergence pessimism
                                 10.00 ^ _3078_/CLK (sky130_fd_sc_hd__dfrtp_2)
                         -0.12    9.88   library setup time
                                  9.88   data required time
-----------------------------------------------------------------------------
                                  9.88   data required time
                                 -3.74   data arrival time
-----------------------------------------------------------------------------
                                  6.14   slack (MET)


Startpoint: _2972_ (rising edge-triggered flip-flop clocked by clk)
Endpoint: _3084_ (rising edge-triggered flip-flop clocked by clk)
Path Group: clk
Path Type: max

Fanout     Cap    Slew   Delay    Time   Description
-----------------------------------------------------------------------------
                  0.00    0.00    0.00   clock clk (rise edge)
                          0.00    0.00   clock network delay (ideal)
                  0.00    0.00    0.00 ^ _2972_/CLK (sky130_fd_sc_hd__dfrtp_2)
     4    0.02    0.07    0.41    0.41 v _2972_/Q (sky130_fd_sc_hd__dfrtp_2)
                                         imem.address[13] (net)
                  0.07    0.00    0.41 v _1502_/A (sky130_fd_sc_hd__or4_2)
     3    0.01    0.14    0.72    1.13 v _1502_/X (sky130_fd_sc_hd__or4_2)
                                         _0382_ (net)
                  0.14    0.00    1.13 v _1506_/A_N (sky130_fd_sc_hd__and4bb_2)
     9    0.02    0.12    0.39    1.52 ^ _1506_/X (sky130_fd_sc_hd__and4bb_2)
                                         _0386_ (net)
                  0.12    0.00    1.52 ^ _1507_/B (sky130_fd_sc_hd__and2_2)
     1    0.00    0.04    0.15    1.67 ^ _1507_/X (sky130_fd_sc_hd__and2_2)
                                         _0387_ (net)
                  0.04    0.00    1.67 ^ _1508_/A (sky130_fd_sc_hd__buf_4)
     8    0.03    0.08    0.14    1.81 ^ _1508_/X (sky130_fd_sc_hd__buf_4)
                                         _0388_ (net)
                  0.08    0.00    1.81 ^ _1509_/B1 (sky130_fd_sc_hd__o21ai_2)
     4    0.01    0.08    0.07    1.88 v _1509_/Y (sky130_fd_sc_hd__o21ai_2)
                                         _0389_ (net)
                  0.08    0.00    1.88 v _1510_/A (sky130_fd_sc_hd__buf_2)
    10    0.05    0.12    0.22    2.10 v _1510_/X (sky130_fd_sc_hd__buf_2)
                                         _0390_ (net)
                  0.12    0.00    2.10 v _1511_/B (sky130_fd_sc_hd__or3b_2)
     4    0.01    0.10    0.50    2.60 v _1511_/X (sky130_fd_sc_hd__or3b_2)
                                         _0391_ (net)
                  0.10    0.00    2.60 v _1580_/D (sky130_fd_sc_hd__or4_2)
     5    0.01    0.13    0.60    3.21 v _1580_/X (sky130_fd_sc_hd__or4_2)
                                         _0428_ (net)
                  0.13    0.00    3.21 v _1598_/A (sky130_fd_sc_hd__buf_1)
    10    0.03    0.15    0.22    3.43 v _1598_/X (sky130_fd_sc_hd__buf_1)
                                         _0438_ (net)
                  0.15    0.00    3.43 v _1601_/B (sky130_fd_sc_hd__and2_2)
     1    0.00    0.04    0.23    3.66 v _1601_/X (sky130_fd_sc_hd__and2_2)
                                         _0440_ (net)
                  0.04    0.00    3.66 v _1602_/A (sky130_fd_sc_hd__buf_1)
     1    0.00    0.02    0.08    3.74 v _1602_/X (sky130_fd_sc_hd__buf_1)
                                         _0307_ (net)
                  0.02    0.00    3.74 v _3084_/D (sky130_fd_sc_hd__dfrtp_2)
                                  3.74   data arrival time

                  0.00   10.00   10.00   clock clk (rise edge)
                          0.00   10.00   clock network delay (ideal)
                          0.00   10.00   clock reconvergence pessimism
                                 10.00 ^ _3084_/CLK (sky130_fd_sc_hd__dfrtp_2)
                         -0.12    9.88   library setup time
                                  9.88   data required time
-----------------------------------------------------------------------------
                                  9.88   data required time
                                 -3.74   data arrival time
-----------------------------------------------------------------------------
                                  6.14   slack (MET)


Startpoint: _2972_ (rising edge-triggered flip-flop clocked by clk)
Endpoint: _3085_ (rising edge-triggered flip-flop clocked by clk)
Path Group: clk
Path Type: max

Fanout     Cap    Slew   Delay    Time   Description
-----------------------------------------------------------------------------
                  0.00    0.00    0.00   clock clk (rise edge)
                          0.00    0.00   clock network delay (ideal)
                  0.00    0.00    0.00 ^ _2972_/CLK (sky130_fd_sc_hd__dfrtp_2)
     4    0.02    0.07    0.41    0.41 v _2972_/Q (sky130_fd_sc_hd__dfrtp_2)
                                         imem.address[13] (net)
                  0.07    0.00    0.41 v _1502_/A (sky130_fd_sc_hd__or4_2)
     3    0.01    0.14    0.72    1.13 v _1502_/X (sky130_fd_sc_hd__or4_2)
                                         _0382_ (net)
                  0.14    0.00    1.13 v _1506_/A_N (sky130_fd_sc_hd__and4bb_2)
     9    0.02    0.12    0.39    1.52 ^ _1506_/X (sky130_fd_sc_hd__and4bb_2)
                                         _0386_ (net)
                  0.12    0.00    1.52 ^ _1507_/B (sky130_fd_sc_hd__and2_2)
     1    0.00    0.04    0.15    1.67 ^ _1507_/X (sky130_fd_sc_hd__and2_2)
                                         _0387_ (net)
                  0.04    0.00    1.67 ^ _1508_/A (sky130_fd_sc_hd__buf_4)
     8    0.03    0.08    0.14    1.81 ^ _1508_/X (sky130_fd_sc_hd__buf_4)
                                         _0388_ (net)
                  0.08    0.00    1.81 ^ _1509_/B1 (sky130_fd_sc_hd__o21ai_2)
     4    0.01    0.08    0.07    1.88 v _1509_/Y (sky130_fd_sc_hd__o21ai_2)
                                         _0389_ (net)
                  0.08    0.00    1.88 v _1510_/A (sky130_fd_sc_hd__buf_2)
    10    0.05    0.12    0.22    2.10 v _1510_/X (sky130_fd_sc_hd__buf_2)
                                         _0390_ (net)
                  0.12    0.00    2.10 v _1511_/B (sky130_fd_sc_hd__or3b_2)
     4    0.01    0.10    0.50    2.60 v _1511_/X (sky130_fd_sc_hd__or3b_2)
                                         _0391_ (net)
                  0.10    0.00    2.60 v _1580_/D (sky130_fd_sc_hd__or4_2)
     5    0.01    0.13    0.60    3.21 v _1580_/X (sky130_fd_sc_hd__or4_2)
                                         _0428_ (net)
                  0.13    0.00    3.21 v _1598_/A (sky130_fd_sc_hd__buf_1)
    10    0.03    0.15    0.22    3.43 v _1598_/X (sky130_fd_sc_hd__buf_1)
                                         _0438_ (net)
                  0.15    0.00    3.43 v _1599_/B (sky130_fd_sc_hd__and2_2)
     1    0.00    0.04    0.23    3.66 v _1599_/X (sky130_fd_sc_hd__and2_2)
                                         _0439_ (net)
                  0.04    0.00    3.66 v _1600_/A (sky130_fd_sc_hd__buf_1)
     1    0.00    0.02    0.08    3.74 v _1600_/X (sky130_fd_sc_hd__buf_1)
                                         _0308_ (net)
                  0.02    0.00    3.74 v _3085_/D (sky130_fd_sc_hd__dfrtp_2)
                                  3.74   data arrival time

                  0.00   10.00   10.00   clock clk (rise edge)
                          0.00   10.00   clock network delay (ideal)
                          0.00   10.00   clock reconvergence pessimism
                                 10.00 ^ _3085_/CLK (sky130_fd_sc_hd__dfrtp_2)
                         -0.12    9.88   library setup time
                                  9.88   data required time
-----------------------------------------------------------------------------
                                  9.88   data required time
                                 -3.74   data arrival time
-----------------------------------------------------------------------------
                                  6.15   slack (MET)


Startpoint: _2962_ (rising edge-triggered flip-flop clocked by clk)
Endpoint: _2979_ (rising edge-triggered flip-flop clocked by clk)
Path Group: clk
Path Type: max

Fanout     Cap    Slew   Delay    Time   Description
-----------------------------------------------------------------------------
                  0.00    0.00    0.00   clock clk (rise edge)
                          0.00    0.00   clock network delay (ideal)
                  0.00    0.00    0.00 ^ _2962_/CLK (sky130_fd_sc_hd__dfrtp_2)
     8    0.02    0.09    0.42    0.42 v _2962_/Q (sky130_fd_sc_hd__dfrtp_2)
                                         imem.address[3] (net)
                  0.09    0.00    0.42 v _1664_/A (sky130_fd_sc_hd__and2_2)
     1    0.00    0.04    0.18    0.60 v _1664_/X (sky130_fd_sc_hd__and2_2)
                                         _0480_ (net)
                  0.04    0.00    0.60 v _1665_/A (sky130_fd_sc_hd__buf_1)
     7    0.02    0.13    0.16    0.77 v _1665_/X (sky130_fd_sc_hd__buf_1)
                                         _0481_ (net)
                  0.13    0.00    0.77 v _2499_/C (sky130_fd_sc_hd__and3_2)
     4    0.02    0.07    0.29    1.05 v _2499_/X (sky130_fd_sc_hd__and3_2)
                                         _1283_ (net)
                  0.07    0.00    1.06 v _2569_/C (sky130_fd_sc_hd__and3_2)
     3    0.01    0.06    0.24    1.30 v _2569_/X (sky130_fd_sc_hd__and3_2)
                                         _1321_ (net)
                  0.06    0.00    1.30 v _2570_/B (sky130_fd_sc_hd__and2_2)
     4    0.02    0.07    0.23    1.53 v _2570_/X (sky130_fd_sc_hd__and2_2)
                                         _1322_ (net)
                  0.07    0.00    1.53 v _2571_/C (sky130_fd_sc_hd__and3_2)
     3    0.01    0.06    0.24    1.77 v _2571_/X (sky130_fd_sc_hd__and3_2)
                                         _1323_ (net)
                  0.06    0.00    1.77 v _2572_/B (sky130_fd_sc_hd__and2_2)
     4    0.02    0.07    0.23    2.01 v _2572_/X (sky130_fd_sc_hd__and2_2)
                                         _1324_ (net)
                  0.07    0.00    2.01 v _2573_/C (sky130_fd_sc_hd__and3_2)
     3    0.01    0.06    0.24    2.25 v _2573_/X (sky130_fd_sc_hd__and3_2)
                                         _1325_ (net)
                  0.06    0.00    2.25 v _2574_/B (sky130_fd_sc_hd__and2_2)
     4    0.02    0.07    0.23    2.48 v _2574_/X (sky130_fd_sc_hd__and2_2)
                                         _1326_ (net)
                  0.07    0.00    2.48 v _2575_/C (sky130_fd_sc_hd__and3_2)
     3    0.01    0.06    0.24    2.73 v _2575_/X (sky130_fd_sc_hd__and3_2)
                                         _1327_ (net)
                  0.06    0.00    2.73 v _2576_/B (sky130_fd_sc_hd__and2_2)
     4    0.02    0.07    0.23    2.96 v _2576_/X (sky130_fd_sc_hd__and2_2)
                                         _1328_ (net)
                  0.07    0.00    2.96 v _2577_/C (sky130_fd_sc_hd__and3_2)
     3    0.01    0.06    0.24    3.20 v _2577_/X (sky130_fd_sc_hd__and3_2)
                                         _1329_ (net)
                  0.06    0.00    3.20 v _2578_/B (sky130_fd_sc_hd__and2_2)
     4    0.02    0.07    0.24    3.44 v _2578_/X (sky130_fd_sc_hd__and2_2)
                                         _1330_ (net)
                  0.07    0.00    3.44 v _2579_/C (sky130_fd_sc_hd__and3_2)
     3    0.01    0.06    0.24    3.68 v _2579_/X (sky130_fd_sc_hd__and3_2)
                                         _1331_ (net)
                  0.06    0.00    3.68 v _2607_/A (sky130_fd_sc_hd__nor2_2)
     1    0.00    0.06    0.09    3.77 ^ _2607_/Y (sky130_fd_sc_hd__nor2_2)
                                         _0209_ (net)
                  0.06    0.00    3.77 ^ _2979_/D (sky130_fd_sc_hd__dfrtp_2)
                                  3.77   data arrival time

                  0.00   10.00   10.00   clock clk (rise edge)
                          0.00   10.00   clock network delay (ideal)
                          0.00   10.00   clock reconvergence pessimism
                                 10.00 ^ _2979_/CLK (sky130_fd_sc_hd__dfrtp_2)
                         -0.07    9.93   library setup time
                                  9.93   data required time
-----------------------------------------------------------------------------
                                  9.93   data required time
                                 -3.77   data arrival time
-----------------------------------------------------------------------------
                                  6.15   slack (MET)


Startpoint: _2972_ (rising edge-triggered flip-flop clocked by clk)
Endpoint: _3000_ (rising edge-triggered flip-flop clocked by clk)
Path Group: clk
Path Type: max

Fanout     Cap    Slew   Delay    Time   Description
-----------------------------------------------------------------------------
                  0.00    0.00    0.00   clock clk (rise edge)
                          0.00    0.00   clock network delay (ideal)
                  0.00    0.00    0.00 ^ _2972_/CLK (sky130_fd_sc_hd__dfrtp_2)
     4    0.02    0.07    0.41    0.41 v _2972_/Q (sky130_fd_sc_hd__dfrtp_2)
                                         imem.address[13] (net)
                  0.07    0.00    0.41 v _1502_/A (sky130_fd_sc_hd__or4_2)
     3    0.01    0.14    0.72    1.13 v _1502_/X (sky130_fd_sc_hd__or4_2)
                                         _0382_ (net)
                  0.14    0.00    1.13 v _1506_/A_N (sky130_fd_sc_hd__and4bb_2)
     9    0.02    0.12    0.39    1.52 ^ _1506_/X (sky130_fd_sc_hd__and4bb_2)
                                         _0386_ (net)
                  0.12    0.00    1.52 ^ _1507_/B (sky130_fd_sc_hd__and2_2)
     1    0.00    0.04    0.15    1.67 ^ _1507_/X (sky130_fd_sc_hd__and2_2)
                                         _0387_ (net)
                  0.04    0.00    1.67 ^ _1508_/A (sky130_fd_sc_hd__buf_4)
     8    0.03    0.08    0.14    1.81 ^ _1508_/X (sky130_fd_sc_hd__buf_4)
                                         _0388_ (net)
                  0.08    0.00    1.81 ^ _1509_/B1 (sky130_fd_sc_hd__o21ai_2)
     4    0.01    0.08    0.07    1.88 v _1509_/Y (sky130_fd_sc_hd__o21ai_2)
                                         _0389_ (net)
                  0.08    0.00    1.88 v _1510_/A (sky130_fd_sc_hd__buf_2)
    10    0.05    0.12    0.22    2.10 v _1510_/X (sky130_fd_sc_hd__buf_2)
                                         _0390_ (net)
                  0.12    0.00    2.10 v _1511_/B (sky130_fd_sc_hd__or3b_2)
     4    0.01    0.10    0.50    2.60 v _1511_/X (sky130_fd_sc_hd__or3b_2)
                                         _0391_ (net)
                  0.10    0.00    2.60 v _2501_/D (sky130_fd_sc_hd__or4_2)
     5    0.02    0.16    0.64    3.25 v _2501_/X (sky130_fd_sc_hd__or4_2)
                                         _1285_ (net)
                  0.16    0.00    3.25 v _2502_/A (sky130_fd_sc_hd__buf_1)
    10    0.03    0.15    0.23    3.48 v _2502_/X (sky130_fd_sc_hd__buf_1)
                                         _1286_ (net)
                  0.15    0.00    3.48 v _2563_/B_N (sky130_fd_sc_hd__or2b_2)
     1    0.00    0.03    0.20    3.68 ^ _2563_/X (sky130_fd_sc_hd__or2b_2)
                                         _1318_ (net)
                  0.03    0.00    3.68 ^ _2564_/A (sky130_fd_sc_hd__buf_1)
     1    0.00    0.04    0.07    3.75 ^ _2564_/X (sky130_fd_sc_hd__buf_1)
                                         _0223_ (net)
                  0.04    0.00    3.75 ^ _3000_/D (sky130_fd_sc_hd__dfrtp_2)
                                  3.75   data arrival time

                  0.00   10.00   10.00   clock clk (rise edge)
                          0.00   10.00   clock network delay (ideal)
                          0.00   10.00   clock reconvergence pessimism
                                 10.00 ^ _3000_/CLK (sky130_fd_sc_hd__dfrtp_2)
                         -0.07    9.93   library setup time
                                  9.93   data required time
-----------------------------------------------------------------------------
                                  9.93   data required time
                                 -3.75   data arrival time
-----------------------------------------------------------------------------
                                  6.18   slack (MET)


Startpoint: _2972_ (rising edge-triggered flip-flop clocked by clk)
Endpoint: _2999_ (rising edge-triggered flip-flop clocked by clk)
Path Group: clk
Path Type: max

Fanout     Cap    Slew   Delay    Time   Description
-----------------------------------------------------------------------------
                  0.00    0.00    0.00   clock clk (rise edge)
                          0.00    0.00   clock network delay (ideal)
                  0.00    0.00    0.00 ^ _2972_/CLK (sky130_fd_sc_hd__dfrtp_2)
     4    0.02    0.07    0.41    0.41 v _2972_/Q (sky130_fd_sc_hd__dfrtp_2)
                                         imem.address[13] (net)
                  0.07    0.00    0.41 v _1502_/A (sky130_fd_sc_hd__or4_2)
     3    0.01    0.14    0.72    1.13 v _1502_/X (sky130_fd_sc_hd__or4_2)
                                         _0382_ (net)
                  0.14    0.00    1.13 v _1506_/A_N (sky130_fd_sc_hd__and4bb_2)
     9    0.02    0.12    0.39    1.52 ^ _1506_/X (sky130_fd_sc_hd__and4bb_2)
                                         _0386_ (net)
                  0.12    0.00    1.52 ^ _1507_/B (sky130_fd_sc_hd__and2_2)
     1    0.00    0.04    0.15    1.67 ^ _1507_/X (sky130_fd_sc_hd__and2_2)
                                         _0387_ (net)
                  0.04    0.00    1.67 ^ _1508_/A (sky130_fd_sc_hd__buf_4)
     8    0.03    0.08    0.14    1.81 ^ _1508_/X (sky130_fd_sc_hd__buf_4)
                                         _0388_ (net)
                  0.08    0.00    1.81 ^ _1509_/B1 (sky130_fd_sc_hd__o21ai_2)
     4    0.01    0.08    0.07    1.88 v _1509_/Y (sky130_fd_sc_hd__o21ai_2)
                                         _0389_ (net)
                  0.08    0.00    1.88 v _1510_/A (sky130_fd_sc_hd__buf_2)
    10    0.05    0.12    0.22    2.10 v _1510_/X (sky130_fd_sc_hd__buf_2)
                                         _0390_ (net)
                  0.12    0.00    2.10 v _1511_/B (sky130_fd_sc_hd__or3b_2)
     4    0.01    0.10    0.50    2.60 v _1511_/X (sky130_fd_sc_hd__or3b_2)
                                         _0391_ (net)
                  0.10    0.00    2.60 v _2501_/D (sky130_fd_sc_hd__or4_2)
     5    0.02    0.16    0.64    3.25 v _2501_/X (sky130_fd_sc_hd__or4_2)
                                         _1285_ (net)
                  0.16    0.00    3.25 v _2502_/A (sky130_fd_sc_hd__buf_1)
    10    0.03    0.15    0.23    3.48 v _2502_/X (sky130_fd_sc_hd__buf_1)
                                         _1286_ (net)
                  0.15    0.00    3.48 v _2565_/B_N (sky130_fd_sc_hd__or2b_2)
     1    0.00    0.03    0.20    3.68 ^ _2565_/X (sky130_fd_sc_hd__or2b_2)
                                         _1319_ (net)
                  0.03    0.00    3.68 ^ _2566_/A (sky130_fd_sc_hd__buf_1)
     1    0.00    0.04    0.07    3.75 ^ _2566_/X (sky130_fd_sc_hd__buf_1)
                                         _0222_ (net)
                  0.04    0.00    3.75 ^ _2999_/D (sky130_fd_sc_hd__dfrtp_2)
                                  3.75   data arrival time

                  0.00   10.00   10.00   clock clk (rise edge)
                          0.00   10.00   clock network delay (ideal)
                          0.00   10.00   clock reconvergence pessimism
                                 10.00 ^ _2999_/CLK (sky130_fd_sc_hd__dfrtp_2)
                         -0.07    9.93   library setup time
                                  9.93   data required time
-----------------------------------------------------------------------------
                                  9.93   data required time
                                 -3.75   data arrival time
-----------------------------------------------------------------------------
                                  6.18   slack (MET)


Startpoint: _2972_ (rising edge-triggered flip-flop clocked by clk)
Endpoint: _2998_ (rising edge-triggered flip-flop clocked by clk)
Path Group: clk
Path Type: max

Fanout     Cap    Slew   Delay    Time   Description
-----------------------------------------------------------------------------
                  0.00    0.00    0.00   clock clk (rise edge)
                          0.00    0.00   clock network delay (ideal)
                  0.00    0.00    0.00 ^ _2972_/CLK (sky130_fd_sc_hd__dfrtp_2)
     4    0.02    0.07    0.41    0.41 v _2972_/Q (sky130_fd_sc_hd__dfrtp_2)
                                         imem.address[13] (net)
                  0.07    0.00    0.41 v _1502_/A (sky130_fd_sc_hd__or4_2)
     3    0.01    0.14    0.72    1.13 v _1502_/X (sky130_fd_sc_hd__or4_2)
                                         _0382_ (net)
                  0.14    0.00    1.13 v _1506_/A_N (sky130_fd_sc_hd__and4bb_2)
     9    0.02    0.12    0.39    1.52 ^ _1506_/X (sky130_fd_sc_hd__and4bb_2)
                                         _0386_ (net)
                  0.12    0.00    1.52 ^ _1507_/B (sky130_fd_sc_hd__and2_2)
     1    0.00    0.04    0.15    1.67 ^ _1507_/X (sky130_fd_sc_hd__and2_2)
                                         _0387_ (net)
                  0.04    0.00    1.67 ^ _1508_/A (sky130_fd_sc_hd__buf_4)
     8    0.03    0.08    0.14    1.81 ^ _1508_/X (sky130_fd_sc_hd__buf_4)
                                         _0388_ (net)
                  0.08    0.00    1.81 ^ _1509_/B1 (sky130_fd_sc_hd__o21ai_2)
     4    0.01    0.08    0.07    1.88 v _1509_/Y (sky130_fd_sc_hd__o21ai_2)
                                         _0389_ (net)
                  0.08    0.00    1.88 v _1510_/A (sky130_fd_sc_hd__buf_2)
    10    0.05    0.12    0.22    2.10 v _1510_/X (sky130_fd_sc_hd__buf_2)
                                         _0390_ (net)
                  0.12    0.00    2.10 v _1511_/B (sky130_fd_sc_hd__or3b_2)
     4    0.01    0.10    0.50    2.60 v _1511_/X (sky130_fd_sc_hd__or3b_2)
                                         _0391_ (net)
                  0.10    0.00    2.60 v _2501_/D (sky130_fd_sc_hd__or4_2)
     5    0.02    0.16    0.64    3.25 v _2501_/X (sky130_fd_sc_hd__or4_2)
                                         _1285_ (net)
                  0.16    0.00    3.25 v _2502_/A (sky130_fd_sc_hd__buf_1)
    10    0.03    0.15    0.23    3.48 v _2502_/X (sky130_fd_sc_hd__buf_1)
                                         _1286_ (net)
                  0.15    0.00    3.48 v _2567_/B_N (sky130_fd_sc_hd__or2b_2)
     1    0.00    0.03    0.20    3.68 ^ _2567_/X (sky130_fd_sc_hd__or2b_2)
                                         _1320_ (net)
                  0.03    0.00    3.68 ^ _2568_/A (sky130_fd_sc_hd__buf_1)
     1    0.00    0.04    0.07    3.75 ^ _2568_/X (sky130_fd_sc_hd__buf_1)
                                         _0221_ (net)
                  0.04    0.00    3.75 ^ _2998_/D (sky130_fd_sc_hd__dfrtp_2)
                                  3.75   data arrival time

                  0.00   10.00   10.00   clock clk (rise edge)
                          0.00   10.00   clock network delay (ideal)
                          0.00   10.00   clock reconvergence pessimism
                                 10.00 ^ _2998_/CLK (sky130_fd_sc_hd__dfrtp_2)
                         -0.07    9.93   library setup time
                                  9.93   data required time
-----------------------------------------------------------------------------
                                  9.93   data required time
                                 -3.75   data arrival time
-----------------------------------------------------------------------------
                                  6.18   slack (MET)


Startpoint: _2972_ (rising edge-triggered flip-flop clocked by clk)
Endpoint: _3001_ (rising edge-triggered flip-flop clocked by clk)
Path Group: clk
Path Type: max

Fanout     Cap    Slew   Delay    Time   Description
-----------------------------------------------------------------------------
                  0.00    0.00    0.00   clock clk (rise edge)
                          0.00    0.00   clock network delay (ideal)
                  0.00    0.00    0.00 ^ _2972_/CLK (sky130_fd_sc_hd__dfrtp_2)
     4    0.02    0.07    0.41    0.41 v _2972_/Q (sky130_fd_sc_hd__dfrtp_2)
                                         imem.address[13] (net)
                  0.07    0.00    0.41 v _1502_/A (sky130_fd_sc_hd__or4_2)
     3    0.01    0.14    0.72    1.13 v _1502_/X (sky130_fd_sc_hd__or4_2)
                                         _0382_ (net)
                  0.14    0.00    1.13 v _1506_/A_N (sky130_fd_sc_hd__and4bb_2)
     9    0.02    0.12    0.39    1.52 ^ _1506_/X (sky130_fd_sc_hd__and4bb_2)
                                         _0386_ (net)
                  0.12    0.00    1.52 ^ _1507_/B (sky130_fd_sc_hd__and2_2)
     1    0.00    0.04    0.15    1.67 ^ _1507_/X (sky130_fd_sc_hd__and2_2)
                                         _0387_ (net)
                  0.04    0.00    1.67 ^ _1508_/A (sky130_fd_sc_hd__buf_4)
     8    0.03    0.08    0.14    1.81 ^ _1508_/X (sky130_fd_sc_hd__buf_4)
                                         _0388_ (net)
                  0.08    0.00    1.81 ^ _1509_/B1 (sky130_fd_sc_hd__o21ai_2)
     4    0.01    0.08    0.07    1.88 v _1509_/Y (sky130_fd_sc_hd__o21ai_2)
                                         _0389_ (net)
                  0.08    0.00    1.88 v _1510_/A (sky130_fd_sc_hd__buf_2)
    10    0.05    0.12    0.22    2.10 v _1510_/X (sky130_fd_sc_hd__buf_2)
                                         _0390_ (net)
                  0.12    0.00    2.10 v _1511_/B (sky130_fd_sc_hd__or3b_2)
     4    0.01    0.10    0.50    2.60 v _1511_/X (sky130_fd_sc_hd__or3b_2)
                                         _0391_ (net)
                  0.10    0.00    2.60 v _2501_/D (sky130_fd_sc_hd__or4_2)
     5    0.02    0.16    0.64    3.25 v _2501_/X (sky130_fd_sc_hd__or4_2)
                                         _1285_ (net)
                  0.16    0.00    3.25 v _2502_/A (sky130_fd_sc_hd__buf_1)
    10    0.03    0.15    0.23    3.48 v _2502_/X (sky130_fd_sc_hd__buf_1)
                                         _1286_ (net)
                  0.15    0.00    3.48 v _2561_/B_N (sky130_fd_sc_hd__or2b_2)
     1    0.00    0.03    0.20    3.68 ^ _2561_/X (sky130_fd_sc_hd__or2b_2)
                                         _1317_ (net)
                  0.03    0.00    3.68 ^ _2562_/A (sky130_fd_sc_hd__buf_1)
     1    0.00    0.04    0.07    3.75 ^ _2562_/X (sky130_fd_sc_hd__buf_1)
                                         _0224_ (net)
                  0.04    0.00    3.75 ^ _3001_/D (sky130_fd_sc_hd__dfrtp_2)
                                  3.75   data arrival time

                  0.00   10.00   10.00   clock clk (rise edge)
                          0.00   10.00   clock network delay (ideal)
                          0.00   10.00   clock reconvergence pessimism
                                 10.00 ^ _3001_/CLK (sky130_fd_sc_hd__dfrtp_2)
                         -0.07    9.93   library setup time
                                  9.93   data required time
-----------------------------------------------------------------------------
                                  9.93   data required time
                                 -3.75   data arrival time
-----------------------------------------------------------------------------
                                  6.18   slack (MET)


Startpoint: _2972_ (rising edge-triggered flip-flop clocked by clk)
Endpoint: _3070_ (rising edge-triggered flip-flop clocked by clk)
Path Group: clk
Path Type: max

Fanout     Cap    Slew   Delay    Time   Description
-----------------------------------------------------------------------------
                  0.00    0.00    0.00   clock clk (rise edge)
                          0.00    0.00   clock network delay (ideal)
                  0.00    0.00    0.00 ^ _2972_/CLK (sky130_fd_sc_hd__dfrtp_2)
     4    0.02    0.07    0.41    0.41 v _2972_/Q (sky130_fd_sc_hd__dfrtp_2)
                                         imem.address[13] (net)
                  0.07    0.00    0.41 v _1502_/A (sky130_fd_sc_hd__or4_2)
     3    0.01    0.14    0.72    1.13 v _1502_/X (sky130_fd_sc_hd__or4_2)
                                         _0382_ (net)
                  0.14    0.00    1.13 v _1506_/A_N (sky130_fd_sc_hd__and4bb_2)
     9    0.02    0.12    0.39    1.52 ^ _1506_/X (sky130_fd_sc_hd__and4bb_2)
                                         _0386_ (net)
                  0.12    0.00    1.52 ^ _1507_/B (sky130_fd_sc_hd__and2_2)
     1    0.00    0.04    0.15    1.67 ^ _1507_/X (sky130_fd_sc_hd__and2_2)
                                         _0387_ (net)
                  0.04    0.00    1.67 ^ _1508_/A (sky130_fd_sc_hd__buf_4)
     8    0.03    0.08    0.14    1.81 ^ _1508_/X (sky130_fd_sc_hd__buf_4)
                                         _0388_ (net)
                  0.08    0.00    1.81 ^ _1509_/B1 (sky130_fd_sc_hd__o21ai_2)
     4    0.01    0.08    0.07    1.88 v _1509_/Y (sky130_fd_sc_hd__o21ai_2)
                                         _0389_ (net)
                  0.08    0.00    1.88 v _1510_/A (sky130_fd_sc_hd__buf_2)
    10    0.05    0.12    0.22    2.10 v _1510_/X (sky130_fd_sc_hd__buf_2)
                                         _0390_ (net)
                  0.12    0.00    2.10 v _1511_/B (sky130_fd_sc_hd__or3b_2)
     4    0.01    0.10    0.50    2.60 v _1511_/X (sky130_fd_sc_hd__or3b_2)
                                         _0391_ (net)
                  0.10    0.00    2.60 v _1580_/D (sky130_fd_sc_hd__or4_2)
     5    0.01    0.13    0.60    3.21 v _1580_/X (sky130_fd_sc_hd__or4_2)
                                         _0428_ (net)
                  0.13    0.00    3.21 v _1619_/A (sky130_fd_sc_hd__buf_1)
    10    0.02    0.12    0.20    3.40 v _1619_/X (sky130_fd_sc_hd__buf_1)
                                         _0449_ (net)
                  0.12    0.00    3.40 v _1630_/B (sky130_fd_sc_hd__and2_2)
     1    0.00    0.03    0.21    3.62 v _1630_/X (sky130_fd_sc_hd__and2_2)
                                         _0455_ (net)
                  0.03    0.00    3.62 v _1631_/A (sky130_fd_sc_hd__buf_1)
     1    0.00    0.02    0.08    3.70 v _1631_/X (sky130_fd_sc_hd__buf_1)
                                         _0293_ (net)
                  0.02    0.00    3.70 v _3070_/D (sky130_fd_sc_hd__dfrtp_2)
                                  3.70   data arrival time

                  0.00   10.00   10.00   clock clk (rise edge)
                          0.00   10.00   clock network delay (ideal)
                          0.00   10.00   clock reconvergence pessimism
                                 10.00 ^ _3070_/CLK (sky130_fd_sc_hd__dfrtp_2)
                         -0.12    9.88   library setup time
                                  9.88   data required time
-----------------------------------------------------------------------------
                                  9.88   data required time
                                 -3.70   data arrival time
-----------------------------------------------------------------------------
                                  6.19   slack (MET)


Startpoint: _2972_ (rising edge-triggered flip-flop clocked by clk)
Endpoint: _3068_ (rising edge-triggered flip-flop clocked by clk)
Path Group: clk
Path Type: max

Fanout     Cap    Slew   Delay    Time   Description
-----------------------------------------------------------------------------
                  0.00    0.00    0.00   clock clk (rise edge)
                          0.00    0.00   clock network delay (ideal)
                  0.00    0.00    0.00 ^ _2972_/CLK (sky130_fd_sc_hd__dfrtp_2)
     4    0.02    0.07    0.41    0.41 v _2972_/Q (sky130_fd_sc_hd__dfrtp_2)
                                         imem.address[13] (net)
                  0.07    0.00    0.41 v _1502_/A (sky130_fd_sc_hd__or4_2)
     3    0.01    0.14    0.72    1.13 v _1502_/X (sky130_fd_sc_hd__or4_2)
                                         _0382_ (net)
                  0.14    0.00    1.13 v _1506_/A_N (sky130_fd_sc_hd__and4bb_2)
     9    0.02    0.12    0.39    1.52 ^ _1506_/X (sky130_fd_sc_hd__and4bb_2)
                                         _0386_ (net)
                  0.12    0.00    1.52 ^ _1507_/B (sky130_fd_sc_hd__and2_2)
     1    0.00    0.04    0.15    1.67 ^ _1507_/X (sky130_fd_sc_hd__and2_2)
                                         _0387_ (net)
                  0.04    0.00    1.67 ^ _1508_/A (sky130_fd_sc_hd__buf_4)
     8    0.03    0.08    0.14    1.81 ^ _1508_/X (sky130_fd_sc_hd__buf_4)
                                         _0388_ (net)
                  0.08    0.00    1.81 ^ _1509_/B1 (sky130_fd_sc_hd__o21ai_2)
     4    0.01    0.08    0.07    1.88 v _1509_/Y (sky130_fd_sc_hd__o21ai_2)
                                         _0389_ (net)
                  0.08    0.00    1.88 v _1510_/A (sky130_fd_sc_hd__buf_2)
    10    0.05    0.12    0.22    2.10 v _1510_/X (sky130_fd_sc_hd__buf_2)
                                         _0390_ (net)
                  0.12    0.00    2.10 v _1511_/B (sky130_fd_sc_hd__or3b_2)
     4    0.01    0.10    0.50    2.60 v _1511_/X (sky130_fd_sc_hd__or3b_2)
                                         _0391_ (net)
                  0.10    0.00    2.60 v _1580_/D (sky130_fd_sc_hd__or4_2)
     5    0.01    0.13    0.60    3.21 v _1580_/X (sky130_fd_sc_hd__or4_2)
                                         _0428_ (net)
                  0.13    0.00    3.21 v _1619_/A (sky130_fd_sc_hd__buf_1)
    10    0.02    0.12    0.20    3.40 v _1619_/X (sky130_fd_sc_hd__buf_1)
                                         _0449_ (net)
                  0.12    0.00    3.40 v _1634_/B (sky130_fd_sc_hd__and2_2)
     1    0.00    0.03    0.21    3.62 v _1634_/X (sky130_fd_sc_hd__and2_2)
                                         _0457_ (net)
                  0.03    0.00    3.62 v _1635_/A (sky130_fd_sc_hd__buf_1)
     1    0.00    0.02    0.08    3.70 v _1635_/X (sky130_fd_sc_hd__buf_1)
                                         _0291_ (net)
                  0.02    0.00    3.70 v _3068_/D (sky130_fd_sc_hd__dfrtp_2)
                                  3.70   data arrival time

                  0.00   10.00   10.00   clock clk (rise edge)
                          0.00   10.00   clock network delay (ideal)
                          0.00   10.00   clock reconvergence pessimism
                                 10.00 ^ _3068_/CLK (sky130_fd_sc_hd__dfrtp_2)
                         -0.12    9.88   library setup time
                                  9.88   data required time
-----------------------------------------------------------------------------
                                  9.88   data required time
                                 -3.70   data arrival time
-----------------------------------------------------------------------------
                                  6.19   slack (MET)


Startpoint: _2972_ (rising edge-triggered flip-flop clocked by clk)
Endpoint: _3075_ (rising edge-triggered flip-flop clocked by clk)
Path Group: clk
Path Type: max

Fanout     Cap    Slew   Delay    Time   Description
-----------------------------------------------------------------------------
                  0.00    0.00    0.00   clock clk (rise edge)
                          0.00    0.00   clock network delay (ideal)
                  0.00    0.00    0.00 ^ _2972_/CLK (sky130_fd_sc_hd__dfrtp_2)
     4    0.02    0.07    0.41    0.41 v _2972_/Q (sky130_fd_sc_hd__dfrtp_2)
                                         imem.address[13] (net)
                  0.07    0.00    0.41 v _1502_/A (sky130_fd_sc_hd__or4_2)
     3    0.01    0.14    0.72    1.13 v _1502_/X (sky130_fd_sc_hd__or4_2)
                                         _0382_ (net)
                  0.14    0.00    1.13 v _1506_/A_N (sky130_fd_sc_hd__and4bb_2)
     9    0.02    0.12    0.39    1.52 ^ _1506_/X (sky130_fd_sc_hd__and4bb_2)
                                         _0386_ (net)
                  0.12    0.00    1.52 ^ _1507_/B (sky130_fd_sc_hd__and2_2)
     1    0.00    0.04    0.15    1.67 ^ _1507_/X (sky130_fd_sc_hd__and2_2)
                                         _0387_ (net)
                  0.04    0.00    1.67 ^ _1508_/A (sky130_fd_sc_hd__buf_4)
     8    0.03    0.08    0.14    1.81 ^ _1508_/X (sky130_fd_sc_hd__buf_4)
                                         _0388_ (net)
                  0.08    0.00    1.81 ^ _1509_/B1 (sky130_fd_sc_hd__o21ai_2)
     4    0.01    0.08    0.07    1.88 v _1509_/Y (sky130_fd_sc_hd__o21ai_2)
                                         _0389_ (net)
                  0.08    0.00    1.88 v _1510_/A (sky130_fd_sc_hd__buf_2)
    10    0.05    0.12    0.22    2.10 v _1510_/X (sky130_fd_sc_hd__buf_2)
                                         _0390_ (net)
                  0.12    0.00    2.10 v _1511_/B (sky130_fd_sc_hd__or3b_2)
     4    0.01    0.10    0.50    2.60 v _1511_/X (sky130_fd_sc_hd__or3b_2)
                                         _0391_ (net)
                  0.10    0.00    2.60 v _1580_/D (sky130_fd_sc_hd__or4_2)
     5    0.01    0.13    0.60    3.21 v _1580_/X (sky130_fd_sc_hd__or4_2)
                                         _0428_ (net)
                  0.13    0.00    3.21 v _1619_/A (sky130_fd_sc_hd__buf_1)
    10    0.02    0.12    0.20    3.40 v _1619_/X (sky130_fd_sc_hd__buf_1)
                                         _0449_ (net)
                  0.12    0.00    3.40 v _1620_/B (sky130_fd_sc_hd__and2_2)
     1    0.00    0.04    0.21    3.62 v _1620_/X (sky130_fd_sc_hd__and2_2)
                                         _0450_ (net)
                  0.04    0.00    3.62 v _1621_/A (sky130_fd_sc_hd__buf_1)
     1    0.00    0.02    0.08    3.70 v _1621_/X (sky130_fd_sc_hd__buf_1)
                                         _0298_ (net)
                  0.02    0.00    3.70 v _3075_/D (sky130_fd_sc_hd__dfrtp_2)
                                  3.70   data arrival time

                  0.00   10.00   10.00   clock clk (rise edge)
                          0.00   10.00   clock network delay (ideal)
                          0.00   10.00   clock reconvergence pessimism
                                 10.00 ^ _3075_/CLK (sky130_fd_sc_hd__dfrtp_2)
                         -0.12    9.88   library setup time
                                  9.88   data required time
-----------------------------------------------------------------------------
                                  9.88   data required time
                                 -3.70   data arrival time
-----------------------------------------------------------------------------
                                  6.19   slack (MET)


Startpoint: _2972_ (rising edge-triggered flip-flop clocked by clk)
Endpoint: _3069_ (rising edge-triggered flip-flop clocked by clk)
Path Group: clk
Path Type: max

Fanout     Cap    Slew   Delay    Time   Description
-----------------------------------------------------------------------------
                  0.00    0.00    0.00   clock clk (rise edge)
                          0.00    0.00   clock network delay (ideal)
                  0.00    0.00    0.00 ^ _2972_/CLK (sky130_fd_sc_hd__dfrtp_2)
     4    0.02    0.07    0.41    0.41 v _2972_/Q (sky130_fd_sc_hd__dfrtp_2)
                                         imem.address[13] (net)
                  0.07    0.00    0.41 v _1502_/A (sky130_fd_sc_hd__or4_2)
     3    0.01    0.14    0.72    1.13 v _1502_/X (sky130_fd_sc_hd__or4_2)
                                         _0382_ (net)
                  0.14    0.00    1.13 v _1506_/A_N (sky130_fd_sc_hd__and4bb_2)
     9    0.02    0.12    0.39    1.52 ^ _1506_/X (sky130_fd_sc_hd__and4bb_2)
                                         _0386_ (net)
                  0.12    0.00    1.52 ^ _1507_/B (sky130_fd_sc_hd__and2_2)
     1    0.00    0.04    0.15    1.67 ^ _1507_/X (sky130_fd_sc_hd__and2_2)
                                         _0387_ (net)
                  0.04    0.00    1.67 ^ _1508_/A (sky130_fd_sc_hd__buf_4)
     8    0.03    0.08    0.14    1.81 ^ _1508_/X (sky130_fd_sc_hd__buf_4)
                                         _0388_ (net)
                  0.08    0.00    1.81 ^ _1509_/B1 (sky130_fd_sc_hd__o21ai_2)
     4    0.01    0.08    0.07    1.88 v _1509_/Y (sky130_fd_sc_hd__o21ai_2)
                                         _0389_ (net)
                  0.08    0.00    1.88 v _1510_/A (sky130_fd_sc_hd__buf_2)
    10    0.05    0.12    0.22    2.10 v _1510_/X (sky130_fd_sc_hd__buf_2)
                                         _0390_ (net)
                  0.12    0.00    2.10 v _1511_/B (sky130_fd_sc_hd__or3b_2)
     4    0.01    0.10    0.50    2.60 v _1511_/X (sky130_fd_sc_hd__or3b_2)
                                         _0391_ (net)
                  0.10    0.00    2.60 v _1580_/D (sky130_fd_sc_hd__or4_2)
     5    0.01    0.13    0.60    3.21 v _1580_/X (sky130_fd_sc_hd__or4_2)
                                         _0428_ (net)
                  0.13    0.00    3.21 v _1619_/A (sky130_fd_sc_hd__buf_1)
    10    0.02    0.12    0.20    3.40 v _1619_/X (sky130_fd_sc_hd__buf_1)
                                         _0449_ (net)
                  0.12    0.00    3.40 v _1632_/B (sky130_fd_sc_hd__and2_2)
     1    0.00    0.04    0.21    3.62 v _1632_/X (sky130_fd_sc_hd__and2_2)
                                         _0456_ (net)
                  0.04    0.00    3.62 v _1633_/A (sky130_fd_sc_hd__buf_1)
     1    0.00    0.02    0.08    3.70 v _1633_/X (sky130_fd_sc_hd__buf_1)
                                         _0292_ (net)
                  0.02    0.00    3.70 v _3069_/D (sky130_fd_sc_hd__dfrtp_2)
                                  3.70   data arrival time

                  0.00   10.00   10.00   clock clk (rise edge)
                          0.00   10.00   clock network delay (ideal)
                          0.00   10.00   clock reconvergence pessimism
                                 10.00 ^ _3069_/CLK (sky130_fd_sc_hd__dfrtp_2)
                         -0.12    9.88   library setup time
                                  9.88   data required time
-----------------------------------------------------------------------------
                                  9.88   data required time
                                 -3.70   data arrival time
-----------------------------------------------------------------------------
                                  6.19   slack (MET)


Startpoint: _2972_ (rising edge-triggered flip-flop clocked by clk)
Endpoint: _3067_ (rising edge-triggered flip-flop clocked by clk)
Path Group: clk
Path Type: max

Fanout     Cap    Slew   Delay    Time   Description
-----------------------------------------------------------------------------
                  0.00    0.00    0.00   clock clk (rise edge)
                          0.00    0.00   clock network delay (ideal)
                  0.00    0.00    0.00 ^ _2972_/CLK (sky130_fd_sc_hd__dfrtp_2)
     4    0.02    0.07    0.41    0.41 v _2972_/Q (sky130_fd_sc_hd__dfrtp_2)
                                         imem.address[13] (net)
                  0.07    0.00    0.41 v _1502_/A (sky130_fd_sc_hd__or4_2)
     3    0.01    0.14    0.72    1.13 v _1502_/X (sky130_fd_sc_hd__or4_2)
                                         _0382_ (net)
                  0.14    0.00    1.13 v _1506_/A_N (sky130_fd_sc_hd__and4bb_2)
     9    0.02    0.12    0.39    1.52 ^ _1506_/X (sky130_fd_sc_hd__and4bb_2)
                                         _0386_ (net)
                  0.12    0.00    1.52 ^ _1507_/B (sky130_fd_sc_hd__and2_2)
     1    0.00    0.04    0.15    1.67 ^ _1507_/X (sky130_fd_sc_hd__and2_2)
                                         _0387_ (net)
                  0.04    0.00    1.67 ^ _1508_/A (sky130_fd_sc_hd__buf_4)
     8    0.03    0.08    0.14    1.81 ^ _1508_/X (sky130_fd_sc_hd__buf_4)
                                         _0388_ (net)
                  0.08    0.00    1.81 ^ _1509_/B1 (sky130_fd_sc_hd__o21ai_2)
     4    0.01    0.08    0.07    1.88 v _1509_/Y (sky130_fd_sc_hd__o21ai_2)
                                         _0389_ (net)
                  0.08    0.00    1.88 v _1510_/A (sky130_fd_sc_hd__buf_2)
    10    0.05    0.12    0.22    2.10 v _1510_/X (sky130_fd_sc_hd__buf_2)
                                         _0390_ (net)
                  0.12    0.00    2.10 v _1511_/B (sky130_fd_sc_hd__or3b_2)
     4    0.01    0.10    0.50    2.60 v _1511_/X (sky130_fd_sc_hd__or3b_2)
                                         _0391_ (net)
                  0.10    0.00    2.60 v _1580_/D (sky130_fd_sc_hd__or4_2)
     5    0.01    0.13    0.60    3.21 v _1580_/X (sky130_fd_sc_hd__or4_2)
                                         _0428_ (net)
                  0.13    0.00    3.21 v _1619_/A (sky130_fd_sc_hd__buf_1)
    10    0.02    0.12    0.20    3.40 v _1619_/X (sky130_fd_sc_hd__buf_1)
                                         _0449_ (net)
                  0.12    0.00    3.40 v _1636_/B (sky130_fd_sc_hd__and2_2)
     1    0.00    0.04    0.21    3.62 v _1636_/X (sky130_fd_sc_hd__and2_2)
                                         _0458_ (net)
                  0.04    0.00    3.62 v _1637_/A (sky130_fd_sc_hd__buf_1)
     1    0.00    0.02    0.08    3.70 v _1637_/X (sky130_fd_sc_hd__buf_1)
                                         _0290_ (net)
                  0.02    0.00    3.70 v _3067_/D (sky130_fd_sc_hd__dfrtp_2)
                                  3.70   data arrival time

                  0.00   10.00   10.00   clock clk (rise edge)
                          0.00   10.00   clock network delay (ideal)
                          0.00   10.00   clock reconvergence pessimism
                                 10.00 ^ _3067_/CLK (sky130_fd_sc_hd__dfrtp_2)
                         -0.12    9.88   library setup time
                                  9.88   data required time
-----------------------------------------------------------------------------
                                  9.88   data required time
                                 -3.70   data arrival time
-----------------------------------------------------------------------------
                                  6.19   slack (MET)


Startpoint: _2972_ (rising edge-triggered flip-flop clocked by clk)
Endpoint: _3071_ (rising edge-triggered flip-flop clocked by clk)
Path Group: clk
Path Type: max

Fanout     Cap    Slew   Delay    Time   Description
-----------------------------------------------------------------------------
                  0.00    0.00    0.00   clock clk (rise edge)
                          0.00    0.00   clock network delay (ideal)
                  0.00    0.00    0.00 ^ _2972_/CLK (sky130_fd_sc_hd__dfrtp_2)
     4    0.02    0.07    0.41    0.41 v _2972_/Q (sky130_fd_sc_hd__dfrtp_2)
                                         imem.address[13] (net)
                  0.07    0.00    0.41 v _1502_/A (sky130_fd_sc_hd__or4_2)
     3    0.01    0.14    0.72    1.13 v _1502_/X (sky130_fd_sc_hd__or4_2)
                                         _0382_ (net)
                  0.14    0.00    1.13 v _1506_/A_N (sky130_fd_sc_hd__and4bb_2)
     9    0.02    0.12    0.39    1.52 ^ _1506_/X (sky130_fd_sc_hd__and4bb_2)
                                         _0386_ (net)
                  0.12    0.00    1.52 ^ _1507_/B (sky130_fd_sc_hd__and2_2)
     1    0.00    0.04    0.15    1.67 ^ _1507_/X (sky130_fd_sc_hd__and2_2)
                                         _0387_ (net)
                  0.04    0.00    1.67 ^ _1508_/A (sky130_fd_sc_hd__buf_4)
     8    0.03    0.08    0.14    1.81 ^ _1508_/X (sky130_fd_sc_hd__buf_4)
                                         _0388_ (net)
                  0.08    0.00    1.81 ^ _1509_/B1 (sky130_fd_sc_hd__o21ai_2)
     4    0.01    0.08    0.07    1.88 v _1509_/Y (sky130_fd_sc_hd__o21ai_2)
                                         _0389_ (net)
                  0.08    0.00    1.88 v _1510_/A (sky130_fd_sc_hd__buf_2)
    10    0.05    0.12    0.22    2.10 v _1510_/X (sky130_fd_sc_hd__buf_2)
                                         _0390_ (net)
                  0.12    0.00    2.10 v _1511_/B (sky130_fd_sc_hd__or3b_2)
     4    0.01    0.10    0.50    2.60 v _1511_/X (sky130_fd_sc_hd__or3b_2)
                                         _0391_ (net)
                  0.10    0.00    2.60 v _1580_/D (sky130_fd_sc_hd__or4_2)
     5    0.01    0.13    0.60    3.21 v _1580_/X (sky130_fd_sc_hd__or4_2)
                                         _0428_ (net)
                  0.13    0.00    3.21 v _1619_/A (sky130_fd_sc_hd__buf_1)
    10    0.02    0.12    0.20    3.40 v _1619_/X (sky130_fd_sc_hd__buf_1)
                                         _0449_ (net)
                  0.12    0.00    3.40 v _1628_/B (sky130_fd_sc_hd__and2_2)
     1    0.00    0.04    0.21    3.62 v _1628_/X (sky130_fd_sc_hd__and2_2)
                                         _0454_ (net)
                  0.04    0.00    3.62 v _1629_/A (sky130_fd_sc_hd__buf_1)
     1    0.00    0.02    0.08    3.70 v _1629_/X (sky130_fd_sc_hd__buf_1)
                                         _0294_ (net)
                  0.02    0.00    3.70 v _3071_/D (sky130_fd_sc_hd__dfrtp_2)
                                  3.70   data arrival time

                  0.00   10.00   10.00   clock clk (rise edge)
                          0.00   10.00   clock network delay (ideal)
                          0.00   10.00   clock reconvergence pessimism
                                 10.00 ^ _3071_/CLK (sky130_fd_sc_hd__dfrtp_2)
                         -0.12    9.88   library setup time
                                  9.88   data required time
-----------------------------------------------------------------------------
                                  9.88   data required time
                                 -3.70   data arrival time
-----------------------------------------------------------------------------
                                  6.19   slack (MET)


Startpoint: _2972_ (rising edge-triggered flip-flop clocked by clk)
Endpoint: _3074_ (rising edge-triggered flip-flop clocked by clk)
Path Group: clk
Path Type: max

Fanout     Cap    Slew   Delay    Time   Description
-----------------------------------------------------------------------------
                  0.00    0.00    0.00   clock clk (rise edge)
                          0.00    0.00   clock network delay (ideal)
                  0.00    0.00    0.00 ^ _2972_/CLK (sky130_fd_sc_hd__dfrtp_2)
     4    0.02    0.07    0.41    0.41 v _2972_/Q (sky130_fd_sc_hd__dfrtp_2)
                                         imem.address[13] (net)
                  0.07    0.00    0.41 v _1502_/A (sky130_fd_sc_hd__or4_2)
     3    0.01    0.14    0.72    1.13 v _1502_/X (sky130_fd_sc_hd__or4_2)
                                         _0382_ (net)
                  0.14    0.00    1.13 v _1506_/A_N (sky130_fd_sc_hd__and4bb_2)
     9    0.02    0.12    0.39    1.52 ^ _1506_/X (sky130_fd_sc_hd__and4bb_2)
                                         _0386_ (net)
                  0.12    0.00    1.52 ^ _1507_/B (sky130_fd_sc_hd__and2_2)
     1    0.00    0.04    0.15    1.67 ^ _1507_/X (sky130_fd_sc_hd__and2_2)
                                         _0387_ (net)
                  0.04    0.00    1.67 ^ _1508_/A (sky130_fd_sc_hd__buf_4)
     8    0.03    0.08    0.14    1.81 ^ _1508_/X (sky130_fd_sc_hd__buf_4)
                                         _0388_ (net)
                  0.08    0.00    1.81 ^ _1509_/B1 (sky130_fd_sc_hd__o21ai_2)
     4    0.01    0.08    0.07    1.88 v _1509_/Y (sky130_fd_sc_hd__o21ai_2)
                                         _0389_ (net)
                  0.08    0.00    1.88 v _1510_/A (sky130_fd_sc_hd__buf_2)
    10    0.05    0.12    0.22    2.10 v _1510_/X (sky130_fd_sc_hd__buf_2)
                                         _0390_ (net)
                  0.12    0.00    2.10 v _1511_/B (sky130_fd_sc_hd__or3b_2)
     4    0.01    0.10    0.50    2.60 v _1511_/X (sky130_fd_sc_hd__or3b_2)
                                         _0391_ (net)
                  0.10    0.00    2.60 v _1580_/D (sky130_fd_sc_hd__or4_2)
     5    0.01    0.13    0.60    3.21 v _1580_/X (sky130_fd_sc_hd__or4_2)
                                         _0428_ (net)
                  0.13    0.00    3.21 v _1619_/A (sky130_fd_sc_hd__buf_1)
    10    0.02    0.12    0.20    3.40 v _1619_/X (sky130_fd_sc_hd__buf_1)
                                         _0449_ (net)
                  0.12    0.00    3.40 v _1622_/B (sky130_fd_sc_hd__and2_2)
     1    0.00    0.04    0.21    3.62 v _1622_/X (sky130_fd_sc_hd__and2_2)
                                         _0451_ (net)
                  0.04    0.00    3.62 v _1623_/A (sky130_fd_sc_hd__buf_1)
     1    0.00    0.02    0.08    3.70 v _1623_/X (sky130_fd_sc_hd__buf_1)
                                         _0297_ (net)
                  0.02    0.00    3.70 v _3074_/D (sky130_fd_sc_hd__dfrtp_2)
                                  3.70   data arrival time

                  0.00   10.00   10.00   clock clk (rise edge)
                          0.00   10.00   clock network delay (ideal)
                          0.00   10.00   clock reconvergence pessimism
                                 10.00 ^ _3074_/CLK (sky130_fd_sc_hd__dfrtp_2)
                         -0.12    9.88   library setup time
                                  9.88   data required time
-----------------------------------------------------------------------------
                                  9.88   data required time
                                 -3.70   data arrival time
-----------------------------------------------------------------------------
                                  6.19   slack (MET)


Startpoint: _2972_ (rising edge-triggered flip-flop clocked by clk)
Endpoint: _3066_ (rising edge-triggered flip-flop clocked by clk)
Path Group: clk
Path Type: max

Fanout     Cap    Slew   Delay    Time   Description
-----------------------------------------------------------------------------
                  0.00    0.00    0.00   clock clk (rise edge)
                          0.00    0.00   clock network delay (ideal)
                  0.00    0.00    0.00 ^ _2972_/CLK (sky130_fd_sc_hd__dfrtp_2)
     4    0.02    0.07    0.41    0.41 v _2972_/Q (sky130_fd_sc_hd__dfrtp_2)
                                         imem.address[13] (net)
                  0.07    0.00    0.41 v _1502_/A (sky130_fd_sc_hd__or4_2)
     3    0.01    0.14    0.72    1.13 v _1502_/X (sky130_fd_sc_hd__or4_2)
                                         _0382_ (net)
                  0.14    0.00    1.13 v _1506_/A_N (sky130_fd_sc_hd__and4bb_2)
     9    0.02    0.12    0.39    1.52 ^ _1506_/X (sky130_fd_sc_hd__and4bb_2)
                                         _0386_ (net)
                  0.12    0.00    1.52 ^ _1507_/B (sky130_fd_sc_hd__and2_2)
     1    0.00    0.04    0.15    1.67 ^ _1507_/X (sky130_fd_sc_hd__and2_2)
                                         _0387_ (net)
                  0.04    0.00    1.67 ^ _1508_/A (sky130_fd_sc_hd__buf_4)
     8    0.03    0.08    0.14    1.81 ^ _1508_/X (sky130_fd_sc_hd__buf_4)
                                         _0388_ (net)
                  0.08    0.00    1.81 ^ _1509_/B1 (sky130_fd_sc_hd__o21ai_2)
     4    0.01    0.08    0.07    1.88 v _1509_/Y (sky130_fd_sc_hd__o21ai_2)
                                         _0389_ (net)
                  0.08    0.00    1.88 v _1510_/A (sky130_fd_sc_hd__buf_2)
    10    0.05    0.12    0.22    2.10 v _1510_/X (sky130_fd_sc_hd__buf_2)
                                         _0390_ (net)
                  0.12    0.00    2.10 v _1511_/B (sky130_fd_sc_hd__or3b_2)
     4    0.01    0.10    0.50    2.60 v _1511_/X (sky130_fd_sc_hd__or3b_2)
                                         _0391_ (net)
                  0.10    0.00    2.60 v _1580_/D (sky130_fd_sc_hd__or4_2)
     5    0.01    0.13    0.60    3.21 v _1580_/X (sky130_fd_sc_hd__or4_2)
                                         _0428_ (net)
                  0.13    0.00    3.21 v _1619_/A (sky130_fd_sc_hd__buf_1)
    10    0.02    0.12    0.20    3.40 v _1619_/X (sky130_fd_sc_hd__buf_1)
                                         _0449_ (net)
                  0.12    0.00    3.40 v _1638_/B (sky130_fd_sc_hd__and2_2)
     1    0.00    0.03    0.21    3.61 v _1638_/X (sky130_fd_sc_hd__and2_2)
                                         _0459_ (net)
                  0.03    0.00    3.61 v _1639_/A (sky130_fd_sc_hd__buf_1)
     1    0.00    0.02    0.08    3.69 v _1639_/X (sky130_fd_sc_hd__buf_1)
                                         _0289_ (net)
                  0.02    0.00    3.69 v _3066_/D (sky130_fd_sc_hd__dfrtp_2)
                                  3.69   data arrival time

                  0.00   10.00   10.00   clock clk (rise edge)
                          0.00   10.00   clock network delay (ideal)
                          0.00   10.00   clock reconvergence pessimism
                                 10.00 ^ _3066_/CLK (sky130_fd_sc_hd__dfrtp_2)
                         -0.12    9.88   library setup time
                                  9.88   data required time
-----------------------------------------------------------------------------
                                  9.88   data required time
                                 -3.69   data arrival time
-----------------------------------------------------------------------------
                                  6.19   slack (MET)


Startpoint: _2972_ (rising edge-triggered flip-flop clocked by clk)
Endpoint: _3072_ (rising edge-triggered flip-flop clocked by clk)
Path Group: clk
Path Type: max

Fanout     Cap    Slew   Delay    Time   Description
-----------------------------------------------------------------------------
                  0.00    0.00    0.00   clock clk (rise edge)
                          0.00    0.00   clock network delay (ideal)
                  0.00    0.00    0.00 ^ _2972_/CLK (sky130_fd_sc_hd__dfrtp_2)
     4    0.02    0.07    0.41    0.41 v _2972_/Q (sky130_fd_sc_hd__dfrtp_2)
                                         imem.address[13] (net)
                  0.07    0.00    0.41 v _1502_/A (sky130_fd_sc_hd__or4_2)
     3    0.01    0.14    0.72    1.13 v _1502_/X (sky130_fd_sc_hd__or4_2)
                                         _0382_ (net)
                  0.14    0.00    1.13 v _1506_/A_N (sky130_fd_sc_hd__and4bb_2)
     9    0.02    0.12    0.39    1.52 ^ _1506_/X (sky130_fd_sc_hd__and4bb_2)
                                         _0386_ (net)
                  0.12    0.00    1.52 ^ _1507_/B (sky130_fd_sc_hd__and2_2)
     1    0.00    0.04    0.15    1.67 ^ _1507_/X (sky130_fd_sc_hd__and2_2)
                                         _0387_ (net)
                  0.04    0.00    1.67 ^ _1508_/A (sky130_fd_sc_hd__buf_4)
     8    0.03    0.08    0.14    1.81 ^ _1508_/X (sky130_fd_sc_hd__buf_4)
                                         _0388_ (net)
                  0.08    0.00    1.81 ^ _1509_/B1 (sky130_fd_sc_hd__o21ai_2)
     4    0.01    0.08    0.07    1.88 v _1509_/Y (sky130_fd_sc_hd__o21ai_2)
                                         _0389_ (net)
                  0.08    0.00    1.88 v _1510_/A (sky130_fd_sc_hd__buf_2)
    10    0.05    0.12    0.22    2.10 v _1510_/X (sky130_fd_sc_hd__buf_2)
                                         _0390_ (net)
                  0.12    0.00    2.10 v _1511_/B (sky130_fd_sc_hd__or3b_2)
     4    0.01    0.10    0.50    2.60 v _1511_/X (sky130_fd_sc_hd__or3b_2)
                                         _0391_ (net)
                  0.10    0.00    2.60 v _1580_/D (sky130_fd_sc_hd__or4_2)
     5    0.01    0.13    0.60    3.21 v _1580_/X (sky130_fd_sc_hd__or4_2)
                                         _0428_ (net)
                  0.13    0.00    3.21 v _1619_/A (sky130_fd_sc_hd__buf_1)
    10    0.02    0.12    0.20    3.40 v _1619_/X (sky130_fd_sc_hd__buf_1)
                                         _0449_ (net)
                  0.12    0.00    3.40 v _1626_/B (sky130_fd_sc_hd__and2_2)
     1    0.00    0.03    0.21    3.62 v _1626_/X (sky130_fd_sc_hd__and2_2)
                                         _0453_ (net)
                  0.03    0.00    3.62 v _1627_/A (sky130_fd_sc_hd__buf_1)
     1    0.00    0.02    0.08    3.69 v _1627_/X (sky130_fd_sc_hd__buf_1)
                                         _0295_ (net)
                  0.02    0.00    3.69 v _3072_/D (sky130_fd_sc_hd__dfrtp_2)
                                  3.69   data arrival time

                  0.00   10.00   10.00   clock clk (rise edge)
                          0.00   10.00   clock network delay (ideal)
                          0.00   10.00   clock reconvergence pessimism
                                 10.00 ^ _3072_/CLK (sky130_fd_sc_hd__dfrtp_2)
                         -0.12    9.88   library setup time
                                  9.88   data required time
-----------------------------------------------------------------------------
                                  9.88   data required time
                                 -3.69   data arrival time
-----------------------------------------------------------------------------
                                  6.19   slack (MET)


Startpoint: _2972_ (rising edge-triggered flip-flop clocked by clk)
Endpoint: _3073_ (rising edge-triggered flip-flop clocked by clk)
Path Group: clk
Path Type: max

Fanout     Cap    Slew   Delay    Time   Description
-----------------------------------------------------------------------------
                  0.00    0.00    0.00   clock clk (rise edge)
                          0.00    0.00   clock network delay (ideal)
                  0.00    0.00    0.00 ^ _2972_/CLK (sky130_fd_sc_hd__dfrtp_2)
     4    0.02    0.07    0.41    0.41 v _2972_/Q (sky130_fd_sc_hd__dfrtp_2)
                                         imem.address[13] (net)
                  0.07    0.00    0.41 v _1502_/A (sky130_fd_sc_hd__or4_2)
     3    0.01    0.14    0.72    1.13 v _1502_/X (sky130_fd_sc_hd__or4_2)
                                         _0382_ (net)
                  0.14    0.00    1.13 v _1506_/A_N (sky130_fd_sc_hd__and4bb_2)
     9    0.02    0.12    0.39    1.52 ^ _1506_/X (sky130_fd_sc_hd__and4bb_2)
                                         _0386_ (net)
                  0.12    0.00    1.52 ^ _1507_/B (sky130_fd_sc_hd__and2_2)
     1    0.00    0.04    0.15    1.67 ^ _1507_/X (sky130_fd_sc_hd__and2_2)
                                         _0387_ (net)
                  0.04    0.00    1.67 ^ _1508_/A (sky130_fd_sc_hd__buf_4)
     8    0.03    0.08    0.14    1.81 ^ _1508_/X (sky130_fd_sc_hd__buf_4)
                                         _0388_ (net)
                  0.08    0.00    1.81 ^ _1509_/B1 (sky130_fd_sc_hd__o21ai_2)
     4    0.01    0.08    0.07    1.88 v _1509_/Y (sky130_fd_sc_hd__o21ai_2)
                                         _0389_ (net)
                  0.08    0.00    1.88 v _1510_/A (sky130_fd_sc_hd__buf_2)
    10    0.05    0.12    0.22    2.10 v _1510_/X (sky130_fd_sc_hd__buf_2)
                                         _0390_ (net)
                  0.12    0.00    2.10 v _1511_/B (sky130_fd_sc_hd__or3b_2)
     4    0.01    0.10    0.50    2.60 v _1511_/X (sky130_fd_sc_hd__or3b_2)
                                         _0391_ (net)
                  0.10    0.00    2.60 v _1580_/D (sky130_fd_sc_hd__or4_2)
     5    0.01    0.13    0.60    3.21 v _1580_/X (sky130_fd_sc_hd__or4_2)
                                         _0428_ (net)
                  0.13    0.00    3.21 v _1619_/A (sky130_fd_sc_hd__buf_1)
    10    0.02    0.12    0.20    3.40 v _1619_/X (sky130_fd_sc_hd__buf_1)
                                         _0449_ (net)
                  0.12    0.00    3.40 v _1624_/B (sky130_fd_sc_hd__and2_2)
     1    0.00    0.03    0.21    3.62 v _1624_/X (sky130_fd_sc_hd__and2_2)
                                         _0452_ (net)
                  0.03    0.00    3.62 v _1625_/A (sky130_fd_sc_hd__buf_1)
     1    0.00    0.02    0.08    3.69 v _1625_/X (sky130_fd_sc_hd__buf_1)
                                         _0296_ (net)
                  0.02    0.00    3.69 v _3073_/D (sky130_fd_sc_hd__dfrtp_2)
                                  3.69   data arrival time

                  0.00   10.00   10.00   clock clk (rise edge)
                          0.00   10.00   clock network delay (ideal)
                          0.00   10.00   clock reconvergence pessimism
                                 10.00 ^ _3073_/CLK (sky130_fd_sc_hd__dfrtp_2)
                         -0.12    9.88   library setup time
                                  9.88   data required time
-----------------------------------------------------------------------------
                                  9.88   data required time
                                 -3.69   data arrival time
-----------------------------------------------------------------------------
                                  6.19   slack (MET)


Startpoint: _3135_ (rising edge-triggered flip-flop clocked by clk)
Endpoint: _3134_ (rising edge-triggered flip-flop clocked by clk)
Path Group: clk
Path Type: max

Fanout     Cap    Slew   Delay    Time   Description
-----------------------------------------------------------------------------
                  0.00    0.00    0.00   clock clk (rise edge)
                          0.00    0.00   clock network delay (ideal)
                  0.00    0.00    0.00 ^ _3135_/CLK (sky130_fd_sc_hd__dfxtp_2)
     4    0.02    0.06    0.32    0.32 v _3135_/Q (sky130_fd_sc_hd__dfxtp_2)
                                         display.counter[0] (net)
                  0.06    0.00    0.32 v _2716_/B (sky130_fd_sc_hd__and3_2)
     3    0.01    0.06    0.22    0.54 v _2716_/X (sky130_fd_sc_hd__and3_2)
                                         _1422_ (net)
                  0.06    0.00    0.54 v _2719_/B (sky130_fd_sc_hd__and2_2)
     4    0.02    0.07    0.23    0.78 v _2719_/X (sky130_fd_sc_hd__and2_2)
                                         _1424_ (net)
                  0.07    0.00    0.78 v _2723_/C (sky130_fd_sc_hd__and3_2)
     3    0.01    0.06    0.24    1.02 v _2723_/X (sky130_fd_sc_hd__and3_2)
                                         _1426_ (net)
                  0.06    0.00    1.02 v _2726_/B (sky130_fd_sc_hd__and2_2)
     4    0.02    0.07    0.23    1.25 v _2726_/X (sky130_fd_sc_hd__and2_2)
                                         _1428_ (net)
                  0.07    0.00    1.25 v _2730_/C (sky130_fd_sc_hd__and3_2)
     3    0.01    0.06    0.24    1.50 v _2730_/X (sky130_fd_sc_hd__and3_2)
                                         _1430_ (net)
                  0.06    0.00    1.50 v _2733_/B (sky130_fd_sc_hd__and2_2)
     4    0.02    0.07    0.23    1.73 v _2733_/X (sky130_fd_sc_hd__and2_2)
                                         _1432_ (net)
                  0.07    0.00    1.73 v _2737_/C (sky130_fd_sc_hd__and3_2)
     3    0.01    0.06    0.24    1.97 v _2737_/X (sky130_fd_sc_hd__and3_2)
                                         _1434_ (net)
                  0.06    0.00    1.97 v _2740_/B (sky130_fd_sc_hd__and2_2)
     4    0.02    0.07    0.23    2.20 v _2740_/X (sky130_fd_sc_hd__and2_2)
                                         _1436_ (net)
                  0.07    0.00    2.20 v _2744_/C (sky130_fd_sc_hd__and3_2)
     3    0.01    0.06    0.24    2.45 v _2744_/X (sky130_fd_sc_hd__and3_2)
                                         _1438_ (net)
                  0.06    0.00    2.45 v _2747_/B (sky130_fd_sc_hd__and2_2)
     4    0.02    0.07    0.24    2.68 v _2747_/X (sky130_fd_sc_hd__and2_2)
                                         _1440_ (net)
                  0.07    0.00    2.68 v _2751_/C (sky130_fd_sc_hd__and3_2)
     3    0.01    0.06    0.24    2.93 v _2751_/X (sky130_fd_sc_hd__and3_2)
                                         _1442_ (net)
                  0.06    0.00    2.93 v _2754_/B (sky130_fd_sc_hd__and2_2)
     4    0.01    0.06    0.22    3.15 v _2754_/X (sky130_fd_sc_hd__and2_2)
                                         _1444_ (net)
                  0.06    0.00    3.15 v _2757_/B (sky130_fd_sc_hd__nand2_2)
     5    0.02    0.12    0.13    3.28 ^ _2757_/Y (sky130_fd_sc_hd__nand2_2)
                                         _1446_ (net)
                  0.12    0.00    3.28 ^ _2957_/B (sky130_fd_sc_hd__nor2_2)
     1    0.00    0.03    0.04    3.31 v _2957_/Y (sky130_fd_sc_hd__nor2_2)
                                         _1478_ (net)
                  0.03    0.00    3.31 v _2958_/B (sky130_fd_sc_hd__or2_2)
     1    0.00    0.05    0.26    3.57 v _2958_/X (sky130_fd_sc_hd__or2_2)
                                         _1479_ (net)
                  0.05    0.00    3.57 v _2959_/B1 (sky130_fd_sc_hd__o21a_2)
     1    0.00    0.03    0.11    3.68 v _2959_/X (sky130_fd_sc_hd__o21a_2)
                                         _0357_ (net)
                  0.03    0.00    3.68 v _3134_/D (sky130_fd_sc_hd__dfxtp_2)
                                  3.68   data arrival time

                  0.00   10.00   10.00   clock clk (rise edge)
                          0.00   10.00   clock network delay (ideal)
                          0.00   10.00   clock reconvergence pessimism
                                 10.00 ^ _3134_/CLK (sky130_fd_sc_hd__dfxtp_2)
                         -0.12    9.88   library setup time
                                  9.88   data required time
-----------------------------------------------------------------------------
                                  9.88   data required time
                                 -3.68   data arrival time
-----------------------------------------------------------------------------
                                  6.21   slack (MET)


Startpoint: _2972_ (rising edge-triggered flip-flop clocked by clk)
Endpoint: _3063_ (rising edge-triggered flip-flop clocked by clk)
Path Group: clk
Path Type: max

Fanout     Cap    Slew   Delay    Time   Description
-----------------------------------------------------------------------------
                  0.00    0.00    0.00   clock clk (rise edge)
                          0.00    0.00   clock network delay (ideal)
                  0.00    0.00    0.00 ^ _2972_/CLK (sky130_fd_sc_hd__dfrtp_2)
     4    0.02    0.07    0.41    0.41 v _2972_/Q (sky130_fd_sc_hd__dfrtp_2)
                                         imem.address[13] (net)
                  0.07    0.00    0.41 v _1502_/A (sky130_fd_sc_hd__or4_2)
     3    0.01    0.14    0.72    1.13 v _1502_/X (sky130_fd_sc_hd__or4_2)
                                         _0382_ (net)
                  0.14    0.00    1.13 v _1506_/A_N (sky130_fd_sc_hd__and4bb_2)
     9    0.02    0.12    0.39    1.52 ^ _1506_/X (sky130_fd_sc_hd__and4bb_2)
                                         _0386_ (net)
                  0.12    0.00    1.52 ^ _1507_/B (sky130_fd_sc_hd__and2_2)
     1    0.00    0.04    0.15    1.67 ^ _1507_/X (sky130_fd_sc_hd__and2_2)
                                         _0387_ (net)
                  0.04    0.00    1.67 ^ _1508_/A (sky130_fd_sc_hd__buf_4)
     8    0.03    0.08    0.14    1.81 ^ _1508_/X (sky130_fd_sc_hd__buf_4)
                                         _0388_ (net)
                  0.08    0.00    1.81 ^ _1509_/B1 (sky130_fd_sc_hd__o21ai_2)
     4    0.01    0.08    0.07    1.88 v _1509_/Y (sky130_fd_sc_hd__o21ai_2)
                                         _0389_ (net)
                  0.08    0.00    1.88 v _1510_/A (sky130_fd_sc_hd__buf_2)
    10    0.05    0.12    0.22    2.10 v _1510_/X (sky130_fd_sc_hd__buf_2)
                                         _0390_ (net)
                  0.12    0.00    2.10 v _1511_/B (sky130_fd_sc_hd__or3b_2)
     4    0.01    0.10    0.50    2.60 v _1511_/X (sky130_fd_sc_hd__or3b_2)
                                         _0391_ (net)
                  0.10    0.00    2.60 v _1580_/D (sky130_fd_sc_hd__or4_2)
     5    0.01    0.13    0.60    3.21 v _1580_/X (sky130_fd_sc_hd__or4_2)
                                         _0428_ (net)
                  0.13    0.00    3.21 v _1581_/A (sky130_fd_sc_hd__buf_1)
    10    0.03    0.18    0.24    3.45 v _1581_/X (sky130_fd_sc_hd__buf_1)
                                         _0429_ (net)
                  0.18    0.00    3.45 v _1644_/B_N (sky130_fd_sc_hd__or2b_2)
     1    0.00    0.03    0.20    3.65 ^ _1644_/X (sky130_fd_sc_hd__or2b_2)
                                         _0462_ (net)
                  0.03    0.00    3.65 ^ _1645_/A (sky130_fd_sc_hd__buf_1)
     1    0.00    0.04    0.07    3.72 ^ _1645_/X (sky130_fd_sc_hd__buf_1)
                                         _0286_ (net)
                  0.04    0.00    3.72 ^ _3063_/D (sky130_fd_sc_hd__dfrtp_2)
                                  3.72   data arrival time

                  0.00   10.00   10.00   clock clk (rise edge)
                          0.00   10.00   clock network delay (ideal)
                          0.00   10.00   clock reconvergence pessimism
                                 10.00 ^ _3063_/CLK (sky130_fd_sc_hd__dfrtp_2)
                         -0.07    9.93   library setup time
                                  9.93   data required time
-----------------------------------------------------------------------------
                                  9.93   data required time
                                 -3.72   data arrival time
-----------------------------------------------------------------------------
                                  6.21   slack (MET)


Startpoint: _2972_ (rising edge-triggered flip-flop clocked by clk)
Endpoint: _3065_ (rising edge-triggered flip-flop clocked by clk)
Path Group: clk
Path Type: max

Fanout     Cap    Slew   Delay    Time   Description
-----------------------------------------------------------------------------
                  0.00    0.00    0.00   clock clk (rise edge)
                          0.00    0.00   clock network delay (ideal)
                  0.00    0.00    0.00 ^ _2972_/CLK (sky130_fd_sc_hd__dfrtp_2)
     4    0.02    0.07    0.41    0.41 v _2972_/Q (sky130_fd_sc_hd__dfrtp_2)
                                         imem.address[13] (net)
                  0.07    0.00    0.41 v _1502_/A (sky130_fd_sc_hd__or4_2)
     3    0.01    0.14    0.72    1.13 v _1502_/X (sky130_fd_sc_hd__or4_2)
                                         _0382_ (net)
                  0.14    0.00    1.13 v _1506_/A_N (sky130_fd_sc_hd__and4bb_2)
     9    0.02    0.12    0.39    1.52 ^ _1506_/X (sky130_fd_sc_hd__and4bb_2)
                                         _0386_ (net)
                  0.12    0.00    1.52 ^ _1507_/B (sky130_fd_sc_hd__and2_2)
     1    0.00    0.04    0.15    1.67 ^ _1507_/X (sky130_fd_sc_hd__and2_2)
                                         _0387_ (net)
                  0.04    0.00    1.67 ^ _1508_/A (sky130_fd_sc_hd__buf_4)
     8    0.03    0.08    0.14    1.81 ^ _1508_/X (sky130_fd_sc_hd__buf_4)
                                         _0388_ (net)
                  0.08    0.00    1.81 ^ _1509_/B1 (sky130_fd_sc_hd__o21ai_2)
     4    0.01    0.08    0.07    1.88 v _1509_/Y (sky130_fd_sc_hd__o21ai_2)
                                         _0389_ (net)
                  0.08    0.00    1.88 v _1510_/A (sky130_fd_sc_hd__buf_2)
    10    0.05    0.12    0.22    2.10 v _1510_/X (sky130_fd_sc_hd__buf_2)
                                         _0390_ (net)
                  0.12    0.00    2.10 v _1511_/B (sky130_fd_sc_hd__or3b_2)
     4    0.01    0.10    0.50    2.60 v _1511_/X (sky130_fd_sc_hd__or3b_2)
                                         _0391_ (net)
                  0.10    0.00    2.60 v _1580_/D (sky130_fd_sc_hd__or4_2)
     5    0.01    0.13    0.60    3.21 v _1580_/X (sky130_fd_sc_hd__or4_2)
                                         _0428_ (net)
                  0.13    0.00    3.21 v _1581_/A (sky130_fd_sc_hd__buf_1)
    10    0.03    0.18    0.24    3.45 v _1581_/X (sky130_fd_sc_hd__buf_1)
                                         _0429_ (net)
                  0.18    0.00    3.45 v _1640_/B_N (sky130_fd_sc_hd__or2b_2)
     1    0.00    0.03    0.20    3.65 ^ _1640_/X (sky130_fd_sc_hd__or2b_2)
                                         _0460_ (net)
                  0.03    0.00    3.65 ^ _1641_/A (sky130_fd_sc_hd__buf_1)
     1    0.00    0.04    0.07    3.72 ^ _1641_/X (sky130_fd_sc_hd__buf_1)
                                         _0288_ (net)
                  0.04    0.00    3.72 ^ _3065_/D (sky130_fd_sc_hd__dfrtp_2)
                                  3.72   data arrival time

                  0.00   10.00   10.00   clock clk (rise edge)
                          0.00   10.00   clock network delay (ideal)
                          0.00   10.00   clock reconvergence pessimism
                                 10.00 ^ _3065_/CLK (sky130_fd_sc_hd__dfrtp_2)
                         -0.07    9.93   library setup time
                                  9.93   data required time
-----------------------------------------------------------------------------
                                  9.93   data required time
                                 -3.72   data arrival time
-----------------------------------------------------------------------------
                                  6.21   slack (MET)


Startpoint: _3135_ (rising edge-triggered flip-flop clocked by clk)
Endpoint: _3154_ (rising edge-triggered flip-flop clocked by clk)
Path Group: clk
Path Type: max

Fanout     Cap    Slew   Delay    Time   Description
-----------------------------------------------------------------------------
                  0.00    0.00    0.00   clock clk (rise edge)
                          0.00    0.00   clock network delay (ideal)
                  0.00    0.00    0.00 ^ _3135_/CLK (sky130_fd_sc_hd__dfxtp_2)
     4    0.02    0.06    0.32    0.32 v _3135_/Q (sky130_fd_sc_hd__dfxtp_2)
                                         display.counter[0] (net)
                  0.06    0.00    0.32 v _2716_/B (sky130_fd_sc_hd__and3_2)
     3    0.01    0.06    0.22    0.54 v _2716_/X (sky130_fd_sc_hd__and3_2)
                                         _1422_ (net)
                  0.06    0.00    0.54 v _2719_/B (sky130_fd_sc_hd__and2_2)
     4    0.02    0.07    0.23    0.78 v _2719_/X (sky130_fd_sc_hd__and2_2)
                                         _1424_ (net)
                  0.07    0.00    0.78 v _2723_/C (sky130_fd_sc_hd__and3_2)
     3    0.01    0.06    0.24    1.02 v _2723_/X (sky130_fd_sc_hd__and3_2)
                                         _1426_ (net)
                  0.06    0.00    1.02 v _2726_/B (sky130_fd_sc_hd__and2_2)
     4    0.02    0.07    0.23    1.25 v _2726_/X (sky130_fd_sc_hd__and2_2)
                                         _1428_ (net)
                  0.07    0.00    1.25 v _2730_/C (sky130_fd_sc_hd__and3_2)
     3    0.01    0.06    0.24    1.50 v _2730_/X (sky130_fd_sc_hd__and3_2)
                                         _1430_ (net)
                  0.06    0.00    1.50 v _2733_/B (sky130_fd_sc_hd__and2_2)
     4    0.02    0.07    0.23    1.73 v _2733_/X (sky130_fd_sc_hd__and2_2)
                                         _1432_ (net)
                  0.07    0.00    1.73 v _2737_/C (sky130_fd_sc_hd__and3_2)
     3    0.01    0.06    0.24    1.97 v _2737_/X (sky130_fd_sc_hd__and3_2)
                                         _1434_ (net)
                  0.06    0.00    1.97 v _2740_/B (sky130_fd_sc_hd__and2_2)
     4    0.02    0.07    0.23    2.20 v _2740_/X (sky130_fd_sc_hd__and2_2)
                                         _1436_ (net)
                  0.07    0.00    2.20 v _2744_/C (sky130_fd_sc_hd__and3_2)
     3    0.01    0.06    0.24    2.45 v _2744_/X (sky130_fd_sc_hd__and3_2)
                                         _1438_ (net)
                  0.06    0.00    2.45 v _2747_/B (sky130_fd_sc_hd__and2_2)
     4    0.02    0.07    0.24    2.68 v _2747_/X (sky130_fd_sc_hd__and2_2)
                                         _1440_ (net)
                  0.07    0.00    2.68 v _2751_/C (sky130_fd_sc_hd__and3_2)
     3    0.01    0.06    0.24    2.93 v _2751_/X (sky130_fd_sc_hd__and3_2)
                                         _1442_ (net)
                  0.06    0.00    2.93 v _2754_/B (sky130_fd_sc_hd__and2_2)
     4    0.01    0.06    0.22    3.15 v _2754_/X (sky130_fd_sc_hd__and2_2)
                                         _1444_ (net)
                  0.06    0.00    3.15 v _2758_/B (sky130_fd_sc_hd__or2_2)
     1    0.00    0.05    0.26    3.41 v _2758_/X (sky130_fd_sc_hd__or2_2)
                                         _1447_ (net)
                  0.05    0.00    3.41 v _2759_/B (sky130_fd_sc_hd__and2_2)
     1    0.00    0.04    0.18    3.59 v _2759_/X (sky130_fd_sc_hd__and2_2)
                                         _1448_ (net)
                  0.04    0.00    3.59 v _2760_/A (sky130_fd_sc_hd__buf_1)
     1    0.00    0.02    0.08    3.67 v _2760_/X (sky130_fd_sc_hd__buf_1)
                                         _0017_ (net)
                  0.02    0.00    3.67 v _3154_/D (sky130_fd_sc_hd__dfxtp_2)
                                  3.67   data arrival time

                  0.00   10.00   10.00   clock clk (rise edge)
                          0.00   10.00   clock network delay (ideal)
                          0.00   10.00   clock reconvergence pessimism
                                 10.00 ^ _3154_/CLK (sky130_fd_sc_hd__dfxtp_2)
                         -0.11    9.89   library setup time
                                  9.89   data required time
-----------------------------------------------------------------------------
                                  9.89   data required time
                                 -3.67   data arrival time
-----------------------------------------------------------------------------
                                  6.22   slack (MET)


Startpoint: _2972_ (rising edge-triggered flip-flop clocked by clk)
Endpoint: _3112_ (rising edge-triggered flip-flop clocked by clk)
Path Group: clk
Path Type: max

Fanout     Cap    Slew   Delay    Time   Description
-----------------------------------------------------------------------------
                  0.00    0.00    0.00   clock clk (rise edge)
                          0.00    0.00   clock network delay (ideal)
                  0.00    0.00    0.00 ^ _2972_/CLK (sky130_fd_sc_hd__dfrtp_2)
     4    0.02    0.07    0.41    0.41 v _2972_/Q (sky130_fd_sc_hd__dfrtp_2)
                                         imem.address[13] (net)
                  0.07    0.00    0.41 v _1502_/A (sky130_fd_sc_hd__or4_2)
     3    0.01    0.14    0.72    1.13 v _1502_/X (sky130_fd_sc_hd__or4_2)
                                         _0382_ (net)
                  0.14    0.00    1.13 v _1506_/A_N (sky130_fd_sc_hd__and4bb_2)
     9    0.02    0.12    0.39    1.52 ^ _1506_/X (sky130_fd_sc_hd__and4bb_2)
                                         _0386_ (net)
                  0.12    0.00    1.52 ^ _1507_/B (sky130_fd_sc_hd__and2_2)
     1    0.00    0.04    0.15    1.67 ^ _1507_/X (sky130_fd_sc_hd__and2_2)
                                         _0387_ (net)
                  0.04    0.00    1.67 ^ _1508_/A (sky130_fd_sc_hd__buf_4)
     8    0.03    0.08    0.14    1.81 ^ _1508_/X (sky130_fd_sc_hd__buf_4)
                                         _0388_ (net)
                  0.08    0.00    1.81 ^ _1509_/B1 (sky130_fd_sc_hd__o21ai_2)
     4    0.01    0.08    0.07    1.88 v _1509_/Y (sky130_fd_sc_hd__o21ai_2)
                                         _0389_ (net)
                  0.08    0.00    1.88 v _1510_/A (sky130_fd_sc_hd__buf_2)
    10    0.05    0.12    0.22    2.10 v _1510_/X (sky130_fd_sc_hd__buf_2)
                                         _0390_ (net)
                  0.12    0.00    2.10 v _1511_/B (sky130_fd_sc_hd__or3b_2)
     4    0.01    0.10    0.50    2.60 v _1511_/X (sky130_fd_sc_hd__or3b_2)
                                         _0391_ (net)
                  0.10    0.00    2.60 v _1512_/C (sky130_fd_sc_hd__or3_2)
     5    0.01    0.11    0.48    3.09 v _1512_/X (sky130_fd_sc_hd__or3_2)
                                         _0392_ (net)
                  0.11    0.00    3.09 v _1532_/A (sky130_fd_sc_hd__buf_1)
    10    0.02    0.14    0.21    3.30 v _1532_/X (sky130_fd_sc_hd__buf_1)
                                         _0403_ (net)
                  0.14    0.00    3.30 v _1541_/B (sky130_fd_sc_hd__and2_2)
     1    0.00    0.04    0.22    3.52 v _1541_/X (sky130_fd_sc_hd__and2_2)
                                         _0408_ (net)
                  0.04    0.00    3.52 v _1542_/A (sky130_fd_sc_hd__buf_1)
     1    0.00    0.02    0.08    3.60 v _1542_/X (sky130_fd_sc_hd__buf_1)
                                         _0335_ (net)
                  0.02    0.00    3.60 v _3112_/D (sky130_fd_sc_hd__dfrtp_2)
                                  3.60   data arrival time

                  0.00   10.00   10.00   clock clk (rise edge)
                          0.00   10.00   clock network delay (ideal)
                          0.00   10.00   clock reconvergence pessimism
                                 10.00 ^ _3112_/CLK (sky130_fd_sc_hd__dfrtp_2)
                         -0.12    9.88   library setup time
                                  9.88   data required time
-----------------------------------------------------------------------------
                                  9.88   data required time
                                 -3.60   data arrival time
-----------------------------------------------------------------------------
                                  6.28   slack (MET)


Startpoint: _2972_ (rising edge-triggered flip-flop clocked by clk)
Endpoint: _3113_ (rising edge-triggered flip-flop clocked by clk)
Path Group: clk
Path Type: max

Fanout     Cap    Slew   Delay    Time   Description
-----------------------------------------------------------------------------
                  0.00    0.00    0.00   clock clk (rise edge)
                          0.00    0.00   clock network delay (ideal)
                  0.00    0.00    0.00 ^ _2972_/CLK (sky130_fd_sc_hd__dfrtp_2)
     4    0.02    0.07    0.41    0.41 v _2972_/Q (sky130_fd_sc_hd__dfrtp_2)
                                         imem.address[13] (net)
                  0.07    0.00    0.41 v _1502_/A (sky130_fd_sc_hd__or4_2)
     3    0.01    0.14    0.72    1.13 v _1502_/X (sky130_fd_sc_hd__or4_2)
                                         _0382_ (net)
                  0.14    0.00    1.13 v _1506_/A_N (sky130_fd_sc_hd__and4bb_2)
     9    0.02    0.12    0.39    1.52 ^ _1506_/X (sky130_fd_sc_hd__and4bb_2)
                                         _0386_ (net)
                  0.12    0.00    1.52 ^ _1507_/B (sky130_fd_sc_hd__and2_2)
     1    0.00    0.04    0.15    1.67 ^ _1507_/X (sky130_fd_sc_hd__and2_2)
                                         _0387_ (net)
                  0.04    0.00    1.67 ^ _1508_/A (sky130_fd_sc_hd__buf_4)
     8    0.03    0.08    0.14    1.81 ^ _1508_/X (sky130_fd_sc_hd__buf_4)
                                         _0388_ (net)
                  0.08    0.00    1.81 ^ _1509_/B1 (sky130_fd_sc_hd__o21ai_2)
     4    0.01    0.08    0.07    1.88 v _1509_/Y (sky130_fd_sc_hd__o21ai_2)
                                         _0389_ (net)
                  0.08    0.00    1.88 v _1510_/A (sky130_fd_sc_hd__buf_2)
    10    0.05    0.12    0.22    2.10 v _1510_/X (sky130_fd_sc_hd__buf_2)
                                         _0390_ (net)
                  0.12    0.00    2.10 v _1511_/B (sky130_fd_sc_hd__or3b_2)
     4    0.01    0.10    0.50    2.60 v _1511_/X (sky130_fd_sc_hd__or3b_2)
                                         _0391_ (net)
                  0.10    0.00    2.60 v _1512_/C (sky130_fd_sc_hd__or3_2)
     5    0.01    0.11    0.48    3.09 v _1512_/X (sky130_fd_sc_hd__or3_2)
                                         _0392_ (net)
                  0.11    0.00    3.09 v _1532_/A (sky130_fd_sc_hd__buf_1)
    10    0.02    0.14    0.21    3.30 v _1532_/X (sky130_fd_sc_hd__buf_1)
                                         _0403_ (net)
                  0.14    0.00    3.30 v _1539_/B (sky130_fd_sc_hd__and2_2)
     1    0.00    0.04    0.22    3.52 v _1539_/X (sky130_fd_sc_hd__and2_2)
                                         _0407_ (net)
                  0.04    0.00    3.52 v _1540_/A (sky130_fd_sc_hd__buf_1)
     1    0.00    0.02    0.08    3.60 v _1540_/X (sky130_fd_sc_hd__buf_1)
                                         _0336_ (net)
                  0.02    0.00    3.60 v _3113_/D (sky130_fd_sc_hd__dfrtp_2)
                                  3.60   data arrival time

                  0.00   10.00   10.00   clock clk (rise edge)
                          0.00   10.00   clock network delay (ideal)
                          0.00   10.00   clock reconvergence pessimism
                                 10.00 ^ _3113_/CLK (sky130_fd_sc_hd__dfrtp_2)
                         -0.12    9.88   library setup time
                                  9.88   data required time
-----------------------------------------------------------------------------
                                  9.88   data required time
                                 -3.60   data arrival time
-----------------------------------------------------------------------------
                                  6.28   slack (MET)


Startpoint: _2972_ (rising edge-triggered flip-flop clocked by clk)
Endpoint: _3109_ (rising edge-triggered flip-flop clocked by clk)
Path Group: clk
Path Type: max

Fanout     Cap    Slew   Delay    Time   Description
-----------------------------------------------------------------------------
                  0.00    0.00    0.00   clock clk (rise edge)
                          0.00    0.00   clock network delay (ideal)
                  0.00    0.00    0.00 ^ _2972_/CLK (sky130_fd_sc_hd__dfrtp_2)
     4    0.02    0.07    0.41    0.41 v _2972_/Q (sky130_fd_sc_hd__dfrtp_2)
                                         imem.address[13] (net)
                  0.07    0.00    0.41 v _1502_/A (sky130_fd_sc_hd__or4_2)
     3    0.01    0.14    0.72    1.13 v _1502_/X (sky130_fd_sc_hd__or4_2)
                                         _0382_ (net)
                  0.14    0.00    1.13 v _1506_/A_N (sky130_fd_sc_hd__and4bb_2)
     9    0.02    0.12    0.39    1.52 ^ _1506_/X (sky130_fd_sc_hd__and4bb_2)
                                         _0386_ (net)
                  0.12    0.00    1.52 ^ _1507_/B (sky130_fd_sc_hd__and2_2)
     1    0.00    0.04    0.15    1.67 ^ _1507_/X (sky130_fd_sc_hd__and2_2)
                                         _0387_ (net)
                  0.04    0.00    1.67 ^ _1508_/A (sky130_fd_sc_hd__buf_4)
     8    0.03    0.08    0.14    1.81 ^ _1508_/X (sky130_fd_sc_hd__buf_4)
                                         _0388_ (net)
                  0.08    0.00    1.81 ^ _1509_/B1 (sky130_fd_sc_hd__o21ai_2)
     4    0.01    0.08    0.07    1.88 v _1509_/Y (sky130_fd_sc_hd__o21ai_2)
                                         _0389_ (net)
                  0.08    0.00    1.88 v _1510_/A (sky130_fd_sc_hd__buf_2)
    10    0.05    0.12    0.22    2.10 v _1510_/X (sky130_fd_sc_hd__buf_2)
                                         _0390_ (net)
                  0.12    0.00    2.10 v _1511_/B (sky130_fd_sc_hd__or3b_2)
     4    0.01    0.10    0.50    2.60 v _1511_/X (sky130_fd_sc_hd__or3b_2)
                                         _0391_ (net)
                  0.10    0.00    2.60 v _1512_/C (sky130_fd_sc_hd__or3_2)
     5    0.01    0.11    0.48    3.09 v _1512_/X (sky130_fd_sc_hd__or3_2)
                                         _0392_ (net)
                  0.11    0.00    3.09 v _1532_/A (sky130_fd_sc_hd__buf_1)
    10    0.02    0.14    0.21    3.30 v _1532_/X (sky130_fd_sc_hd__buf_1)
                                         _0403_ (net)
                  0.14    0.00    3.30 v _1547_/B (sky130_fd_sc_hd__and2_2)
     1    0.00    0.04    0.22    3.52 v _1547_/X (sky130_fd_sc_hd__and2_2)
                                         _0411_ (net)
                  0.04    0.00    3.52 v _1548_/A (sky130_fd_sc_hd__buf_1)
     1    0.00    0.02    0.08    3.60 v _1548_/X (sky130_fd_sc_hd__buf_1)
                                         _0332_ (net)
                  0.02    0.00    3.60 v _3109_/D (sky130_fd_sc_hd__dfrtp_2)
                                  3.60   data arrival time

                  0.00   10.00   10.00   clock clk (rise edge)
                          0.00   10.00   clock network delay (ideal)
                          0.00   10.00   clock reconvergence pessimism
                                 10.00 ^ _3109_/CLK (sky130_fd_sc_hd__dfrtp_2)
                         -0.12    9.88   library setup time
                                  9.88   data required time
-----------------------------------------------------------------------------
                                  9.88   data required time
                                 -3.60   data arrival time
-----------------------------------------------------------------------------
                                  6.28   slack (MET)


Startpoint: _2972_ (rising edge-triggered flip-flop clocked by clk)
Endpoint: _3111_ (rising edge-triggered flip-flop clocked by clk)
Path Group: clk
Path Type: max

Fanout     Cap    Slew   Delay    Time   Description
-----------------------------------------------------------------------------
                  0.00    0.00    0.00   clock clk (rise edge)
                          0.00    0.00   clock network delay (ideal)
                  0.00    0.00    0.00 ^ _2972_/CLK (sky130_fd_sc_hd__dfrtp_2)
     4    0.02    0.07    0.41    0.41 v _2972_/Q (sky130_fd_sc_hd__dfrtp_2)
                                         imem.address[13] (net)
                  0.07    0.00    0.41 v _1502_/A (sky130_fd_sc_hd__or4_2)
     3    0.01    0.14    0.72    1.13 v _1502_/X (sky130_fd_sc_hd__or4_2)
                                         _0382_ (net)
                  0.14    0.00    1.13 v _1506_/A_N (sky130_fd_sc_hd__and4bb_2)
     9    0.02    0.12    0.39    1.52 ^ _1506_/X (sky130_fd_sc_hd__and4bb_2)
                                         _0386_ (net)
                  0.12    0.00    1.52 ^ _1507_/B (sky130_fd_sc_hd__and2_2)
     1    0.00    0.04    0.15    1.67 ^ _1507_/X (sky130_fd_sc_hd__and2_2)
                                         _0387_ (net)
                  0.04    0.00    1.67 ^ _1508_/A (sky130_fd_sc_hd__buf_4)
     8    0.03    0.08    0.14    1.81 ^ _1508_/X (sky130_fd_sc_hd__buf_4)
                                         _0388_ (net)
                  0.08    0.00    1.81 ^ _1509_/B1 (sky130_fd_sc_hd__o21ai_2)
     4    0.01    0.08    0.07    1.88 v _1509_/Y (sky130_fd_sc_hd__o21ai_2)
                                         _0389_ (net)
                  0.08    0.00    1.88 v _1510_/A (sky130_fd_sc_hd__buf_2)
    10    0.05    0.12    0.22    2.10 v _1510_/X (sky130_fd_sc_hd__buf_2)
                                         _0390_ (net)
                  0.12    0.00    2.10 v _1511_/B (sky130_fd_sc_hd__or3b_2)
     4    0.01    0.10    0.50    2.60 v _1511_/X (sky130_fd_sc_hd__or3b_2)
                                         _0391_ (net)
                  0.10    0.00    2.60 v _1512_/C (sky130_fd_sc_hd__or3_2)
     5    0.01    0.11    0.48    3.09 v _1512_/X (sky130_fd_sc_hd__or3_2)
                                         _0392_ (net)
                  0.11    0.00    3.09 v _1532_/A (sky130_fd_sc_hd__buf_1)
    10    0.02    0.14    0.21    3.30 v _1532_/X (sky130_fd_sc_hd__buf_1)
                                         _0403_ (net)
                  0.14    0.00    3.30 v _1543_/B (sky130_fd_sc_hd__and2_2)
     1    0.00    0.04    0.22    3.52 v _1543_/X (sky130_fd_sc_hd__and2_2)
                                         _0409_ (net)
                  0.04    0.00    3.52 v _1544_/A (sky130_fd_sc_hd__buf_1)
     1    0.00    0.02    0.08    3.60 v _1544_/X (sky130_fd_sc_hd__buf_1)
                                         _0334_ (net)
                  0.02    0.00    3.60 v _3111_/D (sky130_fd_sc_hd__dfrtp_2)
                                  3.60   data arrival time

                  0.00   10.00   10.00   clock clk (rise edge)
                          0.00   10.00   clock network delay (ideal)
                          0.00   10.00   clock reconvergence pessimism
                                 10.00 ^ _3111_/CLK (sky130_fd_sc_hd__dfrtp_2)
                         -0.12    9.88   library setup time
                                  9.88   data required time
-----------------------------------------------------------------------------
                                  9.88   data required time
                                 -3.60   data arrival time
-----------------------------------------------------------------------------
                                  6.28   slack (MET)


Startpoint: _2972_ (rising edge-triggered flip-flop clocked by clk)
Endpoint: _3115_ (rising edge-triggered flip-flop clocked by clk)
Path Group: clk
Path Type: max

Fanout     Cap    Slew   Delay    Time   Description
-----------------------------------------------------------------------------
                  0.00    0.00    0.00   clock clk (rise edge)
                          0.00    0.00   clock network delay (ideal)
                  0.00    0.00    0.00 ^ _2972_/CLK (sky130_fd_sc_hd__dfrtp_2)
     4    0.02    0.07    0.41    0.41 v _2972_/Q (sky130_fd_sc_hd__dfrtp_2)
                                         imem.address[13] (net)
                  0.07    0.00    0.41 v _1502_/A (sky130_fd_sc_hd__or4_2)
     3    0.01    0.14    0.72    1.13 v _1502_/X (sky130_fd_sc_hd__or4_2)
                                         _0382_ (net)
                  0.14    0.00    1.13 v _1506_/A_N (sky130_fd_sc_hd__and4bb_2)
     9    0.02    0.12    0.39    1.52 ^ _1506_/X (sky130_fd_sc_hd__and4bb_2)
                                         _0386_ (net)
                  0.12    0.00    1.52 ^ _1507_/B (sky130_fd_sc_hd__and2_2)
     1    0.00    0.04    0.15    1.67 ^ _1507_/X (sky130_fd_sc_hd__and2_2)
                                         _0387_ (net)
                  0.04    0.00    1.67 ^ _1508_/A (sky130_fd_sc_hd__buf_4)
     8    0.03    0.08    0.14    1.81 ^ _1508_/X (sky130_fd_sc_hd__buf_4)
                                         _0388_ (net)
                  0.08    0.00    1.81 ^ _1509_/B1 (sky130_fd_sc_hd__o21ai_2)
     4    0.01    0.08    0.07    1.88 v _1509_/Y (sky130_fd_sc_hd__o21ai_2)
                                         _0389_ (net)
                  0.08    0.00    1.88 v _1510_/A (sky130_fd_sc_hd__buf_2)
    10    0.05    0.12    0.22    2.10 v _1510_/X (sky130_fd_sc_hd__buf_2)
                                         _0390_ (net)
                  0.12    0.00    2.10 v _1511_/B (sky130_fd_sc_hd__or3b_2)
     4    0.01    0.10    0.50    2.60 v _1511_/X (sky130_fd_sc_hd__or3b_2)
                                         _0391_ (net)
                  0.10    0.00    2.60 v _1512_/C (sky130_fd_sc_hd__or3_2)
     5    0.01    0.11    0.48    3.09 v _1512_/X (sky130_fd_sc_hd__or3_2)
                                         _0392_ (net)
                  0.11    0.00    3.09 v _1532_/A (sky130_fd_sc_hd__buf_1)
    10    0.02    0.14    0.21    3.30 v _1532_/X (sky130_fd_sc_hd__buf_1)
                                         _0403_ (net)
                  0.14    0.00    3.30 v _1535_/B (sky130_fd_sc_hd__and2_2)
     1    0.00    0.04    0.22    3.52 v _1535_/X (sky130_fd_sc_hd__and2_2)
                                         _0405_ (net)
                  0.04    0.00    3.52 v _1536_/A (sky130_fd_sc_hd__buf_1)
     1    0.00    0.02    0.08    3.60 v _1536_/X (sky130_fd_sc_hd__buf_1)
                                         _0338_ (net)
                  0.02    0.00    3.60 v _3115_/D (sky130_fd_sc_hd__dfrtp_2)
                                  3.60   data arrival time

                  0.00   10.00   10.00   clock clk (rise edge)
                          0.00   10.00   clock network delay (ideal)
                          0.00   10.00   clock reconvergence pessimism
                                 10.00 ^ _3115_/CLK (sky130_fd_sc_hd__dfrtp_2)
                         -0.12    9.88   library setup time
                                  9.88   data required time
-----------------------------------------------------------------------------
                                  9.88   data required time
                                 -3.60   data arrival time
-----------------------------------------------------------------------------
                                  6.29   slack (MET)


Startpoint: _2972_ (rising edge-triggered flip-flop clocked by clk)
Endpoint: _3107_ (rising edge-triggered flip-flop clocked by clk)
Path Group: clk
Path Type: max

Fanout     Cap    Slew   Delay    Time   Description
-----------------------------------------------------------------------------
                  0.00    0.00    0.00   clock clk (rise edge)
                          0.00    0.00   clock network delay (ideal)
                  0.00    0.00    0.00 ^ _2972_/CLK (sky130_fd_sc_hd__dfrtp_2)
     4    0.02    0.07    0.41    0.41 v _2972_/Q (sky130_fd_sc_hd__dfrtp_2)
                                         imem.address[13] (net)
                  0.07    0.00    0.41 v _1502_/A (sky130_fd_sc_hd__or4_2)
     3    0.01    0.14    0.72    1.13 v _1502_/X (sky130_fd_sc_hd__or4_2)
                                         _0382_ (net)
                  0.14    0.00    1.13 v _1506_/A_N (sky130_fd_sc_hd__and4bb_2)
     9    0.02    0.12    0.39    1.52 ^ _1506_/X (sky130_fd_sc_hd__and4bb_2)
                                         _0386_ (net)
                  0.12    0.00    1.52 ^ _1507_/B (sky130_fd_sc_hd__and2_2)
     1    0.00    0.04    0.15    1.67 ^ _1507_/X (sky130_fd_sc_hd__and2_2)
                                         _0387_ (net)
                  0.04    0.00    1.67 ^ _1508_/A (sky130_fd_sc_hd__buf_4)
     8    0.03    0.08    0.14    1.81 ^ _1508_/X (sky130_fd_sc_hd__buf_4)
                                         _0388_ (net)
                  0.08    0.00    1.81 ^ _1509_/B1 (sky130_fd_sc_hd__o21ai_2)
     4    0.01    0.08    0.07    1.88 v _1509_/Y (sky130_fd_sc_hd__o21ai_2)
                                         _0389_ (net)
                  0.08    0.00    1.88 v _1510_/A (sky130_fd_sc_hd__buf_2)
    10    0.05    0.12    0.22    2.10 v _1510_/X (sky130_fd_sc_hd__buf_2)
                                         _0390_ (net)
                  0.12    0.00    2.10 v _1511_/B (sky130_fd_sc_hd__or3b_2)
     4    0.01    0.10    0.50    2.60 v _1511_/X (sky130_fd_sc_hd__or3b_2)
                                         _0391_ (net)
                  0.10    0.00    2.60 v _1512_/C (sky130_fd_sc_hd__or3_2)
     5    0.01    0.11    0.48    3.09 v _1512_/X (sky130_fd_sc_hd__or3_2)
                                         _0392_ (net)
                  0.11    0.00    3.09 v _1532_/A (sky130_fd_sc_hd__buf_1)
    10    0.02    0.14    0.21    3.30 v _1532_/X (sky130_fd_sc_hd__buf_1)
                                         _0403_ (net)
                  0.14    0.00    3.30 v _1551_/B (sky130_fd_sc_hd__and2_2)
     1    0.00    0.04    0.22    3.52 v _1551_/X (sky130_fd_sc_hd__and2_2)
                                         _0413_ (net)
                  0.04    0.00    3.52 v _1552_/A (sky130_fd_sc_hd__buf_1)
     1    0.00    0.02    0.08    3.60 v _1552_/X (sky130_fd_sc_hd__buf_1)
                                         _0330_ (net)
                  0.02    0.00    3.60 v _3107_/D (sky130_fd_sc_hd__dfrtp_2)
                                  3.60   data arrival time

                  0.00   10.00   10.00   clock clk (rise edge)
                          0.00   10.00   clock network delay (ideal)
                          0.00   10.00   clock reconvergence pessimism
                                 10.00 ^ _3107_/CLK (sky130_fd_sc_hd__dfrtp_2)
                         -0.12    9.88   library setup time
                                  9.88   data required time
-----------------------------------------------------------------------------
                                  9.88   data required time
                                 -3.60   data arrival time
-----------------------------------------------------------------------------
                                  6.29   slack (MET)


Startpoint: _2972_ (rising edge-triggered flip-flop clocked by clk)
Endpoint: _3110_ (rising edge-triggered flip-flop clocked by clk)
Path Group: clk
Path Type: max

Fanout     Cap    Slew   Delay    Time   Description
-----------------------------------------------------------------------------
                  0.00    0.00    0.00   clock clk (rise edge)
                          0.00    0.00   clock network delay (ideal)
                  0.00    0.00    0.00 ^ _2972_/CLK (sky130_fd_sc_hd__dfrtp_2)
     4    0.02    0.07    0.41    0.41 v _2972_/Q (sky130_fd_sc_hd__dfrtp_2)
                                         imem.address[13] (net)
                  0.07    0.00    0.41 v _1502_/A (sky130_fd_sc_hd__or4_2)
     3    0.01    0.14    0.72    1.13 v _1502_/X (sky130_fd_sc_hd__or4_2)
                                         _0382_ (net)
                  0.14    0.00    1.13 v _1506_/A_N (sky130_fd_sc_hd__and4bb_2)
     9    0.02    0.12    0.39    1.52 ^ _1506_/X (sky130_fd_sc_hd__and4bb_2)
                                         _0386_ (net)
                  0.12    0.00    1.52 ^ _1507_/B (sky130_fd_sc_hd__and2_2)
     1    0.00    0.04    0.15    1.67 ^ _1507_/X (sky130_fd_sc_hd__and2_2)
                                         _0387_ (net)
                  0.04    0.00    1.67 ^ _1508_/A (sky130_fd_sc_hd__buf_4)
     8    0.03    0.08    0.14    1.81 ^ _1508_/X (sky130_fd_sc_hd__buf_4)
                                         _0388_ (net)
                  0.08    0.00    1.81 ^ _1509_/B1 (sky130_fd_sc_hd__o21ai_2)
     4    0.01    0.08    0.07    1.88 v _1509_/Y (sky130_fd_sc_hd__o21ai_2)
                                         _0389_ (net)
                  0.08    0.00    1.88 v _1510_/A (sky130_fd_sc_hd__buf_2)
    10    0.05    0.12    0.22    2.10 v _1510_/X (sky130_fd_sc_hd__buf_2)
                                         _0390_ (net)
                  0.12    0.00    2.10 v _1511_/B (sky130_fd_sc_hd__or3b_2)
     4    0.01    0.10    0.50    2.60 v _1511_/X (sky130_fd_sc_hd__or3b_2)
                                         _0391_ (net)
                  0.10    0.00    2.60 v _1512_/C (sky130_fd_sc_hd__or3_2)
     5    0.01    0.11    0.48    3.09 v _1512_/X (sky130_fd_sc_hd__or3_2)
                                         _0392_ (net)
                  0.11    0.00    3.09 v _1532_/A (sky130_fd_sc_hd__buf_1)
    10    0.02    0.14    0.21    3.30 v _1532_/X (sky130_fd_sc_hd__buf_1)
                                         _0403_ (net)
                  0.14    0.00    3.30 v _1545_/B (sky130_fd_sc_hd__and2_2)
     1    0.00    0.04    0.22    3.52 v _1545_/X (sky130_fd_sc_hd__and2_2)
                                         _0410_ (net)
                  0.04    0.00    3.52 v _1546_/A (sky130_fd_sc_hd__buf_1)
     1    0.00    0.02    0.08    3.60 v _1546_/X (sky130_fd_sc_hd__buf_1)
                                         _0333_ (net)
                  0.02    0.00    3.60 v _3110_/D (sky130_fd_sc_hd__dfrtp_2)
                                  3.60   data arrival time

                  0.00   10.00   10.00   clock clk (rise edge)
                          0.00   10.00   clock network delay (ideal)
                          0.00   10.00   clock reconvergence pessimism
                                 10.00 ^ _3110_/CLK (sky130_fd_sc_hd__dfrtp_2)
                         -0.12    9.88   library setup time
                                  9.88   data required time
-----------------------------------------------------------------------------
                                  9.88   data required time
                                 -3.60   data arrival time
-----------------------------------------------------------------------------
                                  6.29   slack (MET)


Startpoint: _2972_ (rising edge-triggered flip-flop clocked by clk)
Endpoint: _3108_ (rising edge-triggered flip-flop clocked by clk)
Path Group: clk
Path Type: max

Fanout     Cap    Slew   Delay    Time   Description
-----------------------------------------------------------------------------
                  0.00    0.00    0.00   clock clk (rise edge)
                          0.00    0.00   clock network delay (ideal)
                  0.00    0.00    0.00 ^ _2972_/CLK (sky130_fd_sc_hd__dfrtp_2)
     4    0.02    0.07    0.41    0.41 v _2972_/Q (sky130_fd_sc_hd__dfrtp_2)
                                         imem.address[13] (net)
                  0.07    0.00    0.41 v _1502_/A (sky130_fd_sc_hd__or4_2)
     3    0.01    0.14    0.72    1.13 v _1502_/X (sky130_fd_sc_hd__or4_2)
                                         _0382_ (net)
                  0.14    0.00    1.13 v _1506_/A_N (sky130_fd_sc_hd__and4bb_2)
     9    0.02    0.12    0.39    1.52 ^ _1506_/X (sky130_fd_sc_hd__and4bb_2)
                                         _0386_ (net)
                  0.12    0.00    1.52 ^ _1507_/B (sky130_fd_sc_hd__and2_2)
     1    0.00    0.04    0.15    1.67 ^ _1507_/X (sky130_fd_sc_hd__and2_2)
                                         _0387_ (net)
                  0.04    0.00    1.67 ^ _1508_/A (sky130_fd_sc_hd__buf_4)
     8    0.03    0.08    0.14    1.81 ^ _1508_/X (sky130_fd_sc_hd__buf_4)
                                         _0388_ (net)
                  0.08    0.00    1.81 ^ _1509_/B1 (sky130_fd_sc_hd__o21ai_2)
     4    0.01    0.08    0.07    1.88 v _1509_/Y (sky130_fd_sc_hd__o21ai_2)
                                         _0389_ (net)
                  0.08    0.00    1.88 v _1510_/A (sky130_fd_sc_hd__buf_2)
    10    0.05    0.12    0.22    2.10 v _1510_/X (sky130_fd_sc_hd__buf_2)
                                         _0390_ (net)
                  0.12    0.00    2.10 v _1511_/B (sky130_fd_sc_hd__or3b_2)
     4    0.01    0.10    0.50    2.60 v _1511_/X (sky130_fd_sc_hd__or3b_2)
                                         _0391_ (net)
                  0.10    0.00    2.60 v _1512_/C (sky130_fd_sc_hd__or3_2)
     5    0.01    0.11    0.48    3.09 v _1512_/X (sky130_fd_sc_hd__or3_2)
                                         _0392_ (net)
                  0.11    0.00    3.09 v _1532_/A (sky130_fd_sc_hd__buf_1)
    10    0.02    0.14    0.21    3.30 v _1532_/X (sky130_fd_sc_hd__buf_1)
                                         _0403_ (net)
                  0.14    0.00    3.30 v _1549_/B (sky130_fd_sc_hd__and2_2)
     1    0.00    0.04    0.22    3.52 v _1549_/X (sky130_fd_sc_hd__and2_2)
                                         _0412_ (net)
                  0.04    0.00    3.52 v _1550_/A (sky130_fd_sc_hd__buf_1)
     1    0.00    0.02    0.08    3.60 v _1550_/X (sky130_fd_sc_hd__buf_1)
                                         _0331_ (net)
                  0.02    0.00    3.60 v _3108_/D (sky130_fd_sc_hd__dfrtp_2)
                                  3.60   data arrival time

                  0.00   10.00   10.00   clock clk (rise edge)
                          0.00   10.00   clock network delay (ideal)
                          0.00   10.00   clock reconvergence pessimism
                                 10.00 ^ _3108_/CLK (sky130_fd_sc_hd__dfrtp_2)
                         -0.12    9.88   library setup time
                                  9.88   data required time
-----------------------------------------------------------------------------
                                  9.88   data required time
                                 -3.60   data arrival time
-----------------------------------------------------------------------------
                                  6.29   slack (MET)


Startpoint: _2972_ (rising edge-triggered flip-flop clocked by clk)
Endpoint: _3116_ (rising edge-triggered flip-flop clocked by clk)
Path Group: clk
Path Type: max

Fanout     Cap    Slew   Delay    Time   Description
-----------------------------------------------------------------------------
                  0.00    0.00    0.00   clock clk (rise edge)
                          0.00    0.00   clock network delay (ideal)
                  0.00    0.00    0.00 ^ _2972_/CLK (sky130_fd_sc_hd__dfrtp_2)
     4    0.02    0.07    0.41    0.41 v _2972_/Q (sky130_fd_sc_hd__dfrtp_2)
                                         imem.address[13] (net)
                  0.07    0.00    0.41 v _1502_/A (sky130_fd_sc_hd__or4_2)
     3    0.01    0.14    0.72    1.13 v _1502_/X (sky130_fd_sc_hd__or4_2)
                                         _0382_ (net)
                  0.14    0.00    1.13 v _1506_/A_N (sky130_fd_sc_hd__and4bb_2)
     9    0.02    0.12    0.39    1.52 ^ _1506_/X (sky130_fd_sc_hd__and4bb_2)
                                         _0386_ (net)
                  0.12    0.00    1.52 ^ _1507_/B (sky130_fd_sc_hd__and2_2)
     1    0.00    0.04    0.15    1.67 ^ _1507_/X (sky130_fd_sc_hd__and2_2)
                                         _0387_ (net)
                  0.04    0.00    1.67 ^ _1508_/A (sky130_fd_sc_hd__buf_4)
     8    0.03    0.08    0.14    1.81 ^ _1508_/X (sky130_fd_sc_hd__buf_4)
                                         _0388_ (net)
                  0.08    0.00    1.81 ^ _1509_/B1 (sky130_fd_sc_hd__o21ai_2)
     4    0.01    0.08    0.07    1.88 v _1509_/Y (sky130_fd_sc_hd__o21ai_2)
                                         _0389_ (net)
                  0.08    0.00    1.88 v _1510_/A (sky130_fd_sc_hd__buf_2)
    10    0.05    0.12    0.22    2.10 v _1510_/X (sky130_fd_sc_hd__buf_2)
                                         _0390_ (net)
                  0.12    0.00    2.10 v _1511_/B (sky130_fd_sc_hd__or3b_2)
     4    0.01    0.10    0.50    2.60 v _1511_/X (sky130_fd_sc_hd__or3b_2)
                                         _0391_ (net)
                  0.10    0.00    2.60 v _1512_/C (sky130_fd_sc_hd__or3_2)
     5    0.01    0.11    0.48    3.09 v _1512_/X (sky130_fd_sc_hd__or3_2)
                                         _0392_ (net)
                  0.11    0.00    3.09 v _1532_/A (sky130_fd_sc_hd__buf_1)
    10    0.02    0.14    0.21    3.30 v _1532_/X (sky130_fd_sc_hd__buf_1)
                                         _0403_ (net)
                  0.14    0.00    3.30 v _1533_/B (sky130_fd_sc_hd__and2_2)
     1    0.00    0.04    0.22    3.52 v _1533_/X (sky130_fd_sc_hd__and2_2)
                                         _0404_ (net)
                  0.04    0.00    3.52 v _1534_/A (sky130_fd_sc_hd__buf_1)
     1    0.00    0.02    0.08    3.60 v _1534_/X (sky130_fd_sc_hd__buf_1)
                                         _0339_ (net)
                  0.02    0.00    3.60 v _3116_/D (sky130_fd_sc_hd__dfrtp_2)
                                  3.60   data arrival time

                  0.00   10.00   10.00   clock clk (rise edge)
                          0.00   10.00   clock network delay (ideal)
                          0.00   10.00   clock reconvergence pessimism
                                 10.00 ^ _3116_/CLK (sky130_fd_sc_hd__dfrtp_2)
                         -0.12    9.88   library setup time
                                  9.88   data required time
-----------------------------------------------------------------------------
                                  9.88   data required time
                                 -3.60   data arrival time
-----------------------------------------------------------------------------
                                  6.29   slack (MET)


Startpoint: _2972_ (rising edge-triggered flip-flop clocked by clk)
Endpoint: _3114_ (rising edge-triggered flip-flop clocked by clk)
Path Group: clk
Path Type: max

Fanout     Cap    Slew   Delay    Time   Description
-----------------------------------------------------------------------------
                  0.00    0.00    0.00   clock clk (rise edge)
                          0.00    0.00   clock network delay (ideal)
                  0.00    0.00    0.00 ^ _2972_/CLK (sky130_fd_sc_hd__dfrtp_2)
     4    0.02    0.07    0.41    0.41 v _2972_/Q (sky130_fd_sc_hd__dfrtp_2)
                                         imem.address[13] (net)
                  0.07    0.00    0.41 v _1502_/A (sky130_fd_sc_hd__or4_2)
     3    0.01    0.14    0.72    1.13 v _1502_/X (sky130_fd_sc_hd__or4_2)
                                         _0382_ (net)
                  0.14    0.00    1.13 v _1506_/A_N (sky130_fd_sc_hd__and4bb_2)
     9    0.02    0.12    0.39    1.52 ^ _1506_/X (sky130_fd_sc_hd__and4bb_2)
                                         _0386_ (net)
                  0.12    0.00    1.52 ^ _1507_/B (sky130_fd_sc_hd__and2_2)
     1    0.00    0.04    0.15    1.67 ^ _1507_/X (sky130_fd_sc_hd__and2_2)
                                         _0387_ (net)
                  0.04    0.00    1.67 ^ _1508_/A (sky130_fd_sc_hd__buf_4)
     8    0.03    0.08    0.14    1.81 ^ _1508_/X (sky130_fd_sc_hd__buf_4)
                                         _0388_ (net)
                  0.08    0.00    1.81 ^ _1509_/B1 (sky130_fd_sc_hd__o21ai_2)
     4    0.01    0.08    0.07    1.88 v _1509_/Y (sky130_fd_sc_hd__o21ai_2)
                                         _0389_ (net)
                  0.08    0.00    1.88 v _1510_/A (sky130_fd_sc_hd__buf_2)
    10    0.05    0.12    0.22    2.10 v _1510_/X (sky130_fd_sc_hd__buf_2)
                                         _0390_ (net)
                  0.12    0.00    2.10 v _1511_/B (sky130_fd_sc_hd__or3b_2)
     4    0.01    0.10    0.50    2.60 v _1511_/X (sky130_fd_sc_hd__or3b_2)
                                         _0391_ (net)
                  0.10    0.00    2.60 v _1512_/C (sky130_fd_sc_hd__or3_2)
     5    0.01    0.11    0.48    3.09 v _1512_/X (sky130_fd_sc_hd__or3_2)
                                         _0392_ (net)
                  0.11    0.00    3.09 v _1532_/A (sky130_fd_sc_hd__buf_1)
    10    0.02    0.14    0.21    3.30 v _1532_/X (sky130_fd_sc_hd__buf_1)
                                         _0403_ (net)
                  0.14    0.00    3.30 v _1537_/B (sky130_fd_sc_hd__and2_2)
     1    0.00    0.04    0.22    3.52 v _1537_/X (sky130_fd_sc_hd__and2_2)
                                         _0406_ (net)
                  0.04    0.00    3.52 v _1538_/A (sky130_fd_sc_hd__buf_1)
     1    0.00    0.02    0.08    3.60 v _1538_/X (sky130_fd_sc_hd__buf_1)
                                         _0337_ (net)
                  0.02    0.00    3.60 v _3114_/D (sky130_fd_sc_hd__dfrtp_2)
                                  3.60   data arrival time

                  0.00   10.00   10.00   clock clk (rise edge)
                          0.00   10.00   clock network delay (ideal)
                          0.00   10.00   clock reconvergence pessimism
                                 10.00 ^ _3114_/CLK (sky130_fd_sc_hd__dfrtp_2)
                         -0.12    9.88   library setup time
                                  9.88   data required time
-----------------------------------------------------------------------------
                                  9.88   data required time
                                 -3.60   data arrival time
-----------------------------------------------------------------------------
                                  6.29   slack (MET)


Startpoint: _2972_ (rising edge-triggered flip-flop clocked by clk)
Endpoint: _3099_ (rising edge-triggered flip-flop clocked by clk)
Path Group: clk
Path Type: max

Fanout     Cap    Slew   Delay    Time   Description
-----------------------------------------------------------------------------
                  0.00    0.00    0.00   clock clk (rise edge)
                          0.00    0.00   clock network delay (ideal)
                  0.00    0.00    0.00 ^ _2972_/CLK (sky130_fd_sc_hd__dfrtp_2)
     4    0.02    0.07    0.41    0.41 v _2972_/Q (sky130_fd_sc_hd__dfrtp_2)
                                         imem.address[13] (net)
                  0.07    0.00    0.41 v _1502_/A (sky130_fd_sc_hd__or4_2)
     3    0.01    0.14    0.72    1.13 v _1502_/X (sky130_fd_sc_hd__or4_2)
                                         _0382_ (net)
                  0.14    0.00    1.13 v _1506_/A_N (sky130_fd_sc_hd__and4bb_2)
     9    0.02    0.12    0.39    1.52 ^ _1506_/X (sky130_fd_sc_hd__and4bb_2)
                                         _0386_ (net)
                  0.12    0.00    1.52 ^ _1507_/B (sky130_fd_sc_hd__and2_2)
     1    0.00    0.04    0.15    1.67 ^ _1507_/X (sky130_fd_sc_hd__and2_2)
                                         _0387_ (net)
                  0.04    0.00    1.67 ^ _1508_/A (sky130_fd_sc_hd__buf_4)
     8    0.03    0.08    0.14    1.81 ^ _1508_/X (sky130_fd_sc_hd__buf_4)
                                         _0388_ (net)
                  0.08    0.00    1.81 ^ _1509_/B1 (sky130_fd_sc_hd__o21ai_2)
     4    0.01    0.08    0.07    1.88 v _1509_/Y (sky130_fd_sc_hd__o21ai_2)
                                         _0389_ (net)
                  0.08    0.00    1.88 v _1510_/A (sky130_fd_sc_hd__buf_2)
    10    0.05    0.12    0.22    2.10 v _1510_/X (sky130_fd_sc_hd__buf_2)
                                         _0390_ (net)
                  0.12    0.00    2.10 v _1511_/B (sky130_fd_sc_hd__or3b_2)
     4    0.01    0.10    0.50    2.60 v _1511_/X (sky130_fd_sc_hd__or3b_2)
                                         _0391_ (net)
                  0.10    0.00    2.60 v _1512_/C (sky130_fd_sc_hd__or3_2)
     5    0.01    0.11    0.48    3.09 v _1512_/X (sky130_fd_sc_hd__or3_2)
                                         _0392_ (net)
                  0.11    0.00    3.09 v _1553_/A (sky130_fd_sc_hd__buf_1)
    10    0.02    0.13    0.20    3.29 v _1553_/X (sky130_fd_sc_hd__buf_1)
                                         _0414_ (net)
                  0.13    0.00    3.29 v _1568_/B (sky130_fd_sc_hd__and2_2)
     1    0.00    0.04    0.22    3.51 v _1568_/X (sky130_fd_sc_hd__and2_2)
                                         _0422_ (net)
                  0.04    0.00    3.51 v _1569_/A (sky130_fd_sc_hd__buf_1)
     1    0.00    0.02    0.08    3.59 v _1569_/X (sky130_fd_sc_hd__buf_1)
                                         _0322_ (net)
                  0.02    0.00    3.59 v _3099_/D (sky130_fd_sc_hd__dfrtp_2)
                                  3.59   data arrival time

                  0.00   10.00   10.00   clock clk (rise edge)
                          0.00   10.00   clock network delay (ideal)
                          0.00   10.00   clock reconvergence pessimism
                                 10.00 ^ _3099_/CLK (sky130_fd_sc_hd__dfrtp_2)
                         -0.12    9.88   library setup time
                                  9.88   data required time
-----------------------------------------------------------------------------
                                  9.88   data required time
                                 -3.59   data arrival time
-----------------------------------------------------------------------------
                                  6.29   slack (MET)


Startpoint: _2972_ (rising edge-triggered flip-flop clocked by clk)
Endpoint: _3101_ (rising edge-triggered flip-flop clocked by clk)
Path Group: clk
Path Type: max

Fanout     Cap    Slew   Delay    Time   Description
-----------------------------------------------------------------------------
                  0.00    0.00    0.00   clock clk (rise edge)
                          0.00    0.00   clock network delay (ideal)
                  0.00    0.00    0.00 ^ _2972_/CLK (sky130_fd_sc_hd__dfrtp_2)
     4    0.02    0.07    0.41    0.41 v _2972_/Q (sky130_fd_sc_hd__dfrtp_2)
                                         imem.address[13] (net)
                  0.07    0.00    0.41 v _1502_/A (sky130_fd_sc_hd__or4_2)
     3    0.01    0.14    0.72    1.13 v _1502_/X (sky130_fd_sc_hd__or4_2)
                                         _0382_ (net)
                  0.14    0.00    1.13 v _1506_/A_N (sky130_fd_sc_hd__and4bb_2)
     9    0.02    0.12    0.39    1.52 ^ _1506_/X (sky130_fd_sc_hd__and4bb_2)
                                         _0386_ (net)
                  0.12    0.00    1.52 ^ _1507_/B (sky130_fd_sc_hd__and2_2)
     1    0.00    0.04    0.15    1.67 ^ _1507_/X (sky130_fd_sc_hd__and2_2)
                                         _0387_ (net)
                  0.04    0.00    1.67 ^ _1508_/A (sky130_fd_sc_hd__buf_4)
     8    0.03    0.08    0.14    1.81 ^ _1508_/X (sky130_fd_sc_hd__buf_4)
                                         _0388_ (net)
                  0.08    0.00    1.81 ^ _1509_/B1 (sky130_fd_sc_hd__o21ai_2)
     4    0.01    0.08    0.07    1.88 v _1509_/Y (sky130_fd_sc_hd__o21ai_2)
                                         _0389_ (net)
                  0.08    0.00    1.88 v _1510_/A (sky130_fd_sc_hd__buf_2)
    10    0.05    0.12    0.22    2.10 v _1510_/X (sky130_fd_sc_hd__buf_2)
                                         _0390_ (net)
                  0.12    0.00    2.10 v _1511_/B (sky130_fd_sc_hd__or3b_2)
     4    0.01    0.10    0.50    2.60 v _1511_/X (sky130_fd_sc_hd__or3b_2)
                                         _0391_ (net)
                  0.10    0.00    2.60 v _1512_/C (sky130_fd_sc_hd__or3_2)
     5    0.01    0.11    0.48    3.09 v _1512_/X (sky130_fd_sc_hd__or3_2)
                                         _0392_ (net)
                  0.11    0.00    3.09 v _1553_/A (sky130_fd_sc_hd__buf_1)
    10    0.02    0.13    0.20    3.29 v _1553_/X (sky130_fd_sc_hd__buf_1)
                                         _0414_ (net)
                  0.13    0.00    3.29 v _1564_/B (sky130_fd_sc_hd__and2_2)
     1    0.00    0.04    0.22    3.51 v _1564_/X (sky130_fd_sc_hd__and2_2)
                                         _0420_ (net)
                  0.04    0.00    3.51 v _1565_/A (sky130_fd_sc_hd__buf_1)
     1    0.00    0.02    0.08    3.59 v _1565_/X (sky130_fd_sc_hd__buf_1)
                                         _0324_ (net)
                  0.02    0.00    3.59 v _3101_/D (sky130_fd_sc_hd__dfrtp_2)
                                  3.59   data arrival time

                  0.00   10.00   10.00   clock clk (rise edge)
                          0.00   10.00   clock network delay (ideal)
                          0.00   10.00   clock reconvergence pessimism
                                 10.00 ^ _3101_/CLK (sky130_fd_sc_hd__dfrtp_2)
                         -0.12    9.88   library setup time
                                  9.88   data required time
-----------------------------------------------------------------------------
                                  9.88   data required time
                                 -3.59   data arrival time
-----------------------------------------------------------------------------
                                  6.29   slack (MET)


Startpoint: _2972_ (rising edge-triggered flip-flop clocked by clk)
Endpoint: _3104_ (rising edge-triggered flip-flop clocked by clk)
Path Group: clk
Path Type: max

Fanout     Cap    Slew   Delay    Time   Description
-----------------------------------------------------------------------------
                  0.00    0.00    0.00   clock clk (rise edge)
                          0.00    0.00   clock network delay (ideal)
                  0.00    0.00    0.00 ^ _2972_/CLK (sky130_fd_sc_hd__dfrtp_2)
     4    0.02    0.07    0.41    0.41 v _2972_/Q (sky130_fd_sc_hd__dfrtp_2)
                                         imem.address[13] (net)
                  0.07    0.00    0.41 v _1502_/A (sky130_fd_sc_hd__or4_2)
     3    0.01    0.14    0.72    1.13 v _1502_/X (sky130_fd_sc_hd__or4_2)
                                         _0382_ (net)
                  0.14    0.00    1.13 v _1506_/A_N (sky130_fd_sc_hd__and4bb_2)
     9    0.02    0.12    0.39    1.52 ^ _1506_/X (sky130_fd_sc_hd__and4bb_2)
                                         _0386_ (net)
                  0.12    0.00    1.52 ^ _1507_/B (sky130_fd_sc_hd__and2_2)
     1    0.00    0.04    0.15    1.67 ^ _1507_/X (sky130_fd_sc_hd__and2_2)
                                         _0387_ (net)
                  0.04    0.00    1.67 ^ _1508_/A (sky130_fd_sc_hd__buf_4)
     8    0.03    0.08    0.14    1.81 ^ _1508_/X (sky130_fd_sc_hd__buf_4)
                                         _0388_ (net)
                  0.08    0.00    1.81 ^ _1509_/B1 (sky130_fd_sc_hd__o21ai_2)
     4    0.01    0.08    0.07    1.88 v _1509_/Y (sky130_fd_sc_hd__o21ai_2)
                                         _0389_ (net)
                  0.08    0.00    1.88 v _1510_/A (sky130_fd_sc_hd__buf_2)
    10    0.05    0.12    0.22    2.10 v _1510_/X (sky130_fd_sc_hd__buf_2)
                                         _0390_ (net)
                  0.12    0.00    2.10 v _1511_/B (sky130_fd_sc_hd__or3b_2)
     4    0.01    0.10    0.50    2.60 v _1511_/X (sky130_fd_sc_hd__or3b_2)
                                         _0391_ (net)
                  0.10    0.00    2.60 v _1512_/C (sky130_fd_sc_hd__or3_2)
     5    0.01    0.11    0.48    3.09 v _1512_/X (sky130_fd_sc_hd__or3_2)
                                         _0392_ (net)
                  0.11    0.00    3.09 v _1553_/A (sky130_fd_sc_hd__buf_1)
    10    0.02    0.13    0.20    3.29 v _1553_/X (sky130_fd_sc_hd__buf_1)
                                         _0414_ (net)
                  0.13    0.00    3.29 v _1558_/B (sky130_fd_sc_hd__and2_2)
     1    0.00    0.04    0.22    3.51 v _1558_/X (sky130_fd_sc_hd__and2_2)
                                         _0417_ (net)
                  0.04    0.00    3.51 v _1559_/A (sky130_fd_sc_hd__buf_1)
     1    0.00    0.02    0.08    3.59 v _1559_/X (sky130_fd_sc_hd__buf_1)
                                         _0327_ (net)
                  0.02    0.00    3.59 v _3104_/D (sky130_fd_sc_hd__dfrtp_2)
                                  3.59   data arrival time

                  0.00   10.00   10.00   clock clk (rise edge)
                          0.00   10.00   clock network delay (ideal)
                          0.00   10.00   clock reconvergence pessimism
                                 10.00 ^ _3104_/CLK (sky130_fd_sc_hd__dfrtp_2)
                         -0.12    9.88   library setup time
                                  9.88   data required time
-----------------------------------------------------------------------------
                                  9.88   data required time
                                 -3.59   data arrival time
-----------------------------------------------------------------------------
                                  6.29   slack (MET)


Startpoint: _2972_ (rising edge-triggered flip-flop clocked by clk)
Endpoint: _3102_ (rising edge-triggered flip-flop clocked by clk)
Path Group: clk
Path Type: max

Fanout     Cap    Slew   Delay    Time   Description
-----------------------------------------------------------------------------
                  0.00    0.00    0.00   clock clk (rise edge)
                          0.00    0.00   clock network delay (ideal)
                  0.00    0.00    0.00 ^ _2972_/CLK (sky130_fd_sc_hd__dfrtp_2)
     4    0.02    0.07    0.41    0.41 v _2972_/Q (sky130_fd_sc_hd__dfrtp_2)
                                         imem.address[13] (net)
                  0.07    0.00    0.41 v _1502_/A (sky130_fd_sc_hd__or4_2)
     3    0.01    0.14    0.72    1.13 v _1502_/X (sky130_fd_sc_hd__or4_2)
                                         _0382_ (net)
                  0.14    0.00    1.13 v _1506_/A_N (sky130_fd_sc_hd__and4bb_2)
     9    0.02    0.12    0.39    1.52 ^ _1506_/X (sky130_fd_sc_hd__and4bb_2)
                                         _0386_ (net)
                  0.12    0.00    1.52 ^ _1507_/B (sky130_fd_sc_hd__and2_2)
     1    0.00    0.04    0.15    1.67 ^ _1507_/X (sky130_fd_sc_hd__and2_2)
                                         _0387_ (net)
                  0.04    0.00    1.67 ^ _1508_/A (sky130_fd_sc_hd__buf_4)
     8    0.03    0.08    0.14    1.81 ^ _1508_/X (sky130_fd_sc_hd__buf_4)
                                         _0388_ (net)
                  0.08    0.00    1.81 ^ _1509_/B1 (sky130_fd_sc_hd__o21ai_2)
     4    0.01    0.08    0.07    1.88 v _1509_/Y (sky130_fd_sc_hd__o21ai_2)
                                         _0389_ (net)
                  0.08    0.00    1.88 v _1510_/A (sky130_fd_sc_hd__buf_2)
    10    0.05    0.12    0.22    2.10 v _1510_/X (sky130_fd_sc_hd__buf_2)
                                         _0390_ (net)
                  0.12    0.00    2.10 v _1511_/B (sky130_fd_sc_hd__or3b_2)
     4    0.01    0.10    0.50    2.60 v _1511_/X (sky130_fd_sc_hd__or3b_2)
                                         _0391_ (net)
                  0.10    0.00    2.60 v _1512_/C (sky130_fd_sc_hd__or3_2)
     5    0.01    0.11    0.48    3.09 v _1512_/X (sky130_fd_sc_hd__or3_2)
                                         _0392_ (net)
                  0.11    0.00    3.09 v _1553_/A (sky130_fd_sc_hd__buf_1)
    10    0.02    0.13    0.20    3.29 v _1553_/X (sky130_fd_sc_hd__buf_1)
                                         _0414_ (net)
                  0.13    0.00    3.29 v _1562_/B (sky130_fd_sc_hd__and2_2)
     1    0.00    0.04    0.22    3.51 v _1562_/X (sky130_fd_sc_hd__and2_2)
                                         _0419_ (net)
                  0.04    0.00    3.51 v _1563_/A (sky130_fd_sc_hd__buf_1)
     1    0.00    0.02    0.08    3.59 v _1563_/X (sky130_fd_sc_hd__buf_1)
                                         _0325_ (net)
                  0.02    0.00    3.59 v _3102_/D (sky130_fd_sc_hd__dfrtp_2)
                                  3.59   data arrival time

                  0.00   10.00   10.00   clock clk (rise edge)
                          0.00   10.00   clock network delay (ideal)
                          0.00   10.00   clock reconvergence pessimism
                                 10.00 ^ _3102_/CLK (sky130_fd_sc_hd__dfrtp_2)
                         -0.12    9.88   library setup time
                                  9.88   data required time
-----------------------------------------------------------------------------
                                  9.88   data required time
                                 -3.59   data arrival time
-----------------------------------------------------------------------------
                                  6.29   slack (MET)


Startpoint: _2972_ (rising edge-triggered flip-flop clocked by clk)
Endpoint: _3100_ (rising edge-triggered flip-flop clocked by clk)
Path Group: clk
Path Type: max

Fanout     Cap    Slew   Delay    Time   Description
-----------------------------------------------------------------------------
                  0.00    0.00    0.00   clock clk (rise edge)
                          0.00    0.00   clock network delay (ideal)
                  0.00    0.00    0.00 ^ _2972_/CLK (sky130_fd_sc_hd__dfrtp_2)
     4    0.02    0.07    0.41    0.41 v _2972_/Q (sky130_fd_sc_hd__dfrtp_2)
                                         imem.address[13] (net)
                  0.07    0.00    0.41 v _1502_/A (sky130_fd_sc_hd__or4_2)
     3    0.01    0.14    0.72    1.13 v _1502_/X (sky130_fd_sc_hd__or4_2)
                                         _0382_ (net)
                  0.14    0.00    1.13 v _1506_/A_N (sky130_fd_sc_hd__and4bb_2)
     9    0.02    0.12    0.39    1.52 ^ _1506_/X (sky130_fd_sc_hd__and4bb_2)
                                         _0386_ (net)
                  0.12    0.00    1.52 ^ _1507_/B (sky130_fd_sc_hd__and2_2)
     1    0.00    0.04    0.15    1.67 ^ _1507_/X (sky130_fd_sc_hd__and2_2)
                                         _0387_ (net)
                  0.04    0.00    1.67 ^ _1508_/A (sky130_fd_sc_hd__buf_4)
     8    0.03    0.08    0.14    1.81 ^ _1508_/X (sky130_fd_sc_hd__buf_4)
                                         _0388_ (net)
                  0.08    0.00    1.81 ^ _1509_/B1 (sky130_fd_sc_hd__o21ai_2)
     4    0.01    0.08    0.07    1.88 v _1509_/Y (sky130_fd_sc_hd__o21ai_2)
                                         _0389_ (net)
                  0.08    0.00    1.88 v _1510_/A (sky130_fd_sc_hd__buf_2)
    10    0.05    0.12    0.22    2.10 v _1510_/X (sky130_fd_sc_hd__buf_2)
                                         _0390_ (net)
                  0.12    0.00    2.10 v _1511_/B (sky130_fd_sc_hd__or3b_2)
     4    0.01    0.10    0.50    2.60 v _1511_/X (sky130_fd_sc_hd__or3b_2)
                                         _0391_ (net)
                  0.10    0.00    2.60 v _1512_/C (sky130_fd_sc_hd__or3_2)
     5    0.01    0.11    0.48    3.09 v _1512_/X (sky130_fd_sc_hd__or3_2)
                                         _0392_ (net)
                  0.11    0.00    3.09 v _1553_/A (sky130_fd_sc_hd__buf_1)
    10    0.02    0.13    0.20    3.29 v _1553_/X (sky130_fd_sc_hd__buf_1)
                                         _0414_ (net)
                  0.13    0.00    3.29 v _1566_/B (sky130_fd_sc_hd__and2_2)
     1    0.00    0.04    0.22    3.51 v _1566_/X (sky130_fd_sc_hd__and2_2)
                                         _0421_ (net)
                  0.04    0.00    3.51 v _1567_/A (sky130_fd_sc_hd__buf_1)
     1    0.00    0.02    0.08    3.59 v _1567_/X (sky130_fd_sc_hd__buf_1)
                                         _0323_ (net)
                  0.02    0.00    3.59 v _3100_/D (sky130_fd_sc_hd__dfrtp_2)
                                  3.59   data arrival time

                  0.00   10.00   10.00   clock clk (rise edge)
                          0.00   10.00   clock network delay (ideal)
                          0.00   10.00   clock reconvergence pessimism
                                 10.00 ^ _3100_/CLK (sky130_fd_sc_hd__dfrtp_2)
                         -0.12    9.88   library setup time
                                  9.88   data required time
-----------------------------------------------------------------------------
                                  9.88   data required time
                                 -3.59   data arrival time
-----------------------------------------------------------------------------
                                  6.29   slack (MET)


Startpoint: _2972_ (rising edge-triggered flip-flop clocked by clk)
Endpoint: _3105_ (rising edge-triggered flip-flop clocked by clk)
Path Group: clk
Path Type: max

Fanout     Cap    Slew   Delay    Time   Description
-----------------------------------------------------------------------------
                  0.00    0.00    0.00   clock clk (rise edge)
                          0.00    0.00   clock network delay (ideal)
                  0.00    0.00    0.00 ^ _2972_/CLK (sky130_fd_sc_hd__dfrtp_2)
     4    0.02    0.07    0.41    0.41 v _2972_/Q (sky130_fd_sc_hd__dfrtp_2)
                                         imem.address[13] (net)
                  0.07    0.00    0.41 v _1502_/A (sky130_fd_sc_hd__or4_2)
     3    0.01    0.14    0.72    1.13 v _1502_/X (sky130_fd_sc_hd__or4_2)
                                         _0382_ (net)
                  0.14    0.00    1.13 v _1506_/A_N (sky130_fd_sc_hd__and4bb_2)
     9    0.02    0.12    0.39    1.52 ^ _1506_/X (sky130_fd_sc_hd__and4bb_2)
                                         _0386_ (net)
                  0.12    0.00    1.52 ^ _1507_/B (sky130_fd_sc_hd__and2_2)
     1    0.00    0.04    0.15    1.67 ^ _1507_/X (sky130_fd_sc_hd__and2_2)
                                         _0387_ (net)
                  0.04    0.00    1.67 ^ _1508_/A (sky130_fd_sc_hd__buf_4)
     8    0.03    0.08    0.14    1.81 ^ _1508_/X (sky130_fd_sc_hd__buf_4)
                                         _0388_ (net)
                  0.08    0.00    1.81 ^ _1509_/B1 (sky130_fd_sc_hd__o21ai_2)
     4    0.01    0.08    0.07    1.88 v _1509_/Y (sky130_fd_sc_hd__o21ai_2)
                                         _0389_ (net)
                  0.08    0.00    1.88 v _1510_/A (sky130_fd_sc_hd__buf_2)
    10    0.05    0.12    0.22    2.10 v _1510_/X (sky130_fd_sc_hd__buf_2)
                                         _0390_ (net)
                  0.12    0.00    2.10 v _1511_/B (sky130_fd_sc_hd__or3b_2)
     4    0.01    0.10    0.50    2.60 v _1511_/X (sky130_fd_sc_hd__or3b_2)
                                         _0391_ (net)
                  0.10    0.00    2.60 v _1512_/C (sky130_fd_sc_hd__or3_2)
     5    0.01    0.11    0.48    3.09 v _1512_/X (sky130_fd_sc_hd__or3_2)
                                         _0392_ (net)
                  0.11    0.00    3.09 v _1553_/A (sky130_fd_sc_hd__buf_1)
    10    0.02    0.13    0.20    3.29 v _1553_/X (sky130_fd_sc_hd__buf_1)
                                         _0414_ (net)
                  0.13    0.00    3.29 v _1556_/B (sky130_fd_sc_hd__and2_2)
     1    0.00    0.04    0.22    3.51 v _1556_/X (sky130_fd_sc_hd__and2_2)
                                         _0416_ (net)
                  0.04    0.00    3.51 v _1557_/A (sky130_fd_sc_hd__buf_1)
     1    0.00    0.02    0.08    3.59 v _1557_/X (sky130_fd_sc_hd__buf_1)
                                         _0328_ (net)
                  0.02    0.00    3.59 v _3105_/D (sky130_fd_sc_hd__dfrtp_2)
                                  3.59   data arrival time

                  0.00   10.00   10.00   clock clk (rise edge)
                          0.00   10.00   clock network delay (ideal)
                          0.00   10.00   clock reconvergence pessimism
                                 10.00 ^ _3105_/CLK (sky130_fd_sc_hd__dfrtp_2)
                         -0.12    9.88   library setup time
                                  9.88   data required time
-----------------------------------------------------------------------------
                                  9.88   data required time
                                 -3.59   data arrival time
-----------------------------------------------------------------------------
                                  6.29   slack (MET)


Startpoint: _2972_ (rising edge-triggered flip-flop clocked by clk)
Endpoint: _3106_ (rising edge-triggered flip-flop clocked by clk)
Path Group: clk
Path Type: max

Fanout     Cap    Slew   Delay    Time   Description
-----------------------------------------------------------------------------
                  0.00    0.00    0.00   clock clk (rise edge)
                          0.00    0.00   clock network delay (ideal)
                  0.00    0.00    0.00 ^ _2972_/CLK (sky130_fd_sc_hd__dfrtp_2)
     4    0.02    0.07    0.41    0.41 v _2972_/Q (sky130_fd_sc_hd__dfrtp_2)
                                         imem.address[13] (net)
                  0.07    0.00    0.41 v _1502_/A (sky130_fd_sc_hd__or4_2)
     3    0.01    0.14    0.72    1.13 v _1502_/X (sky130_fd_sc_hd__or4_2)
                                         _0382_ (net)
                  0.14    0.00    1.13 v _1506_/A_N (sky130_fd_sc_hd__and4bb_2)
     9    0.02    0.12    0.39    1.52 ^ _1506_/X (sky130_fd_sc_hd__and4bb_2)
                                         _0386_ (net)
                  0.12    0.00    1.52 ^ _1507_/B (sky130_fd_sc_hd__and2_2)
     1    0.00    0.04    0.15    1.67 ^ _1507_/X (sky130_fd_sc_hd__and2_2)
                                         _0387_ (net)
                  0.04    0.00    1.67 ^ _1508_/A (sky130_fd_sc_hd__buf_4)
     8    0.03    0.08    0.14    1.81 ^ _1508_/X (sky130_fd_sc_hd__buf_4)
                                         _0388_ (net)
                  0.08    0.00    1.81 ^ _1509_/B1 (sky130_fd_sc_hd__o21ai_2)
     4    0.01    0.08    0.07    1.88 v _1509_/Y (sky130_fd_sc_hd__o21ai_2)
                                         _0389_ (net)
                  0.08    0.00    1.88 v _1510_/A (sky130_fd_sc_hd__buf_2)
    10    0.05    0.12    0.22    2.10 v _1510_/X (sky130_fd_sc_hd__buf_2)
                                         _0390_ (net)
                  0.12    0.00    2.10 v _1511_/B (sky130_fd_sc_hd__or3b_2)
     4    0.01    0.10    0.50    2.60 v _1511_/X (sky130_fd_sc_hd__or3b_2)
                                         _0391_ (net)
                  0.10    0.00    2.60 v _1512_/C (sky130_fd_sc_hd__or3_2)
     5    0.01    0.11    0.48    3.09 v _1512_/X (sky130_fd_sc_hd__or3_2)
                                         _0392_ (net)
                  0.11    0.00    3.09 v _1553_/A (sky130_fd_sc_hd__buf_1)
    10    0.02    0.13    0.20    3.29 v _1553_/X (sky130_fd_sc_hd__buf_1)
                                         _0414_ (net)
                  0.13    0.00    3.29 v _1554_/B (sky130_fd_sc_hd__and2_2)
     1    0.00    0.04    0.22    3.51 v _1554_/X (sky130_fd_sc_hd__and2_2)
                                         _0415_ (net)
                  0.04    0.00    3.51 v _1555_/A (sky130_fd_sc_hd__buf_1)
     1    0.00    0.02    0.08    3.59 v _1555_/X (sky130_fd_sc_hd__buf_1)
                                         _0329_ (net)
                  0.02    0.00    3.59 v _3106_/D (sky130_fd_sc_hd__dfrtp_2)
                                  3.59   data arrival time

                  0.00   10.00   10.00   clock clk (rise edge)
                          0.00   10.00   clock network delay (ideal)
                          0.00   10.00   clock reconvergence pessimism
                                 10.00 ^ _3106_/CLK (sky130_fd_sc_hd__dfrtp_2)
                         -0.12    9.88   library setup time
                                  9.88   data required time
-----------------------------------------------------------------------------
                                  9.88   data required time
                                 -3.59   data arrival time
-----------------------------------------------------------------------------
                                  6.29   slack (MET)


Startpoint: _2972_ (rising edge-triggered flip-flop clocked by clk)
Endpoint: _3103_ (rising edge-triggered flip-flop clocked by clk)
Path Group: clk
Path Type: max

Fanout     Cap    Slew   Delay    Time   Description
-----------------------------------------------------------------------------
                  0.00    0.00    0.00   clock clk (rise edge)
                          0.00    0.00   clock network delay (ideal)
                  0.00    0.00    0.00 ^ _2972_/CLK (sky130_fd_sc_hd__dfrtp_2)
     4    0.02    0.07    0.41    0.41 v _2972_/Q (sky130_fd_sc_hd__dfrtp_2)
                                         imem.address[13] (net)
                  0.07    0.00    0.41 v _1502_/A (sky130_fd_sc_hd__or4_2)
     3    0.01    0.14    0.72    1.13 v _1502_/X (sky130_fd_sc_hd__or4_2)
                                         _0382_ (net)
                  0.14    0.00    1.13 v _1506_/A_N (sky130_fd_sc_hd__and4bb_2)
     9    0.02    0.12    0.39    1.52 ^ _1506_/X (sky130_fd_sc_hd__and4bb_2)
                                         _0386_ (net)
                  0.12    0.00    1.52 ^ _1507_/B (sky130_fd_sc_hd__and2_2)
     1    0.00    0.04    0.15    1.67 ^ _1507_/X (sky130_fd_sc_hd__and2_2)
                                         _0387_ (net)
                  0.04    0.00    1.67 ^ _1508_/A (sky130_fd_sc_hd__buf_4)
     8    0.03    0.08    0.14    1.81 ^ _1508_/X (sky130_fd_sc_hd__buf_4)
                                         _0388_ (net)
                  0.08    0.00    1.81 ^ _1509_/B1 (sky130_fd_sc_hd__o21ai_2)
     4    0.01    0.08    0.07    1.88 v _1509_/Y (sky130_fd_sc_hd__o21ai_2)
                                         _0389_ (net)
                  0.08    0.00    1.88 v _1510_/A (sky130_fd_sc_hd__buf_2)
    10    0.05    0.12    0.22    2.10 v _1510_/X (sky130_fd_sc_hd__buf_2)
                                         _0390_ (net)
                  0.12    0.00    2.10 v _1511_/B (sky130_fd_sc_hd__or3b_2)
     4    0.01    0.10    0.50    2.60 v _1511_/X (sky130_fd_sc_hd__or3b_2)
                                         _0391_ (net)
                  0.10    0.00    2.60 v _1512_/C (sky130_fd_sc_hd__or3_2)
     5    0.01    0.11    0.48    3.09 v _1512_/X (sky130_fd_sc_hd__or3_2)
                                         _0392_ (net)
                  0.11    0.00    3.09 v _1553_/A (sky130_fd_sc_hd__buf_1)
    10    0.02    0.13    0.20    3.29 v _1553_/X (sky130_fd_sc_hd__buf_1)
                                         _0414_ (net)
                  0.13    0.00    3.29 v _1560_/B (sky130_fd_sc_hd__and2_2)
     1    0.00    0.04    0.22    3.51 v _1560_/X (sky130_fd_sc_hd__and2_2)
                                         _0418_ (net)
                  0.04    0.00    3.51 v _1561_/A (sky130_fd_sc_hd__buf_1)
     1    0.00    0.02    0.08    3.59 v _1561_/X (sky130_fd_sc_hd__buf_1)
                                         _0326_ (net)
                  0.02    0.00    3.59 v _3103_/D (sky130_fd_sc_hd__dfrtp_2)
                                  3.59   data arrival time

                  0.00   10.00   10.00   clock clk (rise edge)
                          0.00   10.00   clock network delay (ideal)
                          0.00   10.00   clock reconvergence pessimism
                                 10.00 ^ _3103_/CLK (sky130_fd_sc_hd__dfrtp_2)
                         -0.12    9.88   library setup time
                                  9.88   data required time
-----------------------------------------------------------------------------
                                  9.88   data required time
                                 -3.59   data arrival time
-----------------------------------------------------------------------------
                                  6.29   slack (MET)


Startpoint: _2972_ (rising edge-triggered flip-flop clocked by clk)
Endpoint: _3097_ (rising edge-triggered flip-flop clocked by clk)
Path Group: clk
Path Type: max

Fanout     Cap    Slew   Delay    Time   Description
-----------------------------------------------------------------------------
                  0.00    0.00    0.00   clock clk (rise edge)
                          0.00    0.00   clock network delay (ideal)
                  0.00    0.00    0.00 ^ _2972_/CLK (sky130_fd_sc_hd__dfrtp_2)
     4    0.02    0.07    0.41    0.41 v _2972_/Q (sky130_fd_sc_hd__dfrtp_2)
                                         imem.address[13] (net)
                  0.07    0.00    0.41 v _1502_/A (sky130_fd_sc_hd__or4_2)
     3    0.01    0.14    0.72    1.13 v _1502_/X (sky130_fd_sc_hd__or4_2)
                                         _0382_ (net)
                  0.14    0.00    1.13 v _1506_/A_N (sky130_fd_sc_hd__and4bb_2)
     9    0.02    0.12    0.39    1.52 ^ _1506_/X (sky130_fd_sc_hd__and4bb_2)
                                         _0386_ (net)
                  0.12    0.00    1.52 ^ _1507_/B (sky130_fd_sc_hd__and2_2)
     1    0.00    0.04    0.15    1.67 ^ _1507_/X (sky130_fd_sc_hd__and2_2)
                                         _0387_ (net)
                  0.04    0.00    1.67 ^ _1508_/A (sky130_fd_sc_hd__buf_4)
     8    0.03    0.08    0.14    1.81 ^ _1508_/X (sky130_fd_sc_hd__buf_4)
                                         _0388_ (net)
                  0.08    0.00    1.81 ^ _1509_/B1 (sky130_fd_sc_hd__o21ai_2)
     4    0.01    0.08    0.07    1.88 v _1509_/Y (sky130_fd_sc_hd__o21ai_2)
                                         _0389_ (net)
                  0.08    0.00    1.88 v _1510_/A (sky130_fd_sc_hd__buf_2)
    10    0.05    0.12    0.22    2.10 v _1510_/X (sky130_fd_sc_hd__buf_2)
                                         _0390_ (net)
                  0.12    0.00    2.10 v _1511_/B (sky130_fd_sc_hd__or3b_2)
     4    0.01    0.10    0.50    2.60 v _1511_/X (sky130_fd_sc_hd__or3b_2)
                                         _0391_ (net)
                  0.10    0.00    2.60 v _1512_/C (sky130_fd_sc_hd__or3_2)
     5    0.01    0.11    0.48    3.09 v _1512_/X (sky130_fd_sc_hd__or3_2)
                                         _0392_ (net)
                  0.11    0.00    3.09 v _1553_/A (sky130_fd_sc_hd__buf_1)
    10    0.02    0.13    0.20    3.29 v _1553_/X (sky130_fd_sc_hd__buf_1)
                                         _0414_ (net)
                  0.13    0.00    3.29 v _1572_/B (sky130_fd_sc_hd__and2_2)
     1    0.00    0.03    0.22    3.51 v _1572_/X (sky130_fd_sc_hd__and2_2)
                                         _0424_ (net)
                  0.03    0.00    3.51 v _1573_/A (sky130_fd_sc_hd__buf_1)
     1    0.00    0.02    0.08    3.59 v _1573_/X (sky130_fd_sc_hd__buf_1)
                                         _0320_ (net)
                  0.02    0.00    3.59 v _3097_/D (sky130_fd_sc_hd__dfrtp_2)
                                  3.59   data arrival time

                  0.00   10.00   10.00   clock clk (rise edge)
                          0.00   10.00   clock network delay (ideal)
                          0.00   10.00   clock reconvergence pessimism
                                 10.00 ^ _3097_/CLK (sky130_fd_sc_hd__dfrtp_2)
                         -0.12    9.88   library setup time
                                  9.88   data required time
-----------------------------------------------------------------------------
                                  9.88   data required time
                                 -3.59   data arrival time
-----------------------------------------------------------------------------
                                  6.29   slack (MET)


Startpoint: _2972_ (rising edge-triggered flip-flop clocked by clk)
Endpoint: _3120_ (rising edge-triggered flip-flop clocked by clk)
Path Group: clk
Path Type: max

Fanout     Cap    Slew   Delay    Time   Description
-----------------------------------------------------------------------------
                  0.00    0.00    0.00   clock clk (rise edge)
                          0.00    0.00   clock network delay (ideal)
                  0.00    0.00    0.00 ^ _2972_/CLK (sky130_fd_sc_hd__dfrtp_2)
     4    0.02    0.07    0.41    0.41 v _2972_/Q (sky130_fd_sc_hd__dfrtp_2)
                                         imem.address[13] (net)
                  0.07    0.00    0.41 v _1502_/A (sky130_fd_sc_hd__or4_2)
     3    0.01    0.14    0.72    1.13 v _1502_/X (sky130_fd_sc_hd__or4_2)
                                         _0382_ (net)
                  0.14    0.00    1.13 v _1506_/A_N (sky130_fd_sc_hd__and4bb_2)
     9    0.02    0.12    0.39    1.52 ^ _1506_/X (sky130_fd_sc_hd__and4bb_2)
                                         _0386_ (net)
                  0.12    0.00    1.52 ^ _1507_/B (sky130_fd_sc_hd__and2_2)
     1    0.00    0.04    0.15    1.67 ^ _1507_/X (sky130_fd_sc_hd__and2_2)
                                         _0387_ (net)
                  0.04    0.00    1.67 ^ _1508_/A (sky130_fd_sc_hd__buf_4)
     8    0.03    0.08    0.14    1.81 ^ _1508_/X (sky130_fd_sc_hd__buf_4)
                                         _0388_ (net)
                  0.08    0.00    1.81 ^ _1509_/B1 (sky130_fd_sc_hd__o21ai_2)
     4    0.01    0.08    0.07    1.88 v _1509_/Y (sky130_fd_sc_hd__o21ai_2)
                                         _0389_ (net)
                  0.08    0.00    1.88 v _1510_/A (sky130_fd_sc_hd__buf_2)
    10    0.05    0.12    0.22    2.10 v _1510_/X (sky130_fd_sc_hd__buf_2)
                                         _0390_ (net)
                  0.12    0.00    2.10 v _1511_/B (sky130_fd_sc_hd__or3b_2)
     4    0.01    0.10    0.50    2.60 v _1511_/X (sky130_fd_sc_hd__or3b_2)
                                         _0391_ (net)
                  0.10    0.00    2.60 v _1512_/C (sky130_fd_sc_hd__or3_2)
     5    0.01    0.11    0.48    3.09 v _1512_/X (sky130_fd_sc_hd__or3_2)
                                         _0392_ (net)
                  0.11    0.00    3.09 v _1513_/A (sky130_fd_sc_hd__buf_1)
    10    0.02    0.13    0.20    3.29 v _1513_/X (sky130_fd_sc_hd__buf_1)
                                         _0393_ (net)
                  0.13    0.00    3.29 v _1524_/B (sky130_fd_sc_hd__and2_2)
     1    0.00    0.04    0.22    3.51 v _1524_/X (sky130_fd_sc_hd__and2_2)
                                         _0399_ (net)
                  0.04    0.00    3.51 v _1525_/A (sky130_fd_sc_hd__buf_1)
     1    0.00    0.02    0.08    3.59 v _1525_/X (sky130_fd_sc_hd__buf_1)
                                         _0343_ (net)
                  0.02    0.00    3.59 v _3120_/D (sky130_fd_sc_hd__dfrtp_2)
                                  3.59   data arrival time

                  0.00   10.00   10.00   clock clk (rise edge)
                          0.00   10.00   clock network delay (ideal)
                          0.00   10.00   clock reconvergence pessimism
                                 10.00 ^ _3120_/CLK (sky130_fd_sc_hd__dfrtp_2)
                         -0.12    9.88   library setup time
                                  9.88   data required time
-----------------------------------------------------------------------------
                                  9.88   data required time
                                 -3.59   data arrival time
-----------------------------------------------------------------------------
                                  6.29   slack (MET)


Startpoint: _2972_ (rising edge-triggered flip-flop clocked by clk)
Endpoint: _3117_ (rising edge-triggered flip-flop clocked by clk)
Path Group: clk
Path Type: max

Fanout     Cap    Slew   Delay    Time   Description
-----------------------------------------------------------------------------
                  0.00    0.00    0.00   clock clk (rise edge)
                          0.00    0.00   clock network delay (ideal)
                  0.00    0.00    0.00 ^ _2972_/CLK (sky130_fd_sc_hd__dfrtp_2)
     4    0.02    0.07    0.41    0.41 v _2972_/Q (sky130_fd_sc_hd__dfrtp_2)
                                         imem.address[13] (net)
                  0.07    0.00    0.41 v _1502_/A (sky130_fd_sc_hd__or4_2)
     3    0.01    0.14    0.72    1.13 v _1502_/X (sky130_fd_sc_hd__or4_2)
                                         _0382_ (net)
                  0.14    0.00    1.13 v _1506_/A_N (sky130_fd_sc_hd__and4bb_2)
     9    0.02    0.12    0.39    1.52 ^ _1506_/X (sky130_fd_sc_hd__and4bb_2)
                                         _0386_ (net)
                  0.12    0.00    1.52 ^ _1507_/B (sky130_fd_sc_hd__and2_2)
     1    0.00    0.04    0.15    1.67 ^ _1507_/X (sky130_fd_sc_hd__and2_2)
                                         _0387_ (net)
                  0.04    0.00    1.67 ^ _1508_/A (sky130_fd_sc_hd__buf_4)
     8    0.03    0.08    0.14    1.81 ^ _1508_/X (sky130_fd_sc_hd__buf_4)
                                         _0388_ (net)
                  0.08    0.00    1.81 ^ _1509_/B1 (sky130_fd_sc_hd__o21ai_2)
     4    0.01    0.08    0.07    1.88 v _1509_/Y (sky130_fd_sc_hd__o21ai_2)
                                         _0389_ (net)
                  0.08    0.00    1.88 v _1510_/A (sky130_fd_sc_hd__buf_2)
    10    0.05    0.12    0.22    2.10 v _1510_/X (sky130_fd_sc_hd__buf_2)
                                         _0390_ (net)
                  0.12    0.00    2.10 v _1511_/B (sky130_fd_sc_hd__or3b_2)
     4    0.01    0.10    0.50    2.60 v _1511_/X (sky130_fd_sc_hd__or3b_2)
                                         _0391_ (net)
                  0.10    0.00    2.60 v _1512_/C (sky130_fd_sc_hd__or3_2)
     5    0.01    0.11    0.48    3.09 v _1512_/X (sky130_fd_sc_hd__or3_2)
                                         _0392_ (net)
                  0.11    0.00    3.09 v _1513_/A (sky130_fd_sc_hd__buf_1)
    10    0.02    0.13    0.20    3.29 v _1513_/X (sky130_fd_sc_hd__buf_1)
                                         _0393_ (net)
                  0.13    0.00    3.29 v _1530_/B (sky130_fd_sc_hd__and2_2)
     1    0.00    0.04    0.22    3.51 v _1530_/X (sky130_fd_sc_hd__and2_2)
                                         _0402_ (net)
                  0.04    0.00    3.51 v _1531_/A (sky130_fd_sc_hd__buf_1)
     1    0.00    0.02    0.08    3.59 v _1531_/X (sky130_fd_sc_hd__buf_1)
                                         _0340_ (net)
                  0.02    0.00    3.59 v _3117_/D (sky130_fd_sc_hd__dfrtp_2)
                                  3.59   data arrival time

                  0.00   10.00   10.00   clock clk (rise edge)
                          0.00   10.00   clock network delay (ideal)
                          0.00   10.00   clock reconvergence pessimism
                                 10.00 ^ _3117_/CLK (sky130_fd_sc_hd__dfrtp_2)
                         -0.12    9.88   library setup time
                                  9.88   data required time
-----------------------------------------------------------------------------
                                  9.88   data required time
                                 -3.59   data arrival time
-----------------------------------------------------------------------------
                                  6.29   slack (MET)


Startpoint: _2972_ (rising edge-triggered flip-flop clocked by clk)
Endpoint: _3123_ (rising edge-triggered flip-flop clocked by clk)
Path Group: clk
Path Type: max

Fanout     Cap    Slew   Delay    Time   Description
-----------------------------------------------------------------------------
                  0.00    0.00    0.00   clock clk (rise edge)
                          0.00    0.00   clock network delay (ideal)
                  0.00    0.00    0.00 ^ _2972_/CLK (sky130_fd_sc_hd__dfrtp_2)
     4    0.02    0.07    0.41    0.41 v _2972_/Q (sky130_fd_sc_hd__dfrtp_2)
                                         imem.address[13] (net)
                  0.07    0.00    0.41 v _1502_/A (sky130_fd_sc_hd__or4_2)
     3    0.01    0.14    0.72    1.13 v _1502_/X (sky130_fd_sc_hd__or4_2)
                                         _0382_ (net)
                  0.14    0.00    1.13 v _1506_/A_N (sky130_fd_sc_hd__and4bb_2)
     9    0.02    0.12    0.39    1.52 ^ _1506_/X (sky130_fd_sc_hd__and4bb_2)
                                         _0386_ (net)
                  0.12    0.00    1.52 ^ _1507_/B (sky130_fd_sc_hd__and2_2)
     1    0.00    0.04    0.15    1.67 ^ _1507_/X (sky130_fd_sc_hd__and2_2)
                                         _0387_ (net)
                  0.04    0.00    1.67 ^ _1508_/A (sky130_fd_sc_hd__buf_4)
     8    0.03    0.08    0.14    1.81 ^ _1508_/X (sky130_fd_sc_hd__buf_4)
                                         _0388_ (net)
                  0.08    0.00    1.81 ^ _1509_/B1 (sky130_fd_sc_hd__o21ai_2)
     4    0.01    0.08    0.07    1.88 v _1509_/Y (sky130_fd_sc_hd__o21ai_2)
                                         _0389_ (net)
                  0.08    0.00    1.88 v _1510_/A (sky130_fd_sc_hd__buf_2)
    10    0.05    0.12    0.22    2.10 v _1510_/X (sky130_fd_sc_hd__buf_2)
                                         _0390_ (net)
                  0.12    0.00    2.10 v _1511_/B (sky130_fd_sc_hd__or3b_2)
     4    0.01    0.10    0.50    2.60 v _1511_/X (sky130_fd_sc_hd__or3b_2)
                                         _0391_ (net)
                  0.10    0.00    2.60 v _1512_/C (sky130_fd_sc_hd__or3_2)
     5    0.01    0.11    0.48    3.09 v _1512_/X (sky130_fd_sc_hd__or3_2)
                                         _0392_ (net)
                  0.11    0.00    3.09 v _1513_/A (sky130_fd_sc_hd__buf_1)
    10    0.02    0.13    0.20    3.29 v _1513_/X (sky130_fd_sc_hd__buf_1)
                                         _0393_ (net)
                  0.13    0.00    3.29 v _1518_/B (sky130_fd_sc_hd__and2_2)
     1    0.00    0.03    0.22    3.51 v _1518_/X (sky130_fd_sc_hd__and2_2)
                                         _0396_ (net)
                  0.03    0.00    3.51 v _1519_/A (sky130_fd_sc_hd__buf_1)
     1    0.00    0.02    0.08    3.59 v _1519_/X (sky130_fd_sc_hd__buf_1)
                                         _0346_ (net)
                  0.02    0.00    3.59 v _3123_/D (sky130_fd_sc_hd__dfrtp_2)
                                  3.59   data arrival time

                  0.00   10.00   10.00   clock clk (rise edge)
                          0.00   10.00   clock network delay (ideal)
                          0.00   10.00   clock reconvergence pessimism
                                 10.00 ^ _3123_/CLK (sky130_fd_sc_hd__dfrtp_2)
                         -0.12    9.88   library setup time
                                  9.88   data required time
-----------------------------------------------------------------------------
                                  9.88   data required time
                                 -3.59   data arrival time
-----------------------------------------------------------------------------
                                  6.29   slack (MET)


Startpoint: _2972_ (rising edge-triggered flip-flop clocked by clk)
Endpoint: _3122_ (rising edge-triggered flip-flop clocked by clk)
Path Group: clk
Path Type: max

Fanout     Cap    Slew   Delay    Time   Description
-----------------------------------------------------------------------------
                  0.00    0.00    0.00   clock clk (rise edge)
                          0.00    0.00   clock network delay (ideal)
                  0.00    0.00    0.00 ^ _2972_/CLK (sky130_fd_sc_hd__dfrtp_2)
     4    0.02    0.07    0.41    0.41 v _2972_/Q (sky130_fd_sc_hd__dfrtp_2)
                                         imem.address[13] (net)
                  0.07    0.00    0.41 v _1502_/A (sky130_fd_sc_hd__or4_2)
     3    0.01    0.14    0.72    1.13 v _1502_/X (sky130_fd_sc_hd__or4_2)
                                         _0382_ (net)
                  0.14    0.00    1.13 v _1506_/A_N (sky130_fd_sc_hd__and4bb_2)
     9    0.02    0.12    0.39    1.52 ^ _1506_/X (sky130_fd_sc_hd__and4bb_2)
                                         _0386_ (net)
                  0.12    0.00    1.52 ^ _1507_/B (sky130_fd_sc_hd__and2_2)
     1    0.00    0.04    0.15    1.67 ^ _1507_/X (sky130_fd_sc_hd__and2_2)
                                         _0387_ (net)
                  0.04    0.00    1.67 ^ _1508_/A (sky130_fd_sc_hd__buf_4)
     8    0.03    0.08    0.14    1.81 ^ _1508_/X (sky130_fd_sc_hd__buf_4)
                                         _0388_ (net)
                  0.08    0.00    1.81 ^ _1509_/B1 (sky130_fd_sc_hd__o21ai_2)
     4    0.01    0.08    0.07    1.88 v _1509_/Y (sky130_fd_sc_hd__o21ai_2)
                                         _0389_ (net)
                  0.08    0.00    1.88 v _1510_/A (sky130_fd_sc_hd__buf_2)
    10    0.05    0.12    0.22    2.10 v _1510_/X (sky130_fd_sc_hd__buf_2)
                                         _0390_ (net)
                  0.12    0.00    2.10 v _1511_/B (sky130_fd_sc_hd__or3b_2)
     4    0.01    0.10    0.50    2.60 v _1511_/X (sky130_fd_sc_hd__or3b_2)
                                         _0391_ (net)
                  0.10    0.00    2.60 v _1512_/C (sky130_fd_sc_hd__or3_2)
     5    0.01    0.11    0.48    3.09 v _1512_/X (sky130_fd_sc_hd__or3_2)
                                         _0392_ (net)
                  0.11    0.00    3.09 v _1513_/A (sky130_fd_sc_hd__buf_1)
    10    0.02    0.13    0.20    3.29 v _1513_/X (sky130_fd_sc_hd__buf_1)
                                         _0393_ (net)
                  0.13    0.00    3.29 v _1520_/B (sky130_fd_sc_hd__and2_2)
     1    0.00    0.04    0.22    3.51 v _1520_/X (sky130_fd_sc_hd__and2_2)
                                         _0397_ (net)
                  0.04    0.00    3.51 v _1521_/A (sky130_fd_sc_hd__buf_1)
     1    0.00    0.02    0.08    3.59 v _1521_/X (sky130_fd_sc_hd__buf_1)
                                         _0345_ (net)
                  0.02    0.00    3.59 v _3122_/D (sky130_fd_sc_hd__dfrtp_2)
                                  3.59   data arrival time

                  0.00   10.00   10.00   clock clk (rise edge)
                          0.00   10.00   clock network delay (ideal)
                          0.00   10.00   clock reconvergence pessimism
                                 10.00 ^ _3122_/CLK (sky130_fd_sc_hd__dfrtp_2)
                         -0.12    9.88   library setup time
                                  9.88   data required time
-----------------------------------------------------------------------------
                                  9.88   data required time
                                 -3.59   data arrival time
-----------------------------------------------------------------------------
                                  6.29   slack (MET)


Startpoint: _2972_ (rising edge-triggered flip-flop clocked by clk)
Endpoint: _3121_ (rising edge-triggered flip-flop clocked by clk)
Path Group: clk
Path Type: max

Fanout     Cap    Slew   Delay    Time   Description
-----------------------------------------------------------------------------
                  0.00    0.00    0.00   clock clk (rise edge)
                          0.00    0.00   clock network delay (ideal)
                  0.00    0.00    0.00 ^ _2972_/CLK (sky130_fd_sc_hd__dfrtp_2)
     4    0.02    0.07    0.41    0.41 v _2972_/Q (sky130_fd_sc_hd__dfrtp_2)
                                         imem.address[13] (net)
                  0.07    0.00    0.41 v _1502_/A (sky130_fd_sc_hd__or4_2)
     3    0.01    0.14    0.72    1.13 v _1502_/X (sky130_fd_sc_hd__or4_2)
                                         _0382_ (net)
                  0.14    0.00    1.13 v _1506_/A_N (sky130_fd_sc_hd__and4bb_2)
     9    0.02    0.12    0.39    1.52 ^ _1506_/X (sky130_fd_sc_hd__and4bb_2)
                                         _0386_ (net)
                  0.12    0.00    1.52 ^ _1507_/B (sky130_fd_sc_hd__and2_2)
     1    0.00    0.04    0.15    1.67 ^ _1507_/X (sky130_fd_sc_hd__and2_2)
                                         _0387_ (net)
                  0.04    0.00    1.67 ^ _1508_/A (sky130_fd_sc_hd__buf_4)
     8    0.03    0.08    0.14    1.81 ^ _1508_/X (sky130_fd_sc_hd__buf_4)
                                         _0388_ (net)
                  0.08    0.00    1.81 ^ _1509_/B1 (sky130_fd_sc_hd__o21ai_2)
     4    0.01    0.08    0.07    1.88 v _1509_/Y (sky130_fd_sc_hd__o21ai_2)
                                         _0389_ (net)
                  0.08    0.00    1.88 v _1510_/A (sky130_fd_sc_hd__buf_2)
    10    0.05    0.12    0.22    2.10 v _1510_/X (sky130_fd_sc_hd__buf_2)
                                         _0390_ (net)
                  0.12    0.00    2.10 v _1511_/B (sky130_fd_sc_hd__or3b_2)
     4    0.01    0.10    0.50    2.60 v _1511_/X (sky130_fd_sc_hd__or3b_2)
                                         _0391_ (net)
                  0.10    0.00    2.60 v _1512_/C (sky130_fd_sc_hd__or3_2)
     5    0.01    0.11    0.48    3.09 v _1512_/X (sky130_fd_sc_hd__or3_2)
                                         _0392_ (net)
                  0.11    0.00    3.09 v _1513_/A (sky130_fd_sc_hd__buf_1)
    10    0.02    0.13    0.20    3.29 v _1513_/X (sky130_fd_sc_hd__buf_1)
                                         _0393_ (net)
                  0.13    0.00    3.29 v _1522_/B (sky130_fd_sc_hd__and2_2)
     1    0.00    0.04    0.22    3.51 v _1522_/X (sky130_fd_sc_hd__and2_2)
                                         _0398_ (net)
                  0.04    0.00    3.51 v _1523_/A (sky130_fd_sc_hd__buf_1)
     1    0.00    0.02    0.08    3.59 v _1523_/X (sky130_fd_sc_hd__buf_1)
                                         _0344_ (net)
                  0.02    0.00    3.59 v _3121_/D (sky130_fd_sc_hd__dfrtp_2)
                                  3.59   data arrival time

                  0.00   10.00   10.00   clock clk (rise edge)
                          0.00   10.00   clock network delay (ideal)
                          0.00   10.00   clock reconvergence pessimism
                                 10.00 ^ _3121_/CLK (sky130_fd_sc_hd__dfrtp_2)
                         -0.12    9.88   library setup time
                                  9.88   data required time
-----------------------------------------------------------------------------
                                  9.88   data required time
                                 -3.59   data arrival time
-----------------------------------------------------------------------------
                                  6.29   slack (MET)


Startpoint: _2972_ (rising edge-triggered flip-flop clocked by clk)
Endpoint: _3098_ (rising edge-triggered flip-flop clocked by clk)
Path Group: clk
Path Type: max

Fanout     Cap    Slew   Delay    Time   Description
-----------------------------------------------------------------------------
                  0.00    0.00    0.00   clock clk (rise edge)
                          0.00    0.00   clock network delay (ideal)
                  0.00    0.00    0.00 ^ _2972_/CLK (sky130_fd_sc_hd__dfrtp_2)
     4    0.02    0.07    0.41    0.41 v _2972_/Q (sky130_fd_sc_hd__dfrtp_2)
                                         imem.address[13] (net)
                  0.07    0.00    0.41 v _1502_/A (sky130_fd_sc_hd__or4_2)
     3    0.01    0.14    0.72    1.13 v _1502_/X (sky130_fd_sc_hd__or4_2)
                                         _0382_ (net)
                  0.14    0.00    1.13 v _1506_/A_N (sky130_fd_sc_hd__and4bb_2)
     9    0.02    0.12    0.39    1.52 ^ _1506_/X (sky130_fd_sc_hd__and4bb_2)
                                         _0386_ (net)
                  0.12    0.00    1.52 ^ _1507_/B (sky130_fd_sc_hd__and2_2)
     1    0.00    0.04    0.15    1.67 ^ _1507_/X (sky130_fd_sc_hd__and2_2)
                                         _0387_ (net)
                  0.04    0.00    1.67 ^ _1508_/A (sky130_fd_sc_hd__buf_4)
     8    0.03    0.08    0.14    1.81 ^ _1508_/X (sky130_fd_sc_hd__buf_4)
                                         _0388_ (net)
                  0.08    0.00    1.81 ^ _1509_/B1 (sky130_fd_sc_hd__o21ai_2)
     4    0.01    0.08    0.07    1.88 v _1509_/Y (sky130_fd_sc_hd__o21ai_2)
                                         _0389_ (net)
                  0.08    0.00    1.88 v _1510_/A (sky130_fd_sc_hd__buf_2)
    10    0.05    0.12    0.22    2.10 v _1510_/X (sky130_fd_sc_hd__buf_2)
                                         _0390_ (net)
                  0.12    0.00    2.10 v _1511_/B (sky130_fd_sc_hd__or3b_2)
     4    0.01    0.10    0.50    2.60 v _1511_/X (sky130_fd_sc_hd__or3b_2)
                                         _0391_ (net)
                  0.10    0.00    2.60 v _1512_/C (sky130_fd_sc_hd__or3_2)
     5    0.01    0.11    0.48    3.09 v _1512_/X (sky130_fd_sc_hd__or3_2)
                                         _0392_ (net)
                  0.11    0.00    3.09 v _1553_/A (sky130_fd_sc_hd__buf_1)
    10    0.02    0.13    0.20    3.29 v _1553_/X (sky130_fd_sc_hd__buf_1)
                                         _0414_ (net)
                  0.13    0.00    3.29 v _1570_/B (sky130_fd_sc_hd__and2_2)
     1    0.00    0.04    0.22    3.51 v _1570_/X (sky130_fd_sc_hd__and2_2)
                                         _0423_ (net)
                  0.04    0.00    3.51 v _1571_/A (sky130_fd_sc_hd__buf_1)
     1    0.00    0.02    0.08    3.59 v _1571_/X (sky130_fd_sc_hd__buf_1)
                                         _0321_ (net)
                  0.02    0.00    3.59 v _3098_/D (sky130_fd_sc_hd__dfrtp_2)
                                  3.59   data arrival time

                  0.00   10.00   10.00   clock clk (rise edge)
                          0.00   10.00   clock network delay (ideal)
                          0.00   10.00   clock reconvergence pessimism
                                 10.00 ^ _3098_/CLK (sky130_fd_sc_hd__dfrtp_2)
                         -0.12    9.88   library setup time
                                  9.88   data required time
-----------------------------------------------------------------------------
                                  9.88   data required time
                                 -3.59   data arrival time
-----------------------------------------------------------------------------
                                  6.29   slack (MET)


Startpoint: _2972_ (rising edge-triggered flip-flop clocked by clk)
Endpoint: _3119_ (rising edge-triggered flip-flop clocked by clk)
Path Group: clk
Path Type: max

Fanout     Cap    Slew   Delay    Time   Description
-----------------------------------------------------------------------------
                  0.00    0.00    0.00   clock clk (rise edge)
                          0.00    0.00   clock network delay (ideal)
                  0.00    0.00    0.00 ^ _2972_/CLK (sky130_fd_sc_hd__dfrtp_2)
     4    0.02    0.07    0.41    0.41 v _2972_/Q (sky130_fd_sc_hd__dfrtp_2)
                                         imem.address[13] (net)
                  0.07    0.00    0.41 v _1502_/A (sky130_fd_sc_hd__or4_2)
     3    0.01    0.14    0.72    1.13 v _1502_/X (sky130_fd_sc_hd__or4_2)
                                         _0382_ (net)
                  0.14    0.00    1.13 v _1506_/A_N (sky130_fd_sc_hd__and4bb_2)
     9    0.02    0.12    0.39    1.52 ^ _1506_/X (sky130_fd_sc_hd__and4bb_2)
                                         _0386_ (net)
                  0.12    0.00    1.52 ^ _1507_/B (sky130_fd_sc_hd__and2_2)
     1    0.00    0.04    0.15    1.67 ^ _1507_/X (sky130_fd_sc_hd__and2_2)
                                         _0387_ (net)
                  0.04    0.00    1.67 ^ _1508_/A (sky130_fd_sc_hd__buf_4)
     8    0.03    0.08    0.14    1.81 ^ _1508_/X (sky130_fd_sc_hd__buf_4)
                                         _0388_ (net)
                  0.08    0.00    1.81 ^ _1509_/B1 (sky130_fd_sc_hd__o21ai_2)
     4    0.01    0.08    0.07    1.88 v _1509_/Y (sky130_fd_sc_hd__o21ai_2)
                                         _0389_ (net)
                  0.08    0.00    1.88 v _1510_/A (sky130_fd_sc_hd__buf_2)
    10    0.05    0.12    0.22    2.10 v _1510_/X (sky130_fd_sc_hd__buf_2)
                                         _0390_ (net)
                  0.12    0.00    2.10 v _1511_/B (sky130_fd_sc_hd__or3b_2)
     4    0.01    0.10    0.50    2.60 v _1511_/X (sky130_fd_sc_hd__or3b_2)
                                         _0391_ (net)
                  0.10    0.00    2.60 v _1512_/C (sky130_fd_sc_hd__or3_2)
     5    0.01    0.11    0.48    3.09 v _1512_/X (sky130_fd_sc_hd__or3_2)
                                         _0392_ (net)
                  0.11    0.00    3.09 v _1513_/A (sky130_fd_sc_hd__buf_1)
    10    0.02    0.13    0.20    3.29 v _1513_/X (sky130_fd_sc_hd__buf_1)
                                         _0393_ (net)
                  0.13    0.00    3.29 v _1526_/B (sky130_fd_sc_hd__and2_2)
     1    0.00    0.04    0.22    3.51 v _1526_/X (sky130_fd_sc_hd__and2_2)
                                         _0400_ (net)
                  0.04    0.00    3.51 v _1527_/A (sky130_fd_sc_hd__buf_1)
     1    0.00    0.02    0.08    3.59 v _1527_/X (sky130_fd_sc_hd__buf_1)
                                         _0342_ (net)
                  0.02    0.00    3.59 v _3119_/D (sky130_fd_sc_hd__dfrtp_2)
                                  3.59   data arrival time

                  0.00   10.00   10.00   clock clk (rise edge)
                          0.00   10.00   clock network delay (ideal)
                          0.00   10.00   clock reconvergence pessimism
                                 10.00 ^ _3119_/CLK (sky130_fd_sc_hd__dfrtp_2)
                         -0.12    9.88   library setup time
                                  9.88   data required time
-----------------------------------------------------------------------------
                                  9.88   data required time
                                 -3.59   data arrival time
-----------------------------------------------------------------------------
                                  6.29   slack (MET)


Startpoint: _2972_ (rising edge-triggered flip-flop clocked by clk)
Endpoint: _3118_ (rising edge-triggered flip-flop clocked by clk)
Path Group: clk
Path Type: max

Fanout     Cap    Slew   Delay    Time   Description
-----------------------------------------------------------------------------
                  0.00    0.00    0.00   clock clk (rise edge)
                          0.00    0.00   clock network delay (ideal)
                  0.00    0.00    0.00 ^ _2972_/CLK (sky130_fd_sc_hd__dfrtp_2)
     4    0.02    0.07    0.41    0.41 v _2972_/Q (sky130_fd_sc_hd__dfrtp_2)
                                         imem.address[13] (net)
                  0.07    0.00    0.41 v _1502_/A (sky130_fd_sc_hd__or4_2)
     3    0.01    0.14    0.72    1.13 v _1502_/X (sky130_fd_sc_hd__or4_2)
                                         _0382_ (net)
                  0.14    0.00    1.13 v _1506_/A_N (sky130_fd_sc_hd__and4bb_2)
     9    0.02    0.12    0.39    1.52 ^ _1506_/X (sky130_fd_sc_hd__and4bb_2)
                                         _0386_ (net)
                  0.12    0.00    1.52 ^ _1507_/B (sky130_fd_sc_hd__and2_2)
     1    0.00    0.04    0.15    1.67 ^ _1507_/X (sky130_fd_sc_hd__and2_2)
                                         _0387_ (net)
                  0.04    0.00    1.67 ^ _1508_/A (sky130_fd_sc_hd__buf_4)
     8    0.03    0.08    0.14    1.81 ^ _1508_/X (sky130_fd_sc_hd__buf_4)
                                         _0388_ (net)
                  0.08    0.00    1.81 ^ _1509_/B1 (sky130_fd_sc_hd__o21ai_2)
     4    0.01    0.08    0.07    1.88 v _1509_/Y (sky130_fd_sc_hd__o21ai_2)
                                         _0389_ (net)
                  0.08    0.00    1.88 v _1510_/A (sky130_fd_sc_hd__buf_2)
    10    0.05    0.12    0.22    2.10 v _1510_/X (sky130_fd_sc_hd__buf_2)
                                         _0390_ (net)
                  0.12    0.00    2.10 v _1511_/B (sky130_fd_sc_hd__or3b_2)
     4    0.01    0.10    0.50    2.60 v _1511_/X (sky130_fd_sc_hd__or3b_2)
                                         _0391_ (net)
                  0.10    0.00    2.60 v _1512_/C (sky130_fd_sc_hd__or3_2)
     5    0.01    0.11    0.48    3.09 v _1512_/X (sky130_fd_sc_hd__or3_2)
                                         _0392_ (net)
                  0.11    0.00    3.09 v _1513_/A (sky130_fd_sc_hd__buf_1)
    10    0.02    0.13    0.20    3.29 v _1513_/X (sky130_fd_sc_hd__buf_1)
                                         _0393_ (net)
                  0.13    0.00    3.29 v _1528_/B (sky130_fd_sc_hd__and2_2)
     1    0.00    0.04    0.22    3.51 v _1528_/X (sky130_fd_sc_hd__and2_2)
                                         _0401_ (net)
                  0.04    0.00    3.51 v _1529_/A (sky130_fd_sc_hd__buf_1)
     1    0.00    0.02    0.08    3.59 v _1529_/X (sky130_fd_sc_hd__buf_1)
                                         _0341_ (net)
                  0.02    0.00    3.59 v _3118_/D (sky130_fd_sc_hd__dfrtp_2)
                                  3.59   data arrival time

                  0.00   10.00   10.00   clock clk (rise edge)
                          0.00   10.00   clock network delay (ideal)
                          0.00   10.00   clock reconvergence pessimism
                                 10.00 ^ _3118_/CLK (sky130_fd_sc_hd__dfrtp_2)
                         -0.12    9.88   library setup time
                                  9.88   data required time
-----------------------------------------------------------------------------
                                  9.88   data required time
                                 -3.59   data arrival time
-----------------------------------------------------------------------------
                                  6.29   slack (MET)


Startpoint: _2972_ (rising edge-triggered flip-flop clocked by clk)
Endpoint: _3124_ (rising edge-triggered flip-flop clocked by clk)
Path Group: clk
Path Type: max

Fanout     Cap    Slew   Delay    Time   Description
-----------------------------------------------------------------------------
                  0.00    0.00    0.00   clock clk (rise edge)
                          0.00    0.00   clock network delay (ideal)
                  0.00    0.00    0.00 ^ _2972_/CLK (sky130_fd_sc_hd__dfrtp_2)
     4    0.02    0.07    0.41    0.41 v _2972_/Q (sky130_fd_sc_hd__dfrtp_2)
                                         imem.address[13] (net)
                  0.07    0.00    0.41 v _1502_/A (sky130_fd_sc_hd__or4_2)
     3    0.01    0.14    0.72    1.13 v _1502_/X (sky130_fd_sc_hd__or4_2)
                                         _0382_ (net)
                  0.14    0.00    1.13 v _1506_/A_N (sky130_fd_sc_hd__and4bb_2)
     9    0.02    0.12    0.39    1.52 ^ _1506_/X (sky130_fd_sc_hd__and4bb_2)
                                         _0386_ (net)
                  0.12    0.00    1.52 ^ _1507_/B (sky130_fd_sc_hd__and2_2)
     1    0.00    0.04    0.15    1.67 ^ _1507_/X (sky130_fd_sc_hd__and2_2)
                                         _0387_ (net)
                  0.04    0.00    1.67 ^ _1508_/A (sky130_fd_sc_hd__buf_4)
     8    0.03    0.08    0.14    1.81 ^ _1508_/X (sky130_fd_sc_hd__buf_4)
                                         _0388_ (net)
                  0.08    0.00    1.81 ^ _1509_/B1 (sky130_fd_sc_hd__o21ai_2)
     4    0.01    0.08    0.07    1.88 v _1509_/Y (sky130_fd_sc_hd__o21ai_2)
                                         _0389_ (net)
                  0.08    0.00    1.88 v _1510_/A (sky130_fd_sc_hd__buf_2)
    10    0.05    0.12    0.22    2.10 v _1510_/X (sky130_fd_sc_hd__buf_2)
                                         _0390_ (net)
                  0.12    0.00    2.10 v _1511_/B (sky130_fd_sc_hd__or3b_2)
     4    0.01    0.10    0.50    2.60 v _1511_/X (sky130_fd_sc_hd__or3b_2)
                                         _0391_ (net)
                  0.10    0.00    2.60 v _1512_/C (sky130_fd_sc_hd__or3_2)
     5    0.01    0.11    0.48    3.09 v _1512_/X (sky130_fd_sc_hd__or3_2)
                                         _0392_ (net)
                  0.11    0.00    3.09 v _1513_/A (sky130_fd_sc_hd__buf_1)
    10    0.02    0.13    0.20    3.29 v _1513_/X (sky130_fd_sc_hd__buf_1)
                                         _0393_ (net)
                  0.13    0.00    3.29 v _1516_/B (sky130_fd_sc_hd__and2_2)
     1    0.00    0.04    0.22    3.51 v _1516_/X (sky130_fd_sc_hd__and2_2)
                                         _0395_ (net)
                  0.04    0.00    3.51 v _1517_/A (sky130_fd_sc_hd__buf_1)
     1    0.00    0.02    0.08    3.59 v _1517_/X (sky130_fd_sc_hd__buf_1)
                                         _0347_ (net)
                  0.02    0.00    3.59 v _3124_/D (sky130_fd_sc_hd__dfrtp_2)
                                  3.59   data arrival time

                  0.00   10.00   10.00   clock clk (rise edge)
                          0.00   10.00   clock network delay (ideal)
                          0.00   10.00   clock reconvergence pessimism
                                 10.00 ^ _3124_/CLK (sky130_fd_sc_hd__dfrtp_2)
                         -0.12    9.88   library setup time
                                  9.88   data required time
-----------------------------------------------------------------------------
                                  9.88   data required time
                                 -3.59   data arrival time
-----------------------------------------------------------------------------
                                  6.29   slack (MET)


Startpoint: _2972_ (rising edge-triggered flip-flop clocked by clk)
Endpoint: _3125_ (rising edge-triggered flip-flop clocked by clk)
Path Group: clk
Path Type: max

Fanout     Cap    Slew   Delay    Time   Description
-----------------------------------------------------------------------------
                  0.00    0.00    0.00   clock clk (rise edge)
                          0.00    0.00   clock network delay (ideal)
                  0.00    0.00    0.00 ^ _2972_/CLK (sky130_fd_sc_hd__dfrtp_2)
     4    0.02    0.07    0.41    0.41 v _2972_/Q (sky130_fd_sc_hd__dfrtp_2)
                                         imem.address[13] (net)
                  0.07    0.00    0.41 v _1502_/A (sky130_fd_sc_hd__or4_2)
     3    0.01    0.14    0.72    1.13 v _1502_/X (sky130_fd_sc_hd__or4_2)
                                         _0382_ (net)
                  0.14    0.00    1.13 v _1506_/A_N (sky130_fd_sc_hd__and4bb_2)
     9    0.02    0.12    0.39    1.52 ^ _1506_/X (sky130_fd_sc_hd__and4bb_2)
                                         _0386_ (net)
                  0.12    0.00    1.52 ^ _1507_/B (sky130_fd_sc_hd__and2_2)
     1    0.00    0.04    0.15    1.67 ^ _1507_/X (sky130_fd_sc_hd__and2_2)
                                         _0387_ (net)
                  0.04    0.00    1.67 ^ _1508_/A (sky130_fd_sc_hd__buf_4)
     8    0.03    0.08    0.14    1.81 ^ _1508_/X (sky130_fd_sc_hd__buf_4)
                                         _0388_ (net)
                  0.08    0.00    1.81 ^ _1509_/B1 (sky130_fd_sc_hd__o21ai_2)
     4    0.01    0.08    0.07    1.88 v _1509_/Y (sky130_fd_sc_hd__o21ai_2)
                                         _0389_ (net)
                  0.08    0.00    1.88 v _1510_/A (sky130_fd_sc_hd__buf_2)
    10    0.05    0.12    0.22    2.10 v _1510_/X (sky130_fd_sc_hd__buf_2)
                                         _0390_ (net)
                  0.12    0.00    2.10 v _1511_/B (sky130_fd_sc_hd__or3b_2)
     4    0.01    0.10    0.50    2.60 v _1511_/X (sky130_fd_sc_hd__or3b_2)
                                         _0391_ (net)
                  0.10    0.00    2.60 v _1512_/C (sky130_fd_sc_hd__or3_2)
     5    0.01    0.11    0.48    3.09 v _1512_/X (sky130_fd_sc_hd__or3_2)
                                         _0392_ (net)
                  0.11    0.00    3.09 v _1513_/A (sky130_fd_sc_hd__buf_1)
    10    0.02    0.13    0.20    3.29 v _1513_/X (sky130_fd_sc_hd__buf_1)
                                         _0393_ (net)
                  0.13    0.00    3.29 v _1514_/B (sky130_fd_sc_hd__and2_2)
     1    0.00    0.04    0.22    3.51 v _1514_/X (sky130_fd_sc_hd__and2_2)
                                         _0394_ (net)
                  0.04    0.00    3.51 v _1515_/A (sky130_fd_sc_hd__buf_1)
     1    0.00    0.02    0.08    3.59 v _1515_/X (sky130_fd_sc_hd__buf_1)
                                         _0348_ (net)
                  0.02    0.00    3.59 v _3125_/D (sky130_fd_sc_hd__dfrtp_2)
                                  3.59   data arrival time

                  0.00   10.00   10.00   clock clk (rise edge)
                          0.00   10.00   clock network delay (ideal)
                          0.00   10.00   clock reconvergence pessimism
                                 10.00 ^ _3125_/CLK (sky130_fd_sc_hd__dfrtp_2)
                         -0.12    9.88   library setup time
                                  9.88   data required time
-----------------------------------------------------------------------------
                                  9.88   data required time
                                 -3.59   data arrival time
-----------------------------------------------------------------------------
                                  6.29   slack (MET)


Startpoint: _2962_ (rising edge-triggered flip-flop clocked by clk)
Endpoint: _2978_ (rising edge-triggered flip-flop clocked by clk)
Path Group: clk
Path Type: max

Fanout     Cap    Slew   Delay    Time   Description
-----------------------------------------------------------------------------
                  0.00    0.00    0.00   clock clk (rise edge)
                          0.00    0.00   clock network delay (ideal)
                  0.00    0.00    0.00 ^ _2962_/CLK (sky130_fd_sc_hd__dfrtp_2)
     8    0.02    0.09    0.42    0.42 v _2962_/Q (sky130_fd_sc_hd__dfrtp_2)
                                         imem.address[3] (net)
                  0.09    0.00    0.42 v _1664_/A (sky130_fd_sc_hd__and2_2)
     1    0.00    0.04    0.18    0.60 v _1664_/X (sky130_fd_sc_hd__and2_2)
                                         _0480_ (net)
                  0.04    0.00    0.60 v _1665_/A (sky130_fd_sc_hd__buf_1)
     7    0.02    0.13    0.16    0.77 v _1665_/X (sky130_fd_sc_hd__buf_1)
                                         _0481_ (net)
                  0.13    0.00    0.77 v _2499_/C (sky130_fd_sc_hd__and3_2)
     4    0.02    0.07    0.29    1.05 v _2499_/X (sky130_fd_sc_hd__and3_2)
                                         _1283_ (net)
                  0.07    0.00    1.06 v _2569_/C (sky130_fd_sc_hd__and3_2)
     3    0.01    0.06    0.24    1.30 v _2569_/X (sky130_fd_sc_hd__and3_2)
                                         _1321_ (net)
                  0.06    0.00    1.30 v _2570_/B (sky130_fd_sc_hd__and2_2)
     4    0.02    0.07    0.23    1.53 v _2570_/X (sky130_fd_sc_hd__and2_2)
                                         _1322_ (net)
                  0.07    0.00    1.53 v _2571_/C (sky130_fd_sc_hd__and3_2)
     3    0.01    0.06    0.24    1.77 v _2571_/X (sky130_fd_sc_hd__and3_2)
                                         _1323_ (net)
                  0.06    0.00    1.77 v _2572_/B (sky130_fd_sc_hd__and2_2)
     4    0.02    0.07    0.23    2.01 v _2572_/X (sky130_fd_sc_hd__and2_2)
                                         _1324_ (net)
                  0.07    0.00    2.01 v _2573_/C (sky130_fd_sc_hd__and3_2)
     3    0.01    0.06    0.24    2.25 v _2573_/X (sky130_fd_sc_hd__and3_2)
                                         _1325_ (net)
                  0.06    0.00    2.25 v _2574_/B (sky130_fd_sc_hd__and2_2)
     4    0.02    0.07    0.23    2.48 v _2574_/X (sky130_fd_sc_hd__and2_2)
                                         _1326_ (net)
                  0.07    0.00    2.48 v _2575_/C (sky130_fd_sc_hd__and3_2)
     3    0.01    0.06    0.24    2.73 v _2575_/X (sky130_fd_sc_hd__and3_2)
                                         _1327_ (net)
                  0.06    0.00    2.73 v _2576_/B (sky130_fd_sc_hd__and2_2)
     4    0.02    0.07    0.23    2.96 v _2576_/X (sky130_fd_sc_hd__and2_2)
                                         _1328_ (net)
                  0.07    0.00    2.96 v _2577_/C (sky130_fd_sc_hd__and3_2)
     3    0.01    0.06    0.24    3.20 v _2577_/X (sky130_fd_sc_hd__and3_2)
                                         _1329_ (net)
                  0.06    0.00    3.20 v _2578_/B (sky130_fd_sc_hd__and2_2)
     4    0.02    0.07    0.24    3.44 v _2578_/X (sky130_fd_sc_hd__and2_2)
                                         _1330_ (net)
                  0.07    0.00    3.44 v _2608_/B (sky130_fd_sc_hd__xor2_2)
     1    0.00    0.05    0.14    3.58 v _2608_/X (sky130_fd_sc_hd__xor2_2)
                                         _0208_ (net)
                  0.05    0.00    3.58 v _2978_/D (sky130_fd_sc_hd__dfrtp_2)
                                  3.58   data arrival time

                  0.00   10.00   10.00   clock clk (rise edge)
                          0.00   10.00   clock network delay (ideal)
                          0.00   10.00   clock reconvergence pessimism
                                 10.00 ^ _2978_/CLK (sky130_fd_sc_hd__dfrtp_2)
                         -0.13    9.87   library setup time
                                  9.87   data required time
-----------------------------------------------------------------------------
                                  9.87   data required time
                                 -3.58   data arrival time
-----------------------------------------------------------------------------
                                  6.29   slack (MET)


Startpoint: _2972_ (rising edge-triggered flip-flop clocked by clk)
Endpoint: _3002_ (rising edge-triggered flip-flop clocked by clk)
Path Group: clk
Path Type: max

Fanout     Cap    Slew   Delay    Time   Description
-----------------------------------------------------------------------------
                  0.00    0.00    0.00   clock clk (rise edge)
                          0.00    0.00   clock network delay (ideal)
                  0.00    0.00    0.00 ^ _2972_/CLK (sky130_fd_sc_hd__dfrtp_2)
     4    0.02    0.07    0.41    0.41 v _2972_/Q (sky130_fd_sc_hd__dfrtp_2)
                                         imem.address[13] (net)
                  0.07    0.00    0.41 v _1502_/A (sky130_fd_sc_hd__or4_2)
     3    0.01    0.14    0.72    1.13 v _1502_/X (sky130_fd_sc_hd__or4_2)
                                         _0382_ (net)
                  0.14    0.00    1.13 v _1506_/A_N (sky130_fd_sc_hd__and4bb_2)
     9    0.02    0.12    0.39    1.52 ^ _1506_/X (sky130_fd_sc_hd__and4bb_2)
                                         _0386_ (net)
                  0.12    0.00    1.52 ^ _1507_/B (sky130_fd_sc_hd__and2_2)
     1    0.00    0.04    0.15    1.67 ^ _1507_/X (sky130_fd_sc_hd__and2_2)
                                         _0387_ (net)
                  0.04    0.00    1.67 ^ _1508_/A (sky130_fd_sc_hd__buf_4)
     8    0.03    0.08    0.14    1.81 ^ _1508_/X (sky130_fd_sc_hd__buf_4)
                                         _0388_ (net)
                  0.08    0.00    1.81 ^ _1509_/B1 (sky130_fd_sc_hd__o21ai_2)
     4    0.01    0.08    0.07    1.88 v _1509_/Y (sky130_fd_sc_hd__o21ai_2)
                                         _0389_ (net)
                  0.08    0.00    1.88 v _1510_/A (sky130_fd_sc_hd__buf_2)
    10    0.05    0.12    0.22    2.10 v _1510_/X (sky130_fd_sc_hd__buf_2)
                                         _0390_ (net)
                  0.12    0.00    2.10 v _1511_/B (sky130_fd_sc_hd__or3b_2)
     4    0.01    0.10    0.50    2.60 v _1511_/X (sky130_fd_sc_hd__or3b_2)
                                         _0391_ (net)
                  0.10    0.00    2.60 v _2501_/D (sky130_fd_sc_hd__or4_2)
     5    0.02    0.16    0.64    3.25 v _2501_/X (sky130_fd_sc_hd__or4_2)
                                         _1285_ (net)
                  0.16    0.00    3.25 v _2559_/B (sky130_fd_sc_hd__and2_2)
     1    0.00    0.04    0.23    3.48 v _2559_/X (sky130_fd_sc_hd__and2_2)
                                         _1316_ (net)
                  0.04    0.00    3.48 v _2560_/A (sky130_fd_sc_hd__buf_1)
     1    0.00    0.02    0.08    3.56 v _2560_/X (sky130_fd_sc_hd__buf_1)
                                         _0225_ (net)
                  0.02    0.00    3.56 v _3002_/D (sky130_fd_sc_hd__dfrtp_2)
                                  3.56   data arrival time

                  0.00   10.00   10.00   clock clk (rise edge)
                          0.00   10.00   clock network delay (ideal)
                          0.00   10.00   clock reconvergence pessimism
                                 10.00 ^ _3002_/CLK (sky130_fd_sc_hd__dfrtp_2)
                         -0.12    9.88   library setup time
                                  9.88   data required time
-----------------------------------------------------------------------------
                                  9.88   data required time
                                 -3.56   data arrival time
-----------------------------------------------------------------------------
                                  6.32   slack (MET)


Startpoint: _2972_ (rising edge-triggered flip-flop clocked by clk)
Endpoint: _3003_ (rising edge-triggered flip-flop clocked by clk)
Path Group: clk
Path Type: max

Fanout     Cap    Slew   Delay    Time   Description
-----------------------------------------------------------------------------
                  0.00    0.00    0.00   clock clk (rise edge)
                          0.00    0.00   clock network delay (ideal)
                  0.00    0.00    0.00 ^ _2972_/CLK (sky130_fd_sc_hd__dfrtp_2)
     4    0.02    0.07    0.41    0.41 v _2972_/Q (sky130_fd_sc_hd__dfrtp_2)
                                         imem.address[13] (net)
                  0.07    0.00    0.41 v _1502_/A (sky130_fd_sc_hd__or4_2)
     3    0.01    0.14    0.72    1.13 v _1502_/X (sky130_fd_sc_hd__or4_2)
                                         _0382_ (net)
                  0.14    0.00    1.13 v _1506_/A_N (sky130_fd_sc_hd__and4bb_2)
     9    0.02    0.12    0.39    1.52 ^ _1506_/X (sky130_fd_sc_hd__and4bb_2)
                                         _0386_ (net)
                  0.12    0.00    1.52 ^ _1507_/B (sky130_fd_sc_hd__and2_2)
     1    0.00    0.04    0.15    1.67 ^ _1507_/X (sky130_fd_sc_hd__and2_2)
                                         _0387_ (net)
                  0.04    0.00    1.67 ^ _1508_/A (sky130_fd_sc_hd__buf_4)
     8    0.03    0.08    0.14    1.81 ^ _1508_/X (sky130_fd_sc_hd__buf_4)
                                         _0388_ (net)
                  0.08    0.00    1.81 ^ _1509_/B1 (sky130_fd_sc_hd__o21ai_2)
     4    0.01    0.08    0.07    1.88 v _1509_/Y (sky130_fd_sc_hd__o21ai_2)
                                         _0389_ (net)
                  0.08    0.00    1.88 v _1510_/A (sky130_fd_sc_hd__buf_2)
    10    0.05    0.12    0.22    2.10 v _1510_/X (sky130_fd_sc_hd__buf_2)
                                         _0390_ (net)
                  0.12    0.00    2.10 v _1511_/B (sky130_fd_sc_hd__or3b_2)
     4    0.01    0.10    0.50    2.60 v _1511_/X (sky130_fd_sc_hd__or3b_2)
                                         _0391_ (net)
                  0.10    0.00    2.60 v _2501_/D (sky130_fd_sc_hd__or4_2)
     5    0.02    0.16    0.64    3.25 v _2501_/X (sky130_fd_sc_hd__or4_2)
                                         _1285_ (net)
                  0.16    0.00    3.25 v _2557_/B (sky130_fd_sc_hd__and2_2)
     1    0.00    0.04    0.23    3.48 v _2557_/X (sky130_fd_sc_hd__and2_2)
                                         _1315_ (net)
                  0.04    0.00    3.48 v _2558_/A (sky130_fd_sc_hd__buf_1)
     1    0.00    0.02    0.08    3.56 v _2558_/X (sky130_fd_sc_hd__buf_1)
                                         _0226_ (net)
                  0.02    0.00    3.56 v _3003_/D (sky130_fd_sc_hd__dfrtp_2)
                                  3.56   data arrival time

                  0.00   10.00   10.00   clock clk (rise edge)
                          0.00   10.00   clock network delay (ideal)
                          0.00   10.00   clock reconvergence pessimism
                                 10.00 ^ _3003_/CLK (sky130_fd_sc_hd__dfrtp_2)
                         -0.12    9.88   library setup time
                                  9.88   data required time
-----------------------------------------------------------------------------
                                  9.88   data required time
                                 -3.56   data arrival time
-----------------------------------------------------------------------------
                                  6.33   slack (MET)


Startpoint: _2972_ (rising edge-triggered flip-flop clocked by clk)
Endpoint: _3062_ (rising edge-triggered flip-flop clocked by clk)
Path Group: clk
Path Type: max

Fanout     Cap    Slew   Delay    Time   Description
-----------------------------------------------------------------------------
                  0.00    0.00    0.00   clock clk (rise edge)
                          0.00    0.00   clock network delay (ideal)
                  0.00    0.00    0.00 ^ _2972_/CLK (sky130_fd_sc_hd__dfrtp_2)
     4    0.02    0.07    0.41    0.41 v _2972_/Q (sky130_fd_sc_hd__dfrtp_2)
                                         imem.address[13] (net)
                  0.07    0.00    0.41 v _1502_/A (sky130_fd_sc_hd__or4_2)
     3    0.01    0.14    0.72    1.13 v _1502_/X (sky130_fd_sc_hd__or4_2)
                                         _0382_ (net)
                  0.14    0.00    1.13 v _1506_/A_N (sky130_fd_sc_hd__and4bb_2)
     9    0.02    0.12    0.39    1.52 ^ _1506_/X (sky130_fd_sc_hd__and4bb_2)
                                         _0386_ (net)
                  0.12    0.00    1.52 ^ _1507_/B (sky130_fd_sc_hd__and2_2)
     1    0.00    0.04    0.15    1.67 ^ _1507_/X (sky130_fd_sc_hd__and2_2)
                                         _0387_ (net)
                  0.04    0.00    1.67 ^ _1508_/A (sky130_fd_sc_hd__buf_4)
     8    0.03    0.08    0.14    1.81 ^ _1508_/X (sky130_fd_sc_hd__buf_4)
                                         _0388_ (net)
                  0.08    0.00    1.81 ^ _1509_/B1 (sky130_fd_sc_hd__o21ai_2)
     4    0.01    0.08    0.07    1.88 v _1509_/Y (sky130_fd_sc_hd__o21ai_2)
                                         _0389_ (net)
                  0.08    0.00    1.88 v _1510_/A (sky130_fd_sc_hd__buf_2)
    10    0.05    0.12    0.22    2.10 v _1510_/X (sky130_fd_sc_hd__buf_2)
                                         _0390_ (net)
                  0.12    0.00    2.10 v _1511_/B (sky130_fd_sc_hd__or3b_2)
     4    0.01    0.10    0.50    2.60 v _1511_/X (sky130_fd_sc_hd__or3b_2)
                                         _0391_ (net)
                  0.10    0.00    2.60 v _1580_/D (sky130_fd_sc_hd__or4_2)
     5    0.01    0.13    0.60    3.21 v _1580_/X (sky130_fd_sc_hd__or4_2)
                                         _0428_ (net)
                  0.13    0.00    3.21 v _1646_/B (sky130_fd_sc_hd__and2_2)
     1    0.00    0.03    0.22    3.42 v _1646_/X (sky130_fd_sc_hd__and2_2)
                                         _0463_ (net)
                  0.03    0.00    3.42 v _1647_/A (sky130_fd_sc_hd__buf_1)
     1    0.00    0.02    0.08    3.50 v _1647_/X (sky130_fd_sc_hd__buf_1)
                                         _0285_ (net)
                  0.02    0.00    3.50 v _3062_/D (sky130_fd_sc_hd__dfrtp_2)
                                  3.50   data arrival time

                  0.00   10.00   10.00   clock clk (rise edge)
                          0.00   10.00   clock network delay (ideal)
                          0.00   10.00   clock reconvergence pessimism
                                 10.00 ^ _3062_/CLK (sky130_fd_sc_hd__dfrtp_2)
                         -0.12    9.88   library setup time
                                  9.88   data required time
-----------------------------------------------------------------------------
                                  9.88   data required time
                                 -3.50   data arrival time
-----------------------------------------------------------------------------
                                  6.38   slack (MET)


Startpoint: _2972_ (rising edge-triggered flip-flop clocked by clk)
Endpoint: _3064_ (rising edge-triggered flip-flop clocked by clk)
Path Group: clk
Path Type: max

Fanout     Cap    Slew   Delay    Time   Description
-----------------------------------------------------------------------------
                  0.00    0.00    0.00   clock clk (rise edge)
                          0.00    0.00   clock network delay (ideal)
                  0.00    0.00    0.00 ^ _2972_/CLK (sky130_fd_sc_hd__dfrtp_2)
     4    0.02    0.07    0.41    0.41 v _2972_/Q (sky130_fd_sc_hd__dfrtp_2)
                                         imem.address[13] (net)
                  0.07    0.00    0.41 v _1502_/A (sky130_fd_sc_hd__or4_2)
     3    0.01    0.14    0.72    1.13 v _1502_/X (sky130_fd_sc_hd__or4_2)
                                         _0382_ (net)
                  0.14    0.00    1.13 v _1506_/A_N (sky130_fd_sc_hd__and4bb_2)
     9    0.02    0.12    0.39    1.52 ^ _1506_/X (sky130_fd_sc_hd__and4bb_2)
                                         _0386_ (net)
                  0.12    0.00    1.52 ^ _1507_/B (sky130_fd_sc_hd__and2_2)
     1    0.00    0.04    0.15    1.67 ^ _1507_/X (sky130_fd_sc_hd__and2_2)
                                         _0387_ (net)
                  0.04    0.00    1.67 ^ _1508_/A (sky130_fd_sc_hd__buf_4)
     8    0.03    0.08    0.14    1.81 ^ _1508_/X (sky130_fd_sc_hd__buf_4)
                                         _0388_ (net)
                  0.08    0.00    1.81 ^ _1509_/B1 (sky130_fd_sc_hd__o21ai_2)
     4    0.01    0.08    0.07    1.88 v _1509_/Y (sky130_fd_sc_hd__o21ai_2)
                                         _0389_ (net)
                  0.08    0.00    1.88 v _1510_/A (sky130_fd_sc_hd__buf_2)
    10    0.05    0.12    0.22    2.10 v _1510_/X (sky130_fd_sc_hd__buf_2)
                                         _0390_ (net)
                  0.12    0.00    2.10 v _1511_/B (sky130_fd_sc_hd__or3b_2)
     4    0.01    0.10    0.50    2.60 v _1511_/X (sky130_fd_sc_hd__or3b_2)
                                         _0391_ (net)
                  0.10    0.00    2.60 v _1580_/D (sky130_fd_sc_hd__or4_2)
     5    0.01    0.13    0.60    3.21 v _1580_/X (sky130_fd_sc_hd__or4_2)
                                         _0428_ (net)
                  0.13    0.00    3.21 v _1642_/B (sky130_fd_sc_hd__and2_2)
     1    0.00    0.03    0.22    3.42 v _1642_/X (sky130_fd_sc_hd__and2_2)
                                         _0461_ (net)
                  0.03    0.00    3.42 v _1643_/A (sky130_fd_sc_hd__buf_1)
     1    0.00    0.02    0.08    3.50 v _1643_/X (sky130_fd_sc_hd__buf_1)
                                         _0287_ (net)
                  0.02    0.00    3.50 v _3064_/D (sky130_fd_sc_hd__dfrtp_2)
                                  3.50   data arrival time

                  0.00   10.00   10.00   clock clk (rise edge)
                          0.00   10.00   clock network delay (ideal)
                          0.00   10.00   clock reconvergence pessimism
                                 10.00 ^ _3064_/CLK (sky130_fd_sc_hd__dfrtp_2)
                         -0.12    9.88   library setup time
                                  9.88   data required time
-----------------------------------------------------------------------------
                                  9.88   data required time
                                 -3.50   data arrival time
-----------------------------------------------------------------------------
                                  6.38   slack (MET)


Startpoint: _2972_ (rising edge-triggered flip-flop clocked by clk)
Endpoint: _3095_ (rising edge-triggered flip-flop clocked by clk)
Path Group: clk
Path Type: max

Fanout     Cap    Slew   Delay    Time   Description
-----------------------------------------------------------------------------
                  0.00    0.00    0.00   clock clk (rise edge)
                          0.00    0.00   clock network delay (ideal)
                  0.00    0.00    0.00 ^ _2972_/CLK (sky130_fd_sc_hd__dfrtp_2)
     4    0.02    0.07    0.41    0.41 v _2972_/Q (sky130_fd_sc_hd__dfrtp_2)
                                         imem.address[13] (net)
                  0.07    0.00    0.41 v _1502_/A (sky130_fd_sc_hd__or4_2)
     3    0.01    0.14    0.72    1.13 v _1502_/X (sky130_fd_sc_hd__or4_2)
                                         _0382_ (net)
                  0.14    0.00    1.13 v _1506_/A_N (sky130_fd_sc_hd__and4bb_2)
     9    0.02    0.12    0.39    1.52 ^ _1506_/X (sky130_fd_sc_hd__and4bb_2)
                                         _0386_ (net)
                  0.12    0.00    1.52 ^ _1507_/B (sky130_fd_sc_hd__and2_2)
     1    0.00    0.04    0.15    1.67 ^ _1507_/X (sky130_fd_sc_hd__and2_2)
                                         _0387_ (net)
                  0.04    0.00    1.67 ^ _1508_/A (sky130_fd_sc_hd__buf_4)
     8    0.03    0.08    0.14    1.81 ^ _1508_/X (sky130_fd_sc_hd__buf_4)
                                         _0388_ (net)
                  0.08    0.00    1.81 ^ _1509_/B1 (sky130_fd_sc_hd__o21ai_2)
     4    0.01    0.08    0.07    1.88 v _1509_/Y (sky130_fd_sc_hd__o21ai_2)
                                         _0389_ (net)
                  0.08    0.00    1.88 v _1510_/A (sky130_fd_sc_hd__buf_2)
    10    0.05    0.12    0.22    2.10 v _1510_/X (sky130_fd_sc_hd__buf_2)
                                         _0390_ (net)
                  0.12    0.00    2.10 v _1511_/B (sky130_fd_sc_hd__or3b_2)
     4    0.01    0.10    0.50    2.60 v _1511_/X (sky130_fd_sc_hd__or3b_2)
                                         _0391_ (net)
                  0.10    0.00    2.60 v _1512_/C (sky130_fd_sc_hd__or3_2)
     5    0.01    0.11    0.48    3.09 v _1512_/X (sky130_fd_sc_hd__or3_2)
                                         _0392_ (net)
                  0.11    0.00    3.09 v _1513_/A (sky130_fd_sc_hd__buf_1)
    10    0.02    0.13    0.20    3.29 v _1513_/X (sky130_fd_sc_hd__buf_1)
                                         _0393_ (net)
                  0.13    0.00    3.29 v _1576_/B_N (sky130_fd_sc_hd__or2b_2)
     1    0.00    0.03    0.19    3.48 ^ _1576_/X (sky130_fd_sc_hd__or2b_2)
                                         _0426_ (net)
                  0.03    0.00    3.48 ^ _1577_/A (sky130_fd_sc_hd__buf_1)
     1    0.00    0.04    0.07    3.55 ^ _1577_/X (sky130_fd_sc_hd__buf_1)
                                         _0318_ (net)
                  0.04    0.00    3.55 ^ _3095_/D (sky130_fd_sc_hd__dfrtp_2)
                                  3.55   data arrival time

                  0.00   10.00   10.00   clock clk (rise edge)
                          0.00   10.00   clock network delay (ideal)
                          0.00   10.00   clock reconvergence pessimism
                                 10.00 ^ _3095_/CLK (sky130_fd_sc_hd__dfrtp_2)
                         -0.07    9.93   library setup time
                                  9.93   data required time
-----------------------------------------------------------------------------
                                  9.93   data required time
                                 -3.55   data arrival time
-----------------------------------------------------------------------------
                                  6.38   slack (MET)


Startpoint: _2962_ (rising edge-triggered flip-flop clocked by clk)
Endpoint: _2977_ (rising edge-triggered flip-flop clocked by clk)
Path Group: clk
Path Type: max

Fanout     Cap    Slew   Delay    Time   Description
-----------------------------------------------------------------------------
                  0.00    0.00    0.00   clock clk (rise edge)
                          0.00    0.00   clock network delay (ideal)
                  0.00    0.00    0.00 ^ _2962_/CLK (sky130_fd_sc_hd__dfrtp_2)
     8    0.02    0.09    0.42    0.42 v _2962_/Q (sky130_fd_sc_hd__dfrtp_2)
                                         imem.address[3] (net)
                  0.09    0.00    0.42 v _1664_/A (sky130_fd_sc_hd__and2_2)
     1    0.00    0.04    0.18    0.60 v _1664_/X (sky130_fd_sc_hd__and2_2)
                                         _0480_ (net)
                  0.04    0.00    0.60 v _1665_/A (sky130_fd_sc_hd__buf_1)
     7    0.02    0.13    0.16    0.77 v _1665_/X (sky130_fd_sc_hd__buf_1)
                                         _0481_ (net)
                  0.13    0.00    0.77 v _2499_/C (sky130_fd_sc_hd__and3_2)
     4    0.02    0.07    0.29    1.05 v _2499_/X (sky130_fd_sc_hd__and3_2)
                                         _1283_ (net)
                  0.07    0.00    1.06 v _2569_/C (sky130_fd_sc_hd__and3_2)
     3    0.01    0.06    0.24    1.30 v _2569_/X (sky130_fd_sc_hd__and3_2)
                                         _1321_ (net)
                  0.06    0.00    1.30 v _2570_/B (sky130_fd_sc_hd__and2_2)
     4    0.02    0.07    0.23    1.53 v _2570_/X (sky130_fd_sc_hd__and2_2)
                                         _1322_ (net)
                  0.07    0.00    1.53 v _2571_/C (sky130_fd_sc_hd__and3_2)
     3    0.01    0.06    0.24    1.77 v _2571_/X (sky130_fd_sc_hd__and3_2)
                                         _1323_ (net)
                  0.06    0.00    1.77 v _2572_/B (sky130_fd_sc_hd__and2_2)
     4    0.02    0.07    0.23    2.01 v _2572_/X (sky130_fd_sc_hd__and2_2)
                                         _1324_ (net)
                  0.07    0.00    2.01 v _2573_/C (sky130_fd_sc_hd__and3_2)
     3    0.01    0.06    0.24    2.25 v _2573_/X (sky130_fd_sc_hd__and3_2)
                                         _1325_ (net)
                  0.06    0.00    2.25 v _2574_/B (sky130_fd_sc_hd__and2_2)
     4    0.02    0.07    0.23    2.48 v _2574_/X (sky130_fd_sc_hd__and2_2)
                                         _1326_ (net)
                  0.07    0.00    2.48 v _2575_/C (sky130_fd_sc_hd__and3_2)
     3    0.01    0.06    0.24    2.73 v _2575_/X (sky130_fd_sc_hd__and3_2)
                                         _1327_ (net)
                  0.06    0.00    2.73 v _2576_/B (sky130_fd_sc_hd__and2_2)
     4    0.02    0.07    0.23    2.96 v _2576_/X (sky130_fd_sc_hd__and2_2)
                                         _1328_ (net)
                  0.07    0.00    2.96 v _2577_/C (sky130_fd_sc_hd__and3_2)
     3    0.01    0.06    0.24    3.20 v _2577_/X (sky130_fd_sc_hd__and3_2)
                                         _1329_ (net)
                  0.06    0.00    3.20 v _2578_/B (sky130_fd_sc_hd__and2_2)
     4    0.02    0.07    0.24    3.44 v _2578_/X (sky130_fd_sc_hd__and2_2)
                                         _1330_ (net)
                  0.07    0.00    3.44 v _2610_/A (sky130_fd_sc_hd__nor2_2)
     1    0.00    0.06    0.10    3.54 ^ _2610_/Y (sky130_fd_sc_hd__nor2_2)
                                         _0207_ (net)
                  0.06    0.00    3.54 ^ _2977_/D (sky130_fd_sc_hd__dfrtp_2)
                                  3.54   data arrival time

                  0.00   10.00   10.00   clock clk (rise edge)
                          0.00   10.00   clock network delay (ideal)
                          0.00   10.00   clock reconvergence pessimism
                                 10.00 ^ _2977_/CLK (sky130_fd_sc_hd__dfrtp_2)
                         -0.07    9.93   library setup time
                                  9.93   data required time
-----------------------------------------------------------------------------
                                  9.93   data required time
                                 -3.54   data arrival time
-----------------------------------------------------------------------------
                                  6.39   slack (MET)


Startpoint: _3135_ (rising edge-triggered flip-flop clocked by clk)
Endpoint: _3133_ (rising edge-triggered flip-flop clocked by clk)
Path Group: clk
Path Type: max

Fanout     Cap    Slew   Delay    Time   Description
-----------------------------------------------------------------------------
                  0.00    0.00    0.00   clock clk (rise edge)
                          0.00    0.00   clock network delay (ideal)
                  0.00    0.00    0.00 ^ _3135_/CLK (sky130_fd_sc_hd__dfxtp_2)
     4    0.02    0.06    0.32    0.32 v _3135_/Q (sky130_fd_sc_hd__dfxtp_2)
                                         display.counter[0] (net)
                  0.06    0.00    0.32 v _2716_/B (sky130_fd_sc_hd__and3_2)
     3    0.01    0.06    0.22    0.54 v _2716_/X (sky130_fd_sc_hd__and3_2)
                                         _1422_ (net)
                  0.06    0.00    0.54 v _2719_/B (sky130_fd_sc_hd__and2_2)
     4    0.02    0.07    0.23    0.78 v _2719_/X (sky130_fd_sc_hd__and2_2)
                                         _1424_ (net)
                  0.07    0.00    0.78 v _2723_/C (sky130_fd_sc_hd__and3_2)
     3    0.01    0.06    0.24    1.02 v _2723_/X (sky130_fd_sc_hd__and3_2)
                                         _1426_ (net)
                  0.06    0.00    1.02 v _2726_/B (sky130_fd_sc_hd__and2_2)
     4    0.02    0.07    0.23    1.25 v _2726_/X (sky130_fd_sc_hd__and2_2)
                                         _1428_ (net)
                  0.07    0.00    1.25 v _2730_/C (sky130_fd_sc_hd__and3_2)
     3    0.01    0.06    0.24    1.50 v _2730_/X (sky130_fd_sc_hd__and3_2)
                                         _1430_ (net)
                  0.06    0.00    1.50 v _2733_/B (sky130_fd_sc_hd__and2_2)
     4    0.02    0.07    0.23    1.73 v _2733_/X (sky130_fd_sc_hd__and2_2)
                                         _1432_ (net)
                  0.07    0.00    1.73 v _2737_/C (sky130_fd_sc_hd__and3_2)
     3    0.01    0.06    0.24    1.97 v _2737_/X (sky130_fd_sc_hd__and3_2)
                                         _1434_ (net)
                  0.06    0.00    1.97 v _2740_/B (sky130_fd_sc_hd__and2_2)
     4    0.02    0.07    0.23    2.20 v _2740_/X (sky130_fd_sc_hd__and2_2)
                                         _1436_ (net)
                  0.07    0.00    2.20 v _2744_/C (sky130_fd_sc_hd__and3_2)
     3    0.01    0.06    0.24    2.45 v _2744_/X (sky130_fd_sc_hd__and3_2)
                                         _1438_ (net)
                  0.06    0.00    2.45 v _2747_/B (sky130_fd_sc_hd__and2_2)
     4    0.02    0.07    0.24    2.68 v _2747_/X (sky130_fd_sc_hd__and2_2)
                                         _1440_ (net)
                  0.07    0.00    2.68 v _2751_/C (sky130_fd_sc_hd__and3_2)
     3    0.01    0.06    0.24    2.93 v _2751_/X (sky130_fd_sc_hd__and3_2)
                                         _1442_ (net)
                  0.06    0.00    2.93 v _2754_/B (sky130_fd_sc_hd__and2_2)
     4    0.01    0.06    0.22    3.15 v _2754_/X (sky130_fd_sc_hd__and2_2)
                                         _1444_ (net)
                  0.06    0.00    3.15 v _2955_/A3 (sky130_fd_sc_hd__a31o_2)
     1    0.00    0.04    0.24    3.39 v _2955_/X (sky130_fd_sc_hd__a31o_2)
                                         _1477_ (net)
                  0.04    0.00    3.39 v _2956_/B1 (sky130_fd_sc_hd__o21a_2)
     1    0.00    0.03    0.10    3.49 v _2956_/X (sky130_fd_sc_hd__o21a_2)
                                         _0356_ (net)
                  0.03    0.00    3.49 v _3133_/D (sky130_fd_sc_hd__dfxtp_2)
                                  3.49   data arrival time

                  0.00   10.00   10.00   clock clk (rise edge)
                          0.00   10.00   clock network delay (ideal)
                          0.00   10.00   clock reconvergence pessimism
                                 10.00 ^ _3133_/CLK (sky130_fd_sc_hd__dfxtp_2)
                         -0.12    9.88   library setup time
                                  9.88   data required time
-----------------------------------------------------------------------------
                                  9.88   data required time
                                 -3.49   data arrival time
-----------------------------------------------------------------------------
                                  6.39   slack (MET)


Startpoint: _2972_ (rising edge-triggered flip-flop clocked by clk)
Endpoint: _3094_ (rising edge-triggered flip-flop clocked by clk)
Path Group: clk
Path Type: max

Fanout     Cap    Slew   Delay    Time   Description
-----------------------------------------------------------------------------
                  0.00    0.00    0.00   clock clk (rise edge)
                          0.00    0.00   clock network delay (ideal)
                  0.00    0.00    0.00 ^ _2972_/CLK (sky130_fd_sc_hd__dfrtp_2)
     4    0.02    0.07    0.41    0.41 v _2972_/Q (sky130_fd_sc_hd__dfrtp_2)
                                         imem.address[13] (net)
                  0.07    0.00    0.41 v _1502_/A (sky130_fd_sc_hd__or4_2)
     3    0.01    0.14    0.72    1.13 v _1502_/X (sky130_fd_sc_hd__or4_2)
                                         _0382_ (net)
                  0.14    0.00    1.13 v _1506_/A_N (sky130_fd_sc_hd__and4bb_2)
     9    0.02    0.12    0.39    1.52 ^ _1506_/X (sky130_fd_sc_hd__and4bb_2)
                                         _0386_ (net)
                  0.12    0.00    1.52 ^ _1507_/B (sky130_fd_sc_hd__and2_2)
     1    0.00    0.04    0.15    1.67 ^ _1507_/X (sky130_fd_sc_hd__and2_2)
                                         _0387_ (net)
                  0.04    0.00    1.67 ^ _1508_/A (sky130_fd_sc_hd__buf_4)
     8    0.03    0.08    0.14    1.81 ^ _1508_/X (sky130_fd_sc_hd__buf_4)
                                         _0388_ (net)
                  0.08    0.00    1.81 ^ _1509_/B1 (sky130_fd_sc_hd__o21ai_2)
     4    0.01    0.08    0.07    1.88 v _1509_/Y (sky130_fd_sc_hd__o21ai_2)
                                         _0389_ (net)
                  0.08    0.00    1.88 v _1510_/A (sky130_fd_sc_hd__buf_2)
    10    0.05    0.12    0.22    2.10 v _1510_/X (sky130_fd_sc_hd__buf_2)
                                         _0390_ (net)
                  0.12    0.00    2.10 v _1511_/B (sky130_fd_sc_hd__or3b_2)
     4    0.01    0.10    0.50    2.60 v _1511_/X (sky130_fd_sc_hd__or3b_2)
                                         _0391_ (net)
                  0.10    0.00    2.60 v _1512_/C (sky130_fd_sc_hd__or3_2)
     5    0.01    0.11    0.48    3.09 v _1512_/X (sky130_fd_sc_hd__or3_2)
                                         _0392_ (net)
                  0.11    0.00    3.09 v _1578_/B (sky130_fd_sc_hd__and2_2)
     1    0.00    0.04    0.21    3.30 v _1578_/X (sky130_fd_sc_hd__and2_2)
                                         _0427_ (net)
                  0.04    0.00    3.30 v _1579_/A (sky130_fd_sc_hd__buf_1)
     1    0.00    0.02    0.08    3.38 v _1579_/X (sky130_fd_sc_hd__buf_1)
                                         _0317_ (net)
                  0.02    0.00    3.38 v _3094_/D (sky130_fd_sc_hd__dfrtp_2)
                                  3.38   data arrival time

                  0.00   10.00   10.00   clock clk (rise edge)
                          0.00   10.00   clock network delay (ideal)
                          0.00   10.00   clock reconvergence pessimism
                                 10.00 ^ _3094_/CLK (sky130_fd_sc_hd__dfrtp_2)
                         -0.12    9.88   library setup time
                                  9.88   data required time
-----------------------------------------------------------------------------
                                  9.88   data required time
                                 -3.38   data arrival time
-----------------------------------------------------------------------------
                                  6.50   slack (MET)


Startpoint: _2972_ (rising edge-triggered flip-flop clocked by clk)
Endpoint: _3096_ (rising edge-triggered flip-flop clocked by clk)
Path Group: clk
Path Type: max

Fanout     Cap    Slew   Delay    Time   Description
-----------------------------------------------------------------------------
                  0.00    0.00    0.00   clock clk (rise edge)
                          0.00    0.00   clock network delay (ideal)
                  0.00    0.00    0.00 ^ _2972_/CLK (sky130_fd_sc_hd__dfrtp_2)
     4    0.02    0.07    0.41    0.41 v _2972_/Q (sky130_fd_sc_hd__dfrtp_2)
                                         imem.address[13] (net)
                  0.07    0.00    0.41 v _1502_/A (sky130_fd_sc_hd__or4_2)
     3    0.01    0.14    0.72    1.13 v _1502_/X (sky130_fd_sc_hd__or4_2)
                                         _0382_ (net)
                  0.14    0.00    1.13 v _1506_/A_N (sky130_fd_sc_hd__and4bb_2)
     9    0.02    0.12    0.39    1.52 ^ _1506_/X (sky130_fd_sc_hd__and4bb_2)
                                         _0386_ (net)
                  0.12    0.00    1.52 ^ _1507_/B (sky130_fd_sc_hd__and2_2)
     1    0.00    0.04    0.15    1.67 ^ _1507_/X (sky130_fd_sc_hd__and2_2)
                                         _0387_ (net)
                  0.04    0.00    1.67 ^ _1508_/A (sky130_fd_sc_hd__buf_4)
     8    0.03    0.08    0.14    1.81 ^ _1508_/X (sky130_fd_sc_hd__buf_4)
                                         _0388_ (net)
                  0.08    0.00    1.81 ^ _1509_/B1 (sky130_fd_sc_hd__o21ai_2)
     4    0.01    0.08    0.07    1.88 v _1509_/Y (sky130_fd_sc_hd__o21ai_2)
                                         _0389_ (net)
                  0.08    0.00    1.88 v _1510_/A (sky130_fd_sc_hd__buf_2)
    10    0.05    0.12    0.22    2.10 v _1510_/X (sky130_fd_sc_hd__buf_2)
                                         _0390_ (net)
                  0.12    0.00    2.10 v _1511_/B (sky130_fd_sc_hd__or3b_2)
     4    0.01    0.10    0.50    2.60 v _1511_/X (sky130_fd_sc_hd__or3b_2)
                                         _0391_ (net)
                  0.10    0.00    2.60 v _1512_/C (sky130_fd_sc_hd__or3_2)
     5    0.01    0.11    0.48    3.09 v _1512_/X (sky130_fd_sc_hd__or3_2)
                                         _0392_ (net)
                  0.11    0.00    3.09 v _1574_/B (sky130_fd_sc_hd__and2_2)
     1    0.00    0.04    0.21    3.30 v _1574_/X (sky130_fd_sc_hd__and2_2)
                                         _0425_ (net)
                  0.04    0.00    3.30 v _1575_/A (sky130_fd_sc_hd__buf_1)
     1    0.00    0.02    0.08    3.38 v _1575_/X (sky130_fd_sc_hd__buf_1)
                                         _0319_ (net)
                  0.02    0.00    3.38 v _3096_/D (sky130_fd_sc_hd__dfrtp_2)
                                  3.38   data arrival time

                  0.00   10.00   10.00   clock clk (rise edge)
                          0.00   10.00   clock network delay (ideal)
                          0.00   10.00   clock reconvergence pessimism
                                 10.00 ^ _3096_/CLK (sky130_fd_sc_hd__dfrtp_2)
                         -0.12    9.88   library setup time
                                  9.88   data required time
-----------------------------------------------------------------------------
                                  9.88   data required time
                                 -3.38   data arrival time
-----------------------------------------------------------------------------
                                  6.50   slack (MET)


Startpoint: _3135_ (rising edge-triggered flip-flop clocked by clk)
Endpoint: _3132_ (rising edge-triggered flip-flop clocked by clk)
Path Group: clk
Path Type: max

Fanout     Cap    Slew   Delay    Time   Description
-----------------------------------------------------------------------------
                  0.00    0.00    0.00   clock clk (rise edge)
                          0.00    0.00   clock network delay (ideal)
                  0.00    0.00    0.00 ^ _3135_/CLK (sky130_fd_sc_hd__dfxtp_2)
     4    0.02    0.06    0.32    0.32 v _3135_/Q (sky130_fd_sc_hd__dfxtp_2)
                                         display.counter[0] (net)
                  0.06    0.00    0.32 v _2716_/B (sky130_fd_sc_hd__and3_2)
     3    0.01    0.06    0.22    0.54 v _2716_/X (sky130_fd_sc_hd__and3_2)
                                         _1422_ (net)
                  0.06    0.00    0.54 v _2719_/B (sky130_fd_sc_hd__and2_2)
     4    0.02    0.07    0.23    0.78 v _2719_/X (sky130_fd_sc_hd__and2_2)
                                         _1424_ (net)
                  0.07    0.00    0.78 v _2723_/C (sky130_fd_sc_hd__and3_2)
     3    0.01    0.06    0.24    1.02 v _2723_/X (sky130_fd_sc_hd__and3_2)
                                         _1426_ (net)
                  0.06    0.00    1.02 v _2726_/B (sky130_fd_sc_hd__and2_2)
     4    0.02    0.07    0.23    1.25 v _2726_/X (sky130_fd_sc_hd__and2_2)
                                         _1428_ (net)
                  0.07    0.00    1.25 v _2730_/C (sky130_fd_sc_hd__and3_2)
     3    0.01    0.06    0.24    1.50 v _2730_/X (sky130_fd_sc_hd__and3_2)
                                         _1430_ (net)
                  0.06    0.00    1.50 v _2733_/B (sky130_fd_sc_hd__and2_2)
     4    0.02    0.07    0.23    1.73 v _2733_/X (sky130_fd_sc_hd__and2_2)
                                         _1432_ (net)
                  0.07    0.00    1.73 v _2737_/C (sky130_fd_sc_hd__and3_2)
     3    0.01    0.06    0.24    1.97 v _2737_/X (sky130_fd_sc_hd__and3_2)
                                         _1434_ (net)
                  0.06    0.00    1.97 v _2740_/B (sky130_fd_sc_hd__and2_2)
     4    0.02    0.07    0.23    2.20 v _2740_/X (sky130_fd_sc_hd__and2_2)
                                         _1436_ (net)
                  0.07    0.00    2.20 v _2744_/C (sky130_fd_sc_hd__and3_2)
     3    0.01    0.06    0.24    2.45 v _2744_/X (sky130_fd_sc_hd__and3_2)
                                         _1438_ (net)
                  0.06    0.00    2.45 v _2747_/B (sky130_fd_sc_hd__and2_2)
     4    0.02    0.07    0.24    2.68 v _2747_/X (sky130_fd_sc_hd__and2_2)
                                         _1440_ (net)
                  0.07    0.00    2.68 v _2751_/C (sky130_fd_sc_hd__and3_2)
     3    0.01    0.06    0.24    2.93 v _2751_/X (sky130_fd_sc_hd__and3_2)
                                         _1442_ (net)
                  0.06    0.00    2.93 v _2754_/B (sky130_fd_sc_hd__and2_2)
     4    0.01    0.06    0.22    3.15 v _2754_/X (sky130_fd_sc_hd__and2_2)
                                         _1444_ (net)
                  0.06    0.00    3.15 v _2757_/B (sky130_fd_sc_hd__nand2_2)
     5    0.02    0.12    0.13    3.28 ^ _2757_/Y (sky130_fd_sc_hd__nand2_2)
                                         _1446_ (net)
                  0.12    0.00    3.28 ^ _2954_/B (sky130_fd_sc_hd__xnor2_2)
     1    0.00    0.09    0.11    3.39 ^ _2954_/Y (sky130_fd_sc_hd__xnor2_2)
                                         _0355_ (net)
                  0.09    0.00    3.39 ^ _3132_/D (sky130_fd_sc_hd__dfxtp_2)
                                  3.39   data arrival time

                  0.00   10.00   10.00   clock clk (rise edge)
                          0.00   10.00   clock network delay (ideal)
                          0.00   10.00   clock reconvergence pessimism
                                 10.00 ^ _3132_/CLK (sky130_fd_sc_hd__dfxtp_2)
                         -0.08    9.92   library setup time
                                  9.92   data required time
-----------------------------------------------------------------------------
                                  9.92   data required time
                                 -3.39   data arrival time
-----------------------------------------------------------------------------
                                  6.54   slack (MET)


Startpoint: _2962_ (rising edge-triggered flip-flop clocked by clk)
Endpoint: _2976_ (rising edge-triggered flip-flop clocked by clk)
Path Group: clk
Path Type: max

Fanout     Cap    Slew   Delay    Time   Description
-----------------------------------------------------------------------------
                  0.00    0.00    0.00   clock clk (rise edge)
                          0.00    0.00   clock network delay (ideal)
                  0.00    0.00    0.00 ^ _2962_/CLK (sky130_fd_sc_hd__dfrtp_2)
     8    0.02    0.09    0.42    0.42 v _2962_/Q (sky130_fd_sc_hd__dfrtp_2)
                                         imem.address[3] (net)
                  0.09    0.00    0.42 v _1664_/A (sky130_fd_sc_hd__and2_2)
     1    0.00    0.04    0.18    0.60 v _1664_/X (sky130_fd_sc_hd__and2_2)
                                         _0480_ (net)
                  0.04    0.00    0.60 v _1665_/A (sky130_fd_sc_hd__buf_1)
     7    0.02    0.13    0.16    0.77 v _1665_/X (sky130_fd_sc_hd__buf_1)
                                         _0481_ (net)
                  0.13    0.00    0.77 v _2499_/C (sky130_fd_sc_hd__and3_2)
     4    0.02    0.07    0.29    1.05 v _2499_/X (sky130_fd_sc_hd__and3_2)
                                         _1283_ (net)
                  0.07    0.00    1.06 v _2569_/C (sky130_fd_sc_hd__and3_2)
     3    0.01    0.06    0.24    1.30 v _2569_/X (sky130_fd_sc_hd__and3_2)
                                         _1321_ (net)
                  0.06    0.00    1.30 v _2570_/B (sky130_fd_sc_hd__and2_2)
     4    0.02    0.07    0.23    1.53 v _2570_/X (sky130_fd_sc_hd__and2_2)
                                         _1322_ (net)
                  0.07    0.00    1.53 v _2571_/C (sky130_fd_sc_hd__and3_2)
     3    0.01    0.06    0.24    1.77 v _2571_/X (sky130_fd_sc_hd__and3_2)
                                         _1323_ (net)
                  0.06    0.00    1.77 v _2572_/B (sky130_fd_sc_hd__and2_2)
     4    0.02    0.07    0.23    2.01 v _2572_/X (sky130_fd_sc_hd__and2_2)
                                         _1324_ (net)
                  0.07    0.00    2.01 v _2573_/C (sky130_fd_sc_hd__and3_2)
     3    0.01    0.06    0.24    2.25 v _2573_/X (sky130_fd_sc_hd__and3_2)
                                         _1325_ (net)
                  0.06    0.00    2.25 v _2574_/B (sky130_fd_sc_hd__and2_2)
     4    0.02    0.07    0.23    2.48 v _2574_/X (sky130_fd_sc_hd__and2_2)
                                         _1326_ (net)
                  0.07    0.00    2.48 v _2575_/C (sky130_fd_sc_hd__and3_2)
     3    0.01    0.06    0.24    2.73 v _2575_/X (sky130_fd_sc_hd__and3_2)
                                         _1327_ (net)
                  0.06    0.00    2.73 v _2576_/B (sky130_fd_sc_hd__and2_2)
     4    0.02    0.07    0.23    2.96 v _2576_/X (sky130_fd_sc_hd__and2_2)
                                         _1328_ (net)
                  0.07    0.00    2.96 v _2577_/C (sky130_fd_sc_hd__and3_2)
     3    0.01    0.06    0.24    3.20 v _2577_/X (sky130_fd_sc_hd__and3_2)
                                         _1329_ (net)
                  0.06    0.00    3.20 v _2612_/A (sky130_fd_sc_hd__nor2_2)
     1    0.00    0.06    0.09    3.30 ^ _2612_/Y (sky130_fd_sc_hd__nor2_2)
                                         _0206_ (net)
                  0.06    0.00    3.30 ^ _2976_/D (sky130_fd_sc_hd__dfrtp_2)
                                  3.30   data arrival time

                  0.00   10.00   10.00   clock clk (rise edge)
                          0.00   10.00   clock network delay (ideal)
                          0.00   10.00   clock reconvergence pessimism
                                 10.00 ^ _2976_/CLK (sky130_fd_sc_hd__dfrtp_2)
                         -0.07    9.93   library setup time
                                  9.93   data required time
-----------------------------------------------------------------------------
                                  9.93   data required time
                                 -3.30   data arrival time
-----------------------------------------------------------------------------
                                  6.63   slack (MET)


Startpoint: _3135_ (rising edge-triggered flip-flop clocked by clk)
Endpoint: _3153_ (rising edge-triggered flip-flop clocked by clk)
Path Group: clk
Path Type: max

Fanout     Cap    Slew   Delay    Time   Description
-----------------------------------------------------------------------------
                  0.00    0.00    0.00   clock clk (rise edge)
                          0.00    0.00   clock network delay (ideal)
                  0.00    0.00    0.00 ^ _3135_/CLK (sky130_fd_sc_hd__dfxtp_2)
     4    0.02    0.06    0.32    0.32 v _3135_/Q (sky130_fd_sc_hd__dfxtp_2)
                                         display.counter[0] (net)
                  0.06    0.00    0.32 v _2716_/B (sky130_fd_sc_hd__and3_2)
     3    0.01    0.06    0.22    0.54 v _2716_/X (sky130_fd_sc_hd__and3_2)
                                         _1422_ (net)
                  0.06    0.00    0.54 v _2719_/B (sky130_fd_sc_hd__and2_2)
     4    0.02    0.07    0.23    0.78 v _2719_/X (sky130_fd_sc_hd__and2_2)
                                         _1424_ (net)
                  0.07    0.00    0.78 v _2723_/C (sky130_fd_sc_hd__and3_2)
     3    0.01    0.06    0.24    1.02 v _2723_/X (sky130_fd_sc_hd__and3_2)
                                         _1426_ (net)
                  0.06    0.00    1.02 v _2726_/B (sky130_fd_sc_hd__and2_2)
     4    0.02    0.07    0.23    1.25 v _2726_/X (sky130_fd_sc_hd__and2_2)
                                         _1428_ (net)
                  0.07    0.00    1.25 v _2730_/C (sky130_fd_sc_hd__and3_2)
     3    0.01    0.06    0.24    1.50 v _2730_/X (sky130_fd_sc_hd__and3_2)
                                         _1430_ (net)
                  0.06    0.00    1.50 v _2733_/B (sky130_fd_sc_hd__and2_2)
     4    0.02    0.07    0.23    1.73 v _2733_/X (sky130_fd_sc_hd__and2_2)
                                         _1432_ (net)
                  0.07    0.00    1.73 v _2737_/C (sky130_fd_sc_hd__and3_2)
     3    0.01    0.06    0.24    1.97 v _2737_/X (sky130_fd_sc_hd__and3_2)
                                         _1434_ (net)
                  0.06    0.00    1.97 v _2740_/B (sky130_fd_sc_hd__and2_2)
     4    0.02    0.07    0.23    2.20 v _2740_/X (sky130_fd_sc_hd__and2_2)
                                         _1436_ (net)
                  0.07    0.00    2.20 v _2744_/C (sky130_fd_sc_hd__and3_2)
     3    0.01    0.06    0.24    2.45 v _2744_/X (sky130_fd_sc_hd__and3_2)
                                         _1438_ (net)
                  0.06    0.00    2.45 v _2747_/B (sky130_fd_sc_hd__and2_2)
     4    0.02    0.07    0.24    2.68 v _2747_/X (sky130_fd_sc_hd__and2_2)
                                         _1440_ (net)
                  0.07    0.00    2.68 v _2751_/C (sky130_fd_sc_hd__and3_2)
     3    0.01    0.06    0.24    2.93 v _2751_/X (sky130_fd_sc_hd__and3_2)
                                         _1442_ (net)
                  0.06    0.00    2.93 v _2754_/B (sky130_fd_sc_hd__and2_2)
     4    0.01    0.06    0.22    3.15 v _2754_/X (sky130_fd_sc_hd__and2_2)
                                         _1444_ (net)
                  0.06    0.00    3.15 v _2756_/A (sky130_fd_sc_hd__nor2_2)
     1    0.00    0.05    0.09    3.24 ^ _2756_/Y (sky130_fd_sc_hd__nor2_2)
                                         _0016_ (net)
                  0.05    0.00    3.24 ^ _3153_/D (sky130_fd_sc_hd__dfxtp_2)
                                  3.24   data arrival time

                  0.00   10.00   10.00   clock clk (rise edge)
                          0.00   10.00   clock network delay (ideal)
                          0.00   10.00   clock reconvergence pessimism
                                 10.00 ^ _3153_/CLK (sky130_fd_sc_hd__dfxtp_2)
                         -0.07    9.93   library setup time
                                  9.93   data required time
-----------------------------------------------------------------------------
                                  9.93   data required time
                                 -3.24   data arrival time
-----------------------------------------------------------------------------
                                  6.69   slack (MET)


Startpoint: _2962_ (rising edge-triggered flip-flop clocked by clk)
Endpoint: _2975_ (rising edge-triggered flip-flop clocked by clk)
Path Group: clk
Path Type: max

Fanout     Cap    Slew   Delay    Time   Description
-----------------------------------------------------------------------------
                  0.00    0.00    0.00   clock clk (rise edge)
                          0.00    0.00   clock network delay (ideal)
                  0.00    0.00    0.00 ^ _2962_/CLK (sky130_fd_sc_hd__dfrtp_2)
     8    0.02    0.09    0.42    0.42 v _2962_/Q (sky130_fd_sc_hd__dfrtp_2)
                                         imem.address[3] (net)
                  0.09    0.00    0.42 v _1664_/A (sky130_fd_sc_hd__and2_2)
     1    0.00    0.04    0.18    0.60 v _1664_/X (sky130_fd_sc_hd__and2_2)
                                         _0480_ (net)
                  0.04    0.00    0.60 v _1665_/A (sky130_fd_sc_hd__buf_1)
     7    0.02    0.13    0.16    0.77 v _1665_/X (sky130_fd_sc_hd__buf_1)
                                         _0481_ (net)
                  0.13    0.00    0.77 v _2499_/C (sky130_fd_sc_hd__and3_2)
     4    0.02    0.07    0.29    1.05 v _2499_/X (sky130_fd_sc_hd__and3_2)
                                         _1283_ (net)
                  0.07    0.00    1.06 v _2569_/C (sky130_fd_sc_hd__and3_2)
     3    0.01    0.06    0.24    1.30 v _2569_/X (sky130_fd_sc_hd__and3_2)
                                         _1321_ (net)
                  0.06    0.00    1.30 v _2570_/B (sky130_fd_sc_hd__and2_2)
     4    0.02    0.07    0.23    1.53 v _2570_/X (sky130_fd_sc_hd__and2_2)
                                         _1322_ (net)
                  0.07    0.00    1.53 v _2571_/C (sky130_fd_sc_hd__and3_2)
     3    0.01    0.06    0.24    1.77 v _2571_/X (sky130_fd_sc_hd__and3_2)
                                         _1323_ (net)
                  0.06    0.00    1.77 v _2572_/B (sky130_fd_sc_hd__and2_2)
     4    0.02    0.07    0.23    2.01 v _2572_/X (sky130_fd_sc_hd__and2_2)
                                         _1324_ (net)
                  0.07    0.00    2.01 v _2573_/C (sky130_fd_sc_hd__and3_2)
     3    0.01    0.06    0.24    2.25 v _2573_/X (sky130_fd_sc_hd__and3_2)
                                         _1325_ (net)
                  0.06    0.00    2.25 v _2574_/B (sky130_fd_sc_hd__and2_2)
     4    0.02    0.07    0.23    2.48 v _2574_/X (sky130_fd_sc_hd__and2_2)
                                         _1326_ (net)
                  0.07    0.00    2.48 v _2575_/C (sky130_fd_sc_hd__and3_2)
     3    0.01    0.06    0.24    2.73 v _2575_/X (sky130_fd_sc_hd__and3_2)
                                         _1327_ (net)
                  0.06    0.00    2.73 v _2576_/B (sky130_fd_sc_hd__and2_2)
     4    0.02    0.07    0.23    2.96 v _2576_/X (sky130_fd_sc_hd__and2_2)
                                         _1328_ (net)
                  0.07    0.00    2.96 v _2613_/B (sky130_fd_sc_hd__xor2_2)
     1    0.00    0.05    0.14    3.10 v _2613_/X (sky130_fd_sc_hd__xor2_2)
                                         _0205_ (net)
                  0.05    0.00    3.10 v _2975_/D (sky130_fd_sc_hd__dfrtp_2)
                                  3.10   data arrival time

                  0.00   10.00   10.00   clock clk (rise edge)
                          0.00   10.00   clock network delay (ideal)
                          0.00   10.00   clock reconvergence pessimism
                                 10.00 ^ _2975_/CLK (sky130_fd_sc_hd__dfrtp_2)
                         -0.13    9.87   library setup time
                                  9.87   data required time
-----------------------------------------------------------------------------
                                  9.87   data required time
                                 -3.10   data arrival time
-----------------------------------------------------------------------------
                                  6.77   slack (MET)


Startpoint: _2962_ (rising edge-triggered flip-flop clocked by clk)
Endpoint: _2974_ (rising edge-triggered flip-flop clocked by clk)
Path Group: clk
Path Type: max

Fanout     Cap    Slew   Delay    Time   Description
-----------------------------------------------------------------------------
                  0.00    0.00    0.00   clock clk (rise edge)
                          0.00    0.00   clock network delay (ideal)
                  0.00    0.00    0.00 ^ _2962_/CLK (sky130_fd_sc_hd__dfrtp_2)
     8    0.02    0.09    0.42    0.42 v _2962_/Q (sky130_fd_sc_hd__dfrtp_2)
                                         imem.address[3] (net)
                  0.09    0.00    0.42 v _1664_/A (sky130_fd_sc_hd__and2_2)
     1    0.00    0.04    0.18    0.60 v _1664_/X (sky130_fd_sc_hd__and2_2)
                                         _0480_ (net)
                  0.04    0.00    0.60 v _1665_/A (sky130_fd_sc_hd__buf_1)
     7    0.02    0.13    0.16    0.77 v _1665_/X (sky130_fd_sc_hd__buf_1)
                                         _0481_ (net)
                  0.13    0.00    0.77 v _2499_/C (sky130_fd_sc_hd__and3_2)
     4    0.02    0.07    0.29    1.05 v _2499_/X (sky130_fd_sc_hd__and3_2)
                                         _1283_ (net)
                  0.07    0.00    1.06 v _2569_/C (sky130_fd_sc_hd__and3_2)
     3    0.01    0.06    0.24    1.30 v _2569_/X (sky130_fd_sc_hd__and3_2)
                                         _1321_ (net)
                  0.06    0.00    1.30 v _2570_/B (sky130_fd_sc_hd__and2_2)
     4    0.02    0.07    0.23    1.53 v _2570_/X (sky130_fd_sc_hd__and2_2)
                                         _1322_ (net)
                  0.07    0.00    1.53 v _2571_/C (sky130_fd_sc_hd__and3_2)
     3    0.01    0.06    0.24    1.77 v _2571_/X (sky130_fd_sc_hd__and3_2)
                                         _1323_ (net)
                  0.06    0.00    1.77 v _2572_/B (sky130_fd_sc_hd__and2_2)
     4    0.02    0.07    0.23    2.01 v _2572_/X (sky130_fd_sc_hd__and2_2)
                                         _1324_ (net)
                  0.07    0.00    2.01 v _2573_/C (sky130_fd_sc_hd__and3_2)
     3    0.01    0.06    0.24    2.25 v _2573_/X (sky130_fd_sc_hd__and3_2)
                                         _1325_ (net)
                  0.06    0.00    2.25 v _2574_/B (sky130_fd_sc_hd__and2_2)
     4    0.02    0.07    0.23    2.48 v _2574_/X (sky130_fd_sc_hd__and2_2)
                                         _1326_ (net)
                  0.07    0.00    2.48 v _2575_/C (sky130_fd_sc_hd__and3_2)
     3    0.01    0.06    0.24    2.73 v _2575_/X (sky130_fd_sc_hd__and3_2)
                                         _1327_ (net)
                  0.06    0.00    2.73 v _2576_/B (sky130_fd_sc_hd__and2_2)
     4    0.02    0.07    0.23    2.96 v _2576_/X (sky130_fd_sc_hd__and2_2)
                                         _1328_ (net)
                  0.07    0.00    2.96 v _2615_/A (sky130_fd_sc_hd__nor2_2)
     1    0.00    0.06    0.10    3.06 ^ _2615_/Y (sky130_fd_sc_hd__nor2_2)
                                         _0204_ (net)
                  0.06    0.00    3.06 ^ _2974_/D (sky130_fd_sc_hd__dfrtp_2)
                                  3.06   data arrival time

                  0.00   10.00   10.00   clock clk (rise edge)
                          0.00   10.00   clock network delay (ideal)
                          0.00   10.00   clock reconvergence pessimism
                                 10.00 ^ _2974_/CLK (sky130_fd_sc_hd__dfrtp_2)
                         -0.07    9.93   library setup time
                                  9.93   data required time
-----------------------------------------------------------------------------
                                  9.93   data required time
                                 -3.06   data arrival time
-----------------------------------------------------------------------------
                                  6.86   slack (MET)


Startpoint: _3135_ (rising edge-triggered flip-flop clocked by clk)
Endpoint: _3152_ (rising edge-triggered flip-flop clocked by clk)
Path Group: clk
Path Type: max

Fanout     Cap    Slew   Delay    Time   Description
-----------------------------------------------------------------------------
                  0.00    0.00    0.00   clock clk (rise edge)
                          0.00    0.00   clock network delay (ideal)
                  0.00    0.00    0.00 ^ _3135_/CLK (sky130_fd_sc_hd__dfxtp_2)
     4    0.02    0.06    0.32    0.32 v _3135_/Q (sky130_fd_sc_hd__dfxtp_2)
                                         display.counter[0] (net)
                  0.06    0.00    0.32 v _2716_/B (sky130_fd_sc_hd__and3_2)
     3    0.01    0.06    0.22    0.54 v _2716_/X (sky130_fd_sc_hd__and3_2)
                                         _1422_ (net)
                  0.06    0.00    0.54 v _2719_/B (sky130_fd_sc_hd__and2_2)
     4    0.02    0.07    0.23    0.78 v _2719_/X (sky130_fd_sc_hd__and2_2)
                                         _1424_ (net)
                  0.07    0.00    0.78 v _2723_/C (sky130_fd_sc_hd__and3_2)
     3    0.01    0.06    0.24    1.02 v _2723_/X (sky130_fd_sc_hd__and3_2)
                                         _1426_ (net)
                  0.06    0.00    1.02 v _2726_/B (sky130_fd_sc_hd__and2_2)
     4    0.02    0.07    0.23    1.25 v _2726_/X (sky130_fd_sc_hd__and2_2)
                                         _1428_ (net)
                  0.07    0.00    1.25 v _2730_/C (sky130_fd_sc_hd__and3_2)
     3    0.01    0.06    0.24    1.50 v _2730_/X (sky130_fd_sc_hd__and3_2)
                                         _1430_ (net)
                  0.06    0.00    1.50 v _2733_/B (sky130_fd_sc_hd__and2_2)
     4    0.02    0.07    0.23    1.73 v _2733_/X (sky130_fd_sc_hd__and2_2)
                                         _1432_ (net)
                  0.07    0.00    1.73 v _2737_/C (sky130_fd_sc_hd__and3_2)
     3    0.01    0.06    0.24    1.97 v _2737_/X (sky130_fd_sc_hd__and3_2)
                                         _1434_ (net)
                  0.06    0.00    1.97 v _2740_/B (sky130_fd_sc_hd__and2_2)
     4    0.02    0.07    0.23    2.20 v _2740_/X (sky130_fd_sc_hd__and2_2)
                                         _1436_ (net)
                  0.07    0.00    2.20 v _2744_/C (sky130_fd_sc_hd__and3_2)
     3    0.01    0.06    0.24    2.45 v _2744_/X (sky130_fd_sc_hd__and3_2)
                                         _1438_ (net)
                  0.06    0.00    2.45 v _2747_/B (sky130_fd_sc_hd__and2_2)
     4    0.02    0.07    0.24    2.68 v _2747_/X (sky130_fd_sc_hd__and2_2)
                                         _1440_ (net)
                  0.07    0.00    2.68 v _2751_/C (sky130_fd_sc_hd__and3_2)
     3    0.01    0.06    0.24    2.93 v _2751_/X (sky130_fd_sc_hd__and3_2)
                                         _1442_ (net)
                  0.06    0.00    2.93 v _2753_/A (sky130_fd_sc_hd__nor2_2)
     1    0.00    0.05    0.09    3.02 ^ _2753_/Y (sky130_fd_sc_hd__nor2_2)
                                         _0015_ (net)
                  0.05    0.00    3.02 ^ _3152_/D (sky130_fd_sc_hd__dfxtp_2)
                                  3.02   data arrival time

                  0.00   10.00   10.00   clock clk (rise edge)
                          0.00   10.00   clock network delay (ideal)
                          0.00   10.00   clock reconvergence pessimism
                                 10.00 ^ _3152_/CLK (sky130_fd_sc_hd__dfxtp_2)
                         -0.07    9.93   library setup time
                                  9.93   data required time
-----------------------------------------------------------------------------
                                  9.93   data required time
                                 -3.02   data arrival time
-----------------------------------------------------------------------------
                                  6.92   slack (MET)


Startpoint: _3135_ (rising edge-triggered flip-flop clocked by clk)
Endpoint: _3151_ (rising edge-triggered flip-flop clocked by clk)
Path Group: clk
Path Type: max

Fanout     Cap    Slew   Delay    Time   Description
-----------------------------------------------------------------------------
                  0.00    0.00    0.00   clock clk (rise edge)
                          0.00    0.00   clock network delay (ideal)
                  0.00    0.00    0.00 ^ _3135_/CLK (sky130_fd_sc_hd__dfxtp_2)
     4    0.02    0.06    0.32    0.32 v _3135_/Q (sky130_fd_sc_hd__dfxtp_2)
                                         display.counter[0] (net)
                  0.06    0.00    0.32 v _2716_/B (sky130_fd_sc_hd__and3_2)
     3    0.01    0.06    0.22    0.54 v _2716_/X (sky130_fd_sc_hd__and3_2)
                                         _1422_ (net)
                  0.06    0.00    0.54 v _2719_/B (sky130_fd_sc_hd__and2_2)
     4    0.02    0.07    0.23    0.78 v _2719_/X (sky130_fd_sc_hd__and2_2)
                                         _1424_ (net)
                  0.07    0.00    0.78 v _2723_/C (sky130_fd_sc_hd__and3_2)
     3    0.01    0.06    0.24    1.02 v _2723_/X (sky130_fd_sc_hd__and3_2)
                                         _1426_ (net)
                  0.06    0.00    1.02 v _2726_/B (sky130_fd_sc_hd__and2_2)
     4    0.02    0.07    0.23    1.25 v _2726_/X (sky130_fd_sc_hd__and2_2)
                                         _1428_ (net)
                  0.07    0.00    1.25 v _2730_/C (sky130_fd_sc_hd__and3_2)
     3    0.01    0.06    0.24    1.50 v _2730_/X (sky130_fd_sc_hd__and3_2)
                                         _1430_ (net)
                  0.06    0.00    1.50 v _2733_/B (sky130_fd_sc_hd__and2_2)
     4    0.02    0.07    0.23    1.73 v _2733_/X (sky130_fd_sc_hd__and2_2)
                                         _1432_ (net)
                  0.07    0.00    1.73 v _2737_/C (sky130_fd_sc_hd__and3_2)
     3    0.01    0.06    0.24    1.97 v _2737_/X (sky130_fd_sc_hd__and3_2)
                                         _1434_ (net)
                  0.06    0.00    1.97 v _2740_/B (sky130_fd_sc_hd__and2_2)
     4    0.02    0.07    0.23    2.20 v _2740_/X (sky130_fd_sc_hd__and2_2)
                                         _1436_ (net)
                  0.07    0.00    2.20 v _2744_/C (sky130_fd_sc_hd__and3_2)
     3    0.01    0.06    0.24    2.45 v _2744_/X (sky130_fd_sc_hd__and3_2)
                                         _1438_ (net)
                  0.06    0.00    2.45 v _2747_/B (sky130_fd_sc_hd__and2_2)
     4    0.02    0.07    0.24    2.68 v _2747_/X (sky130_fd_sc_hd__and2_2)
                                         _1440_ (net)
                  0.07    0.00    2.68 v _2750_/B (sky130_fd_sc_hd__xor2_2)
     1    0.00    0.05    0.14    2.83 v _2750_/X (sky130_fd_sc_hd__xor2_2)
                                         _0014_ (net)
                  0.05    0.00    2.83 v _3151_/D (sky130_fd_sc_hd__dfxtp_2)
                                  2.83   data arrival time

                  0.00   10.00   10.00   clock clk (rise edge)
                          0.00   10.00   clock network delay (ideal)
                          0.00   10.00   clock reconvergence pessimism
                                 10.00 ^ _3151_/CLK (sky130_fd_sc_hd__dfxtp_2)
                         -0.12    9.88   library setup time
                                  9.88   data required time
-----------------------------------------------------------------------------
                                  9.88   data required time
                                 -2.83   data arrival time
-----------------------------------------------------------------------------
                                  7.05   slack (MET)


Startpoint: _2962_ (rising edge-triggered flip-flop clocked by clk)
Endpoint: _2973_ (rising edge-triggered flip-flop clocked by clk)
Path Group: clk
Path Type: max

Fanout     Cap    Slew   Delay    Time   Description
-----------------------------------------------------------------------------
                  0.00    0.00    0.00   clock clk (rise edge)
                          0.00    0.00   clock network delay (ideal)
                  0.00    0.00    0.00 ^ _2962_/CLK (sky130_fd_sc_hd__dfrtp_2)
     8    0.02    0.09    0.42    0.42 v _2962_/Q (sky130_fd_sc_hd__dfrtp_2)
                                         imem.address[3] (net)
                  0.09    0.00    0.42 v _1664_/A (sky130_fd_sc_hd__and2_2)
     1    0.00    0.04    0.18    0.60 v _1664_/X (sky130_fd_sc_hd__and2_2)
                                         _0480_ (net)
                  0.04    0.00    0.60 v _1665_/A (sky130_fd_sc_hd__buf_1)
     7    0.02    0.13    0.16    0.77 v _1665_/X (sky130_fd_sc_hd__buf_1)
                                         _0481_ (net)
                  0.13    0.00    0.77 v _2499_/C (sky130_fd_sc_hd__and3_2)
     4    0.02    0.07    0.29    1.05 v _2499_/X (sky130_fd_sc_hd__and3_2)
                                         _1283_ (net)
                  0.07    0.00    1.06 v _2569_/C (sky130_fd_sc_hd__and3_2)
     3    0.01    0.06    0.24    1.30 v _2569_/X (sky130_fd_sc_hd__and3_2)
                                         _1321_ (net)
                  0.06    0.00    1.30 v _2570_/B (sky130_fd_sc_hd__and2_2)
     4    0.02    0.07    0.23    1.53 v _2570_/X (sky130_fd_sc_hd__and2_2)
                                         _1322_ (net)
                  0.07    0.00    1.53 v _2571_/C (sky130_fd_sc_hd__and3_2)
     3    0.01    0.06    0.24    1.77 v _2571_/X (sky130_fd_sc_hd__and3_2)
                                         _1323_ (net)
                  0.06    0.00    1.77 v _2572_/B (sky130_fd_sc_hd__and2_2)
     4    0.02    0.07    0.23    2.01 v _2572_/X (sky130_fd_sc_hd__and2_2)
                                         _1324_ (net)
                  0.07    0.00    2.01 v _2573_/C (sky130_fd_sc_hd__and3_2)
     3    0.01    0.06    0.24    2.25 v _2573_/X (sky130_fd_sc_hd__and3_2)
                                         _1325_ (net)
                  0.06    0.00    2.25 v _2574_/B (sky130_fd_sc_hd__and2_2)
     4    0.02    0.07    0.23    2.48 v _2574_/X (sky130_fd_sc_hd__and2_2)
                                         _1326_ (net)
                  0.07    0.00    2.48 v _2575_/C (sky130_fd_sc_hd__and3_2)
     3    0.01    0.06    0.24    2.73 v _2575_/X (sky130_fd_sc_hd__and3_2)
                                         _1327_ (net)
                  0.06    0.00    2.73 v _2617_/A (sky130_fd_sc_hd__nor2_2)
     1    0.00    0.06    0.09    2.82 ^ _2617_/Y (sky130_fd_sc_hd__nor2_2)
                                         _0203_ (net)
                  0.06    0.00    2.82 ^ _2973_/D (sky130_fd_sc_hd__dfrtp_2)
                                  2.82   data arrival time

                  0.00   10.00   10.00   clock clk (rise edge)
                          0.00   10.00   clock network delay (ideal)
                          0.00   10.00   clock reconvergence pessimism
                                 10.00 ^ _2973_/CLK (sky130_fd_sc_hd__dfrtp_2)
                         -0.07    9.93   library setup time
                                  9.93   data required time
-----------------------------------------------------------------------------
                                  9.93   data required time
                                 -2.82   data arrival time
-----------------------------------------------------------------------------
                                  7.11   slack (MET)


Startpoint: _3135_ (rising edge-triggered flip-flop clocked by clk)
Endpoint: _3150_ (rising edge-triggered flip-flop clocked by clk)
Path Group: clk
Path Type: max

Fanout     Cap    Slew   Delay    Time   Description
-----------------------------------------------------------------------------
                  0.00    0.00    0.00   clock clk (rise edge)
                          0.00    0.00   clock network delay (ideal)
                  0.00    0.00    0.00 ^ _3135_/CLK (sky130_fd_sc_hd__dfxtp_2)
     4    0.02    0.06    0.32    0.32 v _3135_/Q (sky130_fd_sc_hd__dfxtp_2)
                                         display.counter[0] (net)
                  0.06    0.00    0.32 v _2716_/B (sky130_fd_sc_hd__and3_2)
     3    0.01    0.06    0.22    0.54 v _2716_/X (sky130_fd_sc_hd__and3_2)
                                         _1422_ (net)
                  0.06    0.00    0.54 v _2719_/B (sky130_fd_sc_hd__and2_2)
     4    0.02    0.07    0.23    0.78 v _2719_/X (sky130_fd_sc_hd__and2_2)
                                         _1424_ (net)
                  0.07    0.00    0.78 v _2723_/C (sky130_fd_sc_hd__and3_2)
     3    0.01    0.06    0.24    1.02 v _2723_/X (sky130_fd_sc_hd__and3_2)
                                         _1426_ (net)
                  0.06    0.00    1.02 v _2726_/B (sky130_fd_sc_hd__and2_2)
     4    0.02    0.07    0.23    1.25 v _2726_/X (sky130_fd_sc_hd__and2_2)
                                         _1428_ (net)
                  0.07    0.00    1.25 v _2730_/C (sky130_fd_sc_hd__and3_2)
     3    0.01    0.06    0.24    1.50 v _2730_/X (sky130_fd_sc_hd__and3_2)
                                         _1430_ (net)
                  0.06    0.00    1.50 v _2733_/B (sky130_fd_sc_hd__and2_2)
     4    0.02    0.07    0.23    1.73 v _2733_/X (sky130_fd_sc_hd__and2_2)
                                         _1432_ (net)
                  0.07    0.00    1.73 v _2737_/C (sky130_fd_sc_hd__and3_2)
     3    0.01    0.06    0.24    1.97 v _2737_/X (sky130_fd_sc_hd__and3_2)
                                         _1434_ (net)
                  0.06    0.00    1.97 v _2740_/B (sky130_fd_sc_hd__and2_2)
     4    0.02    0.07    0.23    2.20 v _2740_/X (sky130_fd_sc_hd__and2_2)
                                         _1436_ (net)
                  0.07    0.00    2.20 v _2744_/C (sky130_fd_sc_hd__and3_2)
     3    0.01    0.06    0.24    2.45 v _2744_/X (sky130_fd_sc_hd__and3_2)
                                         _1438_ (net)
                  0.06    0.00    2.45 v _2747_/B (sky130_fd_sc_hd__and2_2)
     4    0.02    0.07    0.24    2.68 v _2747_/X (sky130_fd_sc_hd__and2_2)
                                         _1440_ (net)
                  0.07    0.00    2.68 v _2749_/A (sky130_fd_sc_hd__nor2_2)
     1    0.00    0.05    0.10    2.78 ^ _2749_/Y (sky130_fd_sc_hd__nor2_2)
                                         _0013_ (net)
                  0.05    0.00    2.78 ^ _3150_/D (sky130_fd_sc_hd__dfxtp_2)
                                  2.78   data arrival time

                  0.00   10.00   10.00   clock clk (rise edge)
                          0.00   10.00   clock network delay (ideal)
                          0.00   10.00   clock reconvergence pessimism
                                 10.00 ^ _3150_/CLK (sky130_fd_sc_hd__dfxtp_2)
                         -0.07    9.93   library setup time
                                  9.93   data required time
-----------------------------------------------------------------------------
                                  9.93   data required time
                                 -2.78   data arrival time
-----------------------------------------------------------------------------
                                  7.15   slack (MET)


Startpoint: _2962_ (rising edge-triggered flip-flop clocked by clk)
Endpoint: _2972_ (rising edge-triggered flip-flop clocked by clk)
Path Group: clk
Path Type: max

Fanout     Cap    Slew   Delay    Time   Description
-----------------------------------------------------------------------------
                  0.00    0.00    0.00   clock clk (rise edge)
                          0.00    0.00   clock network delay (ideal)
                  0.00    0.00    0.00 ^ _2962_/CLK (sky130_fd_sc_hd__dfrtp_2)
     8    0.02    0.09    0.42    0.42 v _2962_/Q (sky130_fd_sc_hd__dfrtp_2)
                                         imem.address[3] (net)
                  0.09    0.00    0.42 v _1664_/A (sky130_fd_sc_hd__and2_2)
     1    0.00    0.04    0.18    0.60 v _1664_/X (sky130_fd_sc_hd__and2_2)
                                         _0480_ (net)
                  0.04    0.00    0.60 v _1665_/A (sky130_fd_sc_hd__buf_1)
     7    0.02    0.13    0.16    0.77 v _1665_/X (sky130_fd_sc_hd__buf_1)
                                         _0481_ (net)
                  0.13    0.00    0.77 v _2499_/C (sky130_fd_sc_hd__and3_2)
     4    0.02    0.07    0.29    1.05 v _2499_/X (sky130_fd_sc_hd__and3_2)
                                         _1283_ (net)
                  0.07    0.00    1.06 v _2569_/C (sky130_fd_sc_hd__and3_2)
     3    0.01    0.06    0.24    1.30 v _2569_/X (sky130_fd_sc_hd__and3_2)
                                         _1321_ (net)
                  0.06    0.00    1.30 v _2570_/B (sky130_fd_sc_hd__and2_2)
     4    0.02    0.07    0.23    1.53 v _2570_/X (sky130_fd_sc_hd__and2_2)
                                         _1322_ (net)
                  0.07    0.00    1.53 v _2571_/C (sky130_fd_sc_hd__and3_2)
     3    0.01    0.06    0.24    1.77 v _2571_/X (sky130_fd_sc_hd__and3_2)
                                         _1323_ (net)
                  0.06    0.00    1.77 v _2572_/B (sky130_fd_sc_hd__and2_2)
     4    0.02    0.07    0.23    2.01 v _2572_/X (sky130_fd_sc_hd__and2_2)
                                         _1324_ (net)
                  0.07    0.00    2.01 v _2573_/C (sky130_fd_sc_hd__and3_2)
     3    0.01    0.06    0.24    2.25 v _2573_/X (sky130_fd_sc_hd__and3_2)
                                         _1325_ (net)
                  0.06    0.00    2.25 v _2574_/B (sky130_fd_sc_hd__and2_2)
     4    0.02    0.07    0.23    2.48 v _2574_/X (sky130_fd_sc_hd__and2_2)
                                         _1326_ (net)
                  0.07    0.00    2.48 v _2618_/B (sky130_fd_sc_hd__xor2_2)
     1    0.00    0.05    0.14    2.63 v _2618_/X (sky130_fd_sc_hd__xor2_2)
                                         _0202_ (net)
                  0.05    0.00    2.63 v _2972_/D (sky130_fd_sc_hd__dfrtp_2)
                                  2.63   data arrival time

                  0.00   10.00   10.00   clock clk (rise edge)
                          0.00   10.00   clock network delay (ideal)
                          0.00   10.00   clock reconvergence pessimism
                                 10.00 ^ _2972_/CLK (sky130_fd_sc_hd__dfrtp_2)
                         -0.13    9.87   library setup time
                                  9.87   data required time
-----------------------------------------------------------------------------
                                  9.87   data required time
                                 -2.63   data arrival time
-----------------------------------------------------------------------------
                                  7.25   slack (MET)


Startpoint: _2962_ (rising edge-triggered flip-flop clocked by clk)
Endpoint: _2971_ (rising edge-triggered flip-flop clocked by clk)
Path Group: clk
Path Type: max

Fanout     Cap    Slew   Delay    Time   Description
-----------------------------------------------------------------------------
                  0.00    0.00    0.00   clock clk (rise edge)
                          0.00    0.00   clock network delay (ideal)
                  0.00    0.00    0.00 ^ _2962_/CLK (sky130_fd_sc_hd__dfrtp_2)
     8    0.02    0.09    0.42    0.42 v _2962_/Q (sky130_fd_sc_hd__dfrtp_2)
                                         imem.address[3] (net)
                  0.09    0.00    0.42 v _1664_/A (sky130_fd_sc_hd__and2_2)
     1    0.00    0.04    0.18    0.60 v _1664_/X (sky130_fd_sc_hd__and2_2)
                                         _0480_ (net)
                  0.04    0.00    0.60 v _1665_/A (sky130_fd_sc_hd__buf_1)
     7    0.02    0.13    0.16    0.77 v _1665_/X (sky130_fd_sc_hd__buf_1)
                                         _0481_ (net)
                  0.13    0.00    0.77 v _2499_/C (sky130_fd_sc_hd__and3_2)
     4    0.02    0.07    0.29    1.05 v _2499_/X (sky130_fd_sc_hd__and3_2)
                                         _1283_ (net)
                  0.07    0.00    1.06 v _2569_/C (sky130_fd_sc_hd__and3_2)
     3    0.01    0.06    0.24    1.30 v _2569_/X (sky130_fd_sc_hd__and3_2)
                                         _1321_ (net)
                  0.06    0.00    1.30 v _2570_/B (sky130_fd_sc_hd__and2_2)
     4    0.02    0.07    0.23    1.53 v _2570_/X (sky130_fd_sc_hd__and2_2)
                                         _1322_ (net)
                  0.07    0.00    1.53 v _2571_/C (sky130_fd_sc_hd__and3_2)
     3    0.01    0.06    0.24    1.77 v _2571_/X (sky130_fd_sc_hd__and3_2)
                                         _1323_ (net)
                  0.06    0.00    1.77 v _2572_/B (sky130_fd_sc_hd__and2_2)
     4    0.02    0.07    0.23    2.01 v _2572_/X (sky130_fd_sc_hd__and2_2)
                                         _1324_ (net)
                  0.07    0.00    2.01 v _2573_/C (sky130_fd_sc_hd__and3_2)
     3    0.01    0.06    0.24    2.25 v _2573_/X (sky130_fd_sc_hd__and3_2)
                                         _1325_ (net)
                  0.06    0.00    2.25 v _2574_/B (sky130_fd_sc_hd__and2_2)
     4    0.02    0.07    0.23    2.48 v _2574_/X (sky130_fd_sc_hd__and2_2)
                                         _1326_ (net)
                  0.07    0.00    2.48 v _2620_/A (sky130_fd_sc_hd__nor2_2)
     1    0.00    0.06    0.10    2.58 ^ _2620_/Y (sky130_fd_sc_hd__nor2_2)
                                         _0201_ (net)
                  0.06    0.00    2.58 ^ _2971_/D (sky130_fd_sc_hd__dfrtp_2)
                                  2.58   data arrival time

                  0.00   10.00   10.00   clock clk (rise edge)
                          0.00   10.00   clock network delay (ideal)
                          0.00   10.00   clock reconvergence pessimism
                                 10.00 ^ _2971_/CLK (sky130_fd_sc_hd__dfrtp_2)
                         -0.07    9.93   library setup time
                                  9.93   data required time
-----------------------------------------------------------------------------
                                  9.93   data required time
                                 -2.58   data arrival time
-----------------------------------------------------------------------------
                                  7.34   slack (MET)


Startpoint: _3135_ (rising edge-triggered flip-flop clocked by clk)
Endpoint: _3149_ (rising edge-triggered flip-flop clocked by clk)
Path Group: clk
Path Type: max

Fanout     Cap    Slew   Delay    Time   Description
-----------------------------------------------------------------------------
                  0.00    0.00    0.00   clock clk (rise edge)
                          0.00    0.00   clock network delay (ideal)
                  0.00    0.00    0.00 ^ _3135_/CLK (sky130_fd_sc_hd__dfxtp_2)
     4    0.02    0.06    0.32    0.32 v _3135_/Q (sky130_fd_sc_hd__dfxtp_2)
                                         display.counter[0] (net)
                  0.06    0.00    0.32 v _2716_/B (sky130_fd_sc_hd__and3_2)
     3    0.01    0.06    0.22    0.54 v _2716_/X (sky130_fd_sc_hd__and3_2)
                                         _1422_ (net)
                  0.06    0.00    0.54 v _2719_/B (sky130_fd_sc_hd__and2_2)
     4    0.02    0.07    0.23    0.78 v _2719_/X (sky130_fd_sc_hd__and2_2)
                                         _1424_ (net)
                  0.07    0.00    0.78 v _2723_/C (sky130_fd_sc_hd__and3_2)
     3    0.01    0.06    0.24    1.02 v _2723_/X (sky130_fd_sc_hd__and3_2)
                                         _1426_ (net)
                  0.06    0.00    1.02 v _2726_/B (sky130_fd_sc_hd__and2_2)
     4    0.02    0.07    0.23    1.25 v _2726_/X (sky130_fd_sc_hd__and2_2)
                                         _1428_ (net)
                  0.07    0.00    1.25 v _2730_/C (sky130_fd_sc_hd__and3_2)
     3    0.01    0.06    0.24    1.50 v _2730_/X (sky130_fd_sc_hd__and3_2)
                                         _1430_ (net)
                  0.06    0.00    1.50 v _2733_/B (sky130_fd_sc_hd__and2_2)
     4    0.02    0.07    0.23    1.73 v _2733_/X (sky130_fd_sc_hd__and2_2)
                                         _1432_ (net)
                  0.07    0.00    1.73 v _2737_/C (sky130_fd_sc_hd__and3_2)
     3    0.01    0.06    0.24    1.97 v _2737_/X (sky130_fd_sc_hd__and3_2)
                                         _1434_ (net)
                  0.06    0.00    1.97 v _2740_/B (sky130_fd_sc_hd__and2_2)
     4    0.02    0.07    0.23    2.20 v _2740_/X (sky130_fd_sc_hd__and2_2)
                                         _1436_ (net)
                  0.07    0.00    2.20 v _2744_/C (sky130_fd_sc_hd__and3_2)
     3    0.01    0.06    0.24    2.45 v _2744_/X (sky130_fd_sc_hd__and3_2)
                                         _1438_ (net)
                  0.06    0.00    2.45 v _2746_/A (sky130_fd_sc_hd__nor2_2)
     1    0.00    0.05    0.09    2.54 ^ _2746_/Y (sky130_fd_sc_hd__nor2_2)
                                         _0012_ (net)
                  0.05    0.00    2.54 ^ _3149_/D (sky130_fd_sc_hd__dfxtp_2)
                                  2.54   data arrival time

                  0.00   10.00   10.00   clock clk (rise edge)
                          0.00   10.00   clock network delay (ideal)
                          0.00   10.00   clock reconvergence pessimism
                                 10.00 ^ _3149_/CLK (sky130_fd_sc_hd__dfxtp_2)
                         -0.07    9.93   library setup time
                                  9.93   data required time
-----------------------------------------------------------------------------
                                  9.93   data required time
                                 -2.54   data arrival time
-----------------------------------------------------------------------------
                                  7.40   slack (MET)


Startpoint: _3135_ (rising edge-triggered flip-flop clocked by clk)
Endpoint: _3148_ (rising edge-triggered flip-flop clocked by clk)
Path Group: clk
Path Type: max

Fanout     Cap    Slew   Delay    Time   Description
-----------------------------------------------------------------------------
                  0.00    0.00    0.00   clock clk (rise edge)
                          0.00    0.00   clock network delay (ideal)
                  0.00    0.00    0.00 ^ _3135_/CLK (sky130_fd_sc_hd__dfxtp_2)
     4    0.02    0.06    0.32    0.32 v _3135_/Q (sky130_fd_sc_hd__dfxtp_2)
                                         display.counter[0] (net)
                  0.06    0.00    0.32 v _2716_/B (sky130_fd_sc_hd__and3_2)
     3    0.01    0.06    0.22    0.54 v _2716_/X (sky130_fd_sc_hd__and3_2)
                                         _1422_ (net)
                  0.06    0.00    0.54 v _2719_/B (sky130_fd_sc_hd__and2_2)
     4    0.02    0.07    0.23    0.78 v _2719_/X (sky130_fd_sc_hd__and2_2)
                                         _1424_ (net)
                  0.07    0.00    0.78 v _2723_/C (sky130_fd_sc_hd__and3_2)
     3    0.01    0.06    0.24    1.02 v _2723_/X (sky130_fd_sc_hd__and3_2)
                                         _1426_ (net)
                  0.06    0.00    1.02 v _2726_/B (sky130_fd_sc_hd__and2_2)
     4    0.02    0.07    0.23    1.25 v _2726_/X (sky130_fd_sc_hd__and2_2)
                                         _1428_ (net)
                  0.07    0.00    1.25 v _2730_/C (sky130_fd_sc_hd__and3_2)
     3    0.01    0.06    0.24    1.50 v _2730_/X (sky130_fd_sc_hd__and3_2)
                                         _1430_ (net)
                  0.06    0.00    1.50 v _2733_/B (sky130_fd_sc_hd__and2_2)
     4    0.02    0.07    0.23    1.73 v _2733_/X (sky130_fd_sc_hd__and2_2)
                                         _1432_ (net)
                  0.07    0.00    1.73 v _2737_/C (sky130_fd_sc_hd__and3_2)
     3    0.01    0.06    0.24    1.97 v _2737_/X (sky130_fd_sc_hd__and3_2)
                                         _1434_ (net)
                  0.06    0.00    1.97 v _2740_/B (sky130_fd_sc_hd__and2_2)
     4    0.02    0.07    0.23    2.20 v _2740_/X (sky130_fd_sc_hd__and2_2)
                                         _1436_ (net)
                  0.07    0.00    2.20 v _2743_/B (sky130_fd_sc_hd__xor2_2)
     1    0.00    0.04    0.14    2.34 v _2743_/X (sky130_fd_sc_hd__xor2_2)
                                         _0011_ (net)
                  0.04    0.00    2.34 v _3148_/D (sky130_fd_sc_hd__dfxtp_2)
                                  2.34   data arrival time

                  0.00   10.00   10.00   clock clk (rise edge)
                          0.00   10.00   clock network delay (ideal)
                          0.00   10.00   clock reconvergence pessimism
                                 10.00 ^ _3148_/CLK (sky130_fd_sc_hd__dfxtp_2)
                         -0.12    9.88   library setup time
                                  9.88   data required time
-----------------------------------------------------------------------------
                                  9.88   data required time
                                 -2.34   data arrival time
-----------------------------------------------------------------------------
                                  7.53   slack (MET)


Startpoint: _2962_ (rising edge-triggered flip-flop clocked by clk)
Endpoint: _2970_ (rising edge-triggered flip-flop clocked by clk)
Path Group: clk
Path Type: max

Fanout     Cap    Slew   Delay    Time   Description
-----------------------------------------------------------------------------
                  0.00    0.00    0.00   clock clk (rise edge)
                          0.00    0.00   clock network delay (ideal)
                  0.00    0.00    0.00 ^ _2962_/CLK (sky130_fd_sc_hd__dfrtp_2)
     8    0.02    0.09    0.42    0.42 v _2962_/Q (sky130_fd_sc_hd__dfrtp_2)
                                         imem.address[3] (net)
                  0.09    0.00    0.42 v _1664_/A (sky130_fd_sc_hd__and2_2)
     1    0.00    0.04    0.18    0.60 v _1664_/X (sky130_fd_sc_hd__and2_2)
                                         _0480_ (net)
                  0.04    0.00    0.60 v _1665_/A (sky130_fd_sc_hd__buf_1)
     7    0.02    0.13    0.16    0.77 v _1665_/X (sky130_fd_sc_hd__buf_1)
                                         _0481_ (net)
                  0.13    0.00    0.77 v _2499_/C (sky130_fd_sc_hd__and3_2)
     4    0.02    0.07    0.29    1.05 v _2499_/X (sky130_fd_sc_hd__and3_2)
                                         _1283_ (net)
                  0.07    0.00    1.06 v _2569_/C (sky130_fd_sc_hd__and3_2)
     3    0.01    0.06    0.24    1.30 v _2569_/X (sky130_fd_sc_hd__and3_2)
                                         _1321_ (net)
                  0.06    0.00    1.30 v _2570_/B (sky130_fd_sc_hd__and2_2)
     4    0.02    0.07    0.23    1.53 v _2570_/X (sky130_fd_sc_hd__and2_2)
                                         _1322_ (net)
                  0.07    0.00    1.53 v _2571_/C (sky130_fd_sc_hd__and3_2)
     3    0.01    0.06    0.24    1.77 v _2571_/X (sky130_fd_sc_hd__and3_2)
                                         _1323_ (net)
                  0.06    0.00    1.77 v _2572_/B (sky130_fd_sc_hd__and2_2)
     4    0.02    0.07    0.23    2.01 v _2572_/X (sky130_fd_sc_hd__and2_2)
                                         _1324_ (net)
                  0.07    0.00    2.01 v _2573_/C (sky130_fd_sc_hd__and3_2)
     3    0.01    0.06    0.24    2.25 v _2573_/X (sky130_fd_sc_hd__and3_2)
                                         _1325_ (net)
                  0.06    0.00    2.25 v _2622_/A (sky130_fd_sc_hd__nor2_2)
     1    0.00    0.06    0.09    2.34 ^ _2622_/Y (sky130_fd_sc_hd__nor2_2)
                                         _0200_ (net)
                  0.06    0.00    2.34 ^ _2970_/D (sky130_fd_sc_hd__dfrtp_2)
                                  2.34   data arrival time

                  0.00   10.00   10.00   clock clk (rise edge)
                          0.00   10.00   clock network delay (ideal)
                          0.00   10.00   clock reconvergence pessimism
                                 10.00 ^ _2970_/CLK (sky130_fd_sc_hd__dfrtp_2)
                         -0.07    9.93   library setup time
                                  9.93   data required time
-----------------------------------------------------------------------------
                                  9.93   data required time
                                 -2.34   data arrival time
-----------------------------------------------------------------------------
                                  7.59   slack (MET)


Startpoint: _3135_ (rising edge-triggered flip-flop clocked by clk)
Endpoint: _3147_ (rising edge-triggered flip-flop clocked by clk)
Path Group: clk
Path Type: max

Fanout     Cap    Slew   Delay    Time   Description
-----------------------------------------------------------------------------
                  0.00    0.00    0.00   clock clk (rise edge)
                          0.00    0.00   clock network delay (ideal)
                  0.00    0.00    0.00 ^ _3135_/CLK (sky130_fd_sc_hd__dfxtp_2)
     4    0.02    0.06    0.32    0.32 v _3135_/Q (sky130_fd_sc_hd__dfxtp_2)
                                         display.counter[0] (net)
                  0.06    0.00    0.32 v _2716_/B (sky130_fd_sc_hd__and3_2)
     3    0.01    0.06    0.22    0.54 v _2716_/X (sky130_fd_sc_hd__and3_2)
                                         _1422_ (net)
                  0.06    0.00    0.54 v _2719_/B (sky130_fd_sc_hd__and2_2)
     4    0.02    0.07    0.23    0.78 v _2719_/X (sky130_fd_sc_hd__and2_2)
                                         _1424_ (net)
                  0.07    0.00    0.78 v _2723_/C (sky130_fd_sc_hd__and3_2)
     3    0.01    0.06    0.24    1.02 v _2723_/X (sky130_fd_sc_hd__and3_2)
                                         _1426_ (net)
                  0.06    0.00    1.02 v _2726_/B (sky130_fd_sc_hd__and2_2)
     4    0.02    0.07    0.23    1.25 v _2726_/X (sky130_fd_sc_hd__and2_2)
                                         _1428_ (net)
                  0.07    0.00    1.25 v _2730_/C (sky130_fd_sc_hd__and3_2)
     3    0.01    0.06    0.24    1.50 v _2730_/X (sky130_fd_sc_hd__and3_2)
                                         _1430_ (net)
                  0.06    0.00    1.50 v _2733_/B (sky130_fd_sc_hd__and2_2)
     4    0.02    0.07    0.23    1.73 v _2733_/X (sky130_fd_sc_hd__and2_2)
                                         _1432_ (net)
                  0.07    0.00    1.73 v _2737_/C (sky130_fd_sc_hd__and3_2)
     3    0.01    0.06    0.24    1.97 v _2737_/X (sky130_fd_sc_hd__and3_2)
                                         _1434_ (net)
                  0.06    0.00    1.97 v _2740_/B (sky130_fd_sc_hd__and2_2)
     4    0.02    0.07    0.23    2.20 v _2740_/X (sky130_fd_sc_hd__and2_2)
                                         _1436_ (net)
                  0.07    0.00    2.20 v _2742_/A (sky130_fd_sc_hd__nor2_2)
     1    0.00    0.05    0.10    2.30 ^ _2742_/Y (sky130_fd_sc_hd__nor2_2)
                                         _0010_ (net)
                  0.05    0.00    2.30 ^ _3147_/D (sky130_fd_sc_hd__dfxtp_2)
                                  2.30   data arrival time

                  0.00   10.00   10.00   clock clk (rise edge)
                          0.00   10.00   clock network delay (ideal)
                          0.00   10.00   clock reconvergence pessimism
                                 10.00 ^ _3147_/CLK (sky130_fd_sc_hd__dfxtp_2)
                         -0.07    9.93   library setup time
                                  9.93   data required time
-----------------------------------------------------------------------------
                                  9.93   data required time
                                 -2.30   data arrival time
-----------------------------------------------------------------------------
                                  7.63   slack (MET)


Startpoint: _3155_ (rising edge-triggered flip-flop clocked by clk)
Endpoint: an[0] (output port clocked by clk)
Path Group: clk
Path Type: max

Fanout     Cap    Slew   Delay    Time   Description
-----------------------------------------------------------------------------
                  0.00    0.00    0.00   clock clk (rise edge)
                          0.00    0.00   clock network delay (ideal)
                  0.00    0.00    0.00 ^ _3155_/CLK (sky130_fd_sc_hd__dfxtp_2)
     1    0.00    0.04    0.30    0.30 ^ _3155_/Q (sky130_fd_sc_hd__dfxtp_2)
                                         an[0] (net)
                  0.04    0.00    0.30 ^ an[0] (out)
                                  0.30   data arrival time

                  0.00   10.00   10.00   clock clk (rise edge)
                          0.00   10.00   clock network delay (ideal)
                          0.00   10.00   clock reconvergence pessimism
                         -2.00    8.00   output external delay
                                  8.00   data required time
-----------------------------------------------------------------------------
                                  8.00   data required time
                                 -0.30   data arrival time
-----------------------------------------------------------------------------
                                  7.70   slack (MET)


Startpoint: _2997_ (rising edge-triggered flip-flop clocked by clk)
Endpoint: seg[6] (output port clocked by clk)
Path Group: clk
Path Type: max

Fanout     Cap    Slew   Delay    Time   Description
-----------------------------------------------------------------------------
                  0.00    0.00    0.00   clock clk (rise edge)
                          0.00    0.00   clock network delay (ideal)
                  0.00    0.00    0.00 ^ _2997_/CLK (sky130_fd_sc_hd__dfxtp_2)
     1    0.00    0.04    0.29    0.29 ^ _2997_/Q (sky130_fd_sc_hd__dfxtp_2)
                                         seg[6] (net)
                  0.04    0.00    0.29 ^ seg[6] (out)
                                  0.29   data arrival time

                  0.00   10.00   10.00   clock clk (rise edge)
                          0.00   10.00   clock network delay (ideal)
                          0.00   10.00   clock reconvergence pessimism
                         -2.00    8.00   output external delay
                                  8.00   data required time
-----------------------------------------------------------------------------
                                  8.00   data required time
                                 -0.29   data arrival time
-----------------------------------------------------------------------------
                                  7.71   slack (MET)


Startpoint: _2996_ (rising edge-triggered flip-flop clocked by clk)
Endpoint: seg[5] (output port clocked by clk)
Path Group: clk
Path Type: max

Fanout     Cap    Slew   Delay    Time   Description
-----------------------------------------------------------------------------
                  0.00    0.00    0.00   clock clk (rise edge)
                          0.00    0.00   clock network delay (ideal)
                  0.00    0.00    0.00 ^ _2996_/CLK (sky130_fd_sc_hd__dfxtp_2)
     1    0.00    0.03    0.29    0.29 ^ _2996_/Q (sky130_fd_sc_hd__dfxtp_2)
                                         seg[5] (net)
                  0.03    0.00    0.29 ^ seg[5] (out)
                                  0.29   data arrival time

                  0.00   10.00   10.00   clock clk (rise edge)
                          0.00   10.00   clock network delay (ideal)
                          0.00   10.00   clock reconvergence pessimism
                         -2.00    8.00   output external delay
                                  8.00   data required time
-----------------------------------------------------------------------------
                                  8.00   data required time
                                 -0.29   data arrival time
-----------------------------------------------------------------------------
                                  7.71   slack (MET)


Startpoint: _3156_ (rising edge-triggered flip-flop clocked by clk)
Endpoint: an[1] (output port clocked by clk)
Path Group: clk
Path Type: max

Fanout     Cap    Slew   Delay    Time   Description
-----------------------------------------------------------------------------
                  0.00    0.00    0.00   clock clk (rise edge)
                          0.00    0.00   clock network delay (ideal)
                  0.00    0.00    0.00 ^ _3156_/CLK (sky130_fd_sc_hd__dfxtp_2)
     1    0.00    0.03    0.29    0.29 ^ _3156_/Q (sky130_fd_sc_hd__dfxtp_2)
                                         an[1] (net)
                  0.03    0.00    0.29 ^ an[1] (out)
                                  0.29   data arrival time

                  0.00   10.00   10.00   clock clk (rise edge)
                          0.00   10.00   clock network delay (ideal)
                          0.00   10.00   clock reconvergence pessimism
                         -2.00    8.00   output external delay
                                  8.00   data required time
-----------------------------------------------------------------------------
                                  8.00   data required time
                                 -0.29   data arrival time
-----------------------------------------------------------------------------
                                  7.71   slack (MET)


Startpoint: _2995_ (rising edge-triggered flip-flop clocked by clk)
Endpoint: seg[4] (output port clocked by clk)
Path Group: clk
Path Type: max

Fanout     Cap    Slew   Delay    Time   Description
-----------------------------------------------------------------------------
                  0.00    0.00    0.00   clock clk (rise edge)
                          0.00    0.00   clock network delay (ideal)
                  0.00    0.00    0.00 ^ _2995_/CLK (sky130_fd_sc_hd__dfxtp_2)
     1    0.00    0.03    0.28    0.28 ^ _2995_/Q (sky130_fd_sc_hd__dfxtp_2)
                                         seg[4] (net)
                  0.03    0.00    0.28 ^ seg[4] (out)
                                  0.28   data arrival time

                  0.00   10.00   10.00   clock clk (rise edge)
                          0.00   10.00   clock network delay (ideal)
                          0.00   10.00   clock reconvergence pessimism
                         -2.00    8.00   output external delay
                                  8.00   data required time
-----------------------------------------------------------------------------
                                  8.00   data required time
                                 -0.28   data arrival time
-----------------------------------------------------------------------------
                                  7.72   slack (MET)


Startpoint: _3157_ (rising edge-triggered flip-flop clocked by clk)
Endpoint: an[2] (output port clocked by clk)
Path Group: clk
Path Type: max

Fanout     Cap    Slew   Delay    Time   Description
-----------------------------------------------------------------------------
                  0.00    0.00    0.00   clock clk (rise edge)
                          0.00    0.00   clock network delay (ideal)
                  0.00    0.00    0.00 ^ _3157_/CLK (sky130_fd_sc_hd__dfxtp_2)
     1    0.00    0.03    0.28    0.28 ^ _3157_/Q (sky130_fd_sc_hd__dfxtp_2)
                                         an[2] (net)
                  0.03    0.00    0.28 ^ an[2] (out)
                                  0.28   data arrival time

                  0.00   10.00   10.00   clock clk (rise edge)
                          0.00   10.00   clock network delay (ideal)
                          0.00   10.00   clock reconvergence pessimism
                         -2.00    8.00   output external delay
                                  8.00   data required time
-----------------------------------------------------------------------------
                                  8.00   data required time
                                 -0.28   data arrival time
-----------------------------------------------------------------------------
                                  7.72   slack (MET)


Startpoint: _2991_ (rising edge-triggered flip-flop clocked by clk)
Endpoint: seg[0] (output port clocked by clk)
Path Group: clk
Path Type: max

Fanout     Cap    Slew   Delay    Time   Description
-----------------------------------------------------------------------------
                  0.00    0.00    0.00   clock clk (rise edge)
                          0.00    0.00   clock network delay (ideal)
                  0.00    0.00    0.00 ^ _2991_/CLK (sky130_fd_sc_hd__dfxtp_2)
     1    0.00    0.02    0.28    0.28 ^ _2991_/Q (sky130_fd_sc_hd__dfxtp_2)
                                         seg[0] (net)
                  0.02    0.00    0.28 ^ seg[0] (out)
                                  0.28   data arrival time

                  0.00   10.00   10.00   clock clk (rise edge)
                          0.00   10.00   clock network delay (ideal)
                          0.00   10.00   clock reconvergence pessimism
                         -2.00    8.00   output external delay
                                  8.00   data required time
-----------------------------------------------------------------------------
                                  8.00   data required time
                                 -0.28   data arrival time
-----------------------------------------------------------------------------
                                  7.72   slack (MET)


Startpoint: _3158_ (rising edge-triggered flip-flop clocked by clk)
Endpoint: an[3] (output port clocked by clk)
Path Group: clk
Path Type: max

Fanout     Cap    Slew   Delay    Time   Description
-----------------------------------------------------------------------------
                  0.00    0.00    0.00   clock clk (rise edge)
                          0.00    0.00   clock network delay (ideal)
                  0.00    0.00    0.00 ^ _3158_/CLK (sky130_fd_sc_hd__dfxtp_2)
     1    0.00    0.02    0.28    0.28 ^ _3158_/Q (sky130_fd_sc_hd__dfxtp_2)
                                         an[3] (net)
                  0.02    0.00    0.28 ^ an[3] (out)
                                  0.28   data arrival time

                  0.00   10.00   10.00   clock clk (rise edge)
                          0.00   10.00   clock network delay (ideal)
                          0.00   10.00   clock reconvergence pessimism
                         -2.00    8.00   output external delay
                                  8.00   data required time
-----------------------------------------------------------------------------
                                  8.00   data required time
                                 -0.28   data arrival time
-----------------------------------------------------------------------------
                                  7.72   slack (MET)


Startpoint: _2994_ (rising edge-triggered flip-flop clocked by clk)
Endpoint: seg[3] (output port clocked by clk)
Path Group: clk
Path Type: max

Fanout     Cap    Slew   Delay    Time   Description
-----------------------------------------------------------------------------
                  0.00    0.00    0.00   clock clk (rise edge)
                          0.00    0.00   clock network delay (ideal)
                  0.00    0.00    0.00 ^ _2994_/CLK (sky130_fd_sc_hd__dfxtp_2)
     1    0.00    0.02    0.28    0.28 ^ _2994_/Q (sky130_fd_sc_hd__dfxtp_2)
                                         seg[3] (net)
                  0.02    0.00    0.28 ^ seg[3] (out)
                                  0.28   data arrival time

                  0.00   10.00   10.00   clock clk (rise edge)
                          0.00   10.00   clock network delay (ideal)
                          0.00   10.00   clock reconvergence pessimism
                         -2.00    8.00   output external delay
                                  8.00   data required time
-----------------------------------------------------------------------------
                                  8.00   data required time
                                 -0.28   data arrival time
-----------------------------------------------------------------------------
                                  7.72   slack (MET)


Startpoint: _2962_ (rising edge-triggered flip-flop clocked by clk)
Endpoint: _2969_ (rising edge-triggered flip-flop clocked by clk)
Path Group: clk
Path Type: max

Fanout     Cap    Slew   Delay    Time   Description
-----------------------------------------------------------------------------
                  0.00    0.00    0.00   clock clk (rise edge)
                          0.00    0.00   clock network delay (ideal)
                  0.00    0.00    0.00 ^ _2962_/CLK (sky130_fd_sc_hd__dfrtp_2)
     8    0.02    0.09    0.42    0.42 v _2962_/Q (sky130_fd_sc_hd__dfrtp_2)
                                         imem.address[3] (net)
                  0.09    0.00    0.42 v _1664_/A (sky130_fd_sc_hd__and2_2)
     1    0.00    0.04    0.18    0.60 v _1664_/X (sky130_fd_sc_hd__and2_2)
                                         _0480_ (net)
                  0.04    0.00    0.60 v _1665_/A (sky130_fd_sc_hd__buf_1)
     7    0.02    0.13    0.16    0.77 v _1665_/X (sky130_fd_sc_hd__buf_1)
                                         _0481_ (net)
                  0.13    0.00    0.77 v _2499_/C (sky130_fd_sc_hd__and3_2)
     4    0.02    0.07    0.29    1.05 v _2499_/X (sky130_fd_sc_hd__and3_2)
                                         _1283_ (net)
                  0.07    0.00    1.06 v _2569_/C (sky130_fd_sc_hd__and3_2)
     3    0.01    0.06    0.24    1.30 v _2569_/X (sky130_fd_sc_hd__and3_2)
                                         _1321_ (net)
                  0.06    0.00    1.30 v _2570_/B (sky130_fd_sc_hd__and2_2)
     4    0.02    0.07    0.23    1.53 v _2570_/X (sky130_fd_sc_hd__and2_2)
                                         _1322_ (net)
                  0.07    0.00    1.53 v _2571_/C (sky130_fd_sc_hd__and3_2)
     3    0.01    0.06    0.24    1.77 v _2571_/X (sky130_fd_sc_hd__and3_2)
                                         _1323_ (net)
                  0.06    0.00    1.77 v _2572_/B (sky130_fd_sc_hd__and2_2)
     4    0.02    0.07    0.23    2.01 v _2572_/X (sky130_fd_sc_hd__and2_2)
                                         _1324_ (net)
                  0.07    0.00    2.01 v _2623_/B (sky130_fd_sc_hd__xor2_2)
     1    0.00    0.05    0.14    2.15 v _2623_/X (sky130_fd_sc_hd__xor2_2)
                                         _0199_ (net)
                  0.05    0.00    2.15 v _2969_/D (sky130_fd_sc_hd__dfrtp_2)
                                  2.15   data arrival time

                  0.00   10.00   10.00   clock clk (rise edge)
                          0.00   10.00   clock network delay (ideal)
                          0.00   10.00   clock reconvergence pessimism
                                 10.00 ^ _2969_/CLK (sky130_fd_sc_hd__dfrtp_2)
                         -0.13    9.87   library setup time
                                  9.87   data required time
-----------------------------------------------------------------------------
                                  9.87   data required time
                                 -2.15   data arrival time
-----------------------------------------------------------------------------
                                  7.72   slack (MET)


Startpoint: _3159_ (rising edge-triggered flip-flop clocked by clk)
Endpoint: an[4] (output port clocked by clk)
Path Group: clk
Path Type: max

Fanout     Cap    Slew   Delay    Time   Description
-----------------------------------------------------------------------------
                  0.00    0.00    0.00   clock clk (rise edge)
                          0.00    0.00   clock network delay (ideal)
                  0.00    0.00    0.00 ^ _3159_/CLK (sky130_fd_sc_hd__dfxtp_2)
     1    0.00    0.02    0.28    0.28 v _3159_/Q (sky130_fd_sc_hd__dfxtp_2)
                                         an[4] (net)
                  0.02    0.00    0.28 v an[4] (out)
                                  0.28   data arrival time

                  0.00   10.00   10.00   clock clk (rise edge)
                          0.00   10.00   clock network delay (ideal)
                          0.00   10.00   clock reconvergence pessimism
                         -2.00    8.00   output external delay
                                  8.00   data required time
-----------------------------------------------------------------------------
                                  8.00   data required time
                                 -0.28   data arrival time
-----------------------------------------------------------------------------
                                  7.72   slack (MET)


Startpoint: _2992_ (rising edge-triggered flip-flop clocked by clk)
Endpoint: seg[1] (output port clocked by clk)
Path Group: clk
Path Type: max

Fanout     Cap    Slew   Delay    Time   Description
-----------------------------------------------------------------------------
                  0.00    0.00    0.00   clock clk (rise edge)
                          0.00    0.00   clock network delay (ideal)
                  0.00    0.00    0.00 ^ _2992_/CLK (sky130_fd_sc_hd__dfxtp_2)
     1    0.00    0.02    0.28    0.28 v _2992_/Q (sky130_fd_sc_hd__dfxtp_2)
                                         seg[1] (net)
                  0.02    0.00    0.28 v seg[1] (out)
                                  0.28   data arrival time

                  0.00   10.00   10.00   clock clk (rise edge)
                          0.00   10.00   clock network delay (ideal)
                          0.00   10.00   clock reconvergence pessimism
                         -2.00    8.00   output external delay
                                  8.00   data required time
-----------------------------------------------------------------------------
                                  8.00   data required time
                                 -0.28   data arrival time
-----------------------------------------------------------------------------
                                  7.72   slack (MET)


Startpoint: _3160_ (rising edge-triggered flip-flop clocked by clk)
Endpoint: an[5] (output port clocked by clk)
Path Group: clk
Path Type: max

Fanout     Cap    Slew   Delay    Time   Description
-----------------------------------------------------------------------------
                  0.00    0.00    0.00   clock clk (rise edge)
                          0.00    0.00   clock network delay (ideal)
                  0.00    0.00    0.00 ^ _3160_/CLK (sky130_fd_sc_hd__dfxtp_2)
     1    0.00    0.02    0.28    0.28 v _3160_/Q (sky130_fd_sc_hd__dfxtp_2)
                                         an[5] (net)
                  0.02    0.00    0.28 v an[5] (out)
                                  0.28   data arrival time

                  0.00   10.00   10.00   clock clk (rise edge)
                          0.00   10.00   clock network delay (ideal)
                          0.00   10.00   clock reconvergence pessimism
                         -2.00    8.00   output external delay
                                  8.00   data required time
-----------------------------------------------------------------------------
                                  8.00   data required time
                                 -0.28   data arrival time
-----------------------------------------------------------------------------
                                  7.72   slack (MET)


Startpoint: _3162_ (rising edge-triggered flip-flop clocked by clk)
Endpoint: an[7] (output port clocked by clk)
Path Group: clk
Path Type: max

Fanout     Cap    Slew   Delay    Time   Description
-----------------------------------------------------------------------------
                  0.00    0.00    0.00   clock clk (rise edge)
                          0.00    0.00   clock network delay (ideal)
                  0.00    0.00    0.00 ^ _3162_/CLK (sky130_fd_sc_hd__dfxtp_2)
     1    0.00    0.02    0.28    0.28 v _3162_/Q (sky130_fd_sc_hd__dfxtp_2)
                                         an[7] (net)
                  0.02    0.00    0.28 v an[7] (out)
                                  0.28   data arrival time

                  0.00   10.00   10.00   clock clk (rise edge)
                          0.00   10.00   clock network delay (ideal)
                          0.00   10.00   clock reconvergence pessimism
                         -2.00    8.00   output external delay
                                  8.00   data required time
-----------------------------------------------------------------------------
                                  8.00   data required time
                                 -0.28   data arrival time
-----------------------------------------------------------------------------
                                  7.72   slack (MET)


Startpoint: _3161_ (rising edge-triggered flip-flop clocked by clk)
Endpoint: an[6] (output port clocked by clk)
Path Group: clk
Path Type: max

Fanout     Cap    Slew   Delay    Time   Description
-----------------------------------------------------------------------------
                  0.00    0.00    0.00   clock clk (rise edge)
                          0.00    0.00   clock network delay (ideal)
                  0.00    0.00    0.00 ^ _3161_/CLK (sky130_fd_sc_hd__dfxtp_2)
     1    0.00    0.02    0.28    0.28 v _3161_/Q (sky130_fd_sc_hd__dfxtp_2)
                                         an[6] (net)
                  0.02    0.00    0.28 v an[6] (out)
                                  0.28   data arrival time

                  0.00   10.00   10.00   clock clk (rise edge)
                          0.00   10.00   clock network delay (ideal)
                          0.00   10.00   clock reconvergence pessimism
                         -2.00    8.00   output external delay
                                  8.00   data required time
-----------------------------------------------------------------------------
                                  8.00   data required time
                                 -0.28   data arrival time
-----------------------------------------------------------------------------
                                  7.72   slack (MET)


Startpoint: _2993_ (rising edge-triggered flip-flop clocked by clk)
Endpoint: seg[2] (output port clocked by clk)
Path Group: clk
Path Type: max

Fanout     Cap    Slew   Delay    Time   Description
-----------------------------------------------------------------------------
                  0.00    0.00    0.00   clock clk (rise edge)
                          0.00    0.00   clock network delay (ideal)
                  0.00    0.00    0.00 ^ _2993_/CLK (sky130_fd_sc_hd__dfxtp_2)
     1    0.00    0.02    0.28    0.28 v _2993_/Q (sky130_fd_sc_hd__dfxtp_2)
                                         seg[2] (net)
                  0.02    0.00    0.28 v seg[2] (out)
                                  0.28   data arrival time

                  0.00   10.00   10.00   clock clk (rise edge)
                          0.00   10.00   clock network delay (ideal)
                          0.00   10.00   clock reconvergence pessimism
                         -2.00    8.00   output external delay
                                  8.00   data required time
-----------------------------------------------------------------------------
                                  8.00   data required time
                                 -0.28   data arrival time
-----------------------------------------------------------------------------
                                  7.72   slack (MET)


Startpoint: _2962_ (rising edge-triggered flip-flop clocked by clk)
Endpoint: _2968_ (rising edge-triggered flip-flop clocked by clk)
Path Group: clk
Path Type: max

Fanout     Cap    Slew   Delay    Time   Description
-----------------------------------------------------------------------------
                  0.00    0.00    0.00   clock clk (rise edge)
                          0.00    0.00   clock network delay (ideal)
                  0.00    0.00    0.00 ^ _2962_/CLK (sky130_fd_sc_hd__dfrtp_2)
     8    0.02    0.09    0.42    0.42 v _2962_/Q (sky130_fd_sc_hd__dfrtp_2)
                                         imem.address[3] (net)
                  0.09    0.00    0.42 v _1664_/A (sky130_fd_sc_hd__and2_2)
     1    0.00    0.04    0.18    0.60 v _1664_/X (sky130_fd_sc_hd__and2_2)
                                         _0480_ (net)
                  0.04    0.00    0.60 v _1665_/A (sky130_fd_sc_hd__buf_1)
     7    0.02    0.13    0.16    0.77 v _1665_/X (sky130_fd_sc_hd__buf_1)
                                         _0481_ (net)
                  0.13    0.00    0.77 v _2499_/C (sky130_fd_sc_hd__and3_2)
     4    0.02    0.07    0.29    1.05 v _2499_/X (sky130_fd_sc_hd__and3_2)
                                         _1283_ (net)
                  0.07    0.00    1.06 v _2569_/C (sky130_fd_sc_hd__and3_2)
     3    0.01    0.06    0.24    1.30 v _2569_/X (sky130_fd_sc_hd__and3_2)
                                         _1321_ (net)
                  0.06    0.00    1.30 v _2570_/B (sky130_fd_sc_hd__and2_2)
     4    0.02    0.07    0.23    1.53 v _2570_/X (sky130_fd_sc_hd__and2_2)
                                         _1322_ (net)
                  0.07    0.00    1.53 v _2571_/C (sky130_fd_sc_hd__and3_2)
     3    0.01    0.06    0.24    1.77 v _2571_/X (sky130_fd_sc_hd__and3_2)
                                         _1323_ (net)
                  0.06    0.00    1.77 v _2572_/B (sky130_fd_sc_hd__and2_2)
     4    0.02    0.07    0.23    2.01 v _2572_/X (sky130_fd_sc_hd__and2_2)
                                         _1324_ (net)
                  0.07    0.00    2.01 v _2625_/A (sky130_fd_sc_hd__nor2_2)
     1    0.00    0.06    0.10    2.11 ^ _2625_/Y (sky130_fd_sc_hd__nor2_2)
                                         _0198_ (net)
                  0.06    0.00    2.11 ^ _2968_/D (sky130_fd_sc_hd__dfrtp_2)
                                  2.11   data arrival time

                  0.00   10.00   10.00   clock clk (rise edge)
                          0.00   10.00   clock network delay (ideal)
                          0.00   10.00   clock reconvergence pessimism
                                 10.00 ^ _2968_/CLK (sky130_fd_sc_hd__dfrtp_2)
                         -0.07    9.93   library setup time
                                  9.93   data required time
-----------------------------------------------------------------------------
                                  9.93   data required time
                                 -2.11   data arrival time
-----------------------------------------------------------------------------
                                  7.82   slack (MET)


Startpoint: _3135_ (rising edge-triggered flip-flop clocked by clk)
Endpoint: _3146_ (rising edge-triggered flip-flop clocked by clk)
Path Group: clk
Path Type: max

Fanout     Cap    Slew   Delay    Time   Description
-----------------------------------------------------------------------------
                  0.00    0.00    0.00   clock clk (rise edge)
                          0.00    0.00   clock network delay (ideal)
                  0.00    0.00    0.00 ^ _3135_/CLK (sky130_fd_sc_hd__dfxtp_2)
     4    0.02    0.06    0.32    0.32 v _3135_/Q (sky130_fd_sc_hd__dfxtp_2)
                                         display.counter[0] (net)
                  0.06    0.00    0.32 v _2716_/B (sky130_fd_sc_hd__and3_2)
     3    0.01    0.06    0.22    0.54 v _2716_/X (sky130_fd_sc_hd__and3_2)
                                         _1422_ (net)
                  0.06    0.00    0.54 v _2719_/B (sky130_fd_sc_hd__and2_2)
     4    0.02    0.07    0.23    0.78 v _2719_/X (sky130_fd_sc_hd__and2_2)
                                         _1424_ (net)
                  0.07    0.00    0.78 v _2723_/C (sky130_fd_sc_hd__and3_2)
     3    0.01    0.06    0.24    1.02 v _2723_/X (sky130_fd_sc_hd__and3_2)
                                         _1426_ (net)
                  0.06    0.00    1.02 v _2726_/B (sky130_fd_sc_hd__and2_2)
     4    0.02    0.07    0.23    1.25 v _2726_/X (sky130_fd_sc_hd__and2_2)
                                         _1428_ (net)
                  0.07    0.00    1.25 v _2730_/C (sky130_fd_sc_hd__and3_2)
     3    0.01    0.06    0.24    1.50 v _2730_/X (sky130_fd_sc_hd__and3_2)
                                         _1430_ (net)
                  0.06    0.00    1.50 v _2733_/B (sky130_fd_sc_hd__and2_2)
     4    0.02    0.07    0.23    1.73 v _2733_/X (sky130_fd_sc_hd__and2_2)
                                         _1432_ (net)
                  0.07    0.00    1.73 v _2737_/C (sky130_fd_sc_hd__and3_2)
     3    0.01    0.06    0.24    1.97 v _2737_/X (sky130_fd_sc_hd__and3_2)
                                         _1434_ (net)
                  0.06    0.00    1.97 v _2739_/A (sky130_fd_sc_hd__nor2_2)
     1    0.00    0.05    0.09    2.06 ^ _2739_/Y (sky130_fd_sc_hd__nor2_2)
                                         _0009_ (net)
                  0.05    0.00    2.06 ^ _3146_/D (sky130_fd_sc_hd__dfxtp_2)
                                  2.06   data arrival time

                  0.00   10.00   10.00   clock clk (rise edge)
                          0.00   10.00   clock network delay (ideal)
                          0.00   10.00   clock reconvergence pessimism
                                 10.00 ^ _3146_/CLK (sky130_fd_sc_hd__dfxtp_2)
                         -0.07    9.93   library setup time
                                  9.93   data required time
-----------------------------------------------------------------------------
                                  9.93   data required time
                                 -2.06   data arrival time
-----------------------------------------------------------------------------
                                  7.87   slack (MET)


Startpoint: _3135_ (rising edge-triggered flip-flop clocked by clk)
Endpoint: _3145_ (rising edge-triggered flip-flop clocked by clk)
Path Group: clk
Path Type: max

Fanout     Cap    Slew   Delay    Time   Description
-----------------------------------------------------------------------------
                  0.00    0.00    0.00   clock clk (rise edge)
                          0.00    0.00   clock network delay (ideal)
                  0.00    0.00    0.00 ^ _3135_/CLK (sky130_fd_sc_hd__dfxtp_2)
     4    0.02    0.06    0.32    0.32 v _3135_/Q (sky130_fd_sc_hd__dfxtp_2)
                                         display.counter[0] (net)
                  0.06    0.00    0.32 v _2716_/B (sky130_fd_sc_hd__and3_2)
     3    0.01    0.06    0.22    0.54 v _2716_/X (sky130_fd_sc_hd__and3_2)
                                         _1422_ (net)
                  0.06    0.00    0.54 v _2719_/B (sky130_fd_sc_hd__and2_2)
     4    0.02    0.07    0.23    0.78 v _2719_/X (sky130_fd_sc_hd__and2_2)
                                         _1424_ (net)
                  0.07    0.00    0.78 v _2723_/C (sky130_fd_sc_hd__and3_2)
     3    0.01    0.06    0.24    1.02 v _2723_/X (sky130_fd_sc_hd__and3_2)
                                         _1426_ (net)
                  0.06    0.00    1.02 v _2726_/B (sky130_fd_sc_hd__and2_2)
     4    0.02    0.07    0.23    1.25 v _2726_/X (sky130_fd_sc_hd__and2_2)
                                         _1428_ (net)
                  0.07    0.00    1.25 v _2730_/C (sky130_fd_sc_hd__and3_2)
     3    0.01    0.06    0.24    1.50 v _2730_/X (sky130_fd_sc_hd__and3_2)
                                         _1430_ (net)
                  0.06    0.00    1.50 v _2733_/B (sky130_fd_sc_hd__and2_2)
     4    0.02    0.07    0.23    1.73 v _2733_/X (sky130_fd_sc_hd__and2_2)
                                         _1432_ (net)
                  0.07    0.00    1.73 v _2736_/B (sky130_fd_sc_hd__xor2_2)
     1    0.00    0.04    0.14    1.87 v _2736_/X (sky130_fd_sc_hd__xor2_2)
                                         _0008_ (net)
                  0.04    0.00    1.87 v _3145_/D (sky130_fd_sc_hd__dfxtp_2)
                                  1.87   data arrival time

                  0.00   10.00   10.00   clock clk (rise edge)
                          0.00   10.00   clock network delay (ideal)
                          0.00   10.00   clock reconvergence pessimism
                                 10.00 ^ _3145_/CLK (sky130_fd_sc_hd__dfxtp_2)
                         -0.12    9.88   library setup time
                                  9.88   data required time
-----------------------------------------------------------------------------
                                  9.88   data required time
                                 -1.87   data arrival time
-----------------------------------------------------------------------------
                                  8.01   slack (MET)


Startpoint: _2962_ (rising edge-triggered flip-flop clocked by clk)
Endpoint: _2967_ (rising edge-triggered flip-flop clocked by clk)
Path Group: clk
Path Type: max

Fanout     Cap    Slew   Delay    Time   Description
-----------------------------------------------------------------------------
                  0.00    0.00    0.00   clock clk (rise edge)
                          0.00    0.00   clock network delay (ideal)
                  0.00    0.00    0.00 ^ _2962_/CLK (sky130_fd_sc_hd__dfrtp_2)
     8    0.02    0.09    0.42    0.42 v _2962_/Q (sky130_fd_sc_hd__dfrtp_2)
                                         imem.address[3] (net)
                  0.09    0.00    0.42 v _1664_/A (sky130_fd_sc_hd__and2_2)
     1    0.00    0.04    0.18    0.60 v _1664_/X (sky130_fd_sc_hd__and2_2)
                                         _0480_ (net)
                  0.04    0.00    0.60 v _1665_/A (sky130_fd_sc_hd__buf_1)
     7    0.02    0.13    0.16    0.77 v _1665_/X (sky130_fd_sc_hd__buf_1)
                                         _0481_ (net)
                  0.13    0.00    0.77 v _2499_/C (sky130_fd_sc_hd__and3_2)
     4    0.02    0.07    0.29    1.05 v _2499_/X (sky130_fd_sc_hd__and3_2)
                                         _1283_ (net)
                  0.07    0.00    1.06 v _2569_/C (sky130_fd_sc_hd__and3_2)
     3    0.01    0.06    0.24    1.30 v _2569_/X (sky130_fd_sc_hd__and3_2)
                                         _1321_ (net)
                  0.06    0.00    1.30 v _2570_/B (sky130_fd_sc_hd__and2_2)
     4    0.02    0.07    0.23    1.53 v _2570_/X (sky130_fd_sc_hd__and2_2)
                                         _1322_ (net)
                  0.07    0.00    1.53 v _2571_/C (sky130_fd_sc_hd__and3_2)
     3    0.01    0.06    0.24    1.77 v _2571_/X (sky130_fd_sc_hd__and3_2)
                                         _1323_ (net)
                  0.06    0.00    1.77 v _2627_/A (sky130_fd_sc_hd__nor2_2)
     1    0.00    0.06    0.09    1.87 ^ _2627_/Y (sky130_fd_sc_hd__nor2_2)
                                         _0197_ (net)
                  0.06    0.00    1.87 ^ _2967_/D (sky130_fd_sc_hd__dfrtp_2)
                                  1.87   data arrival time

                  0.00   10.00   10.00   clock clk (rise edge)
                          0.00   10.00   clock network delay (ideal)
                          0.00   10.00   clock reconvergence pessimism
                                 10.00 ^ _2967_/CLK (sky130_fd_sc_hd__dfrtp_2)
                         -0.07    9.93   library setup time
                                  9.93   data required time
-----------------------------------------------------------------------------
                                  9.93   data required time
                                 -1.87   data arrival time
-----------------------------------------------------------------------------
                                  8.06   slack (MET)


Startpoint: _3135_ (rising edge-triggered flip-flop clocked by clk)
Endpoint: _3144_ (rising edge-triggered flip-flop clocked by clk)
Path Group: clk
Path Type: max

Fanout     Cap    Slew   Delay    Time   Description
-----------------------------------------------------------------------------
                  0.00    0.00    0.00   clock clk (rise edge)
                          0.00    0.00   clock network delay (ideal)
                  0.00    0.00    0.00 ^ _3135_/CLK (sky130_fd_sc_hd__dfxtp_2)
     4    0.02    0.06    0.32    0.32 v _3135_/Q (sky130_fd_sc_hd__dfxtp_2)
                                         display.counter[0] (net)
                  0.06    0.00    0.32 v _2716_/B (sky130_fd_sc_hd__and3_2)
     3    0.01    0.06    0.22    0.54 v _2716_/X (sky130_fd_sc_hd__and3_2)
                                         _1422_ (net)
                  0.06    0.00    0.54 v _2719_/B (sky130_fd_sc_hd__and2_2)
     4    0.02    0.07    0.23    0.78 v _2719_/X (sky130_fd_sc_hd__and2_2)
                                         _1424_ (net)
                  0.07    0.00    0.78 v _2723_/C (sky130_fd_sc_hd__and3_2)
     3    0.01    0.06    0.24    1.02 v _2723_/X (sky130_fd_sc_hd__and3_2)
                                         _1426_ (net)
                  0.06    0.00    1.02 v _2726_/B (sky130_fd_sc_hd__and2_2)
     4    0.02    0.07    0.23    1.25 v _2726_/X (sky130_fd_sc_hd__and2_2)
                                         _1428_ (net)
                  0.07    0.00    1.25 v _2730_/C (sky130_fd_sc_hd__and3_2)
     3    0.01    0.06    0.24    1.50 v _2730_/X (sky130_fd_sc_hd__and3_2)
                                         _1430_ (net)
                  0.06    0.00    1.50 v _2733_/B (sky130_fd_sc_hd__and2_2)
     4    0.02    0.07    0.23    1.73 v _2733_/X (sky130_fd_sc_hd__and2_2)
                                         _1432_ (net)
                  0.07    0.00    1.73 v _2735_/A (sky130_fd_sc_hd__nor2_2)
     1    0.00    0.05    0.09    1.82 ^ _2735_/Y (sky130_fd_sc_hd__nor2_2)
                                         _0026_ (net)
                  0.05    0.00    1.82 ^ _3144_/D (sky130_fd_sc_hd__dfxtp_2)
                                  1.82   data arrival time

                  0.00   10.00   10.00   clock clk (rise edge)
                          0.00   10.00   clock network delay (ideal)
                          0.00   10.00   clock reconvergence pessimism
                                 10.00 ^ _3144_/CLK (sky130_fd_sc_hd__dfxtp_2)
                         -0.07    9.93   library setup time
                                  9.93   data required time
-----------------------------------------------------------------------------
                                  9.93   data required time
                                 -1.82   data arrival time
-----------------------------------------------------------------------------
                                  8.11   slack (MET)


Startpoint: _2962_ (rising edge-triggered flip-flop clocked by clk)
Endpoint: _2966_ (rising edge-triggered flip-flop clocked by clk)
Path Group: clk
Path Type: max

Fanout     Cap    Slew   Delay    Time   Description
-----------------------------------------------------------------------------
                  0.00    0.00    0.00   clock clk (rise edge)
                          0.00    0.00   clock network delay (ideal)
                  0.00    0.00    0.00 ^ _2962_/CLK (sky130_fd_sc_hd__dfrtp_2)
     8    0.02    0.09    0.42    0.42 v _2962_/Q (sky130_fd_sc_hd__dfrtp_2)
                                         imem.address[3] (net)
                  0.09    0.00    0.42 v _1664_/A (sky130_fd_sc_hd__and2_2)
     1    0.00    0.04    0.18    0.60 v _1664_/X (sky130_fd_sc_hd__and2_2)
                                         _0480_ (net)
                  0.04    0.00    0.60 v _1665_/A (sky130_fd_sc_hd__buf_1)
     7    0.02    0.13    0.16    0.77 v _1665_/X (sky130_fd_sc_hd__buf_1)
                                         _0481_ (net)
                  0.13    0.00    0.77 v _2499_/C (sky130_fd_sc_hd__and3_2)
     4    0.02    0.07    0.29    1.05 v _2499_/X (sky130_fd_sc_hd__and3_2)
                                         _1283_ (net)
                  0.07    0.00    1.06 v _2569_/C (sky130_fd_sc_hd__and3_2)
     3    0.01    0.06    0.24    1.30 v _2569_/X (sky130_fd_sc_hd__and3_2)
                                         _1321_ (net)
                  0.06    0.00    1.30 v _2570_/B (sky130_fd_sc_hd__and2_2)
     4    0.02    0.07    0.23    1.53 v _2570_/X (sky130_fd_sc_hd__and2_2)
                                         _1322_ (net)
                  0.07    0.00    1.53 v _2628_/B (sky130_fd_sc_hd__xor2_2)
     1    0.00    0.05    0.14    1.67 v _2628_/X (sky130_fd_sc_hd__xor2_2)
                                         _0196_ (net)
                  0.05    0.00    1.67 v _2966_/D (sky130_fd_sc_hd__dfrtp_2)
                                  1.67   data arrival time

                  0.00   10.00   10.00   clock clk (rise edge)
                          0.00   10.00   clock network delay (ideal)
                          0.00   10.00   clock reconvergence pessimism
                                 10.00 ^ _2966_/CLK (sky130_fd_sc_hd__dfrtp_2)
                         -0.13    9.87   library setup time
                                  9.87   data required time
-----------------------------------------------------------------------------
                                  9.87   data required time
                                 -1.67   data arrival time
-----------------------------------------------------------------------------
                                  8.20   slack (MET)


Startpoint: _2962_ (rising edge-triggered flip-flop clocked by clk)
Endpoint: _2965_ (rising edge-triggered flip-flop clocked by clk)
Path Group: clk
Path Type: max

Fanout     Cap    Slew   Delay    Time   Description
-----------------------------------------------------------------------------
                  0.00    0.00    0.00   clock clk (rise edge)
                          0.00    0.00   clock network delay (ideal)
                  0.00    0.00    0.00 ^ _2962_/CLK (sky130_fd_sc_hd__dfrtp_2)
     8    0.02    0.09    0.42    0.42 v _2962_/Q (sky130_fd_sc_hd__dfrtp_2)
                                         imem.address[3] (net)
                  0.09    0.00    0.42 v _1664_/A (sky130_fd_sc_hd__and2_2)
     1    0.00    0.04    0.18    0.60 v _1664_/X (sky130_fd_sc_hd__and2_2)
                                         _0480_ (net)
                  0.04    0.00    0.60 v _1665_/A (sky130_fd_sc_hd__buf_1)
     7    0.02    0.13    0.16    0.77 v _1665_/X (sky130_fd_sc_hd__buf_1)
                                         _0481_ (net)
                  0.13    0.00    0.77 v _2499_/C (sky130_fd_sc_hd__and3_2)
     4    0.02    0.07    0.29    1.05 v _2499_/X (sky130_fd_sc_hd__and3_2)
                                         _1283_ (net)
                  0.07    0.00    1.06 v _2569_/C (sky130_fd_sc_hd__and3_2)
     3    0.01    0.06    0.24    1.30 v _2569_/X (sky130_fd_sc_hd__and3_2)
                                         _1321_ (net)
                  0.06    0.00    1.30 v _2570_/B (sky130_fd_sc_hd__and2_2)
     4    0.02    0.07    0.23    1.53 v _2570_/X (sky130_fd_sc_hd__and2_2)
                                         _1322_ (net)
                  0.07    0.00    1.53 v _2630_/A (sky130_fd_sc_hd__nor2_2)
     1    0.00    0.06    0.10    1.63 ^ _2630_/Y (sky130_fd_sc_hd__nor2_2)
                                         _0195_ (net)
                  0.06    0.00    1.63 ^ _2965_/D (sky130_fd_sc_hd__dfrtp_2)
                                  1.63   data arrival time

                  0.00   10.00   10.00   clock clk (rise edge)
                          0.00   10.00   clock network delay (ideal)
                          0.00   10.00   clock reconvergence pessimism
                                 10.00 ^ _2965_/CLK (sky130_fd_sc_hd__dfrtp_2)
                         -0.07    9.93   library setup time
                                  9.93   data required time
-----------------------------------------------------------------------------
                                  9.93   data required time
                                 -1.63   data arrival time
-----------------------------------------------------------------------------
                                  8.30   slack (MET)


Startpoint: _3135_ (rising edge-triggered flip-flop clocked by clk)
Endpoint: _3143_ (rising edge-triggered flip-flop clocked by clk)
Path Group: clk
Path Type: max

Fanout     Cap    Slew   Delay    Time   Description
-----------------------------------------------------------------------------
                  0.00    0.00    0.00   clock clk (rise edge)
                          0.00    0.00   clock network delay (ideal)
                  0.00    0.00    0.00 ^ _3135_/CLK (sky130_fd_sc_hd__dfxtp_2)
     4    0.02    0.06    0.32    0.32 v _3135_/Q (sky130_fd_sc_hd__dfxtp_2)
                                         display.counter[0] (net)
                  0.06    0.00    0.32 v _2716_/B (sky130_fd_sc_hd__and3_2)
     3    0.01    0.06    0.22    0.54 v _2716_/X (sky130_fd_sc_hd__and3_2)
                                         _1422_ (net)
                  0.06    0.00    0.54 v _2719_/B (sky130_fd_sc_hd__and2_2)
     4    0.02    0.07    0.23    0.78 v _2719_/X (sky130_fd_sc_hd__and2_2)
                                         _1424_ (net)
                  0.07    0.00    0.78 v _2723_/C (sky130_fd_sc_hd__and3_2)
     3    0.01    0.06    0.24    1.02 v _2723_/X (sky130_fd_sc_hd__and3_2)
                                         _1426_ (net)
                  0.06    0.00    1.02 v _2726_/B (sky130_fd_sc_hd__and2_2)
     4    0.02    0.07    0.23    1.25 v _2726_/X (sky130_fd_sc_hd__and2_2)
                                         _1428_ (net)
                  0.07    0.00    1.25 v _2730_/C (sky130_fd_sc_hd__and3_2)
     3    0.01    0.06    0.24    1.50 v _2730_/X (sky130_fd_sc_hd__and3_2)
                                         _1430_ (net)
                  0.06    0.00    1.50 v _2732_/A (sky130_fd_sc_hd__nor2_2)
     1    0.00    0.05    0.09    1.58 ^ _2732_/Y (sky130_fd_sc_hd__nor2_2)
                                         _0025_ (net)
                  0.05    0.00    1.58 ^ _3143_/D (sky130_fd_sc_hd__dfxtp_2)
                                  1.58   data arrival time

                  0.00   10.00   10.00   clock clk (rise edge)
                          0.00   10.00   clock network delay (ideal)
                          0.00   10.00   clock reconvergence pessimism
                                 10.00 ^ _3143_/CLK (sky130_fd_sc_hd__dfxtp_2)
                         -0.07    9.93   library setup time
                                  9.93   data required time
-----------------------------------------------------------------------------
                                  9.93   data required time
                                 -1.58   data arrival time
-----------------------------------------------------------------------------
                                  8.35   slack (MET)


Startpoint: _3135_ (rising edge-triggered flip-flop clocked by clk)
Endpoint: _3142_ (rising edge-triggered flip-flop clocked by clk)
Path Group: clk
Path Type: max

Fanout     Cap    Slew   Delay    Time   Description
-----------------------------------------------------------------------------
                  0.00    0.00    0.00   clock clk (rise edge)
                          0.00    0.00   clock network delay (ideal)
                  0.00    0.00    0.00 ^ _3135_/CLK (sky130_fd_sc_hd__dfxtp_2)
     4    0.02    0.06    0.32    0.32 v _3135_/Q (sky130_fd_sc_hd__dfxtp_2)
                                         display.counter[0] (net)
                  0.06    0.00    0.32 v _2716_/B (sky130_fd_sc_hd__and3_2)
     3    0.01    0.06    0.22    0.54 v _2716_/X (sky130_fd_sc_hd__and3_2)
                                         _1422_ (net)
                  0.06    0.00    0.54 v _2719_/B (sky130_fd_sc_hd__and2_2)
     4    0.02    0.07    0.23    0.78 v _2719_/X (sky130_fd_sc_hd__and2_2)
                                         _1424_ (net)
                  0.07    0.00    0.78 v _2723_/C (sky130_fd_sc_hd__and3_2)
     3    0.01    0.06    0.24    1.02 v _2723_/X (sky130_fd_sc_hd__and3_2)
                                         _1426_ (net)
                  0.06    0.00    1.02 v _2726_/B (sky130_fd_sc_hd__and2_2)
     4    0.02    0.07    0.23    1.25 v _2726_/X (sky130_fd_sc_hd__and2_2)
                                         _1428_ (net)
                  0.07    0.00    1.25 v _2729_/B (sky130_fd_sc_hd__xor2_2)
     1    0.00    0.04    0.14    1.39 v _2729_/X (sky130_fd_sc_hd__xor2_2)
                                         _0024_ (net)
                  0.04    0.00    1.39 v _3142_/D (sky130_fd_sc_hd__dfxtp_2)
                                  1.39   data arrival time

                  0.00   10.00   10.00   clock clk (rise edge)
                          0.00   10.00   clock network delay (ideal)
                          0.00   10.00   clock reconvergence pessimism
                                 10.00 ^ _3142_/CLK (sky130_fd_sc_hd__dfxtp_2)
                         -0.12    9.88   library setup time
                                  9.88   data required time
-----------------------------------------------------------------------------
                                  9.88   data required time
                                 -1.39   data arrival time
-----------------------------------------------------------------------------
                                  8.48   slack (MET)


Startpoint: _2962_ (rising edge-triggered flip-flop clocked by clk)
Endpoint: _2964_ (rising edge-triggered flip-flop clocked by clk)
Path Group: clk
Path Type: max

Fanout     Cap    Slew   Delay    Time   Description
-----------------------------------------------------------------------------
                  0.00    0.00    0.00   clock clk (rise edge)
                          0.00    0.00   clock network delay (ideal)
                  0.00    0.00    0.00 ^ _2962_/CLK (sky130_fd_sc_hd__dfrtp_2)
     8    0.02    0.13    0.40    0.40 ^ _2962_/Q (sky130_fd_sc_hd__dfrtp_2)
                                         imem.address[3] (net)
                  0.13    0.00    0.40 ^ _1664_/A (sky130_fd_sc_hd__and2_2)
     1    0.00    0.04    0.15    0.55 ^ _1664_/X (sky130_fd_sc_hd__and2_2)
                                         _0480_ (net)
                  0.04    0.00    0.55 ^ _1665_/A (sky130_fd_sc_hd__buf_1)
     7    0.02    0.28    0.24    0.79 ^ _1665_/X (sky130_fd_sc_hd__buf_1)
                                         _0481_ (net)
                  0.28    0.00    0.79 ^ _2499_/C (sky130_fd_sc_hd__and3_2)
     4    0.02    0.12    0.30    1.09 ^ _2499_/X (sky130_fd_sc_hd__and3_2)
                                         _1283_ (net)
                  0.12    0.00    1.09 ^ _2569_/C (sky130_fd_sc_hd__and3_2)
     3    0.01    0.08    0.23    1.31 ^ _2569_/X (sky130_fd_sc_hd__and3_2)
                                         _1321_ (net)
                  0.08    0.00    1.31 ^ _2632_/A (sky130_fd_sc_hd__nor2_2)
     1    0.00    0.03    0.04    1.36 v _2632_/Y (sky130_fd_sc_hd__nor2_2)
                                         _0194_ (net)
                  0.03    0.00    1.36 v _2964_/D (sky130_fd_sc_hd__dfrtp_2)
                                  1.36   data arrival time

                  0.00   10.00   10.00   clock clk (rise edge)
                          0.00   10.00   clock network delay (ideal)
                          0.00   10.00   clock reconvergence pessimism
                                 10.00 ^ _2964_/CLK (sky130_fd_sc_hd__dfrtp_2)
                         -0.12    9.88   library setup time
                                  9.88   data required time
-----------------------------------------------------------------------------
                                  9.88   data required time
                                 -1.36   data arrival time
-----------------------------------------------------------------------------
                                  8.53   slack (MET)


Startpoint: _3135_ (rising edge-triggered flip-flop clocked by clk)
Endpoint: _3141_ (rising edge-triggered flip-flop clocked by clk)
Path Group: clk
Path Type: max

Fanout     Cap    Slew   Delay    Time   Description
-----------------------------------------------------------------------------
                  0.00    0.00    0.00   clock clk (rise edge)
                          0.00    0.00   clock network delay (ideal)
                  0.00    0.00    0.00 ^ _3135_/CLK (sky130_fd_sc_hd__dfxtp_2)
     4    0.02    0.06    0.32    0.32 v _3135_/Q (sky130_fd_sc_hd__dfxtp_2)
                                         display.counter[0] (net)
                  0.06    0.00    0.32 v _2716_/B (sky130_fd_sc_hd__and3_2)
     3    0.01    0.06    0.22    0.54 v _2716_/X (sky130_fd_sc_hd__and3_2)
                                         _1422_ (net)
                  0.06    0.00    0.54 v _2719_/B (sky130_fd_sc_hd__and2_2)
     4    0.02    0.07    0.23    0.78 v _2719_/X (sky130_fd_sc_hd__and2_2)
                                         _1424_ (net)
                  0.07    0.00    0.78 v _2723_/C (sky130_fd_sc_hd__and3_2)
     3    0.01    0.06    0.24    1.02 v _2723_/X (sky130_fd_sc_hd__and3_2)
                                         _1426_ (net)
                  0.06    0.00    1.02 v _2726_/B (sky130_fd_sc_hd__and2_2)
     4    0.02    0.07    0.23    1.25 v _2726_/X (sky130_fd_sc_hd__and2_2)
                                         _1428_ (net)
                  0.07    0.00    1.25 v _2728_/A (sky130_fd_sc_hd__nor2_2)
     1    0.00    0.05    0.10    1.35 ^ _2728_/Y (sky130_fd_sc_hd__nor2_2)
                                         _0023_ (net)
                  0.05    0.00    1.35 ^ _3141_/D (sky130_fd_sc_hd__dfxtp_2)
                                  1.35   data arrival time

                  0.00   10.00   10.00   clock clk (rise edge)
                          0.00   10.00   clock network delay (ideal)
                          0.00   10.00   clock reconvergence pessimism
                                 10.00 ^ _3141_/CLK (sky130_fd_sc_hd__dfxtp_2)
                         -0.07    9.93   library setup time
                                  9.93   data required time
-----------------------------------------------------------------------------
                                  9.93   data required time
                                 -1.35   data arrival time
-----------------------------------------------------------------------------
                                  8.58   slack (MET)


Startpoint: _2962_ (rising edge-triggered flip-flop clocked by clk)
Endpoint: _2963_ (rising edge-triggered flip-flop clocked by clk)
Path Group: clk
Path Type: max

Fanout     Cap    Slew   Delay    Time   Description
-----------------------------------------------------------------------------
                  0.00    0.00    0.00   clock clk (rise edge)
                          0.00    0.00   clock network delay (ideal)
                  0.00    0.00    0.00 ^ _2962_/CLK (sky130_fd_sc_hd__dfrtp_2)
     8    0.02    0.09    0.42    0.42 v _2962_/Q (sky130_fd_sc_hd__dfrtp_2)
                                         imem.address[3] (net)
                  0.09    0.00    0.42 v _1664_/A (sky130_fd_sc_hd__and2_2)
     1    0.00    0.04    0.18    0.60 v _1664_/X (sky130_fd_sc_hd__and2_2)
                                         _0480_ (net)
                  0.04    0.00    0.60 v _1665_/A (sky130_fd_sc_hd__buf_1)
     7    0.02    0.13    0.16    0.77 v _1665_/X (sky130_fd_sc_hd__buf_1)
                                         _0481_ (net)
                  0.13    0.00    0.77 v _2499_/C (sky130_fd_sc_hd__and3_2)
     4    0.02    0.07    0.29    1.05 v _2499_/X (sky130_fd_sc_hd__and3_2)
                                         _1283_ (net)
                  0.07    0.00    1.06 v _2633_/B (sky130_fd_sc_hd__xor2_2)
     1    0.00    0.05    0.14    1.20 v _2633_/X (sky130_fd_sc_hd__xor2_2)
                                         _0193_ (net)
                  0.05    0.00    1.20 v _2963_/D (sky130_fd_sc_hd__dfrtp_2)
                                  1.20   data arrival time

                  0.00   10.00   10.00   clock clk (rise edge)
                          0.00   10.00   clock network delay (ideal)
                          0.00   10.00   clock reconvergence pessimism
                                 10.00 ^ _2963_/CLK (sky130_fd_sc_hd__dfrtp_2)
                         -0.13    9.87   library setup time
                                  9.87   data required time
-----------------------------------------------------------------------------
                                  9.87   data required time
                                 -1.20   data arrival time
-----------------------------------------------------------------------------
                                  8.68   slack (MET)


Startpoint: _2962_ (rising edge-triggered flip-flop clocked by clk)
Endpoint: _2962_ (rising edge-triggered flip-flop clocked by clk)
Path Group: clk
Path Type: max

Fanout     Cap    Slew   Delay    Time   Description
-----------------------------------------------------------------------------
                  0.00    0.00    0.00   clock clk (rise edge)
                          0.00    0.00   clock network delay (ideal)
                  0.00    0.00    0.00 ^ _2962_/CLK (sky130_fd_sc_hd__dfrtp_2)
     8    0.02    0.13    0.40    0.40 ^ _2962_/Q (sky130_fd_sc_hd__dfrtp_2)
                                         imem.address[3] (net)
                  0.13    0.00    0.40 ^ _1664_/A (sky130_fd_sc_hd__and2_2)
     1    0.00    0.04    0.15    0.55 ^ _1664_/X (sky130_fd_sc_hd__and2_2)
                                         _0480_ (net)
                  0.04    0.00    0.55 ^ _1665_/A (sky130_fd_sc_hd__buf_1)
     7    0.02    0.28    0.24    0.79 ^ _1665_/X (sky130_fd_sc_hd__buf_1)
                                         _0481_ (net)
                  0.28    0.00    0.79 ^ _2499_/C (sky130_fd_sc_hd__and3_2)
     4    0.02    0.12    0.30    1.09 ^ _2499_/X (sky130_fd_sc_hd__and3_2)
                                         _1283_ (net)
                  0.12    0.00    1.09 ^ _2635_/A (sky130_fd_sc_hd__nor2_2)
     1    0.00    0.03    0.05    1.14 v _2635_/Y (sky130_fd_sc_hd__nor2_2)
                                         _0192_ (net)
                  0.03    0.00    1.14 v _2962_/D (sky130_fd_sc_hd__dfrtp_2)
                                  1.14   data arrival time

                  0.00   10.00   10.00   clock clk (rise edge)
                          0.00   10.00   clock network delay (ideal)
                          0.00   10.00   clock reconvergence pessimism
                                 10.00 ^ _2962_/CLK (sky130_fd_sc_hd__dfrtp_2)
                         -0.12    9.88   library setup time
                                  9.88   data required time
-----------------------------------------------------------------------------
                                  9.88   data required time
                                 -1.14   data arrival time
-----------------------------------------------------------------------------
                                  8.74   slack (MET)


Startpoint: _3135_ (rising edge-triggered flip-flop clocked by clk)
Endpoint: _3140_ (rising edge-triggered flip-flop clocked by clk)
Path Group: clk
Path Type: max

Fanout     Cap    Slew   Delay    Time   Description
-----------------------------------------------------------------------------
                  0.00    0.00    0.00   clock clk (rise edge)
                          0.00    0.00   clock network delay (ideal)
                  0.00    0.00    0.00 ^ _3135_/CLK (sky130_fd_sc_hd__dfxtp_2)
     4    0.02    0.06    0.32    0.32 v _3135_/Q (sky130_fd_sc_hd__dfxtp_2)
                                         display.counter[0] (net)
                  0.06    0.00    0.32 v _2716_/B (sky130_fd_sc_hd__and3_2)
     3    0.01    0.06    0.22    0.54 v _2716_/X (sky130_fd_sc_hd__and3_2)
                                         _1422_ (net)
                  0.06    0.00    0.54 v _2719_/B (sky130_fd_sc_hd__and2_2)
     4    0.02    0.07    0.23    0.78 v _2719_/X (sky130_fd_sc_hd__and2_2)
                                         _1424_ (net)
                  0.07    0.00    0.78 v _2723_/C (sky130_fd_sc_hd__and3_2)
     3    0.01    0.06    0.24    1.02 v _2723_/X (sky130_fd_sc_hd__and3_2)
                                         _1426_ (net)
                  0.06    0.00    1.02 v _2725_/A (sky130_fd_sc_hd__nor2_2)
     1    0.00    0.05    0.09    1.11 ^ _2725_/Y (sky130_fd_sc_hd__nor2_2)
                                         _0022_ (net)
                  0.05    0.00    1.11 ^ _3140_/D (sky130_fd_sc_hd__dfxtp_2)
                                  1.11   data arrival time

                  0.00   10.00   10.00   clock clk (rise edge)
                          0.00   10.00   clock network delay (ideal)
                          0.00   10.00   clock reconvergence pessimism
                                 10.00 ^ _3140_/CLK (sky130_fd_sc_hd__dfxtp_2)
                         -0.07    9.93   library setup time
                                  9.93   data required time
-----------------------------------------------------------------------------
                                  9.93   data required time
                                 -1.11   data arrival time
-----------------------------------------------------------------------------
                                  8.82   slack (MET)


Startpoint: _3133_ (rising edge-triggered flip-flop clocked by clk)
Endpoint: _3157_ (rising edge-triggered flip-flop clocked by clk)
Path Group: clk
Path Type: max

Fanout     Cap    Slew   Delay    Time   Description
-----------------------------------------------------------------------------
                  0.00    0.00    0.00   clock clk (rise edge)
                          0.00    0.00   clock network delay (ideal)
                  0.00    0.00    0.00 ^ _3133_/CLK (sky130_fd_sc_hd__dfxtp_2)
     8    0.03    0.15    0.38    0.38 ^ _3133_/Q (sky130_fd_sc_hd__dfxtp_2)
                                         display.digit_sel[1] (net)
                  0.15    0.00    0.38 ^ _2647_/C_N (sky130_fd_sc_hd__or3b_2)
     1    0.00    0.08    0.46    0.84 v _2647_/X (sky130_fd_sc_hd__or3b_2)
                                         _1367_ (net)
                  0.08    0.00    0.84 v _2648_/A (sky130_fd_sc_hd__buf_1)
     3    0.01    0.08    0.15    0.99 v _2648_/X (sky130_fd_sc_hd__buf_1)
                                         _0360_ (net)
                  0.08    0.00    0.99 v _3157_/D (sky130_fd_sc_hd__dfxtp_2)
                                  0.99   data arrival time

                  0.00   10.00   10.00   clock clk (rise edge)
                          0.00   10.00   clock network delay (ideal)
                          0.00   10.00   clock reconvergence pessimism
                                 10.00 ^ _3157_/CLK (sky130_fd_sc_hd__dfxtp_2)
                         -0.14    9.86   library setup time
                                  9.86   data required time
-----------------------------------------------------------------------------
                                  9.86   data required time
                                 -0.99   data arrival time
-----------------------------------------------------------------------------
                                  8.87   slack (MET)


Startpoint: _2961_ (rising edge-triggered flip-flop clocked by clk)
Endpoint: _2961_ (rising edge-triggered flip-flop clocked by clk)
Path Group: clk
Path Type: max

Fanout     Cap    Slew   Delay    Time   Description
-----------------------------------------------------------------------------
                  0.00    0.00    0.00   clock clk (rise edge)
                          0.00    0.00   clock network delay (ideal)
                  0.00    0.00    0.00 ^ _2961_/CLK (sky130_fd_sc_hd__dfrtp_2)
     2    0.00    0.05    0.32    0.32 ^ _2961_/Q (sky130_fd_sc_hd__dfrtp_2)
                                         imem.address[2] (net)
                  0.05    0.00    0.32 ^ _1492_/A (sky130_fd_sc_hd__buf_1)
    10    0.03    0.40    0.33    0.65 ^ _1492_/X (sky130_fd_sc_hd__buf_1)
                                         _0372_ (net)
                  0.40    0.00    0.65 ^ _2500_/A (sky130_fd_sc_hd__and3_2)
     2    0.01    0.08    0.29    0.94 ^ _2500_/X (sky130_fd_sc_hd__and3_2)
                                         _1284_ (net)
                  0.08    0.00    0.94 ^ _2637_/A (sky130_fd_sc_hd__nor2_2)
     1    0.00    0.03    0.04    0.98 v _2637_/Y (sky130_fd_sc_hd__nor2_2)
                                         _0191_ (net)
                  0.03    0.00    0.98 v _2961_/D (sky130_fd_sc_hd__dfrtp_2)
                                  0.98   data arrival time

                  0.00   10.00   10.00   clock clk (rise edge)
                          0.00   10.00   clock network delay (ideal)
                          0.00   10.00   clock reconvergence pessimism
                                 10.00 ^ _2961_/CLK (sky130_fd_sc_hd__dfrtp_2)
                         -0.12    9.88   library setup time
                                  9.88   data required time
-----------------------------------------------------------------------------
                                  9.88   data required time
                                 -0.98   data arrival time
-----------------------------------------------------------------------------
                                  8.90   slack (MET)


Startpoint: _3135_ (rising edge-triggered flip-flop clocked by clk)
Endpoint: _3139_ (rising edge-triggered flip-flop clocked by clk)
Path Group: clk
Path Type: max

Fanout     Cap    Slew   Delay    Time   Description
-----------------------------------------------------------------------------
                  0.00    0.00    0.00   clock clk (rise edge)
                          0.00    0.00   clock network delay (ideal)
                  0.00    0.00    0.00 ^ _3135_/CLK (sky130_fd_sc_hd__dfxtp_2)
     4    0.02    0.06    0.32    0.32 v _3135_/Q (sky130_fd_sc_hd__dfxtp_2)
                                         display.counter[0] (net)
                  0.06    0.00    0.32 v _2716_/B (sky130_fd_sc_hd__and3_2)
     3    0.01    0.06    0.22    0.54 v _2716_/X (sky130_fd_sc_hd__and3_2)
                                         _1422_ (net)
                  0.06    0.00    0.54 v _2719_/B (sky130_fd_sc_hd__and2_2)
     4    0.02    0.07    0.23    0.78 v _2719_/X (sky130_fd_sc_hd__and2_2)
                                         _1424_ (net)
                  0.07    0.00    0.78 v _2722_/B (sky130_fd_sc_hd__xor2_2)
     1    0.00    0.04    0.14    0.92 v _2722_/X (sky130_fd_sc_hd__xor2_2)
                                         _0021_ (net)
                  0.04    0.00    0.92 v _3139_/D (sky130_fd_sc_hd__dfxtp_2)
                                  0.92   data arrival time

                  0.00   10.00   10.00   clock clk (rise edge)
                          0.00   10.00   clock network delay (ideal)
                          0.00   10.00   clock reconvergence pessimism
                                 10.00 ^ _3139_/CLK (sky130_fd_sc_hd__dfxtp_2)
                         -0.12    9.88   library setup time
                                  9.88   data required time
-----------------------------------------------------------------------------
                                  9.88   data required time
                                 -0.92   data arrival time
-----------------------------------------------------------------------------
                                  8.96   slack (MET)


Startpoint: _3135_ (rising edge-triggered flip-flop clocked by clk)
Endpoint: _3138_ (rising edge-triggered flip-flop clocked by clk)
Path Group: clk
Path Type: max

Fanout     Cap    Slew   Delay    Time   Description
-----------------------------------------------------------------------------
                  0.00    0.00    0.00   clock clk (rise edge)
                          0.00    0.00   clock network delay (ideal)
                  0.00    0.00    0.00 ^ _3135_/CLK (sky130_fd_sc_hd__dfxtp_2)
     4    0.02    0.11    0.35    0.35 ^ _3135_/Q (sky130_fd_sc_hd__dfxtp_2)
                                         display.counter[0] (net)
                  0.11    0.00    0.35 ^ _2716_/B (sky130_fd_sc_hd__and3_2)
     3    0.01    0.08    0.22    0.58 ^ _2716_/X (sky130_fd_sc_hd__and3_2)
                                         _1422_ (net)
                  0.08    0.00    0.58 ^ _2719_/B (sky130_fd_sc_hd__and2_2)
     4    0.02    0.12    0.21    0.78 ^ _2719_/X (sky130_fd_sc_hd__and2_2)
                                         _1424_ (net)
                  0.12    0.00    0.78 ^ _2721_/A (sky130_fd_sc_hd__nor2_2)
     1    0.00    0.03    0.05    0.83 v _2721_/Y (sky130_fd_sc_hd__nor2_2)
                                         _0020_ (net)
                  0.03    0.00    0.83 v _3138_/D (sky130_fd_sc_hd__dfxtp_2)
                                  0.83   data arrival time

                  0.00   10.00   10.00   clock clk (rise edge)
                          0.00   10.00   clock network delay (ideal)
                          0.00   10.00   clock reconvergence pessimism
                                 10.00 ^ _3138_/CLK (sky130_fd_sc_hd__dfxtp_2)
                         -0.12    9.88   library setup time
                                  9.88   data required time
-----------------------------------------------------------------------------
                                  9.88   data required time
                                 -0.83   data arrival time
-----------------------------------------------------------------------------
                                  9.05   slack (MET)


Startpoint: _3132_ (rising edge-triggered flip-flop clocked by clk)
Endpoint: _3156_ (rising edge-triggered flip-flop clocked by clk)
Path Group: clk
Path Type: max

Fanout     Cap    Slew   Delay    Time   Description
-----------------------------------------------------------------------------
                  0.00    0.00    0.00   clock clk (rise edge)
                          0.00    0.00   clock network delay (ideal)
                  0.00    0.00    0.00 ^ _3132_/CLK (sky130_fd_sc_hd__dfxtp_2)
     9    0.03    0.16    0.39    0.39 ^ _3132_/Q (sky130_fd_sc_hd__dfxtp_2)
                                         display.digit_sel[0] (net)
                  0.16    0.00    0.39 ^ _2650_/C_N (sky130_fd_sc_hd__nor3b_2)
     5    0.02    0.37    0.37    0.77 ^ _2650_/Y (sky130_fd_sc_hd__nor3b_2)
                                         _1369_ (net)
                  0.37    0.00    0.77 ^ _2711_/A (sky130_fd_sc_hd__inv_2)
     1    0.00    0.05    0.04    0.81 v _2711_/Y (sky130_fd_sc_hd__inv_2)
                                         _0359_ (net)
                  0.05    0.00    0.81 v _3156_/D (sky130_fd_sc_hd__dfxtp_2)
                                  0.81   data arrival time

                  0.00   10.00   10.00   clock clk (rise edge)
                          0.00   10.00   clock network delay (ideal)
                          0.00   10.00   clock reconvergence pessimism
                                 10.00 ^ _3156_/CLK (sky130_fd_sc_hd__dfxtp_2)
                         -0.13    9.87   library setup time
                                  9.87   data required time
-----------------------------------------------------------------------------
                                  9.87   data required time
                                 -0.81   data arrival time
-----------------------------------------------------------------------------
                                  9.07   slack (MET)


Startpoint: _3133_ (rising edge-triggered flip-flop clocked by clk)
Endpoint: _3155_ (rising edge-triggered flip-flop clocked by clk)
Path Group: clk
Path Type: max

Fanout     Cap    Slew   Delay    Time   Description
-----------------------------------------------------------------------------
                  0.00    0.00    0.00   clock clk (rise edge)
                          0.00    0.00   clock network delay (ideal)
                  0.00    0.00    0.00 ^ _3133_/CLK (sky130_fd_sc_hd__dfxtp_2)
     8    0.03    0.07    0.34    0.34 v _3133_/Q (sky130_fd_sc_hd__dfxtp_2)
                                         display.digit_sel[1] (net)
                  0.07    0.00    0.34 v _2640_/A (sky130_fd_sc_hd__nor2_2)
     3    0.01    0.13    0.16    0.49 ^ _2640_/Y (sky130_fd_sc_hd__nor2_2)
                                         _1362_ (net)
                  0.13    0.00    0.49 ^ _2652_/B (sky130_fd_sc_hd__and2b_2)
     5    0.02    0.11    0.22    0.71 ^ _2652_/X (sky130_fd_sc_hd__and2b_2)
                                         _1371_ (net)
                  0.11    0.00    0.71 ^ _2657_/A (sky130_fd_sc_hd__inv_2)
     5    0.02    0.05    0.07    0.79 v _2657_/Y (sky130_fd_sc_hd__inv_2)
                                         _0358_ (net)
                  0.05    0.00    0.79 v _3155_/D (sky130_fd_sc_hd__dfxtp_2)
                                  0.79   data arrival time

                  0.00   10.00   10.00   clock clk (rise edge)
                          0.00   10.00   clock network delay (ideal)
                          0.00   10.00   clock reconvergence pessimism
                                 10.00 ^ _3155_/CLK (sky130_fd_sc_hd__dfxtp_2)
                         -0.13    9.87   library setup time
                                  9.87   data required time
-----------------------------------------------------------------------------
                                  9.87   data required time
                                 -0.79   data arrival time
-----------------------------------------------------------------------------
                                  9.08   slack (MET)


Startpoint: _3132_ (rising edge-triggered flip-flop clocked by clk)
Endpoint: _3158_ (rising edge-triggered flip-flop clocked by clk)
Path Group: clk
Path Type: max

Fanout     Cap    Slew   Delay    Time   Description
-----------------------------------------------------------------------------
                  0.00    0.00    0.00   clock clk (rise edge)
                          0.00    0.00   clock network delay (ideal)
                  0.00    0.00    0.00 ^ _3132_/CLK (sky130_fd_sc_hd__dfxtp_2)
     9    0.03    0.16    0.39    0.39 ^ _3132_/Q (sky130_fd_sc_hd__dfxtp_2)
                                         display.digit_sel[0] (net)
                  0.16    0.00    0.39 ^ _2645_/B (sky130_fd_sc_hd__nand2_2)
     3    0.01    0.07    0.10    0.49 v _2645_/Y (sky130_fd_sc_hd__nand2_2)
                                         _1365_ (net)
                  0.07    0.00    0.49 v _2646_/B (sky130_fd_sc_hd__nor2_2)
     5    0.02    0.23    0.21    0.70 ^ _2646_/Y (sky130_fd_sc_hd__nor2_2)
                                         _1366_ (net)
                  0.23    0.00    0.70 ^ _2712_/A (sky130_fd_sc_hd__inv_2)
     1    0.00    0.04    0.04    0.73 v _2712_/Y (sky130_fd_sc_hd__inv_2)
                                         _0361_ (net)
                  0.04    0.00    0.73 v _3158_/D (sky130_fd_sc_hd__dfxtp_2)
                                  0.73   data arrival time

                  0.00   10.00   10.00   clock clk (rise edge)
                          0.00   10.00   clock network delay (ideal)
                          0.00   10.00   clock reconvergence pessimism
                                 10.00 ^ _3158_/CLK (sky130_fd_sc_hd__dfxtp_2)
                         -0.12    9.88   library setup time
                                  9.88   data required time
-----------------------------------------------------------------------------
                                  9.88   data required time
                                 -0.73   data arrival time
-----------------------------------------------------------------------------
                                  9.15   slack (MET)


Startpoint: _3132_ (rising edge-triggered flip-flop clocked by clk)
Endpoint: _3162_ (rising edge-triggered flip-flop clocked by clk)
Path Group: clk
Path Type: max

Fanout     Cap    Slew   Delay    Time   Description
-----------------------------------------------------------------------------
                  0.00    0.00    0.00   clock clk (rise edge)
                          0.00    0.00   clock network delay (ideal)
                  0.00    0.00    0.00 ^ _3132_/CLK (sky130_fd_sc_hd__dfxtp_2)
     9    0.03    0.16    0.39    0.39 ^ _3132_/Q (sky130_fd_sc_hd__dfxtp_2)
                                         display.digit_sel[0] (net)
                  0.16    0.00    0.39 ^ _2638_/C (sky130_fd_sc_hd__and3_2)
     5    0.02    0.11    0.26    0.65 ^ _2638_/X (sky130_fd_sc_hd__and3_2)
                                         _1360_ (net)
                  0.11    0.00    0.65 ^ _2714_/A (sky130_fd_sc_hd__inv_2)
     2    0.00    0.03    0.04    0.70 v _2714_/Y (sky130_fd_sc_hd__inv_2)
                                         _0365_ (net)
                  0.03    0.00    0.70 v _3162_/D (sky130_fd_sc_hd__dfxtp_2)
                                  0.70   data arrival time

                  0.00   10.00   10.00   clock clk (rise edge)
                          0.00   10.00   clock network delay (ideal)
                          0.00   10.00   clock reconvergence pessimism
                                 10.00 ^ _3162_/CLK (sky130_fd_sc_hd__dfxtp_2)
                         -0.12    9.88   library setup time
                                  9.88   data required time
-----------------------------------------------------------------------------
                                  9.88   data required time
                                 -0.70   data arrival time
-----------------------------------------------------------------------------
                                  9.19   slack (MET)


Startpoint: _3132_ (rising edge-triggered flip-flop clocked by clk)
Endpoint: _3160_ (rising edge-triggered flip-flop clocked by clk)
Path Group: clk
Path Type: max

Fanout     Cap    Slew   Delay    Time   Description
-----------------------------------------------------------------------------
                  0.00    0.00    0.00   clock clk (rise edge)
                          0.00    0.00   clock network delay (ideal)
                  0.00    0.00    0.00 ^ _3132_/CLK (sky130_fd_sc_hd__dfxtp_2)
     9    0.03    0.16    0.39    0.39 ^ _3132_/Q (sky130_fd_sc_hd__dfxtp_2)
                                         display.digit_sel[0] (net)
                  0.16    0.00    0.39 ^ _2639_/C (sky130_fd_sc_hd__and3b_2)
     5    0.02    0.12    0.27    0.66 ^ _2639_/X (sky130_fd_sc_hd__and3b_2)
                                         _1361_ (net)
                  0.12    0.00    0.67 ^ _2713_/A (sky130_fd_sc_hd__inv_2)
     1    0.00    0.03    0.03    0.70 v _2713_/Y (sky130_fd_sc_hd__inv_2)
                                         _0363_ (net)
                  0.03    0.00    0.70 v _3160_/D (sky130_fd_sc_hd__dfxtp_2)
                                  0.70   data arrival time

                  0.00   10.00   10.00   clock clk (rise edge)
                          0.00   10.00   clock network delay (ideal)
                          0.00   10.00   clock reconvergence pessimism
                                 10.00 ^ _3160_/CLK (sky130_fd_sc_hd__dfxtp_2)
                         -0.11    9.89   library setup time
                                  9.89   data required time
-----------------------------------------------------------------------------
                                  9.89   data required time
                                 -0.70   data arrival time
-----------------------------------------------------------------------------
                                  9.19   slack (MET)


Startpoint: _3132_ (rising edge-triggered flip-flop clocked by clk)
Endpoint: _3161_ (rising edge-triggered flip-flop clocked by clk)
Path Group: clk
Path Type: max

Fanout     Cap    Slew   Delay    Time   Description
-----------------------------------------------------------------------------
                  0.00    0.00    0.00   clock clk (rise edge)
                          0.00    0.00   clock network delay (ideal)
                  0.00    0.00    0.00 ^ _3132_/CLK (sky130_fd_sc_hd__dfxtp_2)
     9    0.03    0.08    0.34    0.34 v _3132_/Q (sky130_fd_sc_hd__dfxtp_2)
                                         display.digit_sel[0] (net)
                  0.08    0.00    0.34 v _2643_/A_N (sky130_fd_sc_hd__nand3b_2)
     3    0.01    0.11    0.26    0.61 v _2643_/Y (sky130_fd_sc_hd__nand3b_2)
                                         _0364_ (net)
                  0.11    0.00    0.61 v _3161_/D (sky130_fd_sc_hd__dfxtp_2)
                                  0.61   data arrival time

                  0.00   10.00   10.00   clock clk (rise edge)
                          0.00   10.00   clock network delay (ideal)
                          0.00   10.00   clock reconvergence pessimism
                                 10.00 ^ _3161_/CLK (sky130_fd_sc_hd__dfxtp_2)
                         -0.15    9.85   library setup time
                                  9.85   data required time
-----------------------------------------------------------------------------
                                  9.85   data required time
                                 -0.61   data arrival time
-----------------------------------------------------------------------------
                                  9.24   slack (MET)


Startpoint: _3135_ (rising edge-triggered flip-flop clocked by clk)
Endpoint: _3137_ (rising edge-triggered flip-flop clocked by clk)
Path Group: clk
Path Type: max

Fanout     Cap    Slew   Delay    Time   Description
-----------------------------------------------------------------------------
                  0.00    0.00    0.00   clock clk (rise edge)
                          0.00    0.00   clock network delay (ideal)
                  0.00    0.00    0.00 ^ _3135_/CLK (sky130_fd_sc_hd__dfxtp_2)
     4    0.02    0.11    0.35    0.35 ^ _3135_/Q (sky130_fd_sc_hd__dfxtp_2)
                                         display.counter[0] (net)
                  0.11    0.00    0.35 ^ _2716_/B (sky130_fd_sc_hd__and3_2)
     3    0.01    0.08    0.22    0.58 ^ _2716_/X (sky130_fd_sc_hd__and3_2)
                                         _1422_ (net)
                  0.08    0.00    0.58 ^ _2718_/A (sky130_fd_sc_hd__nor2_2)
     1    0.00    0.02    0.04    0.62 v _2718_/Y (sky130_fd_sc_hd__nor2_2)
                                         _0019_ (net)
                  0.02    0.00    0.62 v _3137_/D (sky130_fd_sc_hd__dfxtp_2)
                                  0.62   data arrival time

                  0.00   10.00   10.00   clock clk (rise edge)
                          0.00   10.00   clock network delay (ideal)
                          0.00   10.00   clock reconvergence pessimism
                                 10.00 ^ _3137_/CLK (sky130_fd_sc_hd__dfxtp_2)
                         -0.11    9.89   library setup time
                                  9.89   data required time
-----------------------------------------------------------------------------
                                  9.89   data required time
                                 -0.62   data arrival time
-----------------------------------------------------------------------------
                                  9.27   slack (MET)


Startpoint: _3133_ (rising edge-triggered flip-flop clocked by clk)
Endpoint: _3159_ (rising edge-triggered flip-flop clocked by clk)
Path Group: clk
Path Type: max

Fanout     Cap    Slew   Delay    Time   Description
-----------------------------------------------------------------------------
                  0.00    0.00    0.00   clock clk (rise edge)
                          0.00    0.00   clock network delay (ideal)
                  0.00    0.00    0.00 ^ _3133_/CLK (sky130_fd_sc_hd__dfxtp_2)
     8    0.03    0.07    0.34    0.34 v _3133_/Q (sky130_fd_sc_hd__dfxtp_2)
                                         display.digit_sel[1] (net)
                  0.07    0.00    0.34 v _2640_/A (sky130_fd_sc_hd__nor2_2)
     3    0.01    0.13    0.16    0.49 ^ _2640_/Y (sky130_fd_sc_hd__nor2_2)
                                         _1362_ (net)
                  0.13    0.00    0.49 ^ _2641_/B (sky130_fd_sc_hd__nand2_2)
     2    0.01    0.07    0.09    0.58 v _2641_/Y (sky130_fd_sc_hd__nand2_2)
                                         _0362_ (net)
                  0.07    0.00    0.58 v _3159_/D (sky130_fd_sc_hd__dfxtp_2)
                                  0.58   data arrival time

                  0.00   10.00   10.00   clock clk (rise edge)
                          0.00   10.00   clock network delay (ideal)
                          0.00   10.00   clock reconvergence pessimism
                                 10.00 ^ _3159_/CLK (sky130_fd_sc_hd__dfxtp_2)
                         -0.13    9.87   library setup time
                                  9.87   data required time
-----------------------------------------------------------------------------
                                  9.87   data required time
                                 -0.58   data arrival time
-----------------------------------------------------------------------------
                                  9.29   slack (MET)


Startpoint: _3129_ (rising edge-triggered flip-flop clocked by clk)
Endpoint: _3129_ (rising edge-triggered flip-flop clocked by clk)
Path Group: clk
Path Type: max

Fanout     Cap    Slew   Delay    Time   Description
-----------------------------------------------------------------------------
                  0.00    0.00    0.00   clock clk (rise edge)
                          0.00    0.00   clock network delay (ideal)
                  0.00    0.00    0.00 ^ _3129_/CLK (sky130_fd_sc_hd__dfrtp_2)
     4    0.01    0.06    0.40    0.40 v _3129_/Q (sky130_fd_sc_hd__dfrtp_2)
                                         reg_file.registers[2][4] (net)
                  0.06    0.00    0.40 v _1484_/A (sky130_fd_sc_hd__buf_1)
     1    0.00    0.02    0.09    0.49 v _1484_/X (sky130_fd_sc_hd__buf_1)
                                         _0368_ (net)
                  0.02    0.00    0.49 v _1485_/A (sky130_fd_sc_hd__buf_1)
     1    0.00    0.02    0.08    0.57 v _1485_/X (sky130_fd_sc_hd__buf_1)
                                         _0352_ (net)
                  0.02    0.00    0.57 v _3129_/D (sky130_fd_sc_hd__dfrtp_2)
                                  0.57   data arrival time

                  0.00   10.00   10.00   clock clk (rise edge)
                          0.00   10.00   clock network delay (ideal)
                          0.00   10.00   clock reconvergence pessimism
                                 10.00 ^ _3129_/CLK (sky130_fd_sc_hd__dfrtp_2)
                         -0.12    9.88   library setup time
                                  9.88   data required time
-----------------------------------------------------------------------------
                                  9.88   data required time
                                 -0.57   data arrival time
-----------------------------------------------------------------------------
                                  9.32   slack (MET)


Startpoint: _3126_ (rising edge-triggered flip-flop clocked by clk)
Endpoint: _3126_ (rising edge-triggered flip-flop clocked by clk)
Path Group: clk
Path Type: max

Fanout     Cap    Slew   Delay    Time   Description
-----------------------------------------------------------------------------
                  0.00    0.00    0.00   clock clk (rise edge)
                          0.00    0.00   clock network delay (ideal)
                  0.00    0.00    0.00 ^ _3126_/CLK (sky130_fd_sc_hd__dfrtp_2)
     2    0.01    0.05    0.38    0.38 v _3126_/Q (sky130_fd_sc_hd__dfrtp_2)
                                         reg_file.registers[2][0] (net)
                  0.05    0.00    0.38 v _1490_/A (sky130_fd_sc_hd__buf_1)
     1    0.00    0.03    0.09    0.47 v _1490_/X (sky130_fd_sc_hd__buf_1)
                                         _0371_ (net)
                  0.03    0.00    0.47 v _1491_/A (sky130_fd_sc_hd__buf_1)
     1    0.00    0.02    0.08    0.54 v _1491_/X (sky130_fd_sc_hd__buf_1)
                                         _0349_ (net)
                  0.02    0.00    0.54 v _3126_/D (sky130_fd_sc_hd__dfrtp_2)
                                  0.54   data arrival time

                  0.00   10.00   10.00   clock clk (rise edge)
                          0.00   10.00   clock network delay (ideal)
                          0.00   10.00   clock reconvergence pessimism
                                 10.00 ^ _3126_/CLK (sky130_fd_sc_hd__dfrtp_2)
                         -0.12    9.88   library setup time
                                  9.88   data required time
-----------------------------------------------------------------------------
                                  9.88   data required time
                                 -0.54   data arrival time
-----------------------------------------------------------------------------
                                  9.34   slack (MET)


Startpoint: _3131_ (rising edge-triggered flip-flop clocked by clk)
Endpoint: _3131_ (rising edge-triggered flip-flop clocked by clk)
Path Group: clk
Path Type: max

Fanout     Cap    Slew   Delay    Time   Description
-----------------------------------------------------------------------------
                  0.00    0.00    0.00   clock clk (rise edge)
                          0.00    0.00   clock network delay (ideal)
                  0.00    0.00    0.00 ^ _3131_/CLK (sky130_fd_sc_hd__dfrtp_2)
     2    0.00    0.05    0.37    0.37 v _3131_/Q (sky130_fd_sc_hd__dfrtp_2)
                                         reg_file.registers[2][31] (net)
                  0.05    0.00    0.37 v _1480_/A (sky130_fd_sc_hd__buf_1)
     1    0.00    0.03    0.09    0.46 v _1480_/X (sky130_fd_sc_hd__buf_1)
                                         _0366_ (net)
                  0.03    0.00    0.46 v _1481_/A (sky130_fd_sc_hd__buf_1)
     1    0.00    0.02    0.08    0.54 v _1481_/X (sky130_fd_sc_hd__buf_1)
                                         _0354_ (net)
                  0.02    0.00    0.54 v _3131_/D (sky130_fd_sc_hd__dfrtp_2)
                                  0.54   data arrival time

                  0.00   10.00   10.00   clock clk (rise edge)
                          0.00   10.00   clock network delay (ideal)
                          0.00   10.00   clock reconvergence pessimism
                                 10.00 ^ _3131_/CLK (sky130_fd_sc_hd__dfrtp_2)
                         -0.12    9.88   library setup time
                                  9.88   data required time
-----------------------------------------------------------------------------
                                  9.88   data required time
                                 -0.54   data arrival time
-----------------------------------------------------------------------------
                                  9.35   slack (MET)


Startpoint: _3130_ (rising edge-triggered flip-flop clocked by clk)
Endpoint: _3130_ (rising edge-triggered flip-flop clocked by clk)
Path Group: clk
Path Type: max

Fanout     Cap    Slew   Delay    Time   Description
-----------------------------------------------------------------------------
                  0.00    0.00    0.00   clock clk (rise edge)
                          0.00    0.00   clock network delay (ideal)
                  0.00    0.00    0.00 ^ _3130_/CLK (sky130_fd_sc_hd__dfrtp_2)
     2    0.00    0.05    0.37    0.37 v _3130_/Q (sky130_fd_sc_hd__dfrtp_2)
                                         reg_file.registers[2][30] (net)
                  0.05    0.00    0.37 v _1482_/A (sky130_fd_sc_hd__buf_1)
     1    0.00    0.03    0.09    0.46 v _1482_/X (sky130_fd_sc_hd__buf_1)
                                         _0367_ (net)
                  0.03    0.00    0.46 v _1483_/A (sky130_fd_sc_hd__buf_1)
     1    0.00    0.02    0.08    0.53 v _1483_/X (sky130_fd_sc_hd__buf_1)
                                         _0353_ (net)
                  0.02    0.00    0.53 v _3130_/D (sky130_fd_sc_hd__dfrtp_2)
                                  0.53   data arrival time

                  0.00   10.00   10.00   clock clk (rise edge)
                          0.00   10.00   clock network delay (ideal)
                          0.00   10.00   clock reconvergence pessimism
                                 10.00 ^ _3130_/CLK (sky130_fd_sc_hd__dfrtp_2)
                         -0.12    9.88   library setup time
                                  9.88   data required time
-----------------------------------------------------------------------------
                                  9.88   data required time
                                 -0.53   data arrival time
-----------------------------------------------------------------------------
                                  9.35   slack (MET)


Startpoint: _3127_ (rising edge-triggered flip-flop clocked by clk)
Endpoint: _3127_ (rising edge-triggered flip-flop clocked by clk)
Path Group: clk
Path Type: max

Fanout     Cap    Slew   Delay    Time   Description
-----------------------------------------------------------------------------
                  0.00    0.00    0.00   clock clk (rise edge)
                          0.00    0.00   clock network delay (ideal)
                  0.00    0.00    0.00 ^ _3127_/CLK (sky130_fd_sc_hd__dfrtp_2)
     2    0.00    0.05    0.37    0.37 v _3127_/Q (sky130_fd_sc_hd__dfrtp_2)
                                         reg_file.registers[2][2] (net)
                  0.05    0.00    0.37 v _1488_/A (sky130_fd_sc_hd__buf_1)
     1    0.00    0.02    0.09    0.46 v _1488_/X (sky130_fd_sc_hd__buf_1)
                                         _0370_ (net)
                  0.02    0.00    0.46 v _1489_/A (sky130_fd_sc_hd__buf_1)
     1    0.00    0.02    0.08    0.53 v _1489_/X (sky130_fd_sc_hd__buf_1)
                                         _0350_ (net)
                  0.02    0.00    0.53 v _3127_/D (sky130_fd_sc_hd__dfrtp_2)
                                  0.53   data arrival time

                  0.00   10.00   10.00   clock clk (rise edge)
                          0.00   10.00   clock network delay (ideal)
                          0.00   10.00   clock reconvergence pessimism
                                 10.00 ^ _3127_/CLK (sky130_fd_sc_hd__dfrtp_2)
                         -0.12    9.88   library setup time
                                  9.88   data required time
-----------------------------------------------------------------------------
                                  9.88   data required time
                                 -0.53   data arrival time
-----------------------------------------------------------------------------
                                  9.35   slack (MET)


Startpoint: _3128_ (rising edge-triggered flip-flop clocked by clk)
Endpoint: _3128_ (rising edge-triggered flip-flop clocked by clk)
Path Group: clk
Path Type: max

Fanout     Cap    Slew   Delay    Time   Description
-----------------------------------------------------------------------------
                  0.00    0.00    0.00   clock clk (rise edge)
                          0.00    0.00   clock network delay (ideal)
                  0.00    0.00    0.00 ^ _3128_/CLK (sky130_fd_sc_hd__dfrtp_2)
     2    0.00    0.04    0.37    0.37 v _3128_/Q (sky130_fd_sc_hd__dfrtp_2)
                                         reg_file.registers[2][3] (net)
                  0.04    0.00    0.37 v _1486_/A (sky130_fd_sc_hd__buf_1)
     1    0.00    0.02    0.09    0.46 v _1486_/X (sky130_fd_sc_hd__buf_1)
                                         _0369_ (net)
                  0.02    0.00    0.46 v _1487_/A (sky130_fd_sc_hd__buf_1)
     1    0.00    0.02    0.08    0.53 v _1487_/X (sky130_fd_sc_hd__buf_1)
                                         _0351_ (net)
                  0.02    0.00    0.53 v _3128_/D (sky130_fd_sc_hd__dfrtp_2)
                                  0.53   data arrival time

                  0.00   10.00   10.00   clock clk (rise edge)
                          0.00   10.00   clock network delay (ideal)
                          0.00   10.00   clock reconvergence pessimism
                                 10.00 ^ _3128_/CLK (sky130_fd_sc_hd__dfrtp_2)
                         -0.12    9.88   library setup time
                                  9.88   data required time
-----------------------------------------------------------------------------
                                  9.88   data required time
                                 -0.53   data arrival time
-----------------------------------------------------------------------------
                                  9.35   slack (MET)


Startpoint: _3136_ (rising edge-triggered flip-flop clocked by clk)
Endpoint: _3136_ (rising edge-triggered flip-flop clocked by clk)
Path Group: clk
Path Type: max

Fanout     Cap    Slew   Delay    Time   Description
-----------------------------------------------------------------------------
                  0.00    0.00    0.00   clock clk (rise edge)
                          0.00    0.00   clock network delay (ideal)
                  0.00    0.00    0.00 ^ _3136_/CLK (sky130_fd_sc_hd__dfxtp_2)
     3    0.01    0.05    0.32    0.32 v _3136_/Q (sky130_fd_sc_hd__dfxtp_2)
                                         display.counter[1] (net)
                  0.05    0.00    0.32 v _2715_/A (sky130_fd_sc_hd__xor2_2)
     1    0.00    0.04    0.16    0.47 v _2715_/X (sky130_fd_sc_hd__xor2_2)
                                         _0018_ (net)
                  0.04    0.00    0.47 v _3136_/D (sky130_fd_sc_hd__dfxtp_2)
                                  0.47   data arrival time

                  0.00   10.00   10.00   clock clk (rise edge)
                          0.00   10.00   clock network delay (ideal)
                          0.00   10.00   clock reconvergence pessimism
                                 10.00 ^ _3136_/CLK (sky130_fd_sc_hd__dfxtp_2)
                         -0.12    9.88   library setup time
                                  9.88   data required time
-----------------------------------------------------------------------------
                                  9.88   data required time
                                 -0.47   data arrival time
-----------------------------------------------------------------------------
                                  9.40   slack (MET)


Startpoint: _3135_ (rising edge-triggered flip-flop clocked by clk)
Endpoint: _3135_ (rising edge-triggered flip-flop clocked by clk)
Path Group: clk
Path Type: max

Fanout     Cap    Slew   Delay    Time   Description
-----------------------------------------------------------------------------
                  0.00    0.00    0.00   clock clk (rise edge)
                          0.00    0.00   clock network delay (ideal)
                  0.00    0.00    0.00 ^ _3135_/CLK (sky130_fd_sc_hd__dfxtp_2)
     4    0.02    0.11    0.35    0.35 ^ _3135_/Q (sky130_fd_sc_hd__dfxtp_2)
                                         display.counter[0] (net)
                  0.11    0.00    0.35 ^ _2761_/A (sky130_fd_sc_hd__inv_2)
     1    0.00    0.02    0.03    0.38 v _2761_/Y (sky130_fd_sc_hd__inv_2)
                                         _0007_ (net)
                  0.02    0.00    0.38 v _3135_/D (sky130_fd_sc_hd__dfxtp_2)
                                  0.38   data arrival time

                  0.00   10.00   10.00   clock clk (rise edge)
                          0.00   10.00   clock network delay (ideal)
                          0.00   10.00   clock reconvergence pessimism
                                 10.00 ^ _3135_/CLK (sky130_fd_sc_hd__dfxtp_2)
                         -0.11    9.89   library setup time
                                  9.89   data required time
-----------------------------------------------------------------------------
                                  9.89   data required time
                                 -0.38   data arrival time
-----------------------------------------------------------------------------
                                  9.50   slack (MET)



worst slack corner Typical: -1.0092
