
===========================================================================
report_checks -path_delay min (Hold)
============================================================================
======================= Fastest Corner ===================================

Startpoint: _356_ (rising edge-triggered flip-flop clocked by core_clock)
Endpoint: _356_ (rising edge-triggered flip-flop clocked by core_clock)
Path Group: core_clock
Path Type: min
Corner: Fastest

Fanout     Cap    Slew   Delay    Time   Description
-----------------------------------------------------------------------------
                          0.00    0.00   clock core_clock (rise edge)
                          0.00    0.00   clock source latency
     1    0.02    0.00    0.00    0.00 ^ clk (in)
                                         clk (net)
                  0.00    0.00    0.00 ^ clkbuf_0_clk/A (sky130_fd_sc_hd__clkbuf_16)
     4    0.05    0.05    0.09    0.09 ^ clkbuf_0_clk/X (sky130_fd_sc_hd__clkbuf_16)
                                         clknet_0_clk (net)
                  0.05    0.00    0.09 ^ clkbuf_2_0__f_clk/A (sky130_fd_sc_hd__clkbuf_16)
     9    0.04    0.04    0.10    0.19 ^ clkbuf_2_0__f_clk/X (sky130_fd_sc_hd__clkbuf_16)
                                         clknet_2_0__leaf_clk (net)
                  0.04    0.00    0.19 ^ _356_/CLK (sky130_fd_sc_hd__dfrtp_1)
     2    0.02    0.11    0.26    0.46 ^ _356_/Q (sky130_fd_sc_hd__dfrtp_1)
                                         one_second_counter[26] (net)
                  0.11    0.00    0.46 ^ _284_/A1 (sky130_fd_sc_hd__o211a_1)
     1    0.01    0.06    0.13    0.58 ^ _284_/X (sky130_fd_sc_hd__o211a_1)
                                         _018_ (net)
                  0.06    0.00    0.58 ^ _356_/D (sky130_fd_sc_hd__dfrtp_1)
                                  0.58   data arrival time

                          0.00    0.00   clock core_clock (rise edge)
                          0.00    0.00   clock source latency
     1    0.02    0.00    0.00    0.00 ^ clk (in)
                                         clk (net)
                  0.00    0.00    0.00 ^ clkbuf_0_clk/A (sky130_fd_sc_hd__clkbuf_16)
     4    0.05    0.05    0.09    0.09 ^ clkbuf_0_clk/X (sky130_fd_sc_hd__clkbuf_16)
                                         clknet_0_clk (net)
                  0.05    0.00    0.09 ^ clkbuf_2_0__f_clk/A (sky130_fd_sc_hd__clkbuf_16)
     9    0.04    0.04    0.10    0.19 ^ clkbuf_2_0__f_clk/X (sky130_fd_sc_hd__clkbuf_16)
                                         clknet_2_0__leaf_clk (net)
                  0.04    0.00    0.19 ^ _356_/CLK (sky130_fd_sc_hd__dfrtp_1)
                          0.00    0.19   clock reconvergence pessimism
                         -0.02    0.17   library hold time
                                  0.17   data required time
-----------------------------------------------------------------------------
                                  0.17   data required time
                                 -0.58   data arrival time
-----------------------------------------------------------------------------
                                  0.41   slack (MET)


Startpoint: _357_ (rising edge-triggered flip-flop clocked by core_clock)
Endpoint: _358_ (rising edge-triggered flip-flop clocked by core_clock)
Path Group: core_clock
Path Type: min
Corner: Fastest

Fanout     Cap    Slew   Delay    Time   Description
-----------------------------------------------------------------------------
                          0.00    0.00   clock core_clock (rise edge)
                          0.00    0.00   clock source latency
     1    0.02    0.00    0.00    0.00 ^ clk (in)
                                         clk (net)
                  0.00    0.00    0.00 ^ clkbuf_0_clk/A (sky130_fd_sc_hd__clkbuf_16)
     4    0.05    0.05    0.09    0.09 ^ clkbuf_0_clk/X (sky130_fd_sc_hd__clkbuf_16)
                                         clknet_0_clk (net)
                  0.05    0.00    0.09 ^ clkbuf_2_0__f_clk/A (sky130_fd_sc_hd__clkbuf_16)
     9    0.04    0.04    0.10    0.19 ^ clkbuf_2_0__f_clk/X (sky130_fd_sc_hd__clkbuf_16)
                                         clknet_2_0__leaf_clk (net)
                  0.04    0.00    0.19 ^ _357_/CLK (sky130_fd_sc_hd__dfrtp_4)
     5    0.04    0.10    0.31    0.50 ^ _357_/Q (sky130_fd_sc_hd__dfrtp_4)
                                         one_second_enable (net)
                  0.10    0.00    0.50 ^ _174_/A1 (sky130_fd_sc_hd__a21oi_1)
     1    0.01    0.05    0.08    0.58 v _174_/Y (sky130_fd_sc_hd__a21oi_1)
                                         _060_ (net)
                  0.05    0.00    0.58 v _358_/D (sky130_fd_sc_hd__dfrtp_4)
                                  0.58   data arrival time

                          0.00    0.00   clock core_clock (rise edge)
                          0.00    0.00   clock source latency
     1    0.02    0.00    0.00    0.00 ^ clk (in)
                                         clk (net)
                  0.00    0.00    0.00 ^ clkbuf_0_clk/A (sky130_fd_sc_hd__clkbuf_16)
     4    0.05    0.05    0.09    0.09 ^ clkbuf_0_clk/X (sky130_fd_sc_hd__clkbuf_16)
                                         clknet_0_clk (net)
                  0.05    0.00    0.09 ^ clkbuf_2_1__f_clk/A (sky130_fd_sc_hd__clkbuf_16)
    10    0.03    0.04    0.10    0.19 ^ clkbuf_2_1__f_clk/X (sky130_fd_sc_hd__clkbuf_16)
                                         clknet_2_1__leaf_clk (net)
                  0.04    0.00    0.19 ^ _358_/CLK (sky130_fd_sc_hd__dfrtp_4)
                          0.00    0.19   clock reconvergence pessimism
                         -0.03    0.16   library hold time
                                  0.16   data required time
-----------------------------------------------------------------------------
                                  0.16   data required time
                                 -0.58   data arrival time
-----------------------------------------------------------------------------
                                  0.42   slack (MET)


Startpoint: _361_ (rising edge-triggered flip-flop clocked by core_clock)
Endpoint: _361_ (rising edge-triggered flip-flop clocked by core_clock)
Path Group: core_clock
Path Type: min
Corner: Fastest

Fanout     Cap    Slew   Delay    Time   Description
-----------------------------------------------------------------------------
                          0.00    0.00   clock core_clock (rise edge)
                          0.00    0.00   clock source latency
     1    0.02    0.00    0.00    0.00 ^ clk (in)
                                         clk (net)
                  0.00    0.00    0.00 ^ clkbuf_0_clk/A (sky130_fd_sc_hd__clkbuf_16)
     4    0.05    0.05    0.09    0.09 ^ clkbuf_0_clk/X (sky130_fd_sc_hd__clkbuf_16)
                                         clknet_0_clk (net)
                  0.05    0.00    0.09 ^ clkbuf_2_1__f_clk/A (sky130_fd_sc_hd__clkbuf_16)
    10    0.03    0.04    0.10    0.19 ^ clkbuf_2_1__f_clk/X (sky130_fd_sc_hd__clkbuf_16)
                                         clknet_2_1__leaf_clk (net)
                  0.04    0.00    0.19 ^ _361_/CLK (sky130_fd_sc_hd__dfrtp_4)
     6    0.05    0.13    0.33    0.52 ^ _361_/Q (sky130_fd_sc_hd__dfrtp_4)
                                         decoder.digit[3] (net)
                  0.13    0.00    0.52 ^ _164_/A (sky130_fd_sc_hd__xnor2_1)
     1    0.01    0.04    0.07    0.60 v _164_/Y (sky130_fd_sc_hd__xnor2_1)
                                         _063_ (net)
                  0.04    0.00    0.60 v _361_/D (sky130_fd_sc_hd__dfrtp_4)
                                  0.60   data arrival time

                          0.00    0.00   clock core_clock (rise edge)
                          0.00    0.00   clock source latency
     1    0.02    0.00    0.00    0.00 ^ clk (in)
                                         clk (net)
                  0.00    0.00    0.00 ^ clkbuf_0_clk/A (sky130_fd_sc_hd__clkbuf_16)
     4    0.05    0.05    0.09    0.09 ^ clkbuf_0_clk/X (sky130_fd_sc_hd__clkbuf_16)
                                         clknet_0_clk (net)
                  0.05    0.00    0.09 ^ clkbuf_2_1__f_clk/A (sky130_fd_sc_hd__clkbuf_16)
    10    0.03    0.04    0.10    0.19 ^ clkbuf_2_1__f_clk/X (sky130_fd_sc_hd__clkbuf_16)
                                         clknet_2_1__leaf_clk (net)
                  0.04    0.00    0.19 ^ _361_/CLK (sky130_fd_sc_hd__dfrtp_4)
                          0.00    0.19   clock reconvergence pessimism
                         -0.03    0.16   library hold time
                                  0.16   data required time
-----------------------------------------------------------------------------
                                  0.16   data required time
                                 -0.60   data arrival time
-----------------------------------------------------------------------------
                                  0.44   slack (MET)


Startpoint: _330_ (rising edge-triggered flip-flop clocked by core_clock)
Endpoint: _330_ (rising edge-triggered flip-flop clocked by core_clock)
Path Group: core_clock
Path Type: min
Corner: Fastest

Fanout     Cap    Slew   Delay    Time   Description
-----------------------------------------------------------------------------
                          0.00    0.00   clock core_clock (rise edge)
                          0.00    0.00   clock source latency
     1    0.02    0.00    0.00    0.00 ^ clk (in)
                                         clk (net)
                  0.00    0.00    0.00 ^ clkbuf_0_clk/A (sky130_fd_sc_hd__clkbuf_16)
     4    0.05    0.05    0.09    0.09 ^ clkbuf_0_clk/X (sky130_fd_sc_hd__clkbuf_16)
                                         clknet_0_clk (net)
                  0.05    0.00    0.09 ^ clkbuf_2_3__f_clk/A (sky130_fd_sc_hd__clkbuf_16)
     9    0.03    0.04    0.10    0.19 ^ clkbuf_2_3__f_clk/X (sky130_fd_sc_hd__clkbuf_16)
                                         clknet_2_3__leaf_clk (net)
                  0.04    0.00    0.19 ^ _330_/CLK (sky130_fd_sc_hd__dfrtp_4)
     7    0.05    0.12    0.32    0.51 ^ _330_/Q (sky130_fd_sc_hd__dfrtp_4)
                                         one_second_counter[0] (net)
                  0.12    0.00    0.51 ^ _190_/A (sky130_fd_sc_hd__nor2_1)
     1    0.02    0.07    0.08    0.59 v _190_/Y (sky130_fd_sc_hd__nor2_1)
                                         _000_ (net)
                  0.07    0.00    0.60 v _330_/D (sky130_fd_sc_hd__dfrtp_4)
                                  0.60   data arrival time

                          0.00    0.00   clock core_clock (rise edge)
                          0.00    0.00   clock source latency
     1    0.02    0.00    0.00    0.00 ^ clk (in)
                                         clk (net)
                  0.00    0.00    0.00 ^ clkbuf_0_clk/A (sky130_fd_sc_hd__clkbuf_16)
     4    0.05    0.05    0.09    0.09 ^ clkbuf_0_clk/X (sky130_fd_sc_hd__clkbuf_16)
                                         clknet_0_clk (net)
                  0.05    0.00    0.09 ^ clkbuf_2_3__f_clk/A (sky130_fd_sc_hd__clkbuf_16)
     9    0.03    0.04    0.10    0.19 ^ clkbuf_2_3__f_clk/X (sky130_fd_sc_hd__clkbuf_16)
                                         clknet_2_3__leaf_clk (net)
                  0.04    0.00    0.19 ^ _330_/CLK (sky130_fd_sc_hd__dfrtp_4)
                          0.00    0.19   clock reconvergence pessimism
                         -0.04    0.15   library hold time
                                  0.15   data required time
-----------------------------------------------------------------------------
                                  0.15   data required time
                                 -0.60   data arrival time
-----------------------------------------------------------------------------
                                  0.45   slack (MET)


Startpoint: _353_ (rising edge-triggered flip-flop clocked by core_clock)
Endpoint: _353_ (rising edge-triggered flip-flop clocked by core_clock)
Path Group: core_clock
Path Type: min
Corner: Fastest

Fanout     Cap    Slew   Delay    Time   Description
-----------------------------------------------------------------------------
                          0.00    0.00   clock core_clock (rise edge)
                          0.00    0.00   clock source latency
     1    0.02    0.00    0.00    0.00 ^ clk (in)
                                         clk (net)
                  0.00    0.00    0.00 ^ clkbuf_0_clk/A (sky130_fd_sc_hd__clkbuf_16)
     4    0.05    0.05    0.09    0.09 ^ clkbuf_0_clk/X (sky130_fd_sc_hd__clkbuf_16)
                                         clknet_0_clk (net)
                  0.05    0.00    0.09 ^ clkbuf_2_2__f_clk/A (sky130_fd_sc_hd__clkbuf_16)
     7    0.03    0.04    0.10    0.19 ^ clkbuf_2_2__f_clk/X (sky130_fd_sc_hd__clkbuf_16)
                                         clknet_2_2__leaf_clk (net)
                  0.04    0.00    0.19 ^ _353_/CLK (sky130_fd_sc_hd__dfrtp_2)
     2    0.03    0.07    0.29    0.48 v _353_/Q (sky130_fd_sc_hd__dfrtp_2)
                                         one_second_counter[23] (net)
                  0.07    0.00    0.48 v _273_/A (sky130_fd_sc_hd__inv_2)
     1    0.02    0.06    0.07    0.55 ^ _273_/Y (sky130_fd_sc_hd__inv_2)
                                         _147_ (net)
                  0.06    0.00    0.56 ^ _275_/A1 (sky130_fd_sc_hd__a221oi_1)
     1    0.01    0.05    0.06    0.61 v _275_/Y (sky130_fd_sc_hd__a221oi_1)
                                         _015_ (net)
                  0.05    0.00    0.62 v _353_/D (sky130_fd_sc_hd__dfrtp_2)
                                  0.62   data arrival time

                          0.00    0.00   clock core_clock (rise edge)
                          0.00    0.00   clock source latency
     1    0.02    0.00    0.00    0.00 ^ clk (in)
                                         clk (net)
                  0.00    0.00    0.00 ^ clkbuf_0_clk/A (sky130_fd_sc_hd__clkbuf_16)
     4    0.05    0.05    0.09    0.09 ^ clkbuf_0_clk/X (sky130_fd_sc_hd__clkbuf_16)
                                         clknet_0_clk (net)
                  0.05    0.00    0.09 ^ clkbuf_2_2__f_clk/A (sky130_fd_sc_hd__clkbuf_16)
     7    0.03    0.04    0.10    0.19 ^ clkbuf_2_2__f_clk/X (sky130_fd_sc_hd__clkbuf_16)
                                         clknet_2_2__leaf_clk (net)
                  0.04    0.00    0.19 ^ _353_/CLK (sky130_fd_sc_hd__dfrtp_2)
                          0.00    0.19   clock reconvergence pessimism
                         -0.04    0.15   library hold time
                                  0.15   data required time
-----------------------------------------------------------------------------
                                  0.15   data required time
                                 -0.62   data arrival time
-----------------------------------------------------------------------------
                                  0.46   slack (MET)


Startpoint: _345_ (rising edge-triggered flip-flop clocked by core_clock)
Endpoint: _345_ (rising edge-triggered flip-flop clocked by core_clock)
Path Group: core_clock
Path Type: min
Corner: Fastest

Fanout     Cap    Slew   Delay    Time   Description
-----------------------------------------------------------------------------
                          0.00    0.00   clock core_clock (rise edge)
                          0.00    0.00   clock source latency
     1    0.02    0.00    0.00    0.00 ^ clk (in)
                                         clk (net)
                  0.00    0.00    0.00 ^ clkbuf_0_clk/A (sky130_fd_sc_hd__clkbuf_16)
     4    0.05    0.05    0.09    0.09 ^ clkbuf_0_clk/X (sky130_fd_sc_hd__clkbuf_16)
                                         clknet_0_clk (net)
                  0.05    0.00    0.09 ^ clkbuf_2_3__f_clk/A (sky130_fd_sc_hd__clkbuf_16)
     9    0.03    0.04    0.10    0.19 ^ clkbuf_2_3__f_clk/X (sky130_fd_sc_hd__clkbuf_16)
                                         clknet_2_3__leaf_clk (net)
                  0.04    0.00    0.19 ^ _345_/CLK (sky130_fd_sc_hd__dfrtp_2)
     3    0.03    0.07    0.29    0.49 v _345_/Q (sky130_fd_sc_hd__dfrtp_2)
                                         one_second_counter[15] (net)
                  0.07    0.00    0.49 v _243_/A (sky130_fd_sc_hd__inv_2)
     1    0.01    0.04    0.06    0.54 ^ _243_/Y (sky130_fd_sc_hd__inv_2)
                                         _125_ (net)
                  0.04    0.00    0.54 ^ _246_/A1 (sky130_fd_sc_hd__a211oi_1)
     1    0.01    0.07    0.07    0.62 v _246_/Y (sky130_fd_sc_hd__a211oi_1)
                                         _006_ (net)
                  0.07    0.00    0.62 v _345_/D (sky130_fd_sc_hd__dfrtp_2)
                                  0.62   data arrival time

                          0.00    0.00   clock core_clock (rise edge)
                          0.00    0.00   clock source latency
     1    0.02    0.00    0.00    0.00 ^ clk (in)
                                         clk (net)
                  0.00    0.00    0.00 ^ clkbuf_0_clk/A (sky130_fd_sc_hd__clkbuf_16)
     4    0.05    0.05    0.09    0.09 ^ clkbuf_0_clk/X (sky130_fd_sc_hd__clkbuf_16)
                                         clknet_0_clk (net)
                  0.05    0.00    0.09 ^ clkbuf_2_3__f_clk/A (sky130_fd_sc_hd__clkbuf_16)
     9    0.03    0.04    0.10    0.19 ^ clkbuf_2_3__f_clk/X (sky130_fd_sc_hd__clkbuf_16)
                                         clknet_2_3__leaf_clk (net)
                  0.04    0.00    0.19 ^ _345_/CLK (sky130_fd_sc_hd__dfrtp_2)
                          0.00    0.19   clock reconvergence pessimism
                         -0.04    0.15   library hold time
                                  0.15   data required time
-----------------------------------------------------------------------------
                                  0.15   data required time
                                 -0.62   data arrival time
-----------------------------------------------------------------------------
                                  0.47   slack (MET)


Startpoint: _337_ (rising edge-triggered flip-flop clocked by core_clock)
Endpoint: _337_ (rising edge-triggered flip-flop clocked by core_clock)
Path Group: core_clock
Path Type: min
Corner: Fastest

Fanout     Cap    Slew   Delay    Time   Description
-----------------------------------------------------------------------------
                          0.00    0.00   clock core_clock (rise edge)
                          0.00    0.00   clock source latency
     1    0.02    0.00    0.00    0.00 ^ clk (in)
                                         clk (net)
                  0.00    0.00    0.00 ^ clkbuf_0_clk/A (sky130_fd_sc_hd__clkbuf_16)
     4    0.05    0.05    0.09    0.09 ^ clkbuf_0_clk/X (sky130_fd_sc_hd__clkbuf_16)
                                         clknet_0_clk (net)
                  0.05    0.00    0.09 ^ clkbuf_2_0__f_clk/A (sky130_fd_sc_hd__clkbuf_16)
     9    0.04    0.04    0.10    0.19 ^ clkbuf_2_0__f_clk/X (sky130_fd_sc_hd__clkbuf_16)
                                         clknet_2_0__leaf_clk (net)
                  0.04    0.00    0.19 ^ _337_/CLK (sky130_fd_sc_hd__dfrtp_1)
     2    0.02    0.08    0.28    0.47 v _337_/Q (sky130_fd_sc_hd__dfrtp_1)
                                         one_second_counter[7] (net)
                  0.08    0.00    0.47 v _214_/A (sky130_fd_sc_hd__inv_2)
     1    0.02    0.09    0.09    0.56 ^ _214_/Y (sky130_fd_sc_hd__inv_2)
                                         _104_ (net)
                  0.09    0.00    0.56 ^ _215_/A1 (sky130_fd_sc_hd__a211oi_2)
     1    0.01    0.04    0.07    0.63 v _215_/Y (sky130_fd_sc_hd__a211oi_2)
                                         _024_ (net)
                  0.04    0.00    0.63 v _337_/D (sky130_fd_sc_hd__dfrtp_1)
                                  0.63   data arrival time

                          0.00    0.00   clock core_clock (rise edge)
                          0.00    0.00   clock source latency
     1    0.02    0.00    0.00    0.00 ^ clk (in)
                                         clk (net)
                  0.00    0.00    0.00 ^ clkbuf_0_clk/A (sky130_fd_sc_hd__clkbuf_16)
     4    0.05    0.05    0.09    0.09 ^ clkbuf_0_clk/X (sky130_fd_sc_hd__clkbuf_16)
                                         clknet_0_clk (net)
                  0.05    0.00    0.09 ^ clkbuf_2_0__f_clk/A (sky130_fd_sc_hd__clkbuf_16)
     9    0.04    0.04    0.10    0.19 ^ clkbuf_2_0__f_clk/X (sky130_fd_sc_hd__clkbuf_16)
                                         clknet_2_0__leaf_clk (net)
                  0.04    0.00    0.19 ^ _337_/CLK (sky130_fd_sc_hd__dfrtp_1)
                          0.00    0.19   clock reconvergence pessimism
                         -0.03    0.16   library hold time
                                  0.16   data required time
-----------------------------------------------------------------------------
                                  0.16   data required time
                                 -0.63   data arrival time
-----------------------------------------------------------------------------
                                  0.47   slack (MET)


Startpoint: _351_ (rising edge-triggered flip-flop clocked by core_clock)
Endpoint: _351_ (rising edge-triggered flip-flop clocked by core_clock)
Path Group: core_clock
Path Type: min
Corner: Fastest

Fanout     Cap    Slew   Delay    Time   Description
-----------------------------------------------------------------------------
                          0.00    0.00   clock core_clock (rise edge)
                          0.00    0.00   clock source latency
     1    0.02    0.00    0.00    0.00 ^ clk (in)
                                         clk (net)
                  0.00    0.00    0.00 ^ clkbuf_0_clk/A (sky130_fd_sc_hd__clkbuf_16)
     4    0.05    0.05    0.09    0.09 ^ clkbuf_0_clk/X (sky130_fd_sc_hd__clkbuf_16)
                                         clknet_0_clk (net)
                  0.05    0.00    0.09 ^ clkbuf_2_1__f_clk/A (sky130_fd_sc_hd__clkbuf_16)
    10    0.03    0.04    0.10    0.19 ^ clkbuf_2_1__f_clk/X (sky130_fd_sc_hd__clkbuf_16)
                                         clknet_2_1__leaf_clk (net)
                  0.04    0.00    0.19 ^ _351_/CLK (sky130_fd_sc_hd__dfrtp_2)
     3    0.03    0.07    0.29    0.48 v _351_/Q (sky130_fd_sc_hd__dfrtp_2)
                                         one_second_counter[21] (net)
                  0.07    0.00    0.48 v _266_/A (sky130_fd_sc_hd__inv_2)
     1    0.02    0.08    0.09    0.57 ^ _266_/Y (sky130_fd_sc_hd__inv_2)
                                         _142_ (net)
                  0.08    0.00    0.57 ^ _268_/A1 (sky130_fd_sc_hd__a211oi_1)
     1    0.01    0.06    0.06    0.63 v _268_/Y (sky130_fd_sc_hd__a211oi_1)
                                         _013_ (net)
                  0.06    0.00    0.63 v _351_/D (sky130_fd_sc_hd__dfrtp_2)
                                  0.63   data arrival time

                          0.00    0.00   clock core_clock (rise edge)
                          0.00    0.00   clock source latency
     1    0.02    0.00    0.00    0.00 ^ clk (in)
                                         clk (net)
                  0.00    0.00    0.00 ^ clkbuf_0_clk/A (sky130_fd_sc_hd__clkbuf_16)
     4    0.05    0.05    0.09    0.09 ^ clkbuf_0_clk/X (sky130_fd_sc_hd__clkbuf_16)
                                         clknet_0_clk (net)
                  0.05    0.00    0.09 ^ clkbuf_2_1__f_clk/A (sky130_fd_sc_hd__clkbuf_16)
    10    0.03    0.04    0.10    0.19 ^ clkbuf_2_1__f_clk/X (sky130_fd_sc_hd__clkbuf_16)
                                         clknet_2_1__leaf_clk (net)
                  0.04    0.00    0.19 ^ _351_/CLK (sky130_fd_sc_hd__dfrtp_2)
                          0.00    0.19   clock reconvergence pessimism
                         -0.04    0.16   library hold time
                                  0.16   data required time
-----------------------------------------------------------------------------
                                  0.16   data required time
                                 -0.63   data arrival time
-----------------------------------------------------------------------------
                                  0.48   slack (MET)


Startpoint: _357_ (rising edge-triggered flip-flop clocked by core_clock)
Endpoint: _359_ (rising edge-triggered flip-flop clocked by core_clock)
Path Group: core_clock
Path Type: min
Corner: Fastest

Fanout     Cap    Slew   Delay    Time   Description
-----------------------------------------------------------------------------
                          0.00    0.00   clock core_clock (rise edge)
                          0.00    0.00   clock source latency
     1    0.02    0.00    0.00    0.00 ^ clk (in)
                                         clk (net)
                  0.00    0.00    0.00 ^ clkbuf_0_clk/A (sky130_fd_sc_hd__clkbuf_16)
     4    0.05    0.05    0.09    0.09 ^ clkbuf_0_clk/X (sky130_fd_sc_hd__clkbuf_16)
                                         clknet_0_clk (net)
                  0.05    0.00    0.09 ^ clkbuf_2_0__f_clk/A (sky130_fd_sc_hd__clkbuf_16)
     9    0.04    0.04    0.10    0.19 ^ clkbuf_2_0__f_clk/X (sky130_fd_sc_hd__clkbuf_16)
                                         clknet_2_0__leaf_clk (net)
                  0.04    0.00    0.19 ^ _357_/CLK (sky130_fd_sc_hd__dfrtp_4)
     5    0.04    0.10    0.31    0.50 ^ _357_/Q (sky130_fd_sc_hd__dfrtp_4)
                                         one_second_enable (net)
                  0.10    0.00    0.50 ^ _171_/A1 (sky130_fd_sc_hd__a21oi_1)
     1    0.01    0.05    0.06    0.57 v _171_/Y (sky130_fd_sc_hd__a21oi_1)
                                         _071_ (net)
                  0.05    0.00    0.57 v _172_/B (sky130_fd_sc_hd__nor2_1)
     1    0.01    0.10    0.10    0.67 ^ _172_/Y (sky130_fd_sc_hd__nor2_1)
                                         _061_ (net)
                  0.10    0.00    0.67 ^ _359_/D (sky130_fd_sc_hd__dfrtp_4)
                                  0.67   data arrival time

                          0.00    0.00   clock core_clock (rise edge)
                          0.00    0.00   clock source latency
     1    0.02    0.00    0.00    0.00 ^ clk (in)
                                         clk (net)
                  0.00    0.00    0.00 ^ clkbuf_0_clk/A (sky130_fd_sc_hd__clkbuf_16)
     4    0.05    0.05    0.09    0.09 ^ clkbuf_0_clk/X (sky130_fd_sc_hd__clkbuf_16)
                                         clknet_0_clk (net)
                  0.05    0.00    0.09 ^ clkbuf_2_2__f_clk/A (sky130_fd_sc_hd__clkbuf_16)
     7    0.03    0.04    0.10    0.19 ^ clkbuf_2_2__f_clk/X (sky130_fd_sc_hd__clkbuf_16)
                                         clknet_2_2__leaf_clk (net)
                  0.04    0.00    0.19 ^ _359_/CLK (sky130_fd_sc_hd__dfrtp_4)
                          0.00    0.19   clock reconvergence pessimism
                         -0.03    0.16   library hold time
                                  0.16   data required time
-----------------------------------------------------------------------------
                                  0.16   data required time
                                 -0.67   data arrival time
-----------------------------------------------------------------------------
                                  0.50   slack (MET)


Startpoint: _339_ (rising edge-triggered flip-flop clocked by core_clock)
Endpoint: _339_ (rising edge-triggered flip-flop clocked by core_clock)
Path Group: core_clock
Path Type: min
Corner: Fastest

Fanout     Cap    Slew   Delay    Time   Description
-----------------------------------------------------------------------------
                          0.00    0.00   clock core_clock (rise edge)
                          0.00    0.00   clock source latency
     1    0.02    0.00    0.00    0.00 ^ clk (in)
                                         clk (net)
                  0.00    0.00    0.00 ^ clkbuf_0_clk/A (sky130_fd_sc_hd__clkbuf_16)
     4    0.05    0.05    0.09    0.09 ^ clkbuf_0_clk/X (sky130_fd_sc_hd__clkbuf_16)
                                         clknet_0_clk (net)
                  0.05    0.00    0.09 ^ clkbuf_2_0__f_clk/A (sky130_fd_sc_hd__clkbuf_16)
     9    0.04    0.04    0.10    0.19 ^ clkbuf_2_0__f_clk/X (sky130_fd_sc_hd__clkbuf_16)
                                         clknet_2_0__leaf_clk (net)
                  0.04    0.00    0.19 ^ _339_/CLK (sky130_fd_sc_hd__dfrtp_1)
     3    0.03    0.11    0.30    0.50 v _339_/Q (sky130_fd_sc_hd__dfrtp_1)
                                         one_second_counter[9] (net)
                  0.11    0.00    0.50 v _220_/B1 (sky130_fd_sc_hd__a21oi_1)
     1    0.01    0.13    0.14    0.64 ^ _220_/Y (sky130_fd_sc_hd__a21oi_1)
                                         _108_ (net)
                  0.13    0.00    0.64 ^ _222_/B (sky130_fd_sc_hd__nor3_1)
     1    0.01    0.05    0.05    0.69 v _222_/Y (sky130_fd_sc_hd__nor3_1)
                                         _026_ (net)
                  0.05    0.00    0.69 v _339_/D (sky130_fd_sc_hd__dfrtp_1)
                                  0.69   data arrival time

                          0.00    0.00   clock core_clock (rise edge)
                          0.00    0.00   clock source latency
     1    0.02    0.00    0.00    0.00 ^ clk (in)
                                         clk (net)
                  0.00    0.00    0.00 ^ clkbuf_0_clk/A (sky130_fd_sc_hd__clkbuf_16)
     4    0.05    0.05    0.09    0.09 ^ clkbuf_0_clk/X (sky130_fd_sc_hd__clkbuf_16)
                                         clknet_0_clk (net)
                  0.05    0.00    0.09 ^ clkbuf_2_0__f_clk/A (sky130_fd_sc_hd__clkbuf_16)
     9    0.04    0.04    0.10    0.19 ^ clkbuf_2_0__f_clk/X (sky130_fd_sc_hd__clkbuf_16)
                                         clknet_2_0__leaf_clk (net)
                  0.04    0.00    0.19 ^ _339_/CLK (sky130_fd_sc_hd__dfrtp_1)
                          0.00    0.19   clock reconvergence pessimism
                         -0.04    0.16   library hold time
                                  0.16   data required time
-----------------------------------------------------------------------------
                                  0.16   data required time
                                 -0.69   data arrival time
-----------------------------------------------------------------------------
                                  0.53   slack (MET)


Startpoint: _335_ (rising edge-triggered flip-flop clocked by core_clock)
Endpoint: _335_ (rising edge-triggered flip-flop clocked by core_clock)
Path Group: core_clock
Path Type: min
Corner: Fastest

Fanout     Cap    Slew   Delay    Time   Description
-----------------------------------------------------------------------------
                          0.00    0.00   clock core_clock (rise edge)
                          0.00    0.00   clock source latency
     1    0.02    0.00    0.00    0.00 ^ clk (in)
                                         clk (net)
                  0.00    0.00    0.00 ^ clkbuf_0_clk/A (sky130_fd_sc_hd__clkbuf_16)
     4    0.05    0.05    0.09    0.09 ^ clkbuf_0_clk/X (sky130_fd_sc_hd__clkbuf_16)
                                         clknet_0_clk (net)
                  0.05    0.00    0.09 ^ clkbuf_2_1__f_clk/A (sky130_fd_sc_hd__clkbuf_16)
    10    0.03    0.04    0.10    0.19 ^ clkbuf_2_1__f_clk/X (sky130_fd_sc_hd__clkbuf_16)
                                         clknet_2_1__leaf_clk (net)
                  0.04    0.00    0.19 ^ _335_/CLK (sky130_fd_sc_hd__dfrtp_2)
     3    0.03    0.07    0.29    0.48 v _335_/Q (sky130_fd_sc_hd__dfrtp_2)
                                         one_second_counter[5] (net)
                  0.07    0.00    0.48 v _207_/B1 (sky130_fd_sc_hd__a21oi_1)
     1    0.01    0.13    0.13    0.61 ^ _207_/Y (sky130_fd_sc_hd__a21oi_1)
                                         _099_ (net)
                  0.13    0.00    0.61 ^ _209_/B (sky130_fd_sc_hd__nor3_1)
     1    0.01    0.07    0.08    0.69 v _209_/Y (sky130_fd_sc_hd__nor3_1)
                                         _022_ (net)
                  0.07    0.00    0.69 v _335_/D (sky130_fd_sc_hd__dfrtp_2)
                                  0.69   data arrival time

                          0.00    0.00   clock core_clock (rise edge)
                          0.00    0.00   clock source latency
     1    0.02    0.00    0.00    0.00 ^ clk (in)
                                         clk (net)
                  0.00    0.00    0.00 ^ clkbuf_0_clk/A (sky130_fd_sc_hd__clkbuf_16)
     4    0.05    0.05    0.09    0.09 ^ clkbuf_0_clk/X (sky130_fd_sc_hd__clkbuf_16)
                                         clknet_0_clk (net)
                  0.05    0.00    0.09 ^ clkbuf_2_1__f_clk/A (sky130_fd_sc_hd__clkbuf_16)
    10    0.03    0.04    0.10    0.19 ^ clkbuf_2_1__f_clk/X (sky130_fd_sc_hd__clkbuf_16)
                                         clknet_2_1__leaf_clk (net)
                  0.04    0.00    0.19 ^ _335_/CLK (sky130_fd_sc_hd__dfrtp_2)
                          0.00    0.19   clock reconvergence pessimism
                         -0.04    0.15   library hold time
                                  0.15   data required time
-----------------------------------------------------------------------------
                                  0.15   data required time
                                 -0.69   data arrival time
-----------------------------------------------------------------------------
                                  0.54   slack (MET)


Startpoint: _341_ (rising edge-triggered flip-flop clocked by core_clock)
Endpoint: _341_ (rising edge-triggered flip-flop clocked by core_clock)
Path Group: core_clock
Path Type: min
Corner: Fastest

Fanout     Cap    Slew   Delay    Time   Description
-----------------------------------------------------------------------------
                          0.00    0.00   clock core_clock (rise edge)
                          0.00    0.00   clock source latency
     1    0.02    0.00    0.00    0.00 ^ clk (in)
                                         clk (net)
                  0.00    0.00    0.00 ^ clkbuf_0_clk/A (sky130_fd_sc_hd__clkbuf_16)
     4    0.05    0.05    0.09    0.09 ^ clkbuf_0_clk/X (sky130_fd_sc_hd__clkbuf_16)
                                         clknet_0_clk (net)
                  0.05    0.00    0.09 ^ clkbuf_2_1__f_clk/A (sky130_fd_sc_hd__clkbuf_16)
    10    0.03    0.04    0.10    0.19 ^ clkbuf_2_1__f_clk/X (sky130_fd_sc_hd__clkbuf_16)
                                         clknet_2_1__leaf_clk (net)
                  0.04    0.00    0.19 ^ _341_/CLK (sky130_fd_sc_hd__dfrtp_2)
     4    0.03    0.07    0.29    0.48 v _341_/Q (sky130_fd_sc_hd__dfrtp_2)
                                         one_second_counter[11] (net)
                  0.07    0.00    0.49 v _227_/B1 (sky130_fd_sc_hd__a21oi_1)
     1    0.01    0.13    0.13    0.61 ^ _227_/Y (sky130_fd_sc_hd__a21oi_1)
                                         _113_ (net)
                  0.13    0.00    0.61 ^ _229_/B (sky130_fd_sc_hd__nor3_1)
     1    0.02    0.08    0.08    0.70 v _229_/Y (sky130_fd_sc_hd__nor3_1)
                                         _002_ (net)
                  0.08    0.00    0.70 v _341_/D (sky130_fd_sc_hd__dfrtp_2)
                                  0.70   data arrival time

                          0.00    0.00   clock core_clock (rise edge)
                          0.00    0.00   clock source latency
     1    0.02    0.00    0.00    0.00 ^ clk (in)
                                         clk (net)
                  0.00    0.00    0.00 ^ clkbuf_0_clk/A (sky130_fd_sc_hd__clkbuf_16)
     4    0.05    0.05    0.09    0.09 ^ clkbuf_0_clk/X (sky130_fd_sc_hd__clkbuf_16)
                                         clknet_0_clk (net)
                  0.05    0.00    0.09 ^ clkbuf_2_1__f_clk/A (sky130_fd_sc_hd__clkbuf_16)
    10    0.03    0.04    0.10    0.19 ^ clkbuf_2_1__f_clk/X (sky130_fd_sc_hd__clkbuf_16)
                                         clknet_2_1__leaf_clk (net)
                  0.04    0.00    0.19 ^ _341_/CLK (sky130_fd_sc_hd__dfrtp_2)
                          0.00    0.19   clock reconvergence pessimism
                         -0.04    0.15   library hold time
                                  0.15   data required time
-----------------------------------------------------------------------------
                                  0.15   data required time
                                 -0.70   data arrival time
-----------------------------------------------------------------------------
                                  0.55   slack (MET)


Startpoint: _348_ (rising edge-triggered flip-flop clocked by core_clock)
Endpoint: _348_ (rising edge-triggered flip-flop clocked by core_clock)
Path Group: core_clock
Path Type: min
Corner: Fastest

Fanout     Cap    Slew   Delay    Time   Description
-----------------------------------------------------------------------------
                          0.00    0.00   clock core_clock (rise edge)
                          0.00    0.00   clock source latency
     1    0.02    0.00    0.00    0.00 ^ clk (in)
                                         clk (net)
                  0.00    0.00    0.00 ^ clkbuf_0_clk/A (sky130_fd_sc_hd__clkbuf_16)
     4    0.05    0.05    0.09    0.09 ^ clkbuf_0_clk/X (sky130_fd_sc_hd__clkbuf_16)
                                         clknet_0_clk (net)
                  0.05    0.00    0.09 ^ clkbuf_2_1__f_clk/A (sky130_fd_sc_hd__clkbuf_16)
    10    0.03    0.04    0.10    0.19 ^ clkbuf_2_1__f_clk/X (sky130_fd_sc_hd__clkbuf_16)
                                         clknet_2_1__leaf_clk (net)
                  0.04    0.00    0.19 ^ _348_/CLK (sky130_fd_sc_hd__dfrtp_4)
     6    0.05    0.13    0.33    0.52 ^ _348_/Q (sky130_fd_sc_hd__dfrtp_4)
                                         one_second_counter[18] (net)
                  0.13    0.00    0.52 ^ _253_/A (sky130_fd_sc_hd__nand2_1)
     1    0.01    0.06    0.06    0.58 v _253_/Y (sky130_fd_sc_hd__nand2_1)
                                         _132_ (net)
                  0.06    0.00    0.58 v _255_/A1 (sky130_fd_sc_hd__o211a_1)
     1    0.01    0.04    0.18    0.76 v _255_/X (sky130_fd_sc_hd__o211a_1)
                                         _009_ (net)
                  0.04    0.00    0.76 v _348_/D (sky130_fd_sc_hd__dfrtp_4)
                                  0.76   data arrival time

                          0.00    0.00   clock core_clock (rise edge)
                          0.00    0.00   clock source latency
     1    0.02    0.00    0.00    0.00 ^ clk (in)
                                         clk (net)
                  0.00    0.00    0.00 ^ clkbuf_0_clk/A (sky130_fd_sc_hd__clkbuf_16)
     4    0.05    0.05    0.09    0.09 ^ clkbuf_0_clk/X (sky130_fd_sc_hd__clkbuf_16)
                                         clknet_0_clk (net)
                  0.05    0.00    0.09 ^ clkbuf_2_1__f_clk/A (sky130_fd_sc_hd__clkbuf_16)
    10    0.03    0.04    0.10    0.19 ^ clkbuf_2_1__f_clk/X (sky130_fd_sc_hd__clkbuf_16)
                                         clknet_2_1__leaf_clk (net)
                  0.04    0.00    0.19 ^ _348_/CLK (sky130_fd_sc_hd__dfrtp_4)
                          0.00    0.19   clock reconvergence pessimism
                         -0.03    0.16   library hold time
                                  0.16   data required time
-----------------------------------------------------------------------------
                                  0.16   data required time
                                 -0.76   data arrival time
-----------------------------------------------------------------------------
                                  0.60   slack (MET)


Startpoint: _354_ (rising edge-triggered flip-flop clocked by core_clock)
Endpoint: _354_ (rising edge-triggered flip-flop clocked by core_clock)
Path Group: core_clock
Path Type: min
Corner: Fastest

Fanout     Cap    Slew   Delay    Time   Description
-----------------------------------------------------------------------------
                          0.00    0.00   clock core_clock (rise edge)
                          0.00    0.00   clock source latency
     1    0.02    0.00    0.00    0.00 ^ clk (in)
                                         clk (net)
                  0.00    0.00    0.00 ^ clkbuf_0_clk/A (sky130_fd_sc_hd__clkbuf_16)
     4    0.05    0.05    0.09    0.09 ^ clkbuf_0_clk/X (sky130_fd_sc_hd__clkbuf_16)
                                         clknet_0_clk (net)
                  0.05    0.00    0.09 ^ clkbuf_2_0__f_clk/A (sky130_fd_sc_hd__clkbuf_16)
     9    0.04    0.04    0.10    0.19 ^ clkbuf_2_0__f_clk/X (sky130_fd_sc_hd__clkbuf_16)
                                         clknet_2_0__leaf_clk (net)
                  0.04    0.00    0.19 ^ _354_/CLK (sky130_fd_sc_hd__dfrtp_4)
     3    0.03    0.07    0.33    0.52 v _354_/Q (sky130_fd_sc_hd__dfrtp_4)
                                         one_second_counter[24] (net)
                  0.07    0.00    0.52 v _276_/B1 (sky130_fd_sc_hd__a21oi_2)
     1    0.02    0.16    0.14    0.66 ^ _276_/Y (sky130_fd_sc_hd__a21oi_2)
                                         _149_ (net)
                  0.16    0.00    0.67 ^ _278_/B (sky130_fd_sc_hd__nor3_1)
     1    0.02    0.08    0.09    0.75 v _278_/Y (sky130_fd_sc_hd__nor3_1)
                                         _016_ (net)
                  0.08    0.00    0.75 v _354_/D (sky130_fd_sc_hd__dfrtp_4)
                                  0.75   data arrival time

                          0.00    0.00   clock core_clock (rise edge)
                          0.00    0.00   clock source latency
     1    0.02    0.00    0.00    0.00 ^ clk (in)
                                         clk (net)
                  0.00    0.00    0.00 ^ clkbuf_0_clk/A (sky130_fd_sc_hd__clkbuf_16)
     4    0.05    0.05    0.09    0.09 ^ clkbuf_0_clk/X (sky130_fd_sc_hd__clkbuf_16)
                                         clknet_0_clk (net)
                  0.05    0.00    0.09 ^ clkbuf_2_0__f_clk/A (sky130_fd_sc_hd__clkbuf_16)
     9    0.04    0.04    0.10    0.19 ^ clkbuf_2_0__f_clk/X (sky130_fd_sc_hd__clkbuf_16)
                                         clknet_2_0__leaf_clk (net)
                  0.04    0.00    0.19 ^ _354_/CLK (sky130_fd_sc_hd__dfrtp_4)
                          0.00    0.19   clock reconvergence pessimism
                         -0.04    0.15   library hold time
                                  0.15   data required time
-----------------------------------------------------------------------------
                                  0.15   data required time
                                 -0.75   data arrival time
-----------------------------------------------------------------------------
                                  0.60   slack (MET)


Startpoint: _347_ (rising edge-triggered flip-flop clocked by core_clock)
Endpoint: _347_ (rising edge-triggered flip-flop clocked by core_clock)
Path Group: core_clock
Path Type: min
Corner: Fastest

Fanout     Cap    Slew   Delay    Time   Description
-----------------------------------------------------------------------------
                          0.00    0.00   clock core_clock (rise edge)
                          0.00    0.00   clock source latency
     1    0.02    0.00    0.00    0.00 ^ clk (in)
                                         clk (net)
                  0.00    0.00    0.00 ^ clkbuf_0_clk/A (sky130_fd_sc_hd__clkbuf_16)
     4    0.05    0.05    0.09    0.09 ^ clkbuf_0_clk/X (sky130_fd_sc_hd__clkbuf_16)
                                         clknet_0_clk (net)
                  0.05    0.00    0.09 ^ clkbuf_2_3__f_clk/A (sky130_fd_sc_hd__clkbuf_16)
     9    0.03    0.04    0.10    0.19 ^ clkbuf_2_3__f_clk/X (sky130_fd_sc_hd__clkbuf_16)
                                         clknet_2_3__leaf_clk (net)
                  0.04    0.00    0.19 ^ _347_/CLK (sky130_fd_sc_hd__dfrtp_4)
     8    0.06    0.13    0.33    0.52 ^ _347_/Q (sky130_fd_sc_hd__dfrtp_4)
                                         one_second_counter[17] (net)
                  0.13    0.00    0.52 ^ _251_/A (sky130_fd_sc_hd__xor2_1)
     1    0.01    0.05    0.09    0.61 v _251_/X (sky130_fd_sc_hd__xor2_1)
                                         _131_ (net)
                  0.05    0.00    0.61 v _252_/B (sky130_fd_sc_hd__nor2_1)
     1    0.01    0.19    0.16    0.77 ^ _252_/Y (sky130_fd_sc_hd__nor2_1)
                                         _008_ (net)
                  0.19    0.00    0.77 ^ _347_/D (sky130_fd_sc_hd__dfrtp_4)
                                  0.77   data arrival time

                          0.00    0.00   clock core_clock (rise edge)
                          0.00    0.00   clock source latency
     1    0.02    0.00    0.00    0.00 ^ clk (in)
                                         clk (net)
                  0.00    0.00    0.00 ^ clkbuf_0_clk/A (sky130_fd_sc_hd__clkbuf_16)
     4    0.05    0.05    0.09    0.09 ^ clkbuf_0_clk/X (sky130_fd_sc_hd__clkbuf_16)
                                         clknet_0_clk (net)
                  0.05    0.00    0.09 ^ clkbuf_2_3__f_clk/A (sky130_fd_sc_hd__clkbuf_16)
     9    0.03    0.04    0.10    0.19 ^ clkbuf_2_3__f_clk/X (sky130_fd_sc_hd__clkbuf_16)
                                         clknet_2_3__leaf_clk (net)
                  0.04    0.00    0.19 ^ _347_/CLK (sky130_fd_sc_hd__dfrtp_4)
                          0.00    0.19   clock reconvergence pessimism
                         -0.03    0.16   library hold time
                                  0.16   data required time
-----------------------------------------------------------------------------
                                  0.16   data required time
                                 -0.77   data arrival time
-----------------------------------------------------------------------------
                                  0.61   slack (MET)


Startpoint: _352_ (rising edge-triggered flip-flop clocked by core_clock)
Endpoint: _352_ (rising edge-triggered flip-flop clocked by core_clock)
Path Group: core_clock
Path Type: min
Corner: Fastest

Fanout     Cap    Slew   Delay    Time   Description
-----------------------------------------------------------------------------
                          0.00    0.00   clock core_clock (rise edge)
                          0.00    0.00   clock source latency
     1    0.02    0.00    0.00    0.00 ^ clk (in)
                                         clk (net)
                  0.00    0.00    0.00 ^ clkbuf_0_clk/A (sky130_fd_sc_hd__clkbuf_16)
     4    0.05    0.05    0.09    0.09 ^ clkbuf_0_clk/X (sky130_fd_sc_hd__clkbuf_16)
                                         clknet_0_clk (net)
                  0.05    0.00    0.09 ^ clkbuf_2_1__f_clk/A (sky130_fd_sc_hd__clkbuf_16)
    10    0.03    0.04    0.10    0.19 ^ clkbuf_2_1__f_clk/X (sky130_fd_sc_hd__clkbuf_16)
                                         clknet_2_1__leaf_clk (net)
                  0.04    0.00    0.19 ^ _352_/CLK (sky130_fd_sc_hd__dfrtp_1)
     3    0.02    0.15    0.29    0.48 ^ _352_/Q (sky130_fd_sc_hd__dfrtp_1)
                                         one_second_counter[22] (net)
                  0.15    0.00    0.48 ^ _269_/A (sky130_fd_sc_hd__or2_1)
     1    0.01    0.08    0.11    0.59 ^ _269_/X (sky130_fd_sc_hd__or2_1)
                                         _144_ (net)
                  0.08    0.00    0.59 ^ _271_/B (sky130_fd_sc_hd__and3_1)
     1    0.01    0.09    0.14    0.73 ^ _271_/X (sky130_fd_sc_hd__and3_1)
                                         _146_ (net)
                  0.09    0.00    0.73 ^ _272_/A (sky130_fd_sc_hd__clkbuf_1)
     1    0.00    0.03    0.06    0.79 ^ _272_/X (sky130_fd_sc_hd__clkbuf_1)
                                         _014_ (net)
                  0.03    0.00    0.79 ^ _352_/D (sky130_fd_sc_hd__dfrtp_1)
                                  0.79   data arrival time

                          0.00    0.00   clock core_clock (rise edge)
                          0.00    0.00   clock source latency
     1    0.02    0.00    0.00    0.00 ^ clk (in)
                                         clk (net)
                  0.00    0.00    0.00 ^ clkbuf_0_clk/A (sky130_fd_sc_hd__clkbuf_16)
     4    0.05    0.05    0.09    0.09 ^ clkbuf_0_clk/X (sky130_fd_sc_hd__clkbuf_16)
                                         clknet_0_clk (net)
                  0.05    0.00    0.09 ^ clkbuf_2_1__f_clk/A (sky130_fd_sc_hd__clkbuf_16)
    10    0.03    0.04    0.10    0.19 ^ clkbuf_2_1__f_clk/X (sky130_fd_sc_hd__clkbuf_16)
                                         clknet_2_1__leaf_clk (net)
                  0.04    0.00    0.19 ^ _352_/CLK (sky130_fd_sc_hd__dfrtp_1)
                          0.00    0.19   clock reconvergence pessimism
                         -0.02    0.17   library hold time
                                  0.17   data required time
-----------------------------------------------------------------------------
                                  0.17   data required time
                                 -0.79   data arrival time
-----------------------------------------------------------------------------
                                  0.62   slack (MET)


Startpoint: _343_ (rising edge-triggered flip-flop clocked by core_clock)
Endpoint: _343_ (rising edge-triggered flip-flop clocked by core_clock)
Path Group: core_clock
Path Type: min
Corner: Fastest

Fanout     Cap    Slew   Delay    Time   Description
-----------------------------------------------------------------------------
                          0.00    0.00   clock core_clock (rise edge)
                          0.00    0.00   clock source latency
     1    0.02    0.00    0.00    0.00 ^ clk (in)
                                         clk (net)
                  0.00    0.00    0.00 ^ clkbuf_0_clk/A (sky130_fd_sc_hd__clkbuf_16)
     4    0.05    0.05    0.09    0.09 ^ clkbuf_0_clk/X (sky130_fd_sc_hd__clkbuf_16)
                                         clknet_0_clk (net)
                  0.05    0.00    0.09 ^ clkbuf_2_2__f_clk/A (sky130_fd_sc_hd__clkbuf_16)
     7    0.03    0.04    0.10    0.19 ^ clkbuf_2_2__f_clk/X (sky130_fd_sc_hd__clkbuf_16)
                                         clknet_2_2__leaf_clk (net)
                  0.04    0.00    0.19 ^ _343_/CLK (sky130_fd_sc_hd__dfrtp_2)
     4    0.04    0.14    0.30    0.49 ^ _343_/Q (sky130_fd_sc_hd__dfrtp_2)
                                         one_second_counter[13] (net)
                  0.14    0.00    0.49 ^ _234_/B1 (sky130_fd_sc_hd__a21o_1)
     1    0.01    0.10    0.10    0.59 ^ _234_/X (sky130_fd_sc_hd__a21o_1)
                                         _118_ (net)
                  0.10    0.00    0.60 ^ _236_/B (sky130_fd_sc_hd__and3_1)
     1    0.01    0.08    0.14    0.73 ^ _236_/X (sky130_fd_sc_hd__and3_1)
                                         _120_ (net)
                  0.08    0.00    0.74 ^ _237_/A (sky130_fd_sc_hd__clkbuf_1)
     1    0.00    0.03    0.06    0.79 ^ _237_/X (sky130_fd_sc_hd__clkbuf_1)
                                         _004_ (net)
                  0.03    0.00    0.79 ^ _343_/D (sky130_fd_sc_hd__dfrtp_2)
                                  0.79   data arrival time

                          0.00    0.00   clock core_clock (rise edge)
                          0.00    0.00   clock source latency
     1    0.02    0.00    0.00    0.00 ^ clk (in)
                                         clk (net)
                  0.00    0.00    0.00 ^ clkbuf_0_clk/A (sky130_fd_sc_hd__clkbuf_16)
     4    0.05    0.05    0.09    0.09 ^ clkbuf_0_clk/X (sky130_fd_sc_hd__clkbuf_16)
                                         clknet_0_clk (net)
                  0.05    0.00    0.09 ^ clkbuf_2_2__f_clk/A (sky130_fd_sc_hd__clkbuf_16)
     7    0.03    0.04    0.10    0.19 ^ clkbuf_2_2__f_clk/X (sky130_fd_sc_hd__clkbuf_16)
                                         clknet_2_2__leaf_clk (net)
                  0.04    0.00    0.19 ^ _343_/CLK (sky130_fd_sc_hd__dfrtp_2)
                          0.00    0.19   clock reconvergence pessimism
                         -0.02    0.17   library hold time
                                  0.17   data required time
-----------------------------------------------------------------------------
                                  0.17   data required time
                                 -0.79   data arrival time
-----------------------------------------------------------------------------
                                  0.62   slack (MET)


Startpoint: _336_ (rising edge-triggered flip-flop clocked by core_clock)
Endpoint: _336_ (rising edge-triggered flip-flop clocked by core_clock)
Path Group: core_clock
Path Type: min
Corner: Fastest

Fanout     Cap    Slew   Delay    Time   Description
-----------------------------------------------------------------------------
                          0.00    0.00   clock core_clock (rise edge)
                          0.00    0.00   clock source latency
     1    0.02    0.00    0.00    0.00 ^ clk (in)
                                         clk (net)
                  0.00    0.00    0.00 ^ clkbuf_0_clk/A (sky130_fd_sc_hd__clkbuf_16)
     4    0.05    0.05    0.09    0.09 ^ clkbuf_0_clk/X (sky130_fd_sc_hd__clkbuf_16)
                                         clknet_0_clk (net)
                  0.05    0.00    0.09 ^ clkbuf_2_0__f_clk/A (sky130_fd_sc_hd__clkbuf_16)
     9    0.04    0.04    0.10    0.19 ^ clkbuf_2_0__f_clk/X (sky130_fd_sc_hd__clkbuf_16)
                                         clknet_2_0__leaf_clk (net)
                  0.04    0.00    0.19 ^ _336_/CLK (sky130_fd_sc_hd__dfrtp_1)
     3    0.02    0.12    0.27    0.46 ^ _336_/Q (sky130_fd_sc_hd__dfrtp_1)
                                         one_second_counter[6] (net)
                  0.12    0.00    0.46 ^ _211_/A (sky130_fd_sc_hd__nand2_1)
     2    0.01    0.07    0.08    0.54 v _211_/Y (sky130_fd_sc_hd__nand2_1)
                                         _102_ (net)
                  0.07    0.00    0.54 v _212_/C (sky130_fd_sc_hd__and3_1)
     1    0.01    0.04    0.14    0.68 v _212_/X (sky130_fd_sc_hd__and3_1)
                                         _103_ (net)
                  0.04    0.00    0.68 v _213_/A (sky130_fd_sc_hd__buf_1)
     2    0.02    0.07    0.10    0.78 v _213_/X (sky130_fd_sc_hd__buf_1)
                                         _023_ (net)
                  0.07    0.00    0.78 v _336_/D (sky130_fd_sc_hd__dfrtp_1)
                                  0.78   data arrival time

                          0.00    0.00   clock core_clock (rise edge)
                          0.00    0.00   clock source latency
     1    0.02    0.00    0.00    0.00 ^ clk (in)
                                         clk (net)
                  0.00    0.00    0.00 ^ clkbuf_0_clk/A (sky130_fd_sc_hd__clkbuf_16)
     4    0.05    0.05    0.09    0.09 ^ clkbuf_0_clk/X (sky130_fd_sc_hd__clkbuf_16)
                                         clknet_0_clk (net)
                  0.05    0.00    0.09 ^ clkbuf_2_0__f_clk/A (sky130_fd_sc_hd__clkbuf_16)
     9    0.04    0.04    0.10    0.19 ^ clkbuf_2_0__f_clk/X (sky130_fd_sc_hd__clkbuf_16)
                                         clknet_2_0__leaf_clk (net)
                  0.04    0.00    0.19 ^ _336_/CLK (sky130_fd_sc_hd__dfrtp_1)
                          0.00    0.19   clock reconvergence pessimism
                         -0.04    0.15   library hold time
                                  0.15   data required time
-----------------------------------------------------------------------------
                                  0.15   data required time
                                 -0.78   data arrival time
-----------------------------------------------------------------------------
                                  0.63   slack (MET)


Startpoint: _342_ (rising edge-triggered flip-flop clocked by core_clock)
Endpoint: _342_ (rising edge-triggered flip-flop clocked by core_clock)
Path Group: core_clock
Path Type: min
Corner: Fastest

Fanout     Cap    Slew   Delay    Time   Description
-----------------------------------------------------------------------------
                          0.00    0.00   clock core_clock (rise edge)
                          0.00    0.00   clock source latency
     1    0.02    0.00    0.00    0.00 ^ clk (in)
                                         clk (net)
                  0.00    0.00    0.00 ^ clkbuf_0_clk/A (sky130_fd_sc_hd__clkbuf_16)
     4    0.05    0.05    0.09    0.09 ^ clkbuf_0_clk/X (sky130_fd_sc_hd__clkbuf_16)
                                         clknet_0_clk (net)
                  0.05    0.00    0.09 ^ clkbuf_2_3__f_clk/A (sky130_fd_sc_hd__clkbuf_16)
     9    0.03    0.04    0.10    0.19 ^ clkbuf_2_3__f_clk/X (sky130_fd_sc_hd__clkbuf_16)
                                         clknet_2_3__leaf_clk (net)
                  0.04    0.00    0.19 ^ _342_/CLK (sky130_fd_sc_hd__dfrtp_4)
     5    0.04    0.09    0.30    0.49 ^ _342_/Q (sky130_fd_sc_hd__dfrtp_4)
                                         one_second_counter[12] (net)
                  0.09    0.00    0.49 ^ _231_/A (sky130_fd_sc_hd__nand2_1)
     1    0.01    0.06    0.06    0.55 v _231_/Y (sky130_fd_sc_hd__nand2_1)
                                         _116_ (net)
                  0.06    0.00    0.55 v _232_/C (sky130_fd_sc_hd__and3_1)
     1    0.01    0.05    0.15    0.71 v _232_/X (sky130_fd_sc_hd__and3_1)
                                         _117_ (net)
                  0.05    0.00    0.71 v _233_/A (sky130_fd_sc_hd__buf_1)
     1    0.01    0.05    0.09    0.80 v _233_/X (sky130_fd_sc_hd__buf_1)
                                         _003_ (net)
                  0.05    0.00    0.80 v _342_/D (sky130_fd_sc_hd__dfrtp_4)
                                  0.80   data arrival time

                          0.00    0.00   clock core_clock (rise edge)
                          0.00    0.00   clock source latency
     1    0.02    0.00    0.00    0.00 ^ clk (in)
                                         clk (net)
                  0.00    0.00    0.00 ^ clkbuf_0_clk/A (sky130_fd_sc_hd__clkbuf_16)
     4    0.05    0.05    0.09    0.09 ^ clkbuf_0_clk/X (sky130_fd_sc_hd__clkbuf_16)
                                         clknet_0_clk (net)
                  0.05    0.00    0.09 ^ clkbuf_2_3__f_clk/A (sky130_fd_sc_hd__clkbuf_16)
     9    0.03    0.04    0.10    0.19 ^ clkbuf_2_3__f_clk/X (sky130_fd_sc_hd__clkbuf_16)
                                         clknet_2_3__leaf_clk (net)
                  0.04    0.00    0.19 ^ _342_/CLK (sky130_fd_sc_hd__dfrtp_4)
                          0.00    0.19   clock reconvergence pessimism
                         -0.03    0.16   library hold time
                                  0.16   data required time
-----------------------------------------------------------------------------
                                  0.16   data required time
                                 -0.80   data arrival time
-----------------------------------------------------------------------------
                                  0.64   slack (MET)


Startpoint: _360_ (rising edge-triggered flip-flop clocked by core_clock)
Endpoint: _360_ (rising edge-triggered flip-flop clocked by core_clock)
Path Group: core_clock
Path Type: min
Corner: Fastest

Fanout     Cap    Slew   Delay    Time   Description
-----------------------------------------------------------------------------
                          0.00    0.00   clock core_clock (rise edge)
                          0.00    0.00   clock source latency
     1    0.02    0.00    0.00    0.00 ^ clk (in)
                                         clk (net)
                  0.00    0.00    0.00 ^ clkbuf_0_clk/A (sky130_fd_sc_hd__clkbuf_16)
     4    0.05    0.05    0.09    0.09 ^ clkbuf_0_clk/X (sky130_fd_sc_hd__clkbuf_16)
                                         clknet_0_clk (net)
                  0.05    0.00    0.09 ^ clkbuf_2_2__f_clk/A (sky130_fd_sc_hd__clkbuf_16)
     7    0.03    0.04    0.10    0.19 ^ clkbuf_2_2__f_clk/X (sky130_fd_sc_hd__clkbuf_16)
                                         clknet_2_2__leaf_clk (net)
                  0.04    0.00    0.19 ^ _360_/CLK (sky130_fd_sc_hd__dfrtp_4)
     6    0.05    0.13    0.33    0.52 ^ _360_/Q (sky130_fd_sc_hd__dfrtp_4)
                                         decoder.digit[2] (net)
                  0.13    0.00    0.52 ^ _163_/A (sky130_fd_sc_hd__nand2_1)
     2    0.02    0.10    0.10    0.62 v _163_/Y (sky130_fd_sc_hd__nand2_1)
                                         _065_ (net)
                  0.10    0.00    0.62 v _169_/A (sky130_fd_sc_hd__and2_1)
     1    0.01    0.04    0.12    0.75 v _169_/X (sky130_fd_sc_hd__and2_1)
                                         _070_ (net)
                  0.04    0.00    0.75 v _170_/A (sky130_fd_sc_hd__clkbuf_1)
     1    0.01    0.03    0.07    0.82 v _170_/X (sky130_fd_sc_hd__clkbuf_1)
                                         _062_ (net)
                  0.03    0.00    0.82 v _360_/D (sky130_fd_sc_hd__dfrtp_4)
                                  0.82   data arrival time

                          0.00    0.00   clock core_clock (rise edge)
                          0.00    0.00   clock source latency
     1    0.02    0.00    0.00    0.00 ^ clk (in)
                                         clk (net)
                  0.00    0.00    0.00 ^ clkbuf_0_clk/A (sky130_fd_sc_hd__clkbuf_16)
     4    0.05    0.05    0.09    0.09 ^ clkbuf_0_clk/X (sky130_fd_sc_hd__clkbuf_16)
                                         clknet_0_clk (net)
                  0.05    0.00    0.09 ^ clkbuf_2_2__f_clk/A (sky130_fd_sc_hd__clkbuf_16)
     7    0.03    0.04    0.10    0.19 ^ clkbuf_2_2__f_clk/X (sky130_fd_sc_hd__clkbuf_16)
                                         clknet_2_2__leaf_clk (net)
                  0.04    0.00    0.19 ^ _360_/CLK (sky130_fd_sc_hd__dfrtp_4)
                          0.00    0.19   clock reconvergence pessimism
                         -0.03    0.16   library hold time
                                  0.16   data required time
-----------------------------------------------------------------------------
                                  0.16   data required time
                                 -0.82   data arrival time
-----------------------------------------------------------------------------
                                  0.66   slack (MET)


Startpoint: _355_ (rising edge-triggered flip-flop clocked by core_clock)
Endpoint: _355_ (rising edge-triggered flip-flop clocked by core_clock)
Path Group: core_clock
Path Type: min
Corner: Fastest

Fanout     Cap    Slew   Delay    Time   Description
-----------------------------------------------------------------------------
                          0.00    0.00   clock core_clock (rise edge)
                          0.00    0.00   clock source latency
     1    0.02    0.00    0.00    0.00 ^ clk (in)
                                         clk (net)
                  0.00    0.00    0.00 ^ clkbuf_0_clk/A (sky130_fd_sc_hd__clkbuf_16)
     4    0.05    0.05    0.09    0.09 ^ clkbuf_0_clk/X (sky130_fd_sc_hd__clkbuf_16)
                                         clknet_0_clk (net)
                  0.05    0.00    0.09 ^ clkbuf_2_2__f_clk/A (sky130_fd_sc_hd__clkbuf_16)
     7    0.03    0.04    0.10    0.19 ^ clkbuf_2_2__f_clk/X (sky130_fd_sc_hd__clkbuf_16)
                                         clknet_2_2__leaf_clk (net)
                  0.04    0.00    0.19 ^ _355_/CLK (sky130_fd_sc_hd__dfrtp_4)
     4    0.04    0.10    0.31    0.50 ^ _355_/Q (sky130_fd_sc_hd__dfrtp_4)
                                         one_second_counter[25] (net)
                  0.10    0.00    0.50 ^ _280_/A (sky130_fd_sc_hd__nand2_1)
     1    0.02    0.08    0.08    0.58 v _280_/Y (sky130_fd_sc_hd__nand2_1)
                                         _152_ (net)
                  0.08    0.00    0.58 v _281_/C (sky130_fd_sc_hd__and3_1)
     1    0.01    0.04    0.15    0.74 v _281_/X (sky130_fd_sc_hd__and3_1)
                                         _153_ (net)
                  0.04    0.00    0.74 v _282_/A (sky130_fd_sc_hd__clkbuf_1)
     1    0.01    0.04    0.08    0.82 v _282_/X (sky130_fd_sc_hd__clkbuf_1)
                                         _017_ (net)
                  0.04    0.00    0.82 v _355_/D (sky130_fd_sc_hd__dfrtp_4)
                                  0.82   data arrival time

                          0.00    0.00   clock core_clock (rise edge)
                          0.00    0.00   clock source latency
     1    0.02    0.00    0.00    0.00 ^ clk (in)
                                         clk (net)
                  0.00    0.00    0.00 ^ clkbuf_0_clk/A (sky130_fd_sc_hd__clkbuf_16)
     4    0.05    0.05    0.09    0.09 ^ clkbuf_0_clk/X (sky130_fd_sc_hd__clkbuf_16)
                                         clknet_0_clk (net)
                  0.05    0.00    0.09 ^ clkbuf_2_2__f_clk/A (sky130_fd_sc_hd__clkbuf_16)
     7    0.03    0.04    0.10    0.19 ^ clkbuf_2_2__f_clk/X (sky130_fd_sc_hd__clkbuf_16)
                                         clknet_2_2__leaf_clk (net)
                  0.04    0.00    0.19 ^ _355_/CLK (sky130_fd_sc_hd__dfrtp_4)
                          0.00    0.19   clock reconvergence pessimism
                         -0.03    0.16   library hold time
                                  0.16   data required time
-----------------------------------------------------------------------------
                                  0.16   data required time
                                 -0.82   data arrival time
-----------------------------------------------------------------------------
                                  0.66   slack (MET)


Startpoint: _340_ (rising edge-triggered flip-flop clocked by core_clock)
Endpoint: _340_ (rising edge-triggered flip-flop clocked by core_clock)
Path Group: core_clock
Path Type: min
Corner: Fastest

Fanout     Cap    Slew   Delay    Time   Description
-----------------------------------------------------------------------------
                          0.00    0.00   clock core_clock (rise edge)
                          0.00    0.00   clock source latency
     1    0.02    0.00    0.00    0.00 ^ clk (in)
                                         clk (net)
                  0.00    0.00    0.00 ^ clkbuf_0_clk/A (sky130_fd_sc_hd__clkbuf_16)
     4    0.05    0.05    0.09    0.09 ^ clkbuf_0_clk/X (sky130_fd_sc_hd__clkbuf_16)
                                         clknet_0_clk (net)
                  0.05    0.00    0.09 ^ clkbuf_2_2__f_clk/A (sky130_fd_sc_hd__clkbuf_16)
     7    0.03    0.04    0.10    0.19 ^ clkbuf_2_2__f_clk/X (sky130_fd_sc_hd__clkbuf_16)
                                         clknet_2_2__leaf_clk (net)
                  0.04    0.00    0.19 ^ _340_/CLK (sky130_fd_sc_hd__dfrtp_4)
     6    0.04    0.10    0.31    0.50 ^ _340_/Q (sky130_fd_sc_hd__dfrtp_4)
                                         one_second_counter[10] (net)
                  0.10    0.00    0.50 ^ _224_/A (sky130_fd_sc_hd__nand2_1)
     1    0.02    0.09    0.10    0.60 v _224_/Y (sky130_fd_sc_hd__nand2_1)
                                         _111_ (net)
                  0.09    0.00    0.60 v _225_/C (sky130_fd_sc_hd__and3_1)
     1    0.01    0.04    0.15    0.75 v _225_/X (sky130_fd_sc_hd__and3_1)
                                         _112_ (net)
                  0.04    0.00    0.75 v _226_/A (sky130_fd_sc_hd__clkbuf_1)
     1    0.01    0.04    0.08    0.83 v _226_/X (sky130_fd_sc_hd__clkbuf_1)
                                         _001_ (net)
                  0.04    0.00    0.83 v _340_/D (sky130_fd_sc_hd__dfrtp_4)
                                  0.83   data arrival time

                          0.00    0.00   clock core_clock (rise edge)
                          0.00    0.00   clock source latency
     1    0.02    0.00    0.00    0.00 ^ clk (in)
                                         clk (net)
                  0.00    0.00    0.00 ^ clkbuf_0_clk/A (sky130_fd_sc_hd__clkbuf_16)
     4    0.05    0.05    0.09    0.09 ^ clkbuf_0_clk/X (sky130_fd_sc_hd__clkbuf_16)
                                         clknet_0_clk (net)
                  0.05    0.00    0.09 ^ clkbuf_2_2__f_clk/A (sky130_fd_sc_hd__clkbuf_16)
     7    0.03    0.04    0.10    0.19 ^ clkbuf_2_2__f_clk/X (sky130_fd_sc_hd__clkbuf_16)
                                         clknet_2_2__leaf_clk (net)
                  0.04    0.00    0.19 ^ _340_/CLK (sky130_fd_sc_hd__dfrtp_4)
                          0.00    0.19   clock reconvergence pessimism
                         -0.03    0.16   library hold time
                                  0.16   data required time
-----------------------------------------------------------------------------
                                  0.16   data required time
                                 -0.83   data arrival time
-----------------------------------------------------------------------------
                                  0.67   slack (MET)


Startpoint: _350_ (rising edge-triggered flip-flop clocked by core_clock)
Endpoint: _350_ (rising edge-triggered flip-flop clocked by core_clock)
Path Group: core_clock
Path Type: min
Corner: Fastest

Fanout     Cap    Slew   Delay    Time   Description
-----------------------------------------------------------------------------
                          0.00    0.00   clock core_clock (rise edge)
                          0.00    0.00   clock source latency
     1    0.02    0.00    0.00    0.00 ^ clk (in)
                                         clk (net)
                  0.00    0.00    0.00 ^ clkbuf_0_clk/A (sky130_fd_sc_hd__clkbuf_16)
     4    0.05    0.05    0.09    0.09 ^ clkbuf_0_clk/X (sky130_fd_sc_hd__clkbuf_16)
                                         clknet_0_clk (net)
                  0.05    0.00    0.09 ^ clkbuf_2_1__f_clk/A (sky130_fd_sc_hd__clkbuf_16)
    10    0.03    0.04    0.10    0.19 ^ clkbuf_2_1__f_clk/X (sky130_fd_sc_hd__clkbuf_16)
                                         clknet_2_1__leaf_clk (net)
                  0.04    0.00    0.19 ^ _350_/CLK (sky130_fd_sc_hd__dfrtp_1)
     4    0.03    0.17    0.31    0.50 ^ _350_/Q (sky130_fd_sc_hd__dfrtp_1)
                                         one_second_counter[20] (net)
                  0.17    0.00    0.50 ^ _263_/A (sky130_fd_sc_hd__nand2_1)
     2    0.02    0.09    0.10    0.60 v _263_/Y (sky130_fd_sc_hd__nand2_1)
                                         _140_ (net)
                  0.09    0.00    0.60 v _264_/C (sky130_fd_sc_hd__and3_1)
     1    0.00    0.03    0.14    0.74 v _264_/X (sky130_fd_sc_hd__and3_1)
                                         _141_ (net)
                  0.03    0.00    0.74 v _265_/A (sky130_fd_sc_hd__clkbuf_1)
     1    0.02    0.06    0.09    0.83 v _265_/X (sky130_fd_sc_hd__clkbuf_1)
                                         _012_ (net)
                  0.06    0.00    0.83 v _350_/D (sky130_fd_sc_hd__dfrtp_1)
                                  0.83   data arrival time

                          0.00    0.00   clock core_clock (rise edge)
                          0.00    0.00   clock source latency
     1    0.02    0.00    0.00    0.00 ^ clk (in)
                                         clk (net)
                  0.00    0.00    0.00 ^ clkbuf_0_clk/A (sky130_fd_sc_hd__clkbuf_16)
     4    0.05    0.05    0.09    0.09 ^ clkbuf_0_clk/X (sky130_fd_sc_hd__clkbuf_16)
                                         clknet_0_clk (net)
                  0.05    0.00    0.09 ^ clkbuf_2_1__f_clk/A (sky130_fd_sc_hd__clkbuf_16)
    10    0.03    0.04    0.10    0.19 ^ clkbuf_2_1__f_clk/X (sky130_fd_sc_hd__clkbuf_16)
                                         clknet_2_1__leaf_clk (net)
                  0.04    0.00    0.19 ^ _350_/CLK (sky130_fd_sc_hd__dfrtp_1)
                          0.00    0.19   clock reconvergence pessimism
                         -0.04    0.15   library hold time
                                  0.15   data required time
-----------------------------------------------------------------------------
                                  0.15   data required time
                                 -0.83   data arrival time
-----------------------------------------------------------------------------
                                  0.68   slack (MET)


Startpoint: _338_ (rising edge-triggered flip-flop clocked by core_clock)
Endpoint: _338_ (rising edge-triggered flip-flop clocked by core_clock)
Path Group: core_clock
Path Type: min
Corner: Fastest

Fanout     Cap    Slew   Delay    Time   Description
-----------------------------------------------------------------------------
                          0.00    0.00   clock core_clock (rise edge)
                          0.00    0.00   clock source latency
     1    0.02    0.00    0.00    0.00 ^ clk (in)
                                         clk (net)
                  0.00    0.00    0.00 ^ clkbuf_0_clk/A (sky130_fd_sc_hd__clkbuf_16)
     4    0.05    0.05    0.09    0.09 ^ clkbuf_0_clk/X (sky130_fd_sc_hd__clkbuf_16)
                                         clknet_0_clk (net)
                  0.05    0.00    0.09 ^ clkbuf_2_3__f_clk/A (sky130_fd_sc_hd__clkbuf_16)
     9    0.03    0.04    0.10    0.19 ^ clkbuf_2_3__f_clk/X (sky130_fd_sc_hd__clkbuf_16)
                                         clknet_2_3__leaf_clk (net)
                  0.04    0.00    0.19 ^ _338_/CLK (sky130_fd_sc_hd__dfrtp_4)
     5    0.04    0.09    0.30    0.49 ^ _338_/Q (sky130_fd_sc_hd__dfrtp_4)
                                         one_second_counter[8] (net)
                  0.09    0.00    0.49 ^ _217_/A (sky130_fd_sc_hd__nand2_1)
     1    0.02    0.08    0.08    0.57 v _217_/Y (sky130_fd_sc_hd__nand2_1)
                                         _106_ (net)
                  0.08    0.00    0.57 v _218_/C (sky130_fd_sc_hd__and3_1)
     1    0.01    0.04    0.15    0.73 v _218_/X (sky130_fd_sc_hd__and3_1)
                                         _107_ (net)
                  0.04    0.00    0.73 v _219_/A (sky130_fd_sc_hd__buf_1)
     1    0.02    0.08    0.11    0.83 v _219_/X (sky130_fd_sc_hd__buf_1)
                                         _025_ (net)
                  0.08    0.00    0.83 v _338_/D (sky130_fd_sc_hd__dfrtp_4)
                                  0.83   data arrival time

                          0.00    0.00   clock core_clock (rise edge)
                          0.00    0.00   clock source latency
     1    0.02    0.00    0.00    0.00 ^ clk (in)
                                         clk (net)
                  0.00    0.00    0.00 ^ clkbuf_0_clk/A (sky130_fd_sc_hd__clkbuf_16)
     4    0.05    0.05    0.09    0.09 ^ clkbuf_0_clk/X (sky130_fd_sc_hd__clkbuf_16)
                                         clknet_0_clk (net)
                  0.05    0.00    0.09 ^ clkbuf_2_3__f_clk/A (sky130_fd_sc_hd__clkbuf_16)
     9    0.03    0.04    0.10    0.19 ^ clkbuf_2_3__f_clk/X (sky130_fd_sc_hd__clkbuf_16)
                                         clknet_2_3__leaf_clk (net)
                  0.04    0.00    0.19 ^ _338_/CLK (sky130_fd_sc_hd__dfrtp_4)
                          0.00    0.19   clock reconvergence pessimism
                         -0.04    0.15   library hold time
                                  0.15   data required time
-----------------------------------------------------------------------------
                                  0.15   data required time
                                 -0.83   data arrival time
-----------------------------------------------------------------------------
                                  0.69   slack (MET)


Startpoint: _333_ (rising edge-triggered flip-flop clocked by core_clock)
Endpoint: _333_ (rising edge-triggered flip-flop clocked by core_clock)
Path Group: core_clock
Path Type: min
Corner: Fastest

Fanout     Cap    Slew   Delay    Time   Description
-----------------------------------------------------------------------------
                          0.00    0.00   clock core_clock (rise edge)
                          0.00    0.00   clock source latency
     1    0.02    0.00    0.00    0.00 ^ clk (in)
                                         clk (net)
                  0.00    0.00    0.00 ^ clkbuf_0_clk/A (sky130_fd_sc_hd__clkbuf_16)
     4    0.05    0.05    0.09    0.09 ^ clkbuf_0_clk/X (sky130_fd_sc_hd__clkbuf_16)
                                         clknet_0_clk (net)
                  0.05    0.00    0.09 ^ clkbuf_2_3__f_clk/A (sky130_fd_sc_hd__clkbuf_16)
     9    0.03    0.04    0.10    0.19 ^ clkbuf_2_3__f_clk/X (sky130_fd_sc_hd__clkbuf_16)
                                         clknet_2_3__leaf_clk (net)
                  0.04    0.00    0.19 ^ _333_/CLK (sky130_fd_sc_hd__dfrtp_2)
     3    0.03    0.08    0.30    0.49 v _333_/Q (sky130_fd_sc_hd__dfrtp_2)
                                         one_second_counter[3] (net)
                  0.08    0.00    0.49 v _199_/B1 (sky130_fd_sc_hd__a31o_1)
     1    0.02    0.06    0.13    0.62 v _199_/X (sky130_fd_sc_hd__a31o_1)
                                         _093_ (net)
                  0.06    0.00    0.62 v _200_/C (sky130_fd_sc_hd__and3b_1)
     1    0.01    0.03    0.14    0.75 v _200_/X (sky130_fd_sc_hd__and3b_1)
                                         _094_ (net)
                  0.03    0.00    0.75 v _201_/A (sky130_fd_sc_hd__buf_1)
     1    0.02    0.06    0.10    0.85 v _201_/X (sky130_fd_sc_hd__buf_1)
                                         _020_ (net)
                  0.06    0.00    0.85 v _333_/D (sky130_fd_sc_hd__dfrtp_2)
                                  0.85   data arrival time

                          0.00    0.00   clock core_clock (rise edge)
                          0.00    0.00   clock source latency
     1    0.02    0.00    0.00    0.00 ^ clk (in)
                                         clk (net)
                  0.00    0.00    0.00 ^ clkbuf_0_clk/A (sky130_fd_sc_hd__clkbuf_16)
     4    0.05    0.05    0.09    0.09 ^ clkbuf_0_clk/X (sky130_fd_sc_hd__clkbuf_16)
                                         clknet_0_clk (net)
                  0.05    0.00    0.09 ^ clkbuf_2_3__f_clk/A (sky130_fd_sc_hd__clkbuf_16)
     9    0.03    0.04    0.10    0.19 ^ clkbuf_2_3__f_clk/X (sky130_fd_sc_hd__clkbuf_16)
                                         clknet_2_3__leaf_clk (net)
                  0.04    0.00    0.19 ^ _333_/CLK (sky130_fd_sc_hd__dfrtp_2)
                          0.00    0.19   clock reconvergence pessimism
                         -0.04    0.15   library hold time
                                  0.15   data required time
-----------------------------------------------------------------------------
                                  0.15   data required time
                                 -0.85   data arrival time
-----------------------------------------------------------------------------
                                  0.70   slack (MET)


Startpoint: _349_ (rising edge-triggered flip-flop clocked by core_clock)
Endpoint: _349_ (rising edge-triggered flip-flop clocked by core_clock)
Path Group: core_clock
Path Type: min
Corner: Fastest

Fanout     Cap    Slew   Delay    Time   Description
-----------------------------------------------------------------------------
                          0.00    0.00   clock core_clock (rise edge)
                          0.00    0.00   clock source latency
     1    0.02    0.00    0.00    0.00 ^ clk (in)
                                         clk (net)
                  0.00    0.00    0.00 ^ clkbuf_0_clk/A (sky130_fd_sc_hd__clkbuf_16)
     4    0.05    0.05    0.09    0.09 ^ clkbuf_0_clk/X (sky130_fd_sc_hd__clkbuf_16)
                                         clknet_0_clk (net)
                  0.05    0.00    0.09 ^ clkbuf_2_0__f_clk/A (sky130_fd_sc_hd__clkbuf_16)
     9    0.04    0.04    0.10    0.19 ^ clkbuf_2_0__f_clk/X (sky130_fd_sc_hd__clkbuf_16)
                                         clknet_2_0__leaf_clk (net)
                  0.04    0.00    0.19 ^ _349_/CLK (sky130_fd_sc_hd__dfrtp_4)
     4    0.04    0.10    0.30    0.50 ^ _349_/Q (sky130_fd_sc_hd__dfrtp_4)
                                         one_second_counter[19] (net)
                  0.10    0.00    0.50 ^ _256_/B1 (sky130_fd_sc_hd__a41o_1)
     1    0.02    0.12    0.12    0.62 ^ _256_/X (sky130_fd_sc_hd__a41o_1)
                                         _134_ (net)
                  0.12    0.00    0.62 ^ _260_/B (sky130_fd_sc_hd__and3_1)
     1    0.01    0.10    0.15    0.77 ^ _260_/X (sky130_fd_sc_hd__and3_1)
                                         _138_ (net)
                  0.10    0.00    0.77 ^ _261_/A (sky130_fd_sc_hd__buf_1)
     1    0.01    0.10    0.11    0.88 ^ _261_/X (sky130_fd_sc_hd__buf_1)
                                         _010_ (net)
                  0.10    0.00    0.88 ^ _349_/D (sky130_fd_sc_hd__dfrtp_4)
                                  0.88   data arrival time

                          0.00    0.00   clock core_clock (rise edge)
                          0.00    0.00   clock source latency
     1    0.02    0.00    0.00    0.00 ^ clk (in)
                                         clk (net)
                  0.00    0.00    0.00 ^ clkbuf_0_clk/A (sky130_fd_sc_hd__clkbuf_16)
     4    0.05    0.05    0.09    0.09 ^ clkbuf_0_clk/X (sky130_fd_sc_hd__clkbuf_16)
                                         clknet_0_clk (net)
                  0.05    0.00    0.09 ^ clkbuf_2_0__f_clk/A (sky130_fd_sc_hd__clkbuf_16)
     9    0.04    0.04    0.10    0.19 ^ clkbuf_2_0__f_clk/X (sky130_fd_sc_hd__clkbuf_16)
                                         clknet_2_0__leaf_clk (net)
                  0.04    0.00    0.19 ^ _349_/CLK (sky130_fd_sc_hd__dfrtp_4)
                          0.00    0.19   clock reconvergence pessimism
                         -0.02    0.17   library hold time
                                  0.17   data required time
-----------------------------------------------------------------------------
                                  0.17   data required time
                                 -0.88   data arrival time
-----------------------------------------------------------------------------
                                  0.71   slack (MET)


Startpoint: _346_ (rising edge-triggered flip-flop clocked by core_clock)
Endpoint: _346_ (rising edge-triggered flip-flop clocked by core_clock)
Path Group: core_clock
Path Type: min
Corner: Fastest

Fanout     Cap    Slew   Delay    Time   Description
-----------------------------------------------------------------------------
                          0.00    0.00   clock core_clock (rise edge)
                          0.00    0.00   clock source latency
     1    0.02    0.00    0.00    0.00 ^ clk (in)
                                         clk (net)
                  0.00    0.00    0.00 ^ clkbuf_0_clk/A (sky130_fd_sc_hd__clkbuf_16)
     4    0.05    0.05    0.09    0.09 ^ clkbuf_0_clk/X (sky130_fd_sc_hd__clkbuf_16)
                                         clknet_0_clk (net)
                  0.05    0.00    0.09 ^ clkbuf_2_3__f_clk/A (sky130_fd_sc_hd__clkbuf_16)
     9    0.03    0.04    0.10    0.19 ^ clkbuf_2_3__f_clk/X (sky130_fd_sc_hd__clkbuf_16)
                                         clknet_2_3__leaf_clk (net)
                  0.04    0.00    0.19 ^ _346_/CLK (sky130_fd_sc_hd__dfrtp_4)
     6    0.04    0.11    0.31    0.50 ^ _346_/Q (sky130_fd_sc_hd__dfrtp_4)
                                         one_second_counter[16] (net)
                  0.11    0.00    0.50 ^ _248_/A (sky130_fd_sc_hd__nand2_2)
     3    0.03    0.09    0.09    0.59 v _248_/Y (sky130_fd_sc_hd__nand2_2)
                                         _129_ (net)
                  0.09    0.00    0.60 v _249_/C (sky130_fd_sc_hd__and3_1)
     1    0.02    0.08    0.19    0.78 v _249_/X (sky130_fd_sc_hd__and3_1)
                                         _130_ (net)
                  0.08    0.00    0.79 v _250_/A (sky130_fd_sc_hd__clkbuf_1)
     1    0.01    0.04    0.09    0.87 v _250_/X (sky130_fd_sc_hd__clkbuf_1)
                                         _007_ (net)
                  0.04    0.00    0.87 v _346_/D (sky130_fd_sc_hd__dfrtp_4)
                                  0.87   data arrival time

                          0.00    0.00   clock core_clock (rise edge)
                          0.00    0.00   clock source latency
     1    0.02    0.00    0.00    0.00 ^ clk (in)
                                         clk (net)
                  0.00    0.00    0.00 ^ clkbuf_0_clk/A (sky130_fd_sc_hd__clkbuf_16)
     4    0.05    0.05    0.09    0.09 ^ clkbuf_0_clk/X (sky130_fd_sc_hd__clkbuf_16)
                                         clknet_0_clk (net)
                  0.05    0.00    0.09 ^ clkbuf_2_3__f_clk/A (sky130_fd_sc_hd__clkbuf_16)
     9    0.03    0.04    0.10    0.19 ^ clkbuf_2_3__f_clk/X (sky130_fd_sc_hd__clkbuf_16)
                                         clknet_2_3__leaf_clk (net)
                  0.04    0.00    0.19 ^ _346_/CLK (sky130_fd_sc_hd__dfrtp_4)
                          0.00    0.19   clock reconvergence pessimism
                         -0.03    0.16   library hold time
                                  0.16   data required time
-----------------------------------------------------------------------------
                                  0.16   data required time
                                 -0.87   data arrival time
-----------------------------------------------------------------------------
                                  0.71   slack (MET)


Startpoint: _334_ (rising edge-triggered flip-flop clocked by core_clock)
Endpoint: _334_ (rising edge-triggered flip-flop clocked by core_clock)
Path Group: core_clock
Path Type: min
Corner: Fastest

Fanout     Cap    Slew   Delay    Time   Description
-----------------------------------------------------------------------------
                          0.00    0.00   clock core_clock (rise edge)
                          0.00    0.00   clock source latency
     1    0.02    0.00    0.00    0.00 ^ clk (in)
                                         clk (net)
                  0.00    0.00    0.00 ^ clkbuf_0_clk/A (sky130_fd_sc_hd__clkbuf_16)
     4    0.05    0.05    0.09    0.09 ^ clkbuf_0_clk/X (sky130_fd_sc_hd__clkbuf_16)
                                         clknet_0_clk (net)
                  0.05    0.00    0.09 ^ clkbuf_2_0__f_clk/A (sky130_fd_sc_hd__clkbuf_16)
     9    0.04    0.04    0.10    0.19 ^ clkbuf_2_0__f_clk/X (sky130_fd_sc_hd__clkbuf_16)
                                         clknet_2_0__leaf_clk (net)
                  0.04    0.00    0.19 ^ _334_/CLK (sky130_fd_sc_hd__dfrtp_4)
     5    0.04    0.11    0.31    0.51 ^ _334_/Q (sky130_fd_sc_hd__dfrtp_4)
                                         one_second_counter[4] (net)
                  0.11    0.00    0.51 ^ _203_/A (sky130_fd_sc_hd__nand2_1)
     1    0.01    0.05    0.06    0.56 v _203_/Y (sky130_fd_sc_hd__nand2_1)
                                         _096_ (net)
                  0.05    0.00    0.56 v _205_/B (sky130_fd_sc_hd__and3_1)
     1    0.03    0.09    0.17    0.74 v _205_/X (sky130_fd_sc_hd__and3_1)
                                         _098_ (net)
                  0.09    0.00    0.74 v _206_/A (sky130_fd_sc_hd__buf_1)
     1    0.02    0.08    0.13    0.87 v _206_/X (sky130_fd_sc_hd__buf_1)
                                         _021_ (net)
                  0.08    0.00    0.87 v _334_/D (sky130_fd_sc_hd__dfrtp_4)
                                  0.87   data arrival time

                          0.00    0.00   clock core_clock (rise edge)
                          0.00    0.00   clock source latency
     1    0.02    0.00    0.00    0.00 ^ clk (in)
                                         clk (net)
                  0.00    0.00    0.00 ^ clkbuf_0_clk/A (sky130_fd_sc_hd__clkbuf_16)
     4    0.05    0.05    0.09    0.09 ^ clkbuf_0_clk/X (sky130_fd_sc_hd__clkbuf_16)
                                         clknet_0_clk (net)
                  0.05    0.00    0.09 ^ clkbuf_2_0__f_clk/A (sky130_fd_sc_hd__clkbuf_16)
     9    0.04    0.04    0.10    0.19 ^ clkbuf_2_0__f_clk/X (sky130_fd_sc_hd__clkbuf_16)
                                         clknet_2_0__leaf_clk (net)
                  0.04    0.00    0.19 ^ _334_/CLK (sky130_fd_sc_hd__dfrtp_4)
                          0.00    0.19   clock reconvergence pessimism
                         -0.04    0.15   library hold time
                                  0.15   data required time
-----------------------------------------------------------------------------
                                  0.15   data required time
                                 -0.87   data arrival time
-----------------------------------------------------------------------------
                                  0.72   slack (MET)


Startpoint: _332_ (rising edge-triggered flip-flop clocked by core_clock)
Endpoint: _332_ (rising edge-triggered flip-flop clocked by core_clock)
Path Group: core_clock
Path Type: min
Corner: Fastest

Fanout     Cap    Slew   Delay    Time   Description
-----------------------------------------------------------------------------
                          0.00    0.00   clock core_clock (rise edge)
                          0.00    0.00   clock source latency
     1    0.02    0.00    0.00    0.00 ^ clk (in)
                                         clk (net)
                  0.00    0.00    0.00 ^ clkbuf_0_clk/A (sky130_fd_sc_hd__clkbuf_16)
     4    0.05    0.05    0.09    0.09 ^ clkbuf_0_clk/X (sky130_fd_sc_hd__clkbuf_16)
                                         clknet_0_clk (net)
                  0.05    0.00    0.09 ^ clkbuf_2_1__f_clk/A (sky130_fd_sc_hd__clkbuf_16)
    10    0.03    0.04    0.10    0.19 ^ clkbuf_2_1__f_clk/X (sky130_fd_sc_hd__clkbuf_16)
                                         clknet_2_1__leaf_clk (net)
                  0.04    0.00    0.19 ^ _332_/CLK (sky130_fd_sc_hd__dfrtp_4)
     4    0.04    0.11    0.31    0.50 ^ _332_/Q (sky130_fd_sc_hd__dfrtp_4)
                                         one_second_counter[2] (net)
                  0.11    0.00    0.50 ^ _196_/B1 (sky130_fd_sc_hd__a21o_1)
     1    0.01    0.06    0.07    0.58 ^ _196_/X (sky130_fd_sc_hd__a21o_1)
                                         _091_ (net)
                  0.06    0.00    0.58 ^ _197_/C (sky130_fd_sc_hd__and3_1)
     1    0.01    0.07    0.12    0.70 ^ _197_/X (sky130_fd_sc_hd__and3_1)
                                         _092_ (net)
                  0.07    0.00    0.70 ^ _198_/A (sky130_fd_sc_hd__buf_1)
     2    0.02    0.21    0.18    0.88 ^ _198_/X (sky130_fd_sc_hd__buf_1)
                                         _019_ (net)
                  0.21    0.00    0.88 ^ _332_/D (sky130_fd_sc_hd__dfrtp_4)
                                  0.88   data arrival time

                          0.00    0.00   clock core_clock (rise edge)
                          0.00    0.00   clock source latency
     1    0.02    0.00    0.00    0.00 ^ clk (in)
                                         clk (net)
                  0.00    0.00    0.00 ^ clkbuf_0_clk/A (sky130_fd_sc_hd__clkbuf_16)
     4    0.05    0.05    0.09    0.09 ^ clkbuf_0_clk/X (sky130_fd_sc_hd__clkbuf_16)
                                         clknet_0_clk (net)
                  0.05    0.00    0.09 ^ clkbuf_2_1__f_clk/A (sky130_fd_sc_hd__clkbuf_16)
    10    0.03    0.04    0.10    0.19 ^ clkbuf_2_1__f_clk/X (sky130_fd_sc_hd__clkbuf_16)
                                         clknet_2_1__leaf_clk (net)
                  0.04    0.00    0.19 ^ _332_/CLK (sky130_fd_sc_hd__dfrtp_4)
                          0.00    0.19   clock reconvergence pessimism
                         -0.03    0.16   library hold time
                                  0.16   data required time
-----------------------------------------------------------------------------
                                  0.16   data required time
                                 -0.88   data arrival time
-----------------------------------------------------------------------------
                                  0.72   slack (MET)


Startpoint: _331_ (rising edge-triggered flip-flop clocked by core_clock)
Endpoint: _331_ (rising edge-triggered flip-flop clocked by core_clock)
Path Group: core_clock
Path Type: min
Corner: Fastest

Fanout     Cap    Slew   Delay    Time   Description
-----------------------------------------------------------------------------
                          0.00    0.00   clock core_clock (rise edge)
                          0.00    0.00   clock source latency
     1    0.02    0.00    0.00    0.00 ^ clk (in)
                                         clk (net)
                  0.00    0.00    0.00 ^ clkbuf_0_clk/A (sky130_fd_sc_hd__clkbuf_16)
     4    0.05    0.05    0.09    0.09 ^ clkbuf_0_clk/X (sky130_fd_sc_hd__clkbuf_16)
                                         clknet_0_clk (net)
                  0.05    0.00    0.09 ^ clkbuf_2_0__f_clk/A (sky130_fd_sc_hd__clkbuf_16)
     9    0.04    0.04    0.10    0.19 ^ clkbuf_2_0__f_clk/X (sky130_fd_sc_hd__clkbuf_16)
                                         clknet_2_0__leaf_clk (net)
                  0.04    0.00    0.19 ^ _331_/CLK (sky130_fd_sc_hd__dfrtp_4)
     6    0.04    0.11    0.31    0.51 ^ _331_/Q (sky130_fd_sc_hd__dfrtp_4)
                                         one_second_counter[1] (net)
                  0.11    0.00    0.51 ^ _191_/A (sky130_fd_sc_hd__nand2_1)
     2    0.02    0.09    0.09    0.60 v _191_/Y (sky130_fd_sc_hd__nand2_1)
                                         _087_ (net)
                  0.09    0.00    0.60 v _193_/A (sky130_fd_sc_hd__and3_1)
     1    0.02    0.09    0.17    0.77 v _193_/X (sky130_fd_sc_hd__and3_1)
                                         _089_ (net)
                  0.09    0.00    0.77 v _194_/A (sky130_fd_sc_hd__buf_1)
     1    0.01    0.05    0.11    0.88 v _194_/X (sky130_fd_sc_hd__buf_1)
                                         _011_ (net)
                  0.05    0.00    0.88 v _331_/D (sky130_fd_sc_hd__dfrtp_4)
                                  0.88   data arrival time

                          0.00    0.00   clock core_clock (rise edge)
                          0.00    0.00   clock source latency
     1    0.02    0.00    0.00    0.00 ^ clk (in)
                                         clk (net)
                  0.00    0.00    0.00 ^ clkbuf_0_clk/A (sky130_fd_sc_hd__clkbuf_16)
     4    0.05    0.05    0.09    0.09 ^ clkbuf_0_clk/X (sky130_fd_sc_hd__clkbuf_16)
                                         clknet_0_clk (net)
                  0.05    0.00    0.09 ^ clkbuf_2_0__f_clk/A (sky130_fd_sc_hd__clkbuf_16)
     9    0.04    0.04    0.10    0.19 ^ clkbuf_2_0__f_clk/X (sky130_fd_sc_hd__clkbuf_16)
                                         clknet_2_0__leaf_clk (net)
                  0.04    0.00    0.19 ^ _331_/CLK (sky130_fd_sc_hd__dfrtp_4)
                          0.00    0.19   clock reconvergence pessimism
                         -0.03    0.16   library hold time
                                  0.16   data required time
-----------------------------------------------------------------------------
                                  0.16   data required time
                                 -0.88   data arrival time
-----------------------------------------------------------------------------
                                  0.72   slack (MET)


Startpoint: _356_ (rising edge-triggered flip-flop clocked by core_clock)
Endpoint: _357_ (rising edge-triggered flip-flop clocked by core_clock)
Path Group: core_clock
Path Type: min
Corner: Fastest

Fanout     Cap    Slew   Delay    Time   Description
-----------------------------------------------------------------------------
                          0.00    0.00   clock core_clock (rise edge)
                          0.00    0.00   clock source latency
     1    0.02    0.00    0.00    0.00 ^ clk (in)
                                         clk (net)
                  0.00    0.00    0.00 ^ clkbuf_0_clk/A (sky130_fd_sc_hd__clkbuf_16)
     4    0.05    0.05    0.09    0.09 ^ clkbuf_0_clk/X (sky130_fd_sc_hd__clkbuf_16)
                                         clknet_0_clk (net)
                  0.05    0.00    0.09 ^ clkbuf_2_0__f_clk/A (sky130_fd_sc_hd__clkbuf_16)
     9    0.04    0.04    0.10    0.19 ^ clkbuf_2_0__f_clk/X (sky130_fd_sc_hd__clkbuf_16)
                                         clknet_2_0__leaf_clk (net)
                  0.04    0.00    0.19 ^ _356_/CLK (sky130_fd_sc_hd__dfrtp_1)
     2    0.02    0.11    0.26    0.46 ^ _356_/Q (sky130_fd_sc_hd__dfrtp_1)
                                         one_second_counter[26] (net)
                  0.11    0.00    0.46 ^ _187_/B1_N (sky130_fd_sc_hd__a21bo_2)
     9    0.05    0.09    0.18    0.64 v _187_/X (sky130_fd_sc_hd__a21bo_2)
                                         _085_ (net)
                  0.09    0.00    0.64 v _188_/A (sky130_fd_sc_hd__inv_2)
     2    0.02    0.09    0.10    0.74 ^ _188_/Y (sky130_fd_sc_hd__inv_2)
                                         _086_ (net)
                  0.09    0.00    0.74 ^ _189_/A (sky130_fd_sc_hd__clkbuf_4)
    10    0.07    0.16    0.20    0.94 ^ _189_/X (sky130_fd_sc_hd__clkbuf_4)
                                         _027_ (net)
                  0.16    0.00    0.94 ^ _357_/D (sky130_fd_sc_hd__dfrtp_4)
                                  0.94   data arrival time

                          0.00    0.00   clock core_clock (rise edge)
                          0.00    0.00   clock source latency
     1    0.02    0.00    0.00    0.00 ^ clk (in)
                                         clk (net)
                  0.00    0.00    0.00 ^ clkbuf_0_clk/A (sky130_fd_sc_hd__clkbuf_16)
     4    0.05    0.05    0.09    0.09 ^ clkbuf_0_clk/X (sky130_fd_sc_hd__clkbuf_16)
                                         clknet_0_clk (net)
                  0.05    0.00    0.09 ^ clkbuf_2_0__f_clk/A (sky130_fd_sc_hd__clkbuf_16)
     9    0.04    0.04    0.10    0.19 ^ clkbuf_2_0__f_clk/X (sky130_fd_sc_hd__clkbuf_16)
                                         clknet_2_0__leaf_clk (net)
                  0.04    0.00    0.19 ^ _357_/CLK (sky130_fd_sc_hd__dfrtp_4)
                          0.00    0.19   clock reconvergence pessimism
                         -0.03    0.16   library hold time
                                  0.16   data required time
-----------------------------------------------------------------------------
                                  0.16   data required time
                                 -0.94   data arrival time
-----------------------------------------------------------------------------
                                  0.77   slack (MET)


Startpoint: _344_ (rising edge-triggered flip-flop clocked by core_clock)
Endpoint: _344_ (rising edge-triggered flip-flop clocked by core_clock)
Path Group: core_clock
Path Type: min
Corner: Fastest

Fanout     Cap    Slew   Delay    Time   Description
-----------------------------------------------------------------------------
                          0.00    0.00   clock core_clock (rise edge)
                          0.00    0.00   clock source latency
     1    0.02    0.00    0.00    0.00 ^ clk (in)
                                         clk (net)
                  0.00    0.00    0.00 ^ clkbuf_0_clk/A (sky130_fd_sc_hd__clkbuf_16)
     4    0.05    0.05    0.09    0.09 ^ clkbuf_0_clk/X (sky130_fd_sc_hd__clkbuf_16)
                                         clknet_0_clk (net)
                  0.05    0.00    0.09 ^ clkbuf_2_3__f_clk/A (sky130_fd_sc_hd__clkbuf_16)
     9    0.03    0.04    0.10    0.19 ^ clkbuf_2_3__f_clk/X (sky130_fd_sc_hd__clkbuf_16)
                                         clknet_2_3__leaf_clk (net)
                  0.04    0.00    0.19 ^ _344_/CLK (sky130_fd_sc_hd__dfrtp_2)
     3    0.03    0.07    0.29    0.49 v _344_/Q (sky130_fd_sc_hd__dfrtp_2)
                                         one_second_counter[14] (net)
                  0.07    0.00    0.49 v _238_/A (sky130_fd_sc_hd__inv_2)
     2    0.03    0.09    0.10    0.59 ^ _238_/Y (sky130_fd_sc_hd__inv_2)
                                         _121_ (net)
                  0.09    0.00    0.59 ^ _239_/A (sky130_fd_sc_hd__nand2_1)
     1    0.01    0.06    0.06    0.65 v _239_/Y (sky130_fd_sc_hd__nand2_1)
                                         _122_ (net)
                  0.06    0.00    0.65 v _241_/B (sky130_fd_sc_hd__and3_1)
     1    0.02    0.06    0.15    0.80 v _241_/X (sky130_fd_sc_hd__and3_1)
                                         _124_ (net)
                  0.06    0.00    0.80 v _242_/A (sky130_fd_sc_hd__buf_1)
     1    0.02    0.09    0.13    0.93 v _242_/X (sky130_fd_sc_hd__buf_1)
                                         _005_ (net)
                  0.09    0.00    0.93 v _344_/D (sky130_fd_sc_hd__dfrtp_2)
                                  0.93   data arrival time

                          0.00    0.00   clock core_clock (rise edge)
                          0.00    0.00   clock source latency
     1    0.02    0.00    0.00    0.00 ^ clk (in)
                                         clk (net)
                  0.00    0.00    0.00 ^ clkbuf_0_clk/A (sky130_fd_sc_hd__clkbuf_16)
     4    0.05    0.05    0.09    0.09 ^ clkbuf_0_clk/X (sky130_fd_sc_hd__clkbuf_16)
                                         clknet_0_clk (net)
                  0.05    0.00    0.09 ^ clkbuf_2_3__f_clk/A (sky130_fd_sc_hd__clkbuf_16)
     9    0.03    0.04    0.10    0.19 ^ clkbuf_2_3__f_clk/X (sky130_fd_sc_hd__clkbuf_16)
                                         clknet_2_3__leaf_clk (net)
                  0.04    0.00    0.19 ^ _344_/CLK (sky130_fd_sc_hd__dfrtp_2)
                          0.00    0.19   clock reconvergence pessimism
                         -0.05    0.14   library hold time
                                  0.14   data required time
-----------------------------------------------------------------------------
                                  0.14   data required time
                                 -0.93   data arrival time
-----------------------------------------------------------------------------
                                  0.78   slack (MET)



worst slack corner Fastest: 0.4110
======================= Slowest Corner ===================================

Startpoint: _356_ (rising edge-triggered flip-flop clocked by core_clock)
Endpoint: _356_ (rising edge-triggered flip-flop clocked by core_clock)
Path Group: core_clock
Path Type: min
Corner: Slowest

Fanout     Cap    Slew   Delay    Time   Description
-----------------------------------------------------------------------------
                          0.00    0.00   clock core_clock (rise edge)
                          0.00    0.00   clock source latency
     1    0.02    0.00    0.00    0.00 ^ clk (in)
                                         clk (net)
                  0.00    0.00    0.00 ^ clkbuf_0_clk/A (sky130_fd_sc_hd__clkbuf_16)
     4    0.05    0.10    0.23    0.23 ^ clkbuf_0_clk/X (sky130_fd_sc_hd__clkbuf_16)
                                         clknet_0_clk (net)
                  0.10    0.00    0.23 ^ clkbuf_2_0__f_clk/A (sky130_fd_sc_hd__clkbuf_16)
     9    0.03    0.09    0.26    0.48 ^ clkbuf_2_0__f_clk/X (sky130_fd_sc_hd__clkbuf_16)
                                         clknet_2_0__leaf_clk (net)
                  0.09    0.00    0.48 ^ _356_/CLK (sky130_fd_sc_hd__dfrtp_1)
     2    0.02    0.24    0.78    1.27 ^ _356_/Q (sky130_fd_sc_hd__dfrtp_1)
                                         one_second_counter[26] (net)
                  0.24    0.00    1.27 ^ _284_/A1 (sky130_fd_sc_hd__o211a_1)
     1    0.01    0.14    0.44    1.71 ^ _284_/X (sky130_fd_sc_hd__o211a_1)
                                         _018_ (net)
                  0.14    0.00    1.71 ^ _356_/D (sky130_fd_sc_hd__dfrtp_1)
                                  1.71   data arrival time

                          0.00    0.00   clock core_clock (rise edge)
                          0.00    0.00   clock source latency
     1    0.02    0.00    0.00    0.00 ^ clk (in)
                                         clk (net)
                  0.00    0.00    0.00 ^ clkbuf_0_clk/A (sky130_fd_sc_hd__clkbuf_16)
     4    0.05    0.10    0.23    0.23 ^ clkbuf_0_clk/X (sky130_fd_sc_hd__clkbuf_16)
                                         clknet_0_clk (net)
                  0.10    0.00    0.23 ^ clkbuf_2_0__f_clk/A (sky130_fd_sc_hd__clkbuf_16)
     9    0.03    0.09    0.26    0.48 ^ clkbuf_2_0__f_clk/X (sky130_fd_sc_hd__clkbuf_16)
                                         clknet_2_0__leaf_clk (net)
                  0.09    0.00    0.48 ^ _356_/CLK (sky130_fd_sc_hd__dfrtp_1)
                          0.00    0.48   clock reconvergence pessimism
                         -0.09    0.39   library hold time
                                  0.39   data required time
-----------------------------------------------------------------------------
                                  0.39   data required time
                                 -1.71   data arrival time
-----------------------------------------------------------------------------
                                  1.31   slack (MET)


Startpoint: _357_ (rising edge-triggered flip-flop clocked by core_clock)
Endpoint: _358_ (rising edge-triggered flip-flop clocked by core_clock)
Path Group: core_clock
Path Type: min
Corner: Slowest

Fanout     Cap    Slew   Delay    Time   Description
-----------------------------------------------------------------------------
                          0.00    0.00   clock core_clock (rise edge)
                          0.00    0.00   clock source latency
     1    0.02    0.00    0.00    0.00 ^ clk (in)
                                         clk (net)
                  0.00    0.00    0.00 ^ clkbuf_0_clk/A (sky130_fd_sc_hd__clkbuf_16)
     4    0.05    0.10    0.23    0.23 ^ clkbuf_0_clk/X (sky130_fd_sc_hd__clkbuf_16)
                                         clknet_0_clk (net)
                  0.10    0.00    0.23 ^ clkbuf_2_0__f_clk/A (sky130_fd_sc_hd__clkbuf_16)
     9    0.03    0.09    0.26    0.48 ^ clkbuf_2_0__f_clk/X (sky130_fd_sc_hd__clkbuf_16)
                                         clknet_2_0__leaf_clk (net)
                  0.09    0.00    0.48 ^ _357_/CLK (sky130_fd_sc_hd__dfrtp_4)
     5    0.04    0.23    0.96    1.44 ^ _357_/Q (sky130_fd_sc_hd__dfrtp_4)
                                         one_second_enable (net)
                  0.23    0.00    1.44 ^ _174_/A1 (sky130_fd_sc_hd__a21oi_1)
     1    0.01    0.12    0.29    1.73 v _174_/Y (sky130_fd_sc_hd__a21oi_1)
                                         _060_ (net)
                  0.12    0.00    1.73 v _358_/D (sky130_fd_sc_hd__dfrtp_4)
                                  1.73   data arrival time

                          0.00    0.00   clock core_clock (rise edge)
                          0.00    0.00   clock source latency
     1    0.02    0.00    0.00    0.00 ^ clk (in)
                                         clk (net)
                  0.00    0.00    0.00 ^ clkbuf_0_clk/A (sky130_fd_sc_hd__clkbuf_16)
     4    0.05    0.10    0.23    0.23 ^ clkbuf_0_clk/X (sky130_fd_sc_hd__clkbuf_16)
                                         clknet_0_clk (net)
                  0.10    0.00    0.23 ^ clkbuf_2_1__f_clk/A (sky130_fd_sc_hd__clkbuf_16)
    10    0.03    0.08    0.25    0.48 ^ clkbuf_2_1__f_clk/X (sky130_fd_sc_hd__clkbuf_16)
                                         clknet_2_1__leaf_clk (net)
                  0.08    0.00    0.48 ^ _358_/CLK (sky130_fd_sc_hd__dfrtp_4)
                          0.00    0.48   clock reconvergence pessimism
                         -0.11    0.37   library hold time
                                  0.37   data required time
-----------------------------------------------------------------------------
                                  0.37   data required time
                                 -1.73   data arrival time
-----------------------------------------------------------------------------
                                  1.36   slack (MET)


Startpoint: _330_ (rising edge-triggered flip-flop clocked by core_clock)
Endpoint: _330_ (rising edge-triggered flip-flop clocked by core_clock)
Path Group: core_clock
Path Type: min
Corner: Slowest

Fanout     Cap    Slew   Delay    Time   Description
-----------------------------------------------------------------------------
                          0.00    0.00   clock core_clock (rise edge)
                          0.00    0.00   clock source latency
     1    0.02    0.00    0.00    0.00 ^ clk (in)
                                         clk (net)
                  0.00    0.00    0.00 ^ clkbuf_0_clk/A (sky130_fd_sc_hd__clkbuf_16)
     4    0.05    0.10    0.23    0.23 ^ clkbuf_0_clk/X (sky130_fd_sc_hd__clkbuf_16)
                                         clknet_0_clk (net)
                  0.10    0.00    0.23 ^ clkbuf_2_3__f_clk/A (sky130_fd_sc_hd__clkbuf_16)
     9    0.03    0.08    0.25    0.48 ^ clkbuf_2_3__f_clk/X (sky130_fd_sc_hd__clkbuf_16)
                                         clknet_2_3__leaf_clk (net)
                  0.08    0.00    0.48 ^ _330_/CLK (sky130_fd_sc_hd__dfrtp_4)
     7    0.05    0.27    0.98    1.46 ^ _330_/Q (sky130_fd_sc_hd__dfrtp_4)
                                         one_second_counter[0] (net)
                  0.27    0.00    1.46 ^ _190_/A (sky130_fd_sc_hd__nor2_1)
     1    0.02    0.18    0.26    1.73 v _190_/Y (sky130_fd_sc_hd__nor2_1)
                                         _000_ (net)
                  0.18    0.00    1.73 v _330_/D (sky130_fd_sc_hd__dfrtp_4)
                                  1.73   data arrival time

                          0.00    0.00   clock core_clock (rise edge)
                          0.00    0.00   clock source latency
     1    0.02    0.00    0.00    0.00 ^ clk (in)
                                         clk (net)
                  0.00    0.00    0.00 ^ clkbuf_0_clk/A (sky130_fd_sc_hd__clkbuf_16)
     4    0.05    0.10    0.23    0.23 ^ clkbuf_0_clk/X (sky130_fd_sc_hd__clkbuf_16)
                                         clknet_0_clk (net)
                  0.10    0.00    0.23 ^ clkbuf_2_3__f_clk/A (sky130_fd_sc_hd__clkbuf_16)
     9    0.03    0.08    0.25    0.48 ^ clkbuf_2_3__f_clk/X (sky130_fd_sc_hd__clkbuf_16)
                                         clknet_2_3__leaf_clk (net)
                  0.08    0.00    0.48 ^ _330_/CLK (sky130_fd_sc_hd__dfrtp_4)
                          0.00    0.48   clock reconvergence pessimism
                         -0.13    0.35   library hold time
                                  0.35   data required time
-----------------------------------------------------------------------------
                                  0.35   data required time
                                 -1.73   data arrival time
-----------------------------------------------------------------------------
                                  1.38   slack (MET)


Startpoint: _361_ (rising edge-triggered flip-flop clocked by core_clock)
Endpoint: _361_ (rising edge-triggered flip-flop clocked by core_clock)
Path Group: core_clock
Path Type: min
Corner: Slowest

Fanout     Cap    Slew   Delay    Time   Description
-----------------------------------------------------------------------------
                          0.00    0.00   clock core_clock (rise edge)
                          0.00    0.00   clock source latency
     1    0.02    0.00    0.00    0.00 ^ clk (in)
                                         clk (net)
                  0.00    0.00    0.00 ^ clkbuf_0_clk/A (sky130_fd_sc_hd__clkbuf_16)
     4    0.05    0.10    0.23    0.23 ^ clkbuf_0_clk/X (sky130_fd_sc_hd__clkbuf_16)
                                         clknet_0_clk (net)
                  0.10    0.00    0.23 ^ clkbuf_2_1__f_clk/A (sky130_fd_sc_hd__clkbuf_16)
    10    0.03    0.08    0.25    0.48 ^ clkbuf_2_1__f_clk/X (sky130_fd_sc_hd__clkbuf_16)
                                         clknet_2_1__leaf_clk (net)
                  0.08    0.00    0.48 ^ _361_/CLK (sky130_fd_sc_hd__dfrtp_4)
     6    0.05    0.29    1.00    1.48 ^ _361_/Q (sky130_fd_sc_hd__dfrtp_4)
                                         decoder.digit[3] (net)
                  0.29    0.00    1.48 ^ _164_/A (sky130_fd_sc_hd__xnor2_1)
     1    0.01    0.15    0.28    1.76 v _164_/Y (sky130_fd_sc_hd__xnor2_1)
                                         _063_ (net)
                  0.15    0.00    1.76 v _361_/D (sky130_fd_sc_hd__dfrtp_4)
                                  1.76   data arrival time

                          0.00    0.00   clock core_clock (rise edge)
                          0.00    0.00   clock source latency
     1    0.02    0.00    0.00    0.00 ^ clk (in)
                                         clk (net)
                  0.00    0.00    0.00 ^ clkbuf_0_clk/A (sky130_fd_sc_hd__clkbuf_16)
     4    0.05    0.10    0.23    0.23 ^ clkbuf_0_clk/X (sky130_fd_sc_hd__clkbuf_16)
                                         clknet_0_clk (net)
                  0.10    0.00    0.23 ^ clkbuf_2_1__f_clk/A (sky130_fd_sc_hd__clkbuf_16)
    10    0.03    0.08    0.25    0.48 ^ clkbuf_2_1__f_clk/X (sky130_fd_sc_hd__clkbuf_16)
                                         clknet_2_1__leaf_clk (net)
                  0.08    0.00    0.48 ^ _361_/CLK (sky130_fd_sc_hd__dfrtp_4)
                          0.00    0.48   clock reconvergence pessimism
                         -0.12    0.36   library hold time
                                  0.36   data required time
-----------------------------------------------------------------------------
                                  0.36   data required time
                                 -1.76   data arrival time
-----------------------------------------------------------------------------
                                  1.40   slack (MET)


Startpoint: _337_ (rising edge-triggered flip-flop clocked by core_clock)
Endpoint: _337_ (rising edge-triggered flip-flop clocked by core_clock)
Path Group: core_clock
Path Type: min
Corner: Slowest

Fanout     Cap    Slew   Delay    Time   Description
-----------------------------------------------------------------------------
                          0.00    0.00   clock core_clock (rise edge)
                          0.00    0.00   clock source latency
     1    0.02    0.00    0.00    0.00 ^ clk (in)
                                         clk (net)
                  0.00    0.00    0.00 ^ clkbuf_0_clk/A (sky130_fd_sc_hd__clkbuf_16)
     4    0.05    0.10    0.23    0.23 ^ clkbuf_0_clk/X (sky130_fd_sc_hd__clkbuf_16)
                                         clknet_0_clk (net)
                  0.10    0.00    0.23 ^ clkbuf_2_0__f_clk/A (sky130_fd_sc_hd__clkbuf_16)
     9    0.03    0.09    0.26    0.48 ^ clkbuf_2_0__f_clk/X (sky130_fd_sc_hd__clkbuf_16)
                                         clknet_2_0__leaf_clk (net)
                  0.09    0.00    0.48 ^ _337_/CLK (sky130_fd_sc_hd__dfrtp_1)
     2    0.02    0.21    0.88    1.37 v _337_/Q (sky130_fd_sc_hd__dfrtp_1)
                                         one_second_counter[7] (net)
                  0.21    0.00    1.37 v _214_/A (sky130_fd_sc_hd__inv_2)
     1    0.02    0.18    0.24    1.60 ^ _214_/Y (sky130_fd_sc_hd__inv_2)
                                         _104_ (net)
                  0.18    0.00    1.60 ^ _215_/A1 (sky130_fd_sc_hd__a211oi_2)
     1    0.01    0.10    0.23    1.83 v _215_/Y (sky130_fd_sc_hd__a211oi_2)
                                         _024_ (net)
                  0.10    0.00    1.84 v _337_/D (sky130_fd_sc_hd__dfrtp_1)
                                  1.84   data arrival time

                          0.00    0.00   clock core_clock (rise edge)
                          0.00    0.00   clock source latency
     1    0.02    0.00    0.00    0.00 ^ clk (in)
                                         clk (net)
                  0.00    0.00    0.00 ^ clkbuf_0_clk/A (sky130_fd_sc_hd__clkbuf_16)
     4    0.05    0.10    0.23    0.23 ^ clkbuf_0_clk/X (sky130_fd_sc_hd__clkbuf_16)
                                         clknet_0_clk (net)
                  0.10    0.00    0.23 ^ clkbuf_2_0__f_clk/A (sky130_fd_sc_hd__clkbuf_16)
     9    0.03    0.09    0.26    0.48 ^ clkbuf_2_0__f_clk/X (sky130_fd_sc_hd__clkbuf_16)
                                         clknet_2_0__leaf_clk (net)
                  0.09    0.00    0.48 ^ _337_/CLK (sky130_fd_sc_hd__dfrtp_1)
                          0.00    0.48   clock reconvergence pessimism
                         -0.10    0.38   library hold time
                                  0.38   data required time
-----------------------------------------------------------------------------
                                  0.38   data required time
                                 -1.84   data arrival time
-----------------------------------------------------------------------------
                                  1.46   slack (MET)


Startpoint: _353_ (rising edge-triggered flip-flop clocked by core_clock)
Endpoint: _353_ (rising edge-triggered flip-flop clocked by core_clock)
Path Group: core_clock
Path Type: min
Corner: Slowest

Fanout     Cap    Slew   Delay    Time   Description
-----------------------------------------------------------------------------
                          0.00    0.00   clock core_clock (rise edge)
                          0.00    0.00   clock source latency
     1    0.02    0.00    0.00    0.00 ^ clk (in)
                                         clk (net)
                  0.00    0.00    0.00 ^ clkbuf_0_clk/A (sky130_fd_sc_hd__clkbuf_16)
     4    0.05    0.10    0.23    0.23 ^ clkbuf_0_clk/X (sky130_fd_sc_hd__clkbuf_16)
                                         clknet_0_clk (net)
                  0.10    0.00    0.23 ^ clkbuf_2_2__f_clk/A (sky130_fd_sc_hd__clkbuf_16)
     7    0.03    0.08    0.25    0.48 ^ clkbuf_2_2__f_clk/X (sky130_fd_sc_hd__clkbuf_16)
                                         clknet_2_2__leaf_clk (net)
                  0.08    0.00    0.48 ^ _353_/CLK (sky130_fd_sc_hd__dfrtp_2)
     2    0.03    0.18    0.94    1.41 v _353_/Q (sky130_fd_sc_hd__dfrtp_2)
                                         one_second_counter[23] (net)
                  0.18    0.00    1.41 v _273_/A (sky130_fd_sc_hd__inv_2)
     1    0.02    0.13    0.18    1.60 ^ _273_/Y (sky130_fd_sc_hd__inv_2)
                                         _147_ (net)
                  0.13    0.00    1.60 ^ _275_/A1 (sky130_fd_sc_hd__a221oi_1)
     1    0.01    0.14    0.24    1.84 v _275_/Y (sky130_fd_sc_hd__a221oi_1)
                                         _015_ (net)
                  0.14    0.00    1.84 v _353_/D (sky130_fd_sc_hd__dfrtp_2)
                                  1.84   data arrival time

                          0.00    0.00   clock core_clock (rise edge)
                          0.00    0.00   clock source latency
     1    0.02    0.00    0.00    0.00 ^ clk (in)
                                         clk (net)
                  0.00    0.00    0.00 ^ clkbuf_0_clk/A (sky130_fd_sc_hd__clkbuf_16)
     4    0.05    0.10    0.23    0.23 ^ clkbuf_0_clk/X (sky130_fd_sc_hd__clkbuf_16)
                                         clknet_0_clk (net)
                  0.10    0.00    0.23 ^ clkbuf_2_2__f_clk/A (sky130_fd_sc_hd__clkbuf_16)
     7    0.03    0.08    0.25    0.48 ^ clkbuf_2_2__f_clk/X (sky130_fd_sc_hd__clkbuf_16)
                                         clknet_2_2__leaf_clk (net)
                  0.08    0.00    0.48 ^ _353_/CLK (sky130_fd_sc_hd__dfrtp_2)
                          0.00    0.48   clock reconvergence pessimism
                         -0.11    0.37   library hold time
                                  0.37   data required time
-----------------------------------------------------------------------------
                                  0.37   data required time
                                 -1.84   data arrival time
-----------------------------------------------------------------------------
                                  1.47   slack (MET)


Startpoint: _351_ (rising edge-triggered flip-flop clocked by core_clock)
Endpoint: _351_ (rising edge-triggered flip-flop clocked by core_clock)
Path Group: core_clock
Path Type: min
Corner: Slowest

Fanout     Cap    Slew   Delay    Time   Description
-----------------------------------------------------------------------------
                          0.00    0.00   clock core_clock (rise edge)
                          0.00    0.00   clock source latency
     1    0.02    0.00    0.00    0.00 ^ clk (in)
                                         clk (net)
                  0.00    0.00    0.00 ^ clkbuf_0_clk/A (sky130_fd_sc_hd__clkbuf_16)
     4    0.05    0.10    0.23    0.23 ^ clkbuf_0_clk/X (sky130_fd_sc_hd__clkbuf_16)
                                         clknet_0_clk (net)
                  0.10    0.00    0.23 ^ clkbuf_2_1__f_clk/A (sky130_fd_sc_hd__clkbuf_16)
    10    0.03    0.08    0.25    0.48 ^ clkbuf_2_1__f_clk/X (sky130_fd_sc_hd__clkbuf_16)
                                         clknet_2_1__leaf_clk (net)
                  0.08    0.00    0.48 ^ _351_/CLK (sky130_fd_sc_hd__dfrtp_2)
     3    0.03    0.17    0.93    1.41 v _351_/Q (sky130_fd_sc_hd__dfrtp_2)
                                         one_second_counter[21] (net)
                  0.17    0.00    1.41 v _266_/A (sky130_fd_sc_hd__inv_2)
     1    0.02    0.18    0.22    1.63 ^ _266_/Y (sky130_fd_sc_hd__inv_2)
                                         _142_ (net)
                  0.18    0.00    1.63 ^ _268_/A1 (sky130_fd_sc_hd__a211oi_1)
     1    0.01    0.12    0.23    1.86 v _268_/Y (sky130_fd_sc_hd__a211oi_1)
                                         _013_ (net)
                  0.12    0.00    1.86 v _351_/D (sky130_fd_sc_hd__dfrtp_2)
                                  1.86   data arrival time

                          0.00    0.00   clock core_clock (rise edge)
                          0.00    0.00   clock source latency
     1    0.02    0.00    0.00    0.00 ^ clk (in)
                                         clk (net)
                  0.00    0.00    0.00 ^ clkbuf_0_clk/A (sky130_fd_sc_hd__clkbuf_16)
     4    0.05    0.10    0.23    0.23 ^ clkbuf_0_clk/X (sky130_fd_sc_hd__clkbuf_16)
                                         clknet_0_clk (net)
                  0.10    0.00    0.23 ^ clkbuf_2_1__f_clk/A (sky130_fd_sc_hd__clkbuf_16)
    10    0.03    0.08    0.25    0.48 ^ clkbuf_2_1__f_clk/X (sky130_fd_sc_hd__clkbuf_16)
                                         clknet_2_1__leaf_clk (net)
                  0.08    0.00    0.48 ^ _351_/CLK (sky130_fd_sc_hd__dfrtp_2)
                          0.00    0.48   clock reconvergence pessimism
                         -0.11    0.37   library hold time
                                  0.37   data required time
-----------------------------------------------------------------------------
                                  0.37   data required time
                                 -1.86   data arrival time
-----------------------------------------------------------------------------
                                  1.48   slack (MET)


Startpoint: _345_ (rising edge-triggered flip-flop clocked by core_clock)
Endpoint: _345_ (rising edge-triggered flip-flop clocked by core_clock)
Path Group: core_clock
Path Type: min
Corner: Slowest

Fanout     Cap    Slew   Delay    Time   Description
-----------------------------------------------------------------------------
                          0.00    0.00   clock core_clock (rise edge)
                          0.00    0.00   clock source latency
     1    0.02    0.00    0.00    0.00 ^ clk (in)
                                         clk (net)
                  0.00    0.00    0.00 ^ clkbuf_0_clk/A (sky130_fd_sc_hd__clkbuf_16)
     4    0.05    0.10    0.23    0.23 ^ clkbuf_0_clk/X (sky130_fd_sc_hd__clkbuf_16)
                                         clknet_0_clk (net)
                  0.10    0.00    0.23 ^ clkbuf_2_3__f_clk/A (sky130_fd_sc_hd__clkbuf_16)
     9    0.03    0.08    0.25    0.48 ^ clkbuf_2_3__f_clk/X (sky130_fd_sc_hd__clkbuf_16)
                                         clknet_2_3__leaf_clk (net)
                  0.08    0.00    0.48 ^ _345_/CLK (sky130_fd_sc_hd__dfrtp_2)
     3    0.03    0.19    0.95    1.43 v _345_/Q (sky130_fd_sc_hd__dfrtp_2)
                                         one_second_counter[15] (net)
                  0.19    0.00    1.43 v _243_/A (sky130_fd_sc_hd__inv_2)
     1    0.01    0.09    0.15    1.58 ^ _243_/Y (sky130_fd_sc_hd__inv_2)
                                         _125_ (net)
                  0.09    0.00    1.58 ^ _246_/A1 (sky130_fd_sc_hd__a211oi_1)
     1    0.01    0.16    0.27    1.84 v _246_/Y (sky130_fd_sc_hd__a211oi_1)
                                         _006_ (net)
                  0.16    0.00    1.84 v _345_/D (sky130_fd_sc_hd__dfrtp_2)
                                  1.84   data arrival time

                          0.00    0.00   clock core_clock (rise edge)
                          0.00    0.00   clock source latency
     1    0.02    0.00    0.00    0.00 ^ clk (in)
                                         clk (net)
                  0.00    0.00    0.00 ^ clkbuf_0_clk/A (sky130_fd_sc_hd__clkbuf_16)
     4    0.05    0.10    0.23    0.23 ^ clkbuf_0_clk/X (sky130_fd_sc_hd__clkbuf_16)
                                         clknet_0_clk (net)
                  0.10    0.00    0.23 ^ clkbuf_2_3__f_clk/A (sky130_fd_sc_hd__clkbuf_16)
     9    0.03    0.08    0.25    0.48 ^ clkbuf_2_3__f_clk/X (sky130_fd_sc_hd__clkbuf_16)
                                         clknet_2_3__leaf_clk (net)
                  0.08    0.00    0.48 ^ _345_/CLK (sky130_fd_sc_hd__dfrtp_2)
                          0.00    0.48   clock reconvergence pessimism
                         -0.12    0.36   library hold time
                                  0.36   data required time
-----------------------------------------------------------------------------
                                  0.36   data required time
                                 -1.84   data arrival time
-----------------------------------------------------------------------------
                                  1.48   slack (MET)


Startpoint: _357_ (rising edge-triggered flip-flop clocked by core_clock)
Endpoint: _359_ (rising edge-triggered flip-flop clocked by core_clock)
Path Group: core_clock
Path Type: min
Corner: Slowest

Fanout     Cap    Slew   Delay    Time   Description
-----------------------------------------------------------------------------
                          0.00    0.00   clock core_clock (rise edge)
                          0.00    0.00   clock source latency
     1    0.02    0.00    0.00    0.00 ^ clk (in)
                                         clk (net)
                  0.00    0.00    0.00 ^ clkbuf_0_clk/A (sky130_fd_sc_hd__clkbuf_16)
     4    0.05    0.10    0.23    0.23 ^ clkbuf_0_clk/X (sky130_fd_sc_hd__clkbuf_16)
                                         clknet_0_clk (net)
                  0.10    0.00    0.23 ^ clkbuf_2_0__f_clk/A (sky130_fd_sc_hd__clkbuf_16)
     9    0.03    0.09    0.26    0.48 ^ clkbuf_2_0__f_clk/X (sky130_fd_sc_hd__clkbuf_16)
                                         clknet_2_0__leaf_clk (net)
                  0.09    0.00    0.48 ^ _357_/CLK (sky130_fd_sc_hd__dfrtp_4)
     5    0.04    0.23    0.96    1.44 ^ _357_/Q (sky130_fd_sc_hd__dfrtp_4)
                                         one_second_enable (net)
                  0.23    0.00    1.44 ^ _171_/A1 (sky130_fd_sc_hd__a21oi_1)
     1    0.01    0.12    0.25    1.69 v _171_/Y (sky130_fd_sc_hd__a21oi_1)
                                         _071_ (net)
                  0.12    0.00    1.69 v _172_/B (sky130_fd_sc_hd__nor2_1)
     1    0.01    0.24    0.25    1.94 ^ _172_/Y (sky130_fd_sc_hd__nor2_1)
                                         _061_ (net)
                  0.24    0.00    1.94 ^ _359_/D (sky130_fd_sc_hd__dfrtp_4)
                                  1.94   data arrival time

                          0.00    0.00   clock core_clock (rise edge)
                          0.00    0.00   clock source latency
     1    0.02    0.00    0.00    0.00 ^ clk (in)
                                         clk (net)
                  0.00    0.00    0.00 ^ clkbuf_0_clk/A (sky130_fd_sc_hd__clkbuf_16)
     4    0.05    0.10    0.23    0.23 ^ clkbuf_0_clk/X (sky130_fd_sc_hd__clkbuf_16)
                                         clknet_0_clk (net)
                  0.10    0.00    0.23 ^ clkbuf_2_2__f_clk/A (sky130_fd_sc_hd__clkbuf_16)
     7    0.03    0.08    0.25    0.48 ^ clkbuf_2_2__f_clk/X (sky130_fd_sc_hd__clkbuf_16)
                                         clknet_2_2__leaf_clk (net)
                  0.08    0.00    0.48 ^ _359_/CLK (sky130_fd_sc_hd__dfrtp_4)
                          0.00    0.48   clock reconvergence pessimism
                         -0.12    0.36   library hold time
                                  0.36   data required time
-----------------------------------------------------------------------------
                                  0.36   data required time
                                 -1.94   data arrival time
-----------------------------------------------------------------------------
                                  1.58   slack (MET)


Startpoint: _339_ (rising edge-triggered flip-flop clocked by core_clock)
Endpoint: _339_ (rising edge-triggered flip-flop clocked by core_clock)
Path Group: core_clock
Path Type: min
Corner: Slowest

Fanout     Cap    Slew   Delay    Time   Description
-----------------------------------------------------------------------------
                          0.00    0.00   clock core_clock (rise edge)
                          0.00    0.00   clock source latency
     1    0.02    0.00    0.00    0.00 ^ clk (in)
                                         clk (net)
                  0.00    0.00    0.00 ^ clkbuf_0_clk/A (sky130_fd_sc_hd__clkbuf_16)
     4    0.05    0.10    0.23    0.23 ^ clkbuf_0_clk/X (sky130_fd_sc_hd__clkbuf_16)
                                         clknet_0_clk (net)
                  0.10    0.00    0.23 ^ clkbuf_2_0__f_clk/A (sky130_fd_sc_hd__clkbuf_16)
     9    0.03    0.09    0.26    0.48 ^ clkbuf_2_0__f_clk/X (sky130_fd_sc_hd__clkbuf_16)
                                         clknet_2_0__leaf_clk (net)
                  0.09    0.00    0.48 ^ _339_/CLK (sky130_fd_sc_hd__dfrtp_1)
     3    0.03    0.41    0.91    1.39 ^ _339_/Q (sky130_fd_sc_hd__dfrtp_1)
                                         one_second_counter[9] (net)
                  0.41    0.00    1.39 ^ _220_/B1 (sky130_fd_sc_hd__a21oi_1)
     1    0.01    0.15    0.26    1.65 v _220_/Y (sky130_fd_sc_hd__a21oi_1)
                                         _108_ (net)
                  0.15    0.00    1.65 v _222_/B (sky130_fd_sc_hd__nor3_1)
     1    0.01    0.36    0.41    2.05 ^ _222_/Y (sky130_fd_sc_hd__nor3_1)
                                         _026_ (net)
                  0.36    0.00    2.06 ^ _339_/D (sky130_fd_sc_hd__dfrtp_1)
                                  2.06   data arrival time

                          0.00    0.00   clock core_clock (rise edge)
                          0.00    0.00   clock source latency
     1    0.02    0.00    0.00    0.00 ^ clk (in)
                                         clk (net)
                  0.00    0.00    0.00 ^ clkbuf_0_clk/A (sky130_fd_sc_hd__clkbuf_16)
     4    0.05    0.10    0.23    0.23 ^ clkbuf_0_clk/X (sky130_fd_sc_hd__clkbuf_16)
                                         clknet_0_clk (net)
                  0.10    0.00    0.23 ^ clkbuf_2_0__f_clk/A (sky130_fd_sc_hd__clkbuf_16)
     9    0.03    0.09    0.26    0.48 ^ clkbuf_2_0__f_clk/X (sky130_fd_sc_hd__clkbuf_16)
                                         clknet_2_0__leaf_clk (net)
                  0.09    0.00    0.48 ^ _339_/CLK (sky130_fd_sc_hd__dfrtp_1)
                          0.00    0.48   clock reconvergence pessimism
                         -0.14    0.34   library hold time
                                  0.34   data required time
-----------------------------------------------------------------------------
                                  0.34   data required time
                                 -2.06   data arrival time
-----------------------------------------------------------------------------
                                  1.71   slack (MET)


Startpoint: _335_ (rising edge-triggered flip-flop clocked by core_clock)
Endpoint: _335_ (rising edge-triggered flip-flop clocked by core_clock)
Path Group: core_clock
Path Type: min
Corner: Slowest

Fanout     Cap    Slew   Delay    Time   Description
-----------------------------------------------------------------------------
                          0.00    0.00   clock core_clock (rise edge)
                          0.00    0.00   clock source latency
     1    0.02    0.00    0.00    0.00 ^ clk (in)
                                         clk (net)
                  0.00    0.00    0.00 ^ clkbuf_0_clk/A (sky130_fd_sc_hd__clkbuf_16)
     4    0.05    0.10    0.23    0.23 ^ clkbuf_0_clk/X (sky130_fd_sc_hd__clkbuf_16)
                                         clknet_0_clk (net)
                  0.10    0.00    0.23 ^ clkbuf_2_1__f_clk/A (sky130_fd_sc_hd__clkbuf_16)
    10    0.03    0.08    0.25    0.48 ^ clkbuf_2_1__f_clk/X (sky130_fd_sc_hd__clkbuf_16)
                                         clknet_2_1__leaf_clk (net)
                  0.08    0.00    0.48 ^ _335_/CLK (sky130_fd_sc_hd__dfrtp_2)
     3    0.03    0.18    0.94    1.42 v _335_/Q (sky130_fd_sc_hd__dfrtp_2)
                                         one_second_counter[5] (net)
                  0.18    0.00    1.42 v _207_/B1 (sky130_fd_sc_hd__a21oi_1)
     1    0.01    0.40    0.42    1.83 ^ _207_/Y (sky130_fd_sc_hd__a21oi_1)
                                         _099_ (net)
                  0.40    0.00    1.83 ^ _209_/B (sky130_fd_sc_hd__nor3_1)
     1    0.01    0.16    0.29    2.13 v _209_/Y (sky130_fd_sc_hd__nor3_1)
                                         _022_ (net)
                  0.16    0.00    2.13 v _335_/D (sky130_fd_sc_hd__dfrtp_2)
                                  2.13   data arrival time

                          0.00    0.00   clock core_clock (rise edge)
                          0.00    0.00   clock source latency
     1    0.02    0.00    0.00    0.00 ^ clk (in)
                                         clk (net)
                  0.00    0.00    0.00 ^ clkbuf_0_clk/A (sky130_fd_sc_hd__clkbuf_16)
     4    0.05    0.10    0.23    0.23 ^ clkbuf_0_clk/X (sky130_fd_sc_hd__clkbuf_16)
                                         clknet_0_clk (net)
                  0.10    0.00    0.23 ^ clkbuf_2_1__f_clk/A (sky130_fd_sc_hd__clkbuf_16)
    10    0.03    0.08    0.25    0.48 ^ clkbuf_2_1__f_clk/X (sky130_fd_sc_hd__clkbuf_16)
                                         clknet_2_1__leaf_clk (net)
                  0.08    0.00    0.48 ^ _335_/CLK (sky130_fd_sc_hd__dfrtp_2)
                          0.00    0.48   clock reconvergence pessimism
                         -0.12    0.36   library hold time
                                  0.36   data required time
-----------------------------------------------------------------------------
                                  0.36   data required time
                                 -2.13   data arrival time
-----------------------------------------------------------------------------
                                  1.77   slack (MET)


Startpoint: _341_ (rising edge-triggered flip-flop clocked by core_clock)
Endpoint: _341_ (rising edge-triggered flip-flop clocked by core_clock)
Path Group: core_clock
Path Type: min
Corner: Slowest

Fanout     Cap    Slew   Delay    Time   Description
-----------------------------------------------------------------------------
                          0.00    0.00   clock core_clock (rise edge)
                          0.00    0.00   clock source latency
     1    0.02    0.00    0.00    0.00 ^ clk (in)
                                         clk (net)
                  0.00    0.00    0.00 ^ clkbuf_0_clk/A (sky130_fd_sc_hd__clkbuf_16)
     4    0.05    0.10    0.23    0.23 ^ clkbuf_0_clk/X (sky130_fd_sc_hd__clkbuf_16)
                                         clknet_0_clk (net)
                  0.10    0.00    0.23 ^ clkbuf_2_1__f_clk/A (sky130_fd_sc_hd__clkbuf_16)
    10    0.03    0.08    0.25    0.48 ^ clkbuf_2_1__f_clk/X (sky130_fd_sc_hd__clkbuf_16)
                                         clknet_2_1__leaf_clk (net)
                  0.08    0.00    0.48 ^ _341_/CLK (sky130_fd_sc_hd__dfrtp_2)
     4    0.03    0.19    0.94    1.42 v _341_/Q (sky130_fd_sc_hd__dfrtp_2)
                                         one_second_counter[11] (net)
                  0.19    0.00    1.42 v _227_/B1 (sky130_fd_sc_hd__a21oi_1)
     1    0.01    0.40    0.42    1.85 ^ _227_/Y (sky130_fd_sc_hd__a21oi_1)
                                         _113_ (net)
                  0.40    0.00    1.85 ^ _229_/B (sky130_fd_sc_hd__nor3_1)
     1    0.02    0.18    0.31    2.16 v _229_/Y (sky130_fd_sc_hd__nor3_1)
                                         _002_ (net)
                  0.18    0.00    2.16 v _341_/D (sky130_fd_sc_hd__dfrtp_2)
                                  2.16   data arrival time

                          0.00    0.00   clock core_clock (rise edge)
                          0.00    0.00   clock source latency
     1    0.02    0.00    0.00    0.00 ^ clk (in)
                                         clk (net)
                  0.00    0.00    0.00 ^ clkbuf_0_clk/A (sky130_fd_sc_hd__clkbuf_16)
     4    0.05    0.10    0.23    0.23 ^ clkbuf_0_clk/X (sky130_fd_sc_hd__clkbuf_16)
                                         clknet_0_clk (net)
                  0.10    0.00    0.23 ^ clkbuf_2_1__f_clk/A (sky130_fd_sc_hd__clkbuf_16)
    10    0.03    0.08    0.25    0.48 ^ clkbuf_2_1__f_clk/X (sky130_fd_sc_hd__clkbuf_16)
                                         clknet_2_1__leaf_clk (net)
                  0.08    0.00    0.48 ^ _341_/CLK (sky130_fd_sc_hd__dfrtp_2)
                          0.00    0.48   clock reconvergence pessimism
                         -0.13    0.35   library hold time
                                  0.35   data required time
-----------------------------------------------------------------------------
                                  0.35   data required time
                                 -2.16   data arrival time
-----------------------------------------------------------------------------
                                  1.81   slack (MET)


Startpoint: _352_ (rising edge-triggered flip-flop clocked by core_clock)
Endpoint: _352_ (rising edge-triggered flip-flop clocked by core_clock)
Path Group: core_clock
Path Type: min
Corner: Slowest

Fanout     Cap    Slew   Delay    Time   Description
-----------------------------------------------------------------------------
                          0.00    0.00   clock core_clock (rise edge)
                          0.00    0.00   clock source latency
     1    0.02    0.00    0.00    0.00 ^ clk (in)
                                         clk (net)
                  0.00    0.00    0.00 ^ clkbuf_0_clk/A (sky130_fd_sc_hd__clkbuf_16)
     4    0.05    0.10    0.23    0.23 ^ clkbuf_0_clk/X (sky130_fd_sc_hd__clkbuf_16)
                                         clknet_0_clk (net)
                  0.10    0.00    0.23 ^ clkbuf_2_1__f_clk/A (sky130_fd_sc_hd__clkbuf_16)
    10    0.03    0.08    0.25    0.48 ^ clkbuf_2_1__f_clk/X (sky130_fd_sc_hd__clkbuf_16)
                                         clknet_2_1__leaf_clk (net)
                  0.08    0.00    0.48 ^ _352_/CLK (sky130_fd_sc_hd__dfrtp_1)
     3    0.02    0.30    0.83    1.31 ^ _352_/Q (sky130_fd_sc_hd__dfrtp_1)
                                         one_second_counter[22] (net)
                  0.30    0.00    1.31 ^ _269_/A (sky130_fd_sc_hd__or2_1)
     1    0.01    0.16    0.33    1.64 ^ _269_/X (sky130_fd_sc_hd__or2_1)
                                         _144_ (net)
                  0.16    0.00    1.64 ^ _271_/B (sky130_fd_sc_hd__and3_1)
     1    0.01    0.20    0.42    2.07 ^ _271_/X (sky130_fd_sc_hd__and3_1)
                                         _146_ (net)
                  0.20    0.00    2.07 ^ _272_/A (sky130_fd_sc_hd__clkbuf_1)
     1    0.00    0.07    0.20    2.27 ^ _272_/X (sky130_fd_sc_hd__clkbuf_1)
                                         _014_ (net)
                  0.07    0.00    2.27 ^ _352_/D (sky130_fd_sc_hd__dfrtp_1)
                                  2.27   data arrival time

                          0.00    0.00   clock core_clock (rise edge)
                          0.00    0.00   clock source latency
     1    0.02    0.00    0.00    0.00 ^ clk (in)
                                         clk (net)
                  0.00    0.00    0.00 ^ clkbuf_0_clk/A (sky130_fd_sc_hd__clkbuf_16)
     4    0.05    0.10    0.23    0.23 ^ clkbuf_0_clk/X (sky130_fd_sc_hd__clkbuf_16)
                                         clknet_0_clk (net)
                  0.10    0.00    0.23 ^ clkbuf_2_1__f_clk/A (sky130_fd_sc_hd__clkbuf_16)
    10    0.03    0.08    0.25    0.48 ^ clkbuf_2_1__f_clk/X (sky130_fd_sc_hd__clkbuf_16)
                                         clknet_2_1__leaf_clk (net)
                  0.08    0.00    0.48 ^ _352_/CLK (sky130_fd_sc_hd__dfrtp_1)
                          0.00    0.48   clock reconvergence pessimism
                         -0.08    0.40   library hold time
                                  0.40   data required time
-----------------------------------------------------------------------------
                                  0.40   data required time
                                 -2.27   data arrival time
-----------------------------------------------------------------------------
                                  1.87   slack (MET)


Startpoint: _348_ (rising edge-triggered flip-flop clocked by core_clock)
Endpoint: _348_ (rising edge-triggered flip-flop clocked by core_clock)
Path Group: core_clock
Path Type: min
Corner: Slowest

Fanout     Cap    Slew   Delay    Time   Description
-----------------------------------------------------------------------------
                          0.00    0.00   clock core_clock (rise edge)
                          0.00    0.00   clock source latency
     1    0.02    0.00    0.00    0.00 ^ clk (in)
                                         clk (net)
                  0.00    0.00    0.00 ^ clkbuf_0_clk/A (sky130_fd_sc_hd__clkbuf_16)
     4    0.05    0.10    0.23    0.23 ^ clkbuf_0_clk/X (sky130_fd_sc_hd__clkbuf_16)
                                         clknet_0_clk (net)
                  0.10    0.00    0.23 ^ clkbuf_2_1__f_clk/A (sky130_fd_sc_hd__clkbuf_16)
    10    0.03    0.08    0.25    0.48 ^ clkbuf_2_1__f_clk/X (sky130_fd_sc_hd__clkbuf_16)
                                         clknet_2_1__leaf_clk (net)
                  0.08    0.00    0.48 ^ _348_/CLK (sky130_fd_sc_hd__dfrtp_4)
     6    0.05    0.29    1.00    1.48 ^ _348_/Q (sky130_fd_sc_hd__dfrtp_4)
                                         one_second_counter[18] (net)
                  0.29    0.00    1.49 ^ _253_/A (sky130_fd_sc_hd__nand2_1)
     1    0.01    0.17    0.25    1.74 v _253_/Y (sky130_fd_sc_hd__nand2_1)
                                         _132_ (net)
                  0.17    0.00    1.74 v _255_/A1 (sky130_fd_sc_hd__o211a_1)
     1    0.01    0.13    0.52    2.26 v _255_/X (sky130_fd_sc_hd__o211a_1)
                                         _009_ (net)
                  0.13    0.00    2.26 v _348_/D (sky130_fd_sc_hd__dfrtp_4)
                                  2.26   data arrival time

                          0.00    0.00   clock core_clock (rise edge)
                          0.00    0.00   clock source latency
     1    0.02    0.00    0.00    0.00 ^ clk (in)
                                         clk (net)
                  0.00    0.00    0.00 ^ clkbuf_0_clk/A (sky130_fd_sc_hd__clkbuf_16)
     4    0.05    0.10    0.23    0.23 ^ clkbuf_0_clk/X (sky130_fd_sc_hd__clkbuf_16)
                                         clknet_0_clk (net)
                  0.10    0.00    0.23 ^ clkbuf_2_1__f_clk/A (sky130_fd_sc_hd__clkbuf_16)
    10    0.03    0.08    0.25    0.48 ^ clkbuf_2_1__f_clk/X (sky130_fd_sc_hd__clkbuf_16)
                                         clknet_2_1__leaf_clk (net)
                  0.08    0.00    0.48 ^ _348_/CLK (sky130_fd_sc_hd__dfrtp_4)
                          0.00    0.48   clock reconvergence pessimism
                         -0.11    0.37   library hold time
                                  0.37   data required time
-----------------------------------------------------------------------------
                                  0.37   data required time
                                 -2.26   data arrival time
-----------------------------------------------------------------------------
                                  1.89   slack (MET)


Startpoint: _347_ (rising edge-triggered flip-flop clocked by core_clock)
Endpoint: _347_ (rising edge-triggered flip-flop clocked by core_clock)
Path Group: core_clock
Path Type: min
Corner: Slowest

Fanout     Cap    Slew   Delay    Time   Description
-----------------------------------------------------------------------------
                          0.00    0.00   clock core_clock (rise edge)
                          0.00    0.00   clock source latency
     1    0.02    0.00    0.00    0.00 ^ clk (in)
                                         clk (net)
                  0.00    0.00    0.00 ^ clkbuf_0_clk/A (sky130_fd_sc_hd__clkbuf_16)
     4    0.05    0.10    0.23    0.23 ^ clkbuf_0_clk/X (sky130_fd_sc_hd__clkbuf_16)
                                         clknet_0_clk (net)
                  0.10    0.00    0.23 ^ clkbuf_2_3__f_clk/A (sky130_fd_sc_hd__clkbuf_16)
     9    0.03    0.08    0.25    0.48 ^ clkbuf_2_3__f_clk/X (sky130_fd_sc_hd__clkbuf_16)
                                         clknet_2_3__leaf_clk (net)
                  0.08    0.00    0.48 ^ _347_/CLK (sky130_fd_sc_hd__dfrtp_4)
     8    0.06    0.30    1.01    1.49 ^ _347_/Q (sky130_fd_sc_hd__dfrtp_4)
                                         one_second_counter[17] (net)
                  0.30    0.00    1.49 ^ _251_/A (sky130_fd_sc_hd__xor2_1)
     1    0.01    0.14    0.32    1.82 v _251_/X (sky130_fd_sc_hd__xor2_1)
                                         _131_ (net)
                  0.14    0.00    1.82 v _252_/B (sky130_fd_sc_hd__nor2_1)
     1    0.01    0.43    0.40    2.21 ^ _252_/Y (sky130_fd_sc_hd__nor2_1)
                                         _008_ (net)
                  0.43    0.00    2.21 ^ _347_/D (sky130_fd_sc_hd__dfrtp_4)
                                  2.21   data arrival time

                          0.00    0.00   clock core_clock (rise edge)
                          0.00    0.00   clock source latency
     1    0.02    0.00    0.00    0.00 ^ clk (in)
                                         clk (net)
                  0.00    0.00    0.00 ^ clkbuf_0_clk/A (sky130_fd_sc_hd__clkbuf_16)
     4    0.05    0.10    0.23    0.23 ^ clkbuf_0_clk/X (sky130_fd_sc_hd__clkbuf_16)
                                         clknet_0_clk (net)
                  0.10    0.00    0.23 ^ clkbuf_2_3__f_clk/A (sky130_fd_sc_hd__clkbuf_16)
     9    0.03    0.08    0.25    0.48 ^ clkbuf_2_3__f_clk/X (sky130_fd_sc_hd__clkbuf_16)
                                         clknet_2_3__leaf_clk (net)
                  0.08    0.00    0.48 ^ _347_/CLK (sky130_fd_sc_hd__dfrtp_4)
                          0.00    0.48   clock reconvergence pessimism
                         -0.16    0.32   library hold time
                                  0.32   data required time
-----------------------------------------------------------------------------
                                  0.32   data required time
                                 -2.21   data arrival time
-----------------------------------------------------------------------------
                                  1.89   slack (MET)


Startpoint: _343_ (rising edge-triggered flip-flop clocked by core_clock)
Endpoint: _343_ (rising edge-triggered flip-flop clocked by core_clock)
Path Group: core_clock
Path Type: min
Corner: Slowest

Fanout     Cap    Slew   Delay    Time   Description
-----------------------------------------------------------------------------
                          0.00    0.00   clock core_clock (rise edge)
                          0.00    0.00   clock source latency
     1    0.02    0.00    0.00    0.00 ^ clk (in)
                                         clk (net)
                  0.00    0.00    0.00 ^ clkbuf_0_clk/A (sky130_fd_sc_hd__clkbuf_16)
     4    0.05    0.10    0.23    0.23 ^ clkbuf_0_clk/X (sky130_fd_sc_hd__clkbuf_16)
                                         clknet_0_clk (net)
                  0.10    0.00    0.23 ^ clkbuf_2_2__f_clk/A (sky130_fd_sc_hd__clkbuf_16)
     7    0.03    0.08    0.25    0.48 ^ clkbuf_2_2__f_clk/X (sky130_fd_sc_hd__clkbuf_16)
                                         clknet_2_2__leaf_clk (net)
                  0.08    0.00    0.48 ^ _343_/CLK (sky130_fd_sc_hd__dfrtp_2)
     4    0.04    0.30    0.89    1.37 ^ _343_/Q (sky130_fd_sc_hd__dfrtp_2)
                                         one_second_counter[13] (net)
                  0.30    0.00    1.37 ^ _234_/B1 (sky130_fd_sc_hd__a21o_1)
     1    0.01    0.20    0.33    1.70 ^ _234_/X (sky130_fd_sc_hd__a21o_1)
                                         _118_ (net)
                  0.20    0.00    1.70 ^ _236_/B (sky130_fd_sc_hd__and3_1)
     1    0.01    0.19    0.43    2.13 ^ _236_/X (sky130_fd_sc_hd__and3_1)
                                         _120_ (net)
                  0.19    0.00    2.13 ^ _237_/A (sky130_fd_sc_hd__clkbuf_1)
     1    0.00    0.07    0.19    2.32 ^ _237_/X (sky130_fd_sc_hd__clkbuf_1)
                                         _004_ (net)
                  0.07    0.00    2.32 ^ _343_/D (sky130_fd_sc_hd__dfrtp_2)
                                  2.32   data arrival time

                          0.00    0.00   clock core_clock (rise edge)
                          0.00    0.00   clock source latency
     1    0.02    0.00    0.00    0.00 ^ clk (in)
                                         clk (net)
                  0.00    0.00    0.00 ^ clkbuf_0_clk/A (sky130_fd_sc_hd__clkbuf_16)
     4    0.05    0.10    0.23    0.23 ^ clkbuf_0_clk/X (sky130_fd_sc_hd__clkbuf_16)
                                         clknet_0_clk (net)
                  0.10    0.00    0.23 ^ clkbuf_2_2__f_clk/A (sky130_fd_sc_hd__clkbuf_16)
     7    0.03    0.08    0.25    0.48 ^ clkbuf_2_2__f_clk/X (sky130_fd_sc_hd__clkbuf_16)
                                         clknet_2_2__leaf_clk (net)
                  0.08    0.00    0.48 ^ _343_/CLK (sky130_fd_sc_hd__dfrtp_2)
                          0.00    0.48   clock reconvergence pessimism
                         -0.07    0.40   library hold time
                                  0.40   data required time
-----------------------------------------------------------------------------
                                  0.40   data required time
                                 -2.32   data arrival time
-----------------------------------------------------------------------------
                                  1.92   slack (MET)


Startpoint: _354_ (rising edge-triggered flip-flop clocked by core_clock)
Endpoint: _354_ (rising edge-triggered flip-flop clocked by core_clock)
Path Group: core_clock
Path Type: min
Corner: Slowest

Fanout     Cap    Slew   Delay    Time   Description
-----------------------------------------------------------------------------
                          0.00    0.00   clock core_clock (rise edge)
                          0.00    0.00   clock source latency
     1    0.02    0.00    0.00    0.00 ^ clk (in)
                                         clk (net)
                  0.00    0.00    0.00 ^ clkbuf_0_clk/A (sky130_fd_sc_hd__clkbuf_16)
     4    0.05    0.10    0.23    0.23 ^ clkbuf_0_clk/X (sky130_fd_sc_hd__clkbuf_16)
                                         clknet_0_clk (net)
                  0.10    0.00    0.23 ^ clkbuf_2_0__f_clk/A (sky130_fd_sc_hd__clkbuf_16)
     9    0.03    0.09    0.26    0.48 ^ clkbuf_2_0__f_clk/X (sky130_fd_sc_hd__clkbuf_16)
                                         clknet_2_0__leaf_clk (net)
                  0.09    0.00    0.48 ^ _354_/CLK (sky130_fd_sc_hd__dfrtp_4)
     3    0.03    0.20    0.93    1.41 ^ _354_/Q (sky130_fd_sc_hd__dfrtp_4)
                                         one_second_counter[24] (net)
                  0.20    0.00    1.41 ^ _277_/A (sky130_fd_sc_hd__and3_2)
     4    0.04    0.34    0.62    2.03 ^ _277_/X (sky130_fd_sc_hd__and3_2)
                                         _150_ (net)
                  0.34    0.00    2.03 ^ _278_/C (sky130_fd_sc_hd__nor3_1)
     1    0.02    0.18    0.28    2.31 v _278_/Y (sky130_fd_sc_hd__nor3_1)
                                         _016_ (net)
                  0.18    0.00    2.31 v _354_/D (sky130_fd_sc_hd__dfrtp_4)
                                  2.31   data arrival time

                          0.00    0.00   clock core_clock (rise edge)
                          0.00    0.00   clock source latency
     1    0.02    0.00    0.00    0.00 ^ clk (in)
                                         clk (net)
                  0.00    0.00    0.00 ^ clkbuf_0_clk/A (sky130_fd_sc_hd__clkbuf_16)
     4    0.05    0.10    0.23    0.23 ^ clkbuf_0_clk/X (sky130_fd_sc_hd__clkbuf_16)
                                         clknet_0_clk (net)
                  0.10    0.00    0.23 ^ clkbuf_2_0__f_clk/A (sky130_fd_sc_hd__clkbuf_16)
     9    0.03    0.09    0.26    0.48 ^ clkbuf_2_0__f_clk/X (sky130_fd_sc_hd__clkbuf_16)
                                         clknet_2_0__leaf_clk (net)
                  0.09    0.00    0.48 ^ _354_/CLK (sky130_fd_sc_hd__dfrtp_4)
                          0.00    0.48   clock reconvergence pessimism
                         -0.13    0.36   library hold time
                                  0.36   data required time
-----------------------------------------------------------------------------
                                  0.36   data required time
                                 -2.31   data arrival time
-----------------------------------------------------------------------------
                                  1.95   slack (MET)


Startpoint: _336_ (rising edge-triggered flip-flop clocked by core_clock)
Endpoint: _336_ (rising edge-triggered flip-flop clocked by core_clock)
Path Group: core_clock
Path Type: min
Corner: Slowest

Fanout     Cap    Slew   Delay    Time   Description
-----------------------------------------------------------------------------
                          0.00    0.00   clock core_clock (rise edge)
                          0.00    0.00   clock source latency
     1    0.02    0.00    0.00    0.00 ^ clk (in)
                                         clk (net)
                  0.00    0.00    0.00 ^ clkbuf_0_clk/A (sky130_fd_sc_hd__clkbuf_16)
     4    0.05    0.10    0.23    0.23 ^ clkbuf_0_clk/X (sky130_fd_sc_hd__clkbuf_16)
                                         clknet_0_clk (net)
                  0.10    0.00    0.23 ^ clkbuf_2_0__f_clk/A (sky130_fd_sc_hd__clkbuf_16)
     9    0.03    0.09    0.26    0.48 ^ clkbuf_2_0__f_clk/X (sky130_fd_sc_hd__clkbuf_16)
                                         clknet_2_0__leaf_clk (net)
                  0.09    0.00    0.48 ^ _336_/CLK (sky130_fd_sc_hd__dfrtp_1)
     3    0.02    0.25    0.79    1.28 ^ _336_/Q (sky130_fd_sc_hd__dfrtp_1)
                                         one_second_counter[6] (net)
                  0.25    0.00    1.28 ^ _210_/A (sky130_fd_sc_hd__or2_1)
     1    0.01    0.15    0.31    1.58 ^ _210_/X (sky130_fd_sc_hd__or2_1)
                                         _101_ (net)
                  0.15    0.00    1.58 ^ _212_/B (sky130_fd_sc_hd__and3_1)
     1    0.01    0.15    0.38    1.96 ^ _212_/X (sky130_fd_sc_hd__and3_1)
                                         _103_ (net)
                  0.15    0.00    1.96 ^ _213_/A (sky130_fd_sc_hd__buf_1)
     2    0.02    0.30    0.35    2.32 ^ _213_/X (sky130_fd_sc_hd__buf_1)
                                         _023_ (net)
                  0.30    0.00    2.32 ^ _336_/D (sky130_fd_sc_hd__dfrtp_1)
                                  2.32   data arrival time

                          0.00    0.00   clock core_clock (rise edge)
                          0.00    0.00   clock source latency
     1    0.02    0.00    0.00    0.00 ^ clk (in)
                                         clk (net)
                  0.00    0.00    0.00 ^ clkbuf_0_clk/A (sky130_fd_sc_hd__clkbuf_16)
     4    0.05    0.10    0.23    0.23 ^ clkbuf_0_clk/X (sky130_fd_sc_hd__clkbuf_16)
                                         clknet_0_clk (net)
                  0.10    0.00    0.23 ^ clkbuf_2_0__f_clk/A (sky130_fd_sc_hd__clkbuf_16)
     9    0.03    0.09    0.26    0.48 ^ clkbuf_2_0__f_clk/X (sky130_fd_sc_hd__clkbuf_16)
                                         clknet_2_0__leaf_clk (net)
                  0.09    0.00    0.48 ^ _336_/CLK (sky130_fd_sc_hd__dfrtp_1)
                          0.00    0.48   clock reconvergence pessimism
                         -0.13    0.36   library hold time
                                  0.36   data required time
-----------------------------------------------------------------------------
                                  0.36   data required time
                                 -2.32   data arrival time
-----------------------------------------------------------------------------
                                  1.96   slack (MET)


Startpoint: _350_ (rising edge-triggered flip-flop clocked by core_clock)
Endpoint: _350_ (rising edge-triggered flip-flop clocked by core_clock)
Path Group: core_clock
Path Type: min
Corner: Slowest

Fanout     Cap    Slew   Delay    Time   Description
-----------------------------------------------------------------------------
                          0.00    0.00   clock core_clock (rise edge)
                          0.00    0.00   clock source latency
     1    0.02    0.00    0.00    0.00 ^ clk (in)
                                         clk (net)
                  0.00    0.00    0.00 ^ clkbuf_0_clk/A (sky130_fd_sc_hd__clkbuf_16)
     4    0.05    0.10    0.23    0.23 ^ clkbuf_0_clk/X (sky130_fd_sc_hd__clkbuf_16)
                                         clknet_0_clk (net)
                  0.10    0.00    0.23 ^ clkbuf_2_1__f_clk/A (sky130_fd_sc_hd__clkbuf_16)
    10    0.03    0.08    0.25    0.48 ^ clkbuf_2_1__f_clk/X (sky130_fd_sc_hd__clkbuf_16)
                                         clknet_2_1__leaf_clk (net)
                  0.08    0.00    0.48 ^ _350_/CLK (sky130_fd_sc_hd__dfrtp_1)
     4    0.03    0.36    0.87    1.35 ^ _350_/Q (sky130_fd_sc_hd__dfrtp_1)
                                         one_second_counter[20] (net)
                  0.36    0.00    1.35 ^ _262_/A (sky130_fd_sc_hd__or2_1)
     1    0.01    0.18    0.36    1.71 ^ _262_/X (sky130_fd_sc_hd__or2_1)
                                         _139_ (net)
                  0.18    0.00    1.71 ^ _264_/B (sky130_fd_sc_hd__and3_1)
     1    0.00    0.11    0.36    2.07 ^ _264_/X (sky130_fd_sc_hd__and3_1)
                                         _141_ (net)
                  0.11    0.00    2.07 ^ _265_/A (sky130_fd_sc_hd__clkbuf_1)
     1    0.02    0.30    0.33    2.40 ^ _265_/X (sky130_fd_sc_hd__clkbuf_1)
                                         _012_ (net)
                  0.30    0.00    2.40 ^ _350_/D (sky130_fd_sc_hd__dfrtp_1)
                                  2.40   data arrival time

                          0.00    0.00   clock core_clock (rise edge)
                          0.00    0.00   clock source latency
     1    0.02    0.00    0.00    0.00 ^ clk (in)
                                         clk (net)
                  0.00    0.00    0.00 ^ clkbuf_0_clk/A (sky130_fd_sc_hd__clkbuf_16)
     4    0.05    0.10    0.23    0.23 ^ clkbuf_0_clk/X (sky130_fd_sc_hd__clkbuf_16)
                                         clknet_0_clk (net)
                  0.10    0.00    0.23 ^ clkbuf_2_1__f_clk/A (sky130_fd_sc_hd__clkbuf_16)
    10    0.03    0.08    0.25    0.48 ^ clkbuf_2_1__f_clk/X (sky130_fd_sc_hd__clkbuf_16)
                                         clknet_2_1__leaf_clk (net)
                  0.08    0.00    0.48 ^ _350_/CLK (sky130_fd_sc_hd__dfrtp_1)
                          0.00    0.48   clock reconvergence pessimism
                         -0.13    0.35   library hold time
                                  0.35   data required time
-----------------------------------------------------------------------------
                                  0.35   data required time
                                 -2.40   data arrival time
-----------------------------------------------------------------------------
                                  2.04   slack (MET)


Startpoint: _342_ (rising edge-triggered flip-flop clocked by core_clock)
Endpoint: _342_ (rising edge-triggered flip-flop clocked by core_clock)
Path Group: core_clock
Path Type: min
Corner: Slowest

Fanout     Cap    Slew   Delay    Time   Description
-----------------------------------------------------------------------------
                          0.00    0.00   clock core_clock (rise edge)
                          0.00    0.00   clock source latency
     1    0.02    0.00    0.00    0.00 ^ clk (in)
                                         clk (net)
                  0.00    0.00    0.00 ^ clkbuf_0_clk/A (sky130_fd_sc_hd__clkbuf_16)
     4    0.05    0.10    0.23    0.23 ^ clkbuf_0_clk/X (sky130_fd_sc_hd__clkbuf_16)
                                         clknet_0_clk (net)
                  0.10    0.00    0.23 ^ clkbuf_2_3__f_clk/A (sky130_fd_sc_hd__clkbuf_16)
     9    0.03    0.08    0.25    0.48 ^ clkbuf_2_3__f_clk/X (sky130_fd_sc_hd__clkbuf_16)
                                         clknet_2_3__leaf_clk (net)
                  0.08    0.00    0.48 ^ _342_/CLK (sky130_fd_sc_hd__dfrtp_4)
     5    0.03    0.21    0.94    1.42 ^ _342_/Q (sky130_fd_sc_hd__dfrtp_4)
                                         one_second_counter[12] (net)
                  0.21    0.00    1.42 ^ _231_/A (sky130_fd_sc_hd__nand2_1)
     1    0.01    0.18    0.24    1.66 v _231_/Y (sky130_fd_sc_hd__nand2_1)
                                         _116_ (net)
                  0.18    0.00    1.66 v _232_/C (sky130_fd_sc_hd__and3_1)
     1    0.01    0.14    0.50    2.16 v _232_/X (sky130_fd_sc_hd__and3_1)
                                         _117_ (net)
                  0.14    0.00    2.16 v _233_/A (sky130_fd_sc_hd__buf_1)
     1    0.01    0.15    0.27    2.43 v _233_/X (sky130_fd_sc_hd__buf_1)
                                         _003_ (net)
                  0.15    0.00    2.43 v _342_/D (sky130_fd_sc_hd__dfrtp_4)
                                  2.43   data arrival time

                          0.00    0.00   clock core_clock (rise edge)
                          0.00    0.00   clock source latency
     1    0.02    0.00    0.00    0.00 ^ clk (in)
                                         clk (net)
                  0.00    0.00    0.00 ^ clkbuf_0_clk/A (sky130_fd_sc_hd__clkbuf_16)
     4    0.05    0.10    0.23    0.23 ^ clkbuf_0_clk/X (sky130_fd_sc_hd__clkbuf_16)
                                         clknet_0_clk (net)
                  0.10    0.00    0.23 ^ clkbuf_2_3__f_clk/A (sky130_fd_sc_hd__clkbuf_16)
     9    0.03    0.08    0.25    0.48 ^ clkbuf_2_3__f_clk/X (sky130_fd_sc_hd__clkbuf_16)
                                         clknet_2_3__leaf_clk (net)
                  0.08    0.00    0.48 ^ _342_/CLK (sky130_fd_sc_hd__dfrtp_4)
                          0.00    0.48   clock reconvergence pessimism
                         -0.12    0.36   library hold time
                                  0.36   data required time
-----------------------------------------------------------------------------
                                  0.36   data required time
                                 -2.43   data arrival time
-----------------------------------------------------------------------------
                                  2.07   slack (MET)


Startpoint: _360_ (rising edge-triggered flip-flop clocked by core_clock)
Endpoint: _360_ (rising edge-triggered flip-flop clocked by core_clock)
Path Group: core_clock
Path Type: min
Corner: Slowest

Fanout     Cap    Slew   Delay    Time   Description
-----------------------------------------------------------------------------
                          0.00    0.00   clock core_clock (rise edge)
                          0.00    0.00   clock source latency
     1    0.02    0.00    0.00    0.00 ^ clk (in)
                                         clk (net)
                  0.00    0.00    0.00 ^ clkbuf_0_clk/A (sky130_fd_sc_hd__clkbuf_16)
     4    0.05    0.10    0.23    0.23 ^ clkbuf_0_clk/X (sky130_fd_sc_hd__clkbuf_16)
                                         clknet_0_clk (net)
                  0.10    0.00    0.23 ^ clkbuf_2_2__f_clk/A (sky130_fd_sc_hd__clkbuf_16)
     7    0.03    0.08    0.25    0.48 ^ clkbuf_2_2__f_clk/X (sky130_fd_sc_hd__clkbuf_16)
                                         clknet_2_2__leaf_clk (net)
                  0.08    0.00    0.48 ^ _360_/CLK (sky130_fd_sc_hd__dfrtp_4)
     6    0.05    0.29    1.00    1.48 ^ _360_/Q (sky130_fd_sc_hd__dfrtp_4)
                                         decoder.digit[2] (net)
                  0.29    0.00    1.48 ^ _168_/B2 (sky130_fd_sc_hd__o2bb2a_1)
     1    0.01    0.19    0.42    1.90 ^ _168_/X (sky130_fd_sc_hd__o2bb2a_1)
                                         _069_ (net)
                  0.19    0.00    1.90 ^ _169_/B (sky130_fd_sc_hd__and2_1)
     1    0.01    0.14    0.32    2.23 ^ _169_/X (sky130_fd_sc_hd__and2_1)
                                         _070_ (net)
                  0.14    0.00    2.23 ^ _170_/A (sky130_fd_sc_hd__clkbuf_1)
     1    0.01    0.14    0.23    2.46 ^ _170_/X (sky130_fd_sc_hd__clkbuf_1)
                                         _062_ (net)
                  0.14    0.00    2.46 ^ _360_/D (sky130_fd_sc_hd__dfrtp_4)
                                  2.46   data arrival time

                          0.00    0.00   clock core_clock (rise edge)
                          0.00    0.00   clock source latency
     1    0.02    0.00    0.00    0.00 ^ clk (in)
                                         clk (net)
                  0.00    0.00    0.00 ^ clkbuf_0_clk/A (sky130_fd_sc_hd__clkbuf_16)
     4    0.05    0.10    0.23    0.23 ^ clkbuf_0_clk/X (sky130_fd_sc_hd__clkbuf_16)
                                         clknet_0_clk (net)
                  0.10    0.00    0.23 ^ clkbuf_2_2__f_clk/A (sky130_fd_sc_hd__clkbuf_16)
     7    0.03    0.08    0.25    0.48 ^ clkbuf_2_2__f_clk/X (sky130_fd_sc_hd__clkbuf_16)
                                         clknet_2_2__leaf_clk (net)
                  0.08    0.00    0.48 ^ _360_/CLK (sky130_fd_sc_hd__dfrtp_4)
                          0.00    0.48   clock reconvergence pessimism
                         -0.09    0.38   library hold time
                                  0.38   data required time
-----------------------------------------------------------------------------
                                  0.38   data required time
                                 -2.46   data arrival time
-----------------------------------------------------------------------------
                                  2.07   slack (MET)


Startpoint: _355_ (rising edge-triggered flip-flop clocked by core_clock)
Endpoint: _355_ (rising edge-triggered flip-flop clocked by core_clock)
Path Group: core_clock
Path Type: min
Corner: Slowest

Fanout     Cap    Slew   Delay    Time   Description
-----------------------------------------------------------------------------
                          0.00    0.00   clock core_clock (rise edge)
                          0.00    0.00   clock source latency
     1    0.02    0.00    0.00    0.00 ^ clk (in)
                                         clk (net)
                  0.00    0.00    0.00 ^ clkbuf_0_clk/A (sky130_fd_sc_hd__clkbuf_16)
     4    0.05    0.10    0.23    0.23 ^ clkbuf_0_clk/X (sky130_fd_sc_hd__clkbuf_16)
                                         clknet_0_clk (net)
                  0.10    0.00    0.23 ^ clkbuf_2_2__f_clk/A (sky130_fd_sc_hd__clkbuf_16)
     7    0.03    0.08    0.25    0.48 ^ clkbuf_2_2__f_clk/X (sky130_fd_sc_hd__clkbuf_16)
                                         clknet_2_2__leaf_clk (net)
                  0.08    0.00    0.48 ^ _355_/CLK (sky130_fd_sc_hd__dfrtp_4)
     4    0.04    0.24    0.96    1.43 ^ _355_/Q (sky130_fd_sc_hd__dfrtp_4)
                                         one_second_counter[25] (net)
                  0.24    0.00    1.44 ^ _279_/A (sky130_fd_sc_hd__or2_1)
     1    0.01    0.18    0.32    1.76 ^ _279_/X (sky130_fd_sc_hd__or2_1)
                                         _151_ (net)
                  0.18    0.00    1.76 ^ _281_/B (sky130_fd_sc_hd__and3_1)
     1    0.01    0.17    0.41    2.17 ^ _281_/X (sky130_fd_sc_hd__and3_1)
                                         _153_ (net)
                  0.17    0.00    2.17 ^ _282_/A (sky130_fd_sc_hd__clkbuf_1)
     1    0.01    0.20    0.28    2.45 ^ _282_/X (sky130_fd_sc_hd__clkbuf_1)
                                         _017_ (net)
                  0.20    0.00    2.46 ^ _355_/D (sky130_fd_sc_hd__dfrtp_4)
                                  2.46   data arrival time

                          0.00    0.00   clock core_clock (rise edge)
                          0.00    0.00   clock source latency
     1    0.02    0.00    0.00    0.00 ^ clk (in)
                                         clk (net)
                  0.00    0.00    0.00 ^ clkbuf_0_clk/A (sky130_fd_sc_hd__clkbuf_16)
     4    0.05    0.10    0.23    0.23 ^ clkbuf_0_clk/X (sky130_fd_sc_hd__clkbuf_16)
                                         clknet_0_clk (net)
                  0.10    0.00    0.23 ^ clkbuf_2_2__f_clk/A (sky130_fd_sc_hd__clkbuf_16)
     7    0.03    0.08    0.25    0.48 ^ clkbuf_2_2__f_clk/X (sky130_fd_sc_hd__clkbuf_16)
                                         clknet_2_2__leaf_clk (net)
                  0.08    0.00    0.48 ^ _355_/CLK (sky130_fd_sc_hd__dfrtp_4)
                          0.00    0.48   clock reconvergence pessimism
                         -0.11    0.37   library hold time
                                  0.37   data required time
-----------------------------------------------------------------------------
                                  0.37   data required time
                                 -2.46   data arrival time
-----------------------------------------------------------------------------
                                  2.08   slack (MET)


Startpoint: _340_ (rising edge-triggered flip-flop clocked by core_clock)
Endpoint: _340_ (rising edge-triggered flip-flop clocked by core_clock)
Path Group: core_clock
Path Type: min
Corner: Slowest

Fanout     Cap    Slew   Delay    Time   Description
-----------------------------------------------------------------------------
                          0.00    0.00   clock core_clock (rise edge)
                          0.00    0.00   clock source latency
     1    0.02    0.00    0.00    0.00 ^ clk (in)
                                         clk (net)
                  0.00    0.00    0.00 ^ clkbuf_0_clk/A (sky130_fd_sc_hd__clkbuf_16)
     4    0.05    0.10    0.23    0.23 ^ clkbuf_0_clk/X (sky130_fd_sc_hd__clkbuf_16)
                                         clknet_0_clk (net)
                  0.10    0.00    0.23 ^ clkbuf_2_2__f_clk/A (sky130_fd_sc_hd__clkbuf_16)
     7    0.03    0.08    0.25    0.48 ^ clkbuf_2_2__f_clk/X (sky130_fd_sc_hd__clkbuf_16)
                                         clknet_2_2__leaf_clk (net)
                  0.08    0.00    0.48 ^ _340_/CLK (sky130_fd_sc_hd__dfrtp_4)
     6    0.04    0.23    0.95    1.43 ^ _340_/Q (sky130_fd_sc_hd__dfrtp_4)
                                         one_second_counter[10] (net)
                  0.23    0.00    1.44 ^ _223_/A (sky130_fd_sc_hd__or2_1)
     1    0.02    0.24    0.36    1.80 ^ _223_/X (sky130_fd_sc_hd__or2_1)
                                         _110_ (net)
                  0.24    0.00    1.80 ^ _225_/B (sky130_fd_sc_hd__and3_1)
     1    0.01    0.15    0.41    2.21 ^ _225_/X (sky130_fd_sc_hd__and3_1)
                                         _112_ (net)
                  0.15    0.00    2.21 ^ _226_/A (sky130_fd_sc_hd__clkbuf_1)
     1    0.01    0.17    0.26    2.46 ^ _226_/X (sky130_fd_sc_hd__clkbuf_1)
                                         _001_ (net)
                  0.17    0.00    2.46 ^ _340_/D (sky130_fd_sc_hd__dfrtp_4)
                                  2.46   data arrival time

                          0.00    0.00   clock core_clock (rise edge)
                          0.00    0.00   clock source latency
     1    0.02    0.00    0.00    0.00 ^ clk (in)
                                         clk (net)
                  0.00    0.00    0.00 ^ clkbuf_0_clk/A (sky130_fd_sc_hd__clkbuf_16)
     4    0.05    0.10    0.23    0.23 ^ clkbuf_0_clk/X (sky130_fd_sc_hd__clkbuf_16)
                                         clknet_0_clk (net)
                  0.10    0.00    0.23 ^ clkbuf_2_2__f_clk/A (sky130_fd_sc_hd__clkbuf_16)
     7    0.03    0.08    0.25    0.48 ^ clkbuf_2_2__f_clk/X (sky130_fd_sc_hd__clkbuf_16)
                                         clknet_2_2__leaf_clk (net)
                  0.08    0.00    0.48 ^ _340_/CLK (sky130_fd_sc_hd__dfrtp_4)
                          0.00    0.48   clock reconvergence pessimism
                         -0.10    0.38   library hold time
                                  0.38   data required time
-----------------------------------------------------------------------------
                                  0.38   data required time
                                 -2.46   data arrival time
-----------------------------------------------------------------------------
                                  2.09   slack (MET)


Startpoint: _338_ (rising edge-triggered flip-flop clocked by core_clock)
Endpoint: _338_ (rising edge-triggered flip-flop clocked by core_clock)
Path Group: core_clock
Path Type: min
Corner: Slowest

Fanout     Cap    Slew   Delay    Time   Description
-----------------------------------------------------------------------------
                          0.00    0.00   clock core_clock (rise edge)
                          0.00    0.00   clock source latency
     1    0.02    0.00    0.00    0.00 ^ clk (in)
                                         clk (net)
                  0.00    0.00    0.00 ^ clkbuf_0_clk/A (sky130_fd_sc_hd__clkbuf_16)
     4    0.05    0.10    0.23    0.23 ^ clkbuf_0_clk/X (sky130_fd_sc_hd__clkbuf_16)
                                         clknet_0_clk (net)
                  0.10    0.00    0.23 ^ clkbuf_2_3__f_clk/A (sky130_fd_sc_hd__clkbuf_16)
     9    0.03    0.08    0.25    0.48 ^ clkbuf_2_3__f_clk/X (sky130_fd_sc_hd__clkbuf_16)
                                         clknet_2_3__leaf_clk (net)
                  0.08    0.00    0.48 ^ _338_/CLK (sky130_fd_sc_hd__dfrtp_4)
     5    0.04    0.22    0.94    1.42 ^ _338_/Q (sky130_fd_sc_hd__dfrtp_4)
                                         one_second_counter[8] (net)
                  0.22    0.00    1.42 ^ _216_/A (sky130_fd_sc_hd__or2_1)
     1    0.01    0.13    0.28    1.70 ^ _216_/X (sky130_fd_sc_hd__or2_1)
                                         _105_ (net)
                  0.13    0.00    1.70 ^ _218_/A (sky130_fd_sc_hd__and3_1)
     1    0.01    0.17    0.38    2.08 ^ _218_/X (sky130_fd_sc_hd__and3_1)
                                         _107_ (net)
                  0.17    0.00    2.08 ^ _219_/A (sky130_fd_sc_hd__buf_1)
     1    0.02    0.35    0.39    2.47 ^ _219_/X (sky130_fd_sc_hd__buf_1)
                                         _025_ (net)
                  0.35    0.00    2.47 ^ _338_/D (sky130_fd_sc_hd__dfrtp_4)
                                  2.47   data arrival time

                          0.00    0.00   clock core_clock (rise edge)
                          0.00    0.00   clock source latency
     1    0.02    0.00    0.00    0.00 ^ clk (in)
                                         clk (net)
                  0.00    0.00    0.00 ^ clkbuf_0_clk/A (sky130_fd_sc_hd__clkbuf_16)
     4    0.05    0.10    0.23    0.23 ^ clkbuf_0_clk/X (sky130_fd_sc_hd__clkbuf_16)
                                         clknet_0_clk (net)
                  0.10    0.00    0.23 ^ clkbuf_2_3__f_clk/A (sky130_fd_sc_hd__clkbuf_16)
     9    0.03    0.08    0.25    0.48 ^ clkbuf_2_3__f_clk/X (sky130_fd_sc_hd__clkbuf_16)
                                         clknet_2_3__leaf_clk (net)
                  0.08    0.00    0.48 ^ _338_/CLK (sky130_fd_sc_hd__dfrtp_4)
                          0.00    0.48   clock reconvergence pessimism
                         -0.14    0.34   library hold time
                                  0.34   data required time
-----------------------------------------------------------------------------
                                  0.34   data required time
                                 -2.47   data arrival time
-----------------------------------------------------------------------------
                                  2.14   slack (MET)


Startpoint: _333_ (rising edge-triggered flip-flop clocked by core_clock)
Endpoint: _333_ (rising edge-triggered flip-flop clocked by core_clock)
Path Group: core_clock
Path Type: min
Corner: Slowest

Fanout     Cap    Slew   Delay    Time   Description
-----------------------------------------------------------------------------
                          0.00    0.00   clock core_clock (rise edge)
                          0.00    0.00   clock source latency
     1    0.02    0.00    0.00    0.00 ^ clk (in)
                                         clk (net)
                  0.00    0.00    0.00 ^ clkbuf_0_clk/A (sky130_fd_sc_hd__clkbuf_16)
     4    0.05    0.10    0.23    0.23 ^ clkbuf_0_clk/X (sky130_fd_sc_hd__clkbuf_16)
                                         clknet_0_clk (net)
                  0.10    0.00    0.23 ^ clkbuf_2_3__f_clk/A (sky130_fd_sc_hd__clkbuf_16)
     9    0.03    0.08    0.25    0.48 ^ clkbuf_2_3__f_clk/X (sky130_fd_sc_hd__clkbuf_16)
                                         clknet_2_3__leaf_clk (net)
                  0.08    0.00    0.48 ^ _333_/CLK (sky130_fd_sc_hd__dfrtp_2)
     3    0.03    0.28    0.87    1.35 ^ _333_/Q (sky130_fd_sc_hd__dfrtp_2)
                                         one_second_counter[3] (net)
                  0.28    0.00    1.35 ^ _199_/B1 (sky130_fd_sc_hd__a31o_1)
     1    0.02    0.29    0.41    1.77 ^ _199_/X (sky130_fd_sc_hd__a31o_1)
                                         _093_ (net)
                  0.29    0.00    1.77 ^ _200_/C (sky130_fd_sc_hd__and3b_1)
     1    0.01    0.13    0.43    2.20 ^ _200_/X (sky130_fd_sc_hd__and3b_1)
                                         _094_ (net)
                  0.13    0.00    2.20 ^ _201_/A (sky130_fd_sc_hd__buf_1)
     1    0.02    0.29    0.34    2.53 ^ _201_/X (sky130_fd_sc_hd__buf_1)
                                         _020_ (net)
                  0.29    0.00    2.53 ^ _333_/D (sky130_fd_sc_hd__dfrtp_2)
                                  2.53   data arrival time

                          0.00    0.00   clock core_clock (rise edge)
                          0.00    0.00   clock source latency
     1    0.02    0.00    0.00    0.00 ^ clk (in)
                                         clk (net)
                  0.00    0.00    0.00 ^ clkbuf_0_clk/A (sky130_fd_sc_hd__clkbuf_16)
     4    0.05    0.10    0.23    0.23 ^ clkbuf_0_clk/X (sky130_fd_sc_hd__clkbuf_16)
                                         clknet_0_clk (net)
                  0.10    0.00    0.23 ^ clkbuf_2_3__f_clk/A (sky130_fd_sc_hd__clkbuf_16)
     9    0.03    0.08    0.25    0.48 ^ clkbuf_2_3__f_clk/X (sky130_fd_sc_hd__clkbuf_16)
                                         clknet_2_3__leaf_clk (net)
                  0.08    0.00    0.48 ^ _333_/CLK (sky130_fd_sc_hd__dfrtp_2)
                          0.00    0.48   clock reconvergence pessimism
                         -0.13    0.35   library hold time
                                  0.35   data required time
-----------------------------------------------------------------------------
                                  0.35   data required time
                                 -2.53   data arrival time
-----------------------------------------------------------------------------
                                  2.18   slack (MET)


Startpoint: _349_ (rising edge-triggered flip-flop clocked by core_clock)
Endpoint: _349_ (rising edge-triggered flip-flop clocked by core_clock)
Path Group: core_clock
Path Type: min
Corner: Slowest

Fanout     Cap    Slew   Delay    Time   Description
-----------------------------------------------------------------------------
                          0.00    0.00   clock core_clock (rise edge)
                          0.00    0.00   clock source latency
     1    0.02    0.00    0.00    0.00 ^ clk (in)
                                         clk (net)
                  0.00    0.00    0.00 ^ clkbuf_0_clk/A (sky130_fd_sc_hd__clkbuf_16)
     4    0.05    0.10    0.23    0.23 ^ clkbuf_0_clk/X (sky130_fd_sc_hd__clkbuf_16)
                                         clknet_0_clk (net)
                  0.10    0.00    0.23 ^ clkbuf_2_0__f_clk/A (sky130_fd_sc_hd__clkbuf_16)
     9    0.03    0.09    0.26    0.48 ^ clkbuf_2_0__f_clk/X (sky130_fd_sc_hd__clkbuf_16)
                                         clknet_2_0__leaf_clk (net)
                  0.09    0.00    0.48 ^ _349_/CLK (sky130_fd_sc_hd__dfrtp_4)
     4    0.04    0.22    0.95    1.43 ^ _349_/Q (sky130_fd_sc_hd__dfrtp_4)
                                         one_second_counter[19] (net)
                  0.22    0.00    1.43 ^ _256_/B1 (sky130_fd_sc_hd__a41o_1)
     1    0.02    0.24    0.35    1.79 ^ _256_/X (sky130_fd_sc_hd__a41o_1)
                                         _134_ (net)
                  0.24    0.00    1.79 ^ _260_/B (sky130_fd_sc_hd__and3_1)
     1    0.01    0.21    0.47    2.25 ^ _260_/X (sky130_fd_sc_hd__and3_1)
                                         _138_ (net)
                  0.21    0.00    2.25 ^ _261_/A (sky130_fd_sc_hd__buf_1)
     1    0.01    0.21    0.31    2.56 ^ _261_/X (sky130_fd_sc_hd__buf_1)
                                         _010_ (net)
                  0.21    0.00    2.56 ^ _349_/D (sky130_fd_sc_hd__dfrtp_4)
                                  2.56   data arrival time

                          0.00    0.00   clock core_clock (rise edge)
                          0.00    0.00   clock source latency
     1    0.02    0.00    0.00    0.00 ^ clk (in)
                                         clk (net)
                  0.00    0.00    0.00 ^ clkbuf_0_clk/A (sky130_fd_sc_hd__clkbuf_16)
     4    0.05    0.10    0.23    0.23 ^ clkbuf_0_clk/X (sky130_fd_sc_hd__clkbuf_16)
                                         clknet_0_clk (net)
                  0.10    0.00    0.23 ^ clkbuf_2_0__f_clk/A (sky130_fd_sc_hd__clkbuf_16)
     9    0.03    0.09    0.26    0.48 ^ clkbuf_2_0__f_clk/X (sky130_fd_sc_hd__clkbuf_16)
                                         clknet_2_0__leaf_clk (net)
                  0.09    0.00    0.48 ^ _349_/CLK (sky130_fd_sc_hd__dfrtp_4)
                          0.00    0.48   clock reconvergence pessimism
                         -0.11    0.38   library hold time
                                  0.38   data required time
-----------------------------------------------------------------------------
                                  0.38   data required time
                                 -2.56   data arrival time
-----------------------------------------------------------------------------
                                  2.19   slack (MET)


Startpoint: _332_ (rising edge-triggered flip-flop clocked by core_clock)
Endpoint: _332_ (rising edge-triggered flip-flop clocked by core_clock)
Path Group: core_clock
Path Type: min
Corner: Slowest

Fanout     Cap    Slew   Delay    Time   Description
-----------------------------------------------------------------------------
                          0.00    0.00   clock core_clock (rise edge)
                          0.00    0.00   clock source latency
     1    0.02    0.00    0.00    0.00 ^ clk (in)
                                         clk (net)
                  0.00    0.00    0.00 ^ clkbuf_0_clk/A (sky130_fd_sc_hd__clkbuf_16)
     4    0.05    0.10    0.23    0.23 ^ clkbuf_0_clk/X (sky130_fd_sc_hd__clkbuf_16)
                                         clknet_0_clk (net)
                  0.10    0.00    0.23 ^ clkbuf_2_1__f_clk/A (sky130_fd_sc_hd__clkbuf_16)
    10    0.03    0.08    0.25    0.48 ^ clkbuf_2_1__f_clk/X (sky130_fd_sc_hd__clkbuf_16)
                                         clknet_2_1__leaf_clk (net)
                  0.08    0.00    0.48 ^ _332_/CLK (sky130_fd_sc_hd__dfrtp_4)
     4    0.04    0.25    0.96    1.45 ^ _332_/Q (sky130_fd_sc_hd__dfrtp_4)
                                         one_second_counter[2] (net)
                  0.25    0.00    1.45 ^ _196_/B1 (sky130_fd_sc_hd__a21o_1)
     1    0.01    0.12    0.25    1.70 ^ _196_/X (sky130_fd_sc_hd__a21o_1)
                                         _091_ (net)
                  0.12    0.00    1.70 ^ _197_/C (sky130_fd_sc_hd__and3_1)
     1    0.01    0.15    0.38    2.08 ^ _197_/X (sky130_fd_sc_hd__and3_1)
                                         _092_ (net)
                  0.15    0.00    2.08 ^ _198_/A (sky130_fd_sc_hd__buf_1)
     2    0.02    0.44    0.45    2.53 ^ _198_/X (sky130_fd_sc_hd__buf_1)
                                         _019_ (net)
                  0.44    0.00    2.53 ^ _332_/D (sky130_fd_sc_hd__dfrtp_4)
                                  2.53   data arrival time

                          0.00    0.00   clock core_clock (rise edge)
                          0.00    0.00   clock source latency
     1    0.02    0.00    0.00    0.00 ^ clk (in)
                                         clk (net)
                  0.00    0.00    0.00 ^ clkbuf_0_clk/A (sky130_fd_sc_hd__clkbuf_16)
     4    0.05    0.10    0.23    0.23 ^ clkbuf_0_clk/X (sky130_fd_sc_hd__clkbuf_16)
                                         clknet_0_clk (net)
                  0.10    0.00    0.23 ^ clkbuf_2_1__f_clk/A (sky130_fd_sc_hd__clkbuf_16)
    10    0.03    0.08    0.25    0.48 ^ clkbuf_2_1__f_clk/X (sky130_fd_sc_hd__clkbuf_16)
                                         clknet_2_1__leaf_clk (net)
                  0.08    0.00    0.48 ^ _332_/CLK (sky130_fd_sc_hd__dfrtp_4)
                          0.00    0.48   clock reconvergence pessimism
                         -0.16    0.32   library hold time
                                  0.32   data required time
-----------------------------------------------------------------------------
                                  0.32   data required time
                                 -2.53   data arrival time
-----------------------------------------------------------------------------
                                  2.21   slack (MET)


Startpoint: _334_ (rising edge-triggered flip-flop clocked by core_clock)
Endpoint: _334_ (rising edge-triggered flip-flop clocked by core_clock)
Path Group: core_clock
Path Type: min
Corner: Slowest

Fanout     Cap    Slew   Delay    Time   Description
-----------------------------------------------------------------------------
                          0.00    0.00   clock core_clock (rise edge)
                          0.00    0.00   clock source latency
     1    0.02    0.00    0.00    0.00 ^ clk (in)
                                         clk (net)
                  0.00    0.00    0.00 ^ clkbuf_0_clk/A (sky130_fd_sc_hd__clkbuf_16)
     4    0.05    0.10    0.23    0.23 ^ clkbuf_0_clk/X (sky130_fd_sc_hd__clkbuf_16)
                                         clknet_0_clk (net)
                  0.10    0.00    0.23 ^ clkbuf_2_0__f_clk/A (sky130_fd_sc_hd__clkbuf_16)
     9    0.03    0.09    0.26    0.48 ^ clkbuf_2_0__f_clk/X (sky130_fd_sc_hd__clkbuf_16)
                                         clknet_2_0__leaf_clk (net)
                  0.09    0.00    0.48 ^ _334_/CLK (sky130_fd_sc_hd__dfrtp_4)
     5    0.04    0.24    0.97    1.45 ^ _334_/Q (sky130_fd_sc_hd__dfrtp_4)
                                         one_second_counter[4] (net)
                  0.24    0.00    1.45 ^ _203_/A (sky130_fd_sc_hd__nand2_1)
     1    0.01    0.16    0.23    1.68 v _203_/Y (sky130_fd_sc_hd__nand2_1)
                                         _096_ (net)
                  0.16    0.00    1.68 v _205_/B (sky130_fd_sc_hd__and3_1)
     1    0.03    0.25    0.54    2.23 v _205_/X (sky130_fd_sc_hd__and3_1)
                                         _098_ (net)
                  0.25    0.00    2.23 v _206_/A (sky130_fd_sc_hd__buf_1)
     1    0.02    0.22    0.37    2.60 v _206_/X (sky130_fd_sc_hd__buf_1)
                                         _021_ (net)
                  0.22    0.00    2.60 v _334_/D (sky130_fd_sc_hd__dfrtp_4)
                                  2.60   data arrival time

                          0.00    0.00   clock core_clock (rise edge)
                          0.00    0.00   clock source latency
     1    0.02    0.00    0.00    0.00 ^ clk (in)
                                         clk (net)
                  0.00    0.00    0.00 ^ clkbuf_0_clk/A (sky130_fd_sc_hd__clkbuf_16)
     4    0.05    0.10    0.23    0.23 ^ clkbuf_0_clk/X (sky130_fd_sc_hd__clkbuf_16)
                                         clknet_0_clk (net)
                  0.10    0.00    0.23 ^ clkbuf_2_0__f_clk/A (sky130_fd_sc_hd__clkbuf_16)
     9    0.03    0.09    0.26    0.48 ^ clkbuf_2_0__f_clk/X (sky130_fd_sc_hd__clkbuf_16)
                                         clknet_2_0__leaf_clk (net)
                  0.09    0.00    0.48 ^ _334_/CLK (sky130_fd_sc_hd__dfrtp_4)
                          0.00    0.48   clock reconvergence pessimism
                         -0.14    0.34   library hold time
                                  0.34   data required time
-----------------------------------------------------------------------------
                                  0.34   data required time
                                 -2.60   data arrival time
-----------------------------------------------------------------------------
                                  2.26   slack (MET)


Startpoint: _346_ (rising edge-triggered flip-flop clocked by core_clock)
Endpoint: _346_ (rising edge-triggered flip-flop clocked by core_clock)
Path Group: core_clock
Path Type: min
Corner: Slowest

Fanout     Cap    Slew   Delay    Time   Description
-----------------------------------------------------------------------------
                          0.00    0.00   clock core_clock (rise edge)
                          0.00    0.00   clock source latency
     1    0.02    0.00    0.00    0.00 ^ clk (in)
                                         clk (net)
                  0.00    0.00    0.00 ^ clkbuf_0_clk/A (sky130_fd_sc_hd__clkbuf_16)
     4    0.05    0.10    0.23    0.23 ^ clkbuf_0_clk/X (sky130_fd_sc_hd__clkbuf_16)
                                         clknet_0_clk (net)
                  0.10    0.00    0.23 ^ clkbuf_2_3__f_clk/A (sky130_fd_sc_hd__clkbuf_16)
     9    0.03    0.08    0.25    0.48 ^ clkbuf_2_3__f_clk/X (sky130_fd_sc_hd__clkbuf_16)
                                         clknet_2_3__leaf_clk (net)
                  0.08    0.00    0.48 ^ _346_/CLK (sky130_fd_sc_hd__dfrtp_4)
     6    0.04    0.24    0.96    1.44 ^ _346_/Q (sky130_fd_sc_hd__dfrtp_4)
                                         one_second_counter[16] (net)
                  0.24    0.00    1.44 ^ _248_/A (sky130_fd_sc_hd__nand2_2)
     3    0.03    0.28    0.32    1.76 v _248_/Y (sky130_fd_sc_hd__nand2_2)
                                         _129_ (net)
                  0.28    0.00    1.77 v _249_/C (sky130_fd_sc_hd__and3_1)
     1    0.02    0.21    0.61    2.38 v _249_/X (sky130_fd_sc_hd__and3_1)
                                         _130_ (net)
                  0.21    0.00    2.38 v _250_/A (sky130_fd_sc_hd__clkbuf_1)
     1    0.01    0.10    0.27    2.64 v _250_/X (sky130_fd_sc_hd__clkbuf_1)
                                         _007_ (net)
                  0.10    0.00    2.64 v _346_/D (sky130_fd_sc_hd__dfrtp_4)
                                  2.64   data arrival time

                          0.00    0.00   clock core_clock (rise edge)
                          0.00    0.00   clock source latency
     1    0.02    0.00    0.00    0.00 ^ clk (in)
                                         clk (net)
                  0.00    0.00    0.00 ^ clkbuf_0_clk/A (sky130_fd_sc_hd__clkbuf_16)
     4    0.05    0.10    0.23    0.23 ^ clkbuf_0_clk/X (sky130_fd_sc_hd__clkbuf_16)
                                         clknet_0_clk (net)
                  0.10    0.00    0.23 ^ clkbuf_2_3__f_clk/A (sky130_fd_sc_hd__clkbuf_16)
     9    0.03    0.08    0.25    0.48 ^ clkbuf_2_3__f_clk/X (sky130_fd_sc_hd__clkbuf_16)
                                         clknet_2_3__leaf_clk (net)
                  0.08    0.00    0.48 ^ _346_/CLK (sky130_fd_sc_hd__dfrtp_4)
                          0.00    0.48   clock reconvergence pessimism
                         -0.10    0.38   library hold time
                                  0.38   data required time
-----------------------------------------------------------------------------
                                  0.38   data required time
                                 -2.64   data arrival time
-----------------------------------------------------------------------------
                                  2.26   slack (MET)


Startpoint: _356_ (rising edge-triggered flip-flop clocked by core_clock)
Endpoint: _357_ (rising edge-triggered flip-flop clocked by core_clock)
Path Group: core_clock
Path Type: min
Corner: Slowest

Fanout     Cap    Slew   Delay    Time   Description
-----------------------------------------------------------------------------
                          0.00    0.00   clock core_clock (rise edge)
                          0.00    0.00   clock source latency
     1    0.02    0.00    0.00    0.00 ^ clk (in)
                                         clk (net)
                  0.00    0.00    0.00 ^ clkbuf_0_clk/A (sky130_fd_sc_hd__clkbuf_16)
     4    0.05    0.10    0.23    0.23 ^ clkbuf_0_clk/X (sky130_fd_sc_hd__clkbuf_16)
                                         clknet_0_clk (net)
                  0.10    0.00    0.23 ^ clkbuf_2_0__f_clk/A (sky130_fd_sc_hd__clkbuf_16)
     9    0.03    0.09    0.26    0.48 ^ clkbuf_2_0__f_clk/X (sky130_fd_sc_hd__clkbuf_16)
                                         clknet_2_0__leaf_clk (net)
                  0.09    0.00    0.48 ^ _356_/CLK (sky130_fd_sc_hd__dfrtp_1)
     2    0.02    0.24    0.78    1.27 ^ _356_/Q (sky130_fd_sc_hd__dfrtp_1)
                                         one_second_counter[26] (net)
                  0.24    0.00    1.27 ^ _187_/B1_N (sky130_fd_sc_hd__a21bo_2)
     9    0.05    0.25    0.67    1.93 v _187_/X (sky130_fd_sc_hd__a21bo_2)
                                         _085_ (net)
                  0.25    0.00    1.94 v _188_/A (sky130_fd_sc_hd__inv_2)
     2    0.02    0.18    0.25    2.19 ^ _188_/Y (sky130_fd_sc_hd__inv_2)
                                         _086_ (net)
                  0.18    0.00    2.19 ^ _189_/A (sky130_fd_sc_hd__clkbuf_4)
    10    0.07    0.33    0.49    2.68 ^ _189_/X (sky130_fd_sc_hd__clkbuf_4)
                                         _027_ (net)
                  0.33    0.00    2.68 ^ _357_/D (sky130_fd_sc_hd__dfrtp_4)
                                  2.68   data arrival time

                          0.00    0.00   clock core_clock (rise edge)
                          0.00    0.00   clock source latency
     1    0.02    0.00    0.00    0.00 ^ clk (in)
                                         clk (net)
                  0.00    0.00    0.00 ^ clkbuf_0_clk/A (sky130_fd_sc_hd__clkbuf_16)
     4    0.05    0.10    0.23    0.23 ^ clkbuf_0_clk/X (sky130_fd_sc_hd__clkbuf_16)
                                         clknet_0_clk (net)
                  0.10    0.00    0.23 ^ clkbuf_2_0__f_clk/A (sky130_fd_sc_hd__clkbuf_16)
     9    0.03    0.09    0.26    0.48 ^ clkbuf_2_0__f_clk/X (sky130_fd_sc_hd__clkbuf_16)
                                         clknet_2_0__leaf_clk (net)
                  0.09    0.00    0.48 ^ _357_/CLK (sky130_fd_sc_hd__dfrtp_4)
                          0.00    0.48   clock reconvergence pessimism
                         -0.14    0.35   library hold time
                                  0.35   data required time
-----------------------------------------------------------------------------
                                  0.35   data required time
                                 -2.68   data arrival time
-----------------------------------------------------------------------------
                                  2.33   slack (MET)


Startpoint: _331_ (rising edge-triggered flip-flop clocked by core_clock)
Endpoint: _331_ (rising edge-triggered flip-flop clocked by core_clock)
Path Group: core_clock
Path Type: min
Corner: Slowest

Fanout     Cap    Slew   Delay    Time   Description
-----------------------------------------------------------------------------
                          0.00    0.00   clock core_clock (rise edge)
                          0.00    0.00   clock source latency
     1    0.02    0.00    0.00    0.00 ^ clk (in)
                                         clk (net)
                  0.00    0.00    0.00 ^ clkbuf_0_clk/A (sky130_fd_sc_hd__clkbuf_16)
     4    0.05    0.10    0.23    0.23 ^ clkbuf_0_clk/X (sky130_fd_sc_hd__clkbuf_16)
                                         clknet_0_clk (net)
                  0.10    0.00    0.23 ^ clkbuf_2_0__f_clk/A (sky130_fd_sc_hd__clkbuf_16)
     9    0.03    0.09    0.26    0.48 ^ clkbuf_2_0__f_clk/X (sky130_fd_sc_hd__clkbuf_16)
                                         clknet_2_0__leaf_clk (net)
                  0.09    0.00    0.48 ^ _331_/CLK (sky130_fd_sc_hd__dfrtp_4)
     6    0.04    0.25    0.97    1.45 ^ _331_/Q (sky130_fd_sc_hd__dfrtp_4)
                                         one_second_counter[1] (net)
                  0.25    0.00    1.45 ^ _191_/A (sky130_fd_sc_hd__nand2_1)
     2    0.02    0.32    0.36    1.82 v _191_/Y (sky130_fd_sc_hd__nand2_1)
                                         _087_ (net)
                  0.32    0.00    1.82 v _193_/A (sky130_fd_sc_hd__and3_1)
     1    0.02    0.24    0.57    2.39 v _193_/X (sky130_fd_sc_hd__and3_1)
                                         _089_ (net)
                  0.24    0.00    2.39 v _194_/A (sky130_fd_sc_hd__buf_1)
     1    0.01    0.14    0.31    2.70 v _194_/X (sky130_fd_sc_hd__buf_1)
                                         _011_ (net)
                  0.14    0.00    2.71 v _331_/D (sky130_fd_sc_hd__dfrtp_4)
                                  2.71   data arrival time

                          0.00    0.00   clock core_clock (rise edge)
                          0.00    0.00   clock source latency
     1    0.02    0.00    0.00    0.00 ^ clk (in)
                                         clk (net)
                  0.00    0.00    0.00 ^ clkbuf_0_clk/A (sky130_fd_sc_hd__clkbuf_16)
     4    0.05    0.10    0.23    0.23 ^ clkbuf_0_clk/X (sky130_fd_sc_hd__clkbuf_16)
                                         clknet_0_clk (net)
                  0.10    0.00    0.23 ^ clkbuf_2_0__f_clk/A (sky130_fd_sc_hd__clkbuf_16)
     9    0.03    0.09    0.26    0.48 ^ clkbuf_2_0__f_clk/X (sky130_fd_sc_hd__clkbuf_16)
                                         clknet_2_0__leaf_clk (net)
                  0.09    0.00    0.48 ^ _331_/CLK (sky130_fd_sc_hd__dfrtp_4)
                          0.00    0.48   clock reconvergence pessimism
                         -0.11    0.37   library hold time
                                  0.37   data required time
-----------------------------------------------------------------------------
                                  0.37   data required time
                                 -2.71   data arrival time
-----------------------------------------------------------------------------
                                  2.33   slack (MET)


Startpoint: _344_ (rising edge-triggered flip-flop clocked by core_clock)
Endpoint: _344_ (rising edge-triggered flip-flop clocked by core_clock)
Path Group: core_clock
Path Type: min
Corner: Slowest

Fanout     Cap    Slew   Delay    Time   Description
-----------------------------------------------------------------------------
                          0.00    0.00   clock core_clock (rise edge)
                          0.00    0.00   clock source latency
     1    0.02    0.00    0.00    0.00 ^ clk (in)
                                         clk (net)
                  0.00    0.00    0.00 ^ clkbuf_0_clk/A (sky130_fd_sc_hd__clkbuf_16)
     4    0.05    0.10    0.23    0.23 ^ clkbuf_0_clk/X (sky130_fd_sc_hd__clkbuf_16)
                                         clknet_0_clk (net)
                  0.10    0.00    0.23 ^ clkbuf_2_3__f_clk/A (sky130_fd_sc_hd__clkbuf_16)
     9    0.03    0.08    0.25    0.48 ^ clkbuf_2_3__f_clk/X (sky130_fd_sc_hd__clkbuf_16)
                                         clknet_2_3__leaf_clk (net)
                  0.08    0.00    0.48 ^ _344_/CLK (sky130_fd_sc_hd__dfrtp_2)
     3    0.03    0.26    0.86    1.34 ^ _344_/Q (sky130_fd_sc_hd__dfrtp_2)
                                         one_second_counter[14] (net)
                  0.26    0.00    1.34 ^ _238_/A (sky130_fd_sc_hd__inv_2)
     2    0.02    0.13    0.21    1.55 v _238_/Y (sky130_fd_sc_hd__inv_2)
                                         _121_ (net)
                  0.13    0.00    1.55 v _239_/A (sky130_fd_sc_hd__nand2_1)
     1    0.01    0.17    0.19    1.74 ^ _239_/Y (sky130_fd_sc_hd__nand2_1)
                                         _122_ (net)
                  0.17    0.00    1.74 ^ _241_/B (sky130_fd_sc_hd__and3_1)
     1    0.02    0.26    0.48    2.22 ^ _241_/X (sky130_fd_sc_hd__and3_1)
                                         _124_ (net)
                  0.26    0.00    2.22 ^ _242_/A (sky130_fd_sc_hd__buf_1)
     1    0.02    0.41    0.47    2.69 ^ _242_/X (sky130_fd_sc_hd__buf_1)
                                         _005_ (net)
                  0.41    0.00    2.69 ^ _344_/D (sky130_fd_sc_hd__dfrtp_2)
                                  2.69   data arrival time

                          0.00    0.00   clock core_clock (rise edge)
                          0.00    0.00   clock source latency
     1    0.02    0.00    0.00    0.00 ^ clk (in)
                                         clk (net)
                  0.00    0.00    0.00 ^ clkbuf_0_clk/A (sky130_fd_sc_hd__clkbuf_16)
     4    0.05    0.10    0.23    0.23 ^ clkbuf_0_clk/X (sky130_fd_sc_hd__clkbuf_16)
                                         clknet_0_clk (net)
                  0.10    0.00    0.23 ^ clkbuf_2_3__f_clk/A (sky130_fd_sc_hd__clkbuf_16)
     9    0.03    0.08    0.25    0.48 ^ clkbuf_2_3__f_clk/X (sky130_fd_sc_hd__clkbuf_16)
                                         clknet_2_3__leaf_clk (net)
                  0.08    0.00    0.48 ^ _344_/CLK (sky130_fd_sc_hd__dfrtp_2)
                          0.00    0.48   clock reconvergence pessimism
                         -0.15    0.33   library hold time
                                  0.33   data required time
-----------------------------------------------------------------------------
                                  0.33   data required time
                                 -2.69   data arrival time
-----------------------------------------------------------------------------
                                  2.37   slack (MET)



worst slack corner Slowest: 1.3111
======================= Typical Corner ===================================

Startpoint: _356_ (rising edge-triggered flip-flop clocked by core_clock)
Endpoint: _356_ (rising edge-triggered flip-flop clocked by core_clock)
Path Group: core_clock
Path Type: min
Corner: Typical

Fanout     Cap    Slew   Delay    Time   Description
-----------------------------------------------------------------------------
                          0.00    0.00   clock core_clock (rise edge)
                          0.00    0.00   clock source latency
     1    0.02    0.00    0.00    0.00 ^ clk (in)
                                         clk (net)
                  0.00    0.00    0.00 ^ clkbuf_0_clk/A (sky130_fd_sc_hd__clkbuf_16)
     4    0.05    0.07    0.13    0.13 ^ clkbuf_0_clk/X (sky130_fd_sc_hd__clkbuf_16)
                                         clknet_0_clk (net)
                  0.07    0.00    0.13 ^ clkbuf_2_0__f_clk/A (sky130_fd_sc_hd__clkbuf_16)
     9    0.03    0.06    0.15    0.28 ^ clkbuf_2_0__f_clk/X (sky130_fd_sc_hd__clkbuf_16)
                                         clknet_2_0__leaf_clk (net)
                  0.06    0.00    0.28 ^ _356_/CLK (sky130_fd_sc_hd__dfrtp_1)
     2    0.02    0.15    0.40    0.68 ^ _356_/Q (sky130_fd_sc_hd__dfrtp_1)
                                         one_second_counter[26] (net)
                  0.15    0.00    0.68 ^ _284_/A1 (sky130_fd_sc_hd__o211a_1)
     1    0.01    0.08    0.21    0.89 ^ _284_/X (sky130_fd_sc_hd__o211a_1)
                                         _018_ (net)
                  0.08    0.00    0.89 ^ _356_/D (sky130_fd_sc_hd__dfrtp_1)
                                  0.89   data arrival time

                          0.00    0.00   clock core_clock (rise edge)
                          0.00    0.00   clock source latency
     1    0.02    0.00    0.00    0.00 ^ clk (in)
                                         clk (net)
                  0.00    0.00    0.00 ^ clkbuf_0_clk/A (sky130_fd_sc_hd__clkbuf_16)
     4    0.05    0.07    0.13    0.13 ^ clkbuf_0_clk/X (sky130_fd_sc_hd__clkbuf_16)
                                         clknet_0_clk (net)
                  0.07    0.00    0.13 ^ clkbuf_2_0__f_clk/A (sky130_fd_sc_hd__clkbuf_16)
     9    0.03    0.06    0.15    0.28 ^ clkbuf_2_0__f_clk/X (sky130_fd_sc_hd__clkbuf_16)
                                         clknet_2_0__leaf_clk (net)
                  0.06    0.00    0.28 ^ _356_/CLK (sky130_fd_sc_hd__dfrtp_1)
                          0.00    0.28   clock reconvergence pessimism
                         -0.04    0.24   library hold time
                                  0.24   data required time
-----------------------------------------------------------------------------
                                  0.24   data required time
                                 -0.89   data arrival time
-----------------------------------------------------------------------------
                                  0.65   slack (MET)


Startpoint: _357_ (rising edge-triggered flip-flop clocked by core_clock)
Endpoint: _358_ (rising edge-triggered flip-flop clocked by core_clock)
Path Group: core_clock
Path Type: min
Corner: Typical

Fanout     Cap    Slew   Delay    Time   Description
-----------------------------------------------------------------------------
                          0.00    0.00   clock core_clock (rise edge)
                          0.00    0.00   clock source latency
     1    0.02    0.00    0.00    0.00 ^ clk (in)
                                         clk (net)
                  0.00    0.00    0.00 ^ clkbuf_0_clk/A (sky130_fd_sc_hd__clkbuf_16)
     4    0.05    0.07    0.13    0.13 ^ clkbuf_0_clk/X (sky130_fd_sc_hd__clkbuf_16)
                                         clknet_0_clk (net)
                  0.07    0.00    0.13 ^ clkbuf_2_0__f_clk/A (sky130_fd_sc_hd__clkbuf_16)
     9    0.03    0.06    0.15    0.28 ^ clkbuf_2_0__f_clk/X (sky130_fd_sc_hd__clkbuf_16)
                                         clknet_2_0__leaf_clk (net)
                  0.06    0.00    0.28 ^ _357_/CLK (sky130_fd_sc_hd__dfrtp_4)
     5    0.04    0.14    0.48    0.76 ^ _357_/Q (sky130_fd_sc_hd__dfrtp_4)
                                         one_second_enable (net)
                  0.14    0.00    0.76 ^ _174_/A1 (sky130_fd_sc_hd__a21oi_1)
     1    0.01    0.07    0.13    0.89 v _174_/Y (sky130_fd_sc_hd__a21oi_1)
                                         _060_ (net)
                  0.07    0.00    0.89 v _358_/D (sky130_fd_sc_hd__dfrtp_4)
                                  0.89   data arrival time

                          0.00    0.00   clock core_clock (rise edge)
                          0.00    0.00   clock source latency
     1    0.02    0.00    0.00    0.00 ^ clk (in)
                                         clk (net)
                  0.00    0.00    0.00 ^ clkbuf_0_clk/A (sky130_fd_sc_hd__clkbuf_16)
     4    0.05    0.07    0.13    0.13 ^ clkbuf_0_clk/X (sky130_fd_sc_hd__clkbuf_16)
                                         clknet_0_clk (net)
                  0.07    0.00    0.13 ^ clkbuf_2_1__f_clk/A (sky130_fd_sc_hd__clkbuf_16)
    10    0.03    0.05    0.14    0.28 ^ clkbuf_2_1__f_clk/X (sky130_fd_sc_hd__clkbuf_16)
                                         clknet_2_1__leaf_clk (net)
                  0.05    0.00    0.28 ^ _358_/CLK (sky130_fd_sc_hd__dfrtp_4)
                          0.00    0.28   clock reconvergence pessimism
                         -0.05    0.22   library hold time
                                  0.22   data required time
-----------------------------------------------------------------------------
                                  0.22   data required time
                                 -0.89   data arrival time
-----------------------------------------------------------------------------
                                  0.67   slack (MET)


Startpoint: _361_ (rising edge-triggered flip-flop clocked by core_clock)
Endpoint: _361_ (rising edge-triggered flip-flop clocked by core_clock)
Path Group: core_clock
Path Type: min
Corner: Typical

Fanout     Cap    Slew   Delay    Time   Description
-----------------------------------------------------------------------------
                          0.00    0.00   clock core_clock (rise edge)
                          0.00    0.00   clock source latency
     1    0.02    0.00    0.00    0.00 ^ clk (in)
                                         clk (net)
                  0.00    0.00    0.00 ^ clkbuf_0_clk/A (sky130_fd_sc_hd__clkbuf_16)
     4    0.05    0.07    0.13    0.13 ^ clkbuf_0_clk/X (sky130_fd_sc_hd__clkbuf_16)
                                         clknet_0_clk (net)
                  0.07    0.00    0.13 ^ clkbuf_2_1__f_clk/A (sky130_fd_sc_hd__clkbuf_16)
    10    0.03    0.05    0.14    0.28 ^ clkbuf_2_1__f_clk/X (sky130_fd_sc_hd__clkbuf_16)
                                         clknet_2_1__leaf_clk (net)
                  0.05    0.00    0.28 ^ _361_/CLK (sky130_fd_sc_hd__dfrtp_4)
     6    0.05    0.17    0.51    0.79 ^ _361_/Q (sky130_fd_sc_hd__dfrtp_4)
                                         decoder.digit[3] (net)
                  0.17    0.00    0.79 ^ _164_/A (sky130_fd_sc_hd__xnor2_1)
     1    0.01    0.07    0.13    0.92 v _164_/Y (sky130_fd_sc_hd__xnor2_1)
                                         _063_ (net)
                  0.07    0.00    0.92 v _361_/D (sky130_fd_sc_hd__dfrtp_4)
                                  0.92   data arrival time

                          0.00    0.00   clock core_clock (rise edge)
                          0.00    0.00   clock source latency
     1    0.02    0.00    0.00    0.00 ^ clk (in)
                                         clk (net)
                  0.00    0.00    0.00 ^ clkbuf_0_clk/A (sky130_fd_sc_hd__clkbuf_16)
     4    0.05    0.07    0.13    0.13 ^ clkbuf_0_clk/X (sky130_fd_sc_hd__clkbuf_16)
                                         clknet_0_clk (net)
                  0.07    0.00    0.13 ^ clkbuf_2_1__f_clk/A (sky130_fd_sc_hd__clkbuf_16)
    10    0.03    0.05    0.14    0.28 ^ clkbuf_2_1__f_clk/X (sky130_fd_sc_hd__clkbuf_16)
                                         clknet_2_1__leaf_clk (net)
                  0.05    0.00    0.28 ^ _361_/CLK (sky130_fd_sc_hd__dfrtp_4)
                          0.00    0.28   clock reconvergence pessimism
                         -0.05    0.22   library hold time
                                  0.22   data required time
-----------------------------------------------------------------------------
                                  0.22   data required time
                                 -0.92   data arrival time
-----------------------------------------------------------------------------
                                  0.69   slack (MET)


Startpoint: _330_ (rising edge-triggered flip-flop clocked by core_clock)
Endpoint: _330_ (rising edge-triggered flip-flop clocked by core_clock)
Path Group: core_clock
Path Type: min
Corner: Typical

Fanout     Cap    Slew   Delay    Time   Description
-----------------------------------------------------------------------------
                          0.00    0.00   clock core_clock (rise edge)
                          0.00    0.00   clock source latency
     1    0.02    0.00    0.00    0.00 ^ clk (in)
                                         clk (net)
                  0.00    0.00    0.00 ^ clkbuf_0_clk/A (sky130_fd_sc_hd__clkbuf_16)
     4    0.05    0.07    0.13    0.13 ^ clkbuf_0_clk/X (sky130_fd_sc_hd__clkbuf_16)
                                         clknet_0_clk (net)
                  0.07    0.00    0.13 ^ clkbuf_2_3__f_clk/A (sky130_fd_sc_hd__clkbuf_16)
     9    0.03    0.05    0.14    0.27 ^ clkbuf_2_3__f_clk/X (sky130_fd_sc_hd__clkbuf_16)
                                         clknet_2_3__leaf_clk (net)
                  0.05    0.00    0.27 ^ _330_/CLK (sky130_fd_sc_hd__dfrtp_4)
     7    0.05    0.16    0.50    0.77 ^ _330_/Q (sky130_fd_sc_hd__dfrtp_4)
                                         one_second_counter[0] (net)
                  0.16    0.00    0.78 ^ _190_/A (sky130_fd_sc_hd__nor2_1)
     1    0.02    0.10    0.13    0.91 v _190_/Y (sky130_fd_sc_hd__nor2_1)
                                         _000_ (net)
                  0.10    0.00    0.91 v _330_/D (sky130_fd_sc_hd__dfrtp_4)
                                  0.91   data arrival time

                          0.00    0.00   clock core_clock (rise edge)
                          0.00    0.00   clock source latency
     1    0.02    0.00    0.00    0.00 ^ clk (in)
                                         clk (net)
                  0.00    0.00    0.00 ^ clkbuf_0_clk/A (sky130_fd_sc_hd__clkbuf_16)
     4    0.05    0.07    0.13    0.13 ^ clkbuf_0_clk/X (sky130_fd_sc_hd__clkbuf_16)
                                         clknet_0_clk (net)
                  0.07    0.00    0.13 ^ clkbuf_2_3__f_clk/A (sky130_fd_sc_hd__clkbuf_16)
     9    0.03    0.05    0.14    0.27 ^ clkbuf_2_3__f_clk/X (sky130_fd_sc_hd__clkbuf_16)
                                         clknet_2_3__leaf_clk (net)
                  0.05    0.00    0.27 ^ _330_/CLK (sky130_fd_sc_hd__dfrtp_4)
                          0.00    0.27   clock reconvergence pessimism
                         -0.06    0.21   library hold time
                                  0.21   data required time
-----------------------------------------------------------------------------
                                  0.21   data required time
                                 -0.91   data arrival time
-----------------------------------------------------------------------------
                                  0.70   slack (MET)


Startpoint: _353_ (rising edge-triggered flip-flop clocked by core_clock)
Endpoint: _353_ (rising edge-triggered flip-flop clocked by core_clock)
Path Group: core_clock
Path Type: min
Corner: Typical

Fanout     Cap    Slew   Delay    Time   Description
-----------------------------------------------------------------------------
                          0.00    0.00   clock core_clock (rise edge)
                          0.00    0.00   clock source latency
     1    0.02    0.00    0.00    0.00 ^ clk (in)
                                         clk (net)
                  0.00    0.00    0.00 ^ clkbuf_0_clk/A (sky130_fd_sc_hd__clkbuf_16)
     4    0.05    0.07    0.13    0.13 ^ clkbuf_0_clk/X (sky130_fd_sc_hd__clkbuf_16)
                                         clknet_0_clk (net)
                  0.07    0.00    0.13 ^ clkbuf_2_2__f_clk/A (sky130_fd_sc_hd__clkbuf_16)
     7    0.03    0.05    0.14    0.27 ^ clkbuf_2_2__f_clk/X (sky130_fd_sc_hd__clkbuf_16)
                                         clknet_2_2__leaf_clk (net)
                  0.05    0.00    0.27 ^ _353_/CLK (sky130_fd_sc_hd__dfrtp_2)
     2    0.03    0.10    0.45    0.73 v _353_/Q (sky130_fd_sc_hd__dfrtp_2)
                                         one_second_counter[23] (net)
                  0.10    0.00    0.73 v _273_/A (sky130_fd_sc_hd__inv_2)
     1    0.02    0.08    0.10    0.83 ^ _273_/Y (sky130_fd_sc_hd__inv_2)
                                         _147_ (net)
                  0.08    0.00    0.84 ^ _275_/A1 (sky130_fd_sc_hd__a221oi_1)
     1    0.01    0.09    0.10    0.94 v _275_/Y (sky130_fd_sc_hd__a221oi_1)
                                         _015_ (net)
                  0.09    0.00    0.94 v _353_/D (sky130_fd_sc_hd__dfrtp_2)
                                  0.94   data arrival time

                          0.00    0.00   clock core_clock (rise edge)
                          0.00    0.00   clock source latency
     1    0.02    0.00    0.00    0.00 ^ clk (in)
                                         clk (net)
                  0.00    0.00    0.00 ^ clkbuf_0_clk/A (sky130_fd_sc_hd__clkbuf_16)
     4    0.05    0.07    0.13    0.13 ^ clkbuf_0_clk/X (sky130_fd_sc_hd__clkbuf_16)
                                         clknet_0_clk (net)
                  0.07    0.00    0.13 ^ clkbuf_2_2__f_clk/A (sky130_fd_sc_hd__clkbuf_16)
     7    0.03    0.05    0.14    0.27 ^ clkbuf_2_2__f_clk/X (sky130_fd_sc_hd__clkbuf_16)
                                         clknet_2_2__leaf_clk (net)
                  0.05    0.00    0.27 ^ _353_/CLK (sky130_fd_sc_hd__dfrtp_2)
                          0.00    0.27   clock reconvergence pessimism
                         -0.06    0.22   library hold time
                                  0.22   data required time
-----------------------------------------------------------------------------
                                  0.22   data required time
                                 -0.94   data arrival time
-----------------------------------------------------------------------------
                                  0.72   slack (MET)


Startpoint: _337_ (rising edge-triggered flip-flop clocked by core_clock)
Endpoint: _337_ (rising edge-triggered flip-flop clocked by core_clock)
Path Group: core_clock
Path Type: min
Corner: Typical

Fanout     Cap    Slew   Delay    Time   Description
-----------------------------------------------------------------------------
                          0.00    0.00   clock core_clock (rise edge)
                          0.00    0.00   clock source latency
     1    0.02    0.00    0.00    0.00 ^ clk (in)
                                         clk (net)
                  0.00    0.00    0.00 ^ clkbuf_0_clk/A (sky130_fd_sc_hd__clkbuf_16)
     4    0.05    0.07    0.13    0.13 ^ clkbuf_0_clk/X (sky130_fd_sc_hd__clkbuf_16)
                                         clknet_0_clk (net)
                  0.07    0.00    0.13 ^ clkbuf_2_0__f_clk/A (sky130_fd_sc_hd__clkbuf_16)
     9    0.03    0.06    0.15    0.28 ^ clkbuf_2_0__f_clk/X (sky130_fd_sc_hd__clkbuf_16)
                                         clknet_2_0__leaf_clk (net)
                  0.06    0.00    0.28 ^ _337_/CLK (sky130_fd_sc_hd__dfrtp_1)
     2    0.02    0.11    0.43    0.71 v _337_/Q (sky130_fd_sc_hd__dfrtp_1)
                                         one_second_counter[7] (net)
                  0.11    0.00    0.71 v _214_/A (sky130_fd_sc_hd__inv_2)
     1    0.02    0.11    0.13    0.84 ^ _214_/Y (sky130_fd_sc_hd__inv_2)
                                         _104_ (net)
                  0.11    0.00    0.84 ^ _215_/A1 (sky130_fd_sc_hd__a211oi_2)
     1    0.01    0.06    0.11    0.95 v _215_/Y (sky130_fd_sc_hd__a211oi_2)
                                         _024_ (net)
                  0.06    0.00    0.96 v _337_/D (sky130_fd_sc_hd__dfrtp_1)
                                  0.96   data arrival time

                          0.00    0.00   clock core_clock (rise edge)
                          0.00    0.00   clock source latency
     1    0.02    0.00    0.00    0.00 ^ clk (in)
                                         clk (net)
                  0.00    0.00    0.00 ^ clkbuf_0_clk/A (sky130_fd_sc_hd__clkbuf_16)
     4    0.05    0.07    0.13    0.13 ^ clkbuf_0_clk/X (sky130_fd_sc_hd__clkbuf_16)
                                         clknet_0_clk (net)
                  0.07    0.00    0.13 ^ clkbuf_2_0__f_clk/A (sky130_fd_sc_hd__clkbuf_16)
     9    0.03    0.06    0.15    0.28 ^ clkbuf_2_0__f_clk/X (sky130_fd_sc_hd__clkbuf_16)
                                         clknet_2_0__leaf_clk (net)
                  0.06    0.00    0.28 ^ _337_/CLK (sky130_fd_sc_hd__dfrtp_1)
                          0.00    0.28   clock reconvergence pessimism
                         -0.05    0.23   library hold time
                                  0.23   data required time
-----------------------------------------------------------------------------
                                  0.23   data required time
                                 -0.96   data arrival time
-----------------------------------------------------------------------------
                                  0.73   slack (MET)


Startpoint: _345_ (rising edge-triggered flip-flop clocked by core_clock)
Endpoint: _345_ (rising edge-triggered flip-flop clocked by core_clock)
Path Group: core_clock
Path Type: min
Corner: Typical

Fanout     Cap    Slew   Delay    Time   Description
-----------------------------------------------------------------------------
                          0.00    0.00   clock core_clock (rise edge)
                          0.00    0.00   clock source latency
     1    0.02    0.00    0.00    0.00 ^ clk (in)
                                         clk (net)
                  0.00    0.00    0.00 ^ clkbuf_0_clk/A (sky130_fd_sc_hd__clkbuf_16)
     4    0.05    0.07    0.13    0.13 ^ clkbuf_0_clk/X (sky130_fd_sc_hd__clkbuf_16)
                                         clknet_0_clk (net)
                  0.07    0.00    0.13 ^ clkbuf_2_3__f_clk/A (sky130_fd_sc_hd__clkbuf_16)
     9    0.03    0.05    0.14    0.27 ^ clkbuf_2_3__f_clk/X (sky130_fd_sc_hd__clkbuf_16)
                                         clknet_2_3__leaf_clk (net)
                  0.05    0.00    0.27 ^ _345_/CLK (sky130_fd_sc_hd__dfrtp_2)
     3    0.03    0.10    0.46    0.74 v _345_/Q (sky130_fd_sc_hd__dfrtp_2)
                                         one_second_counter[15] (net)
                  0.10    0.00    0.74 v _243_/A (sky130_fd_sc_hd__inv_2)
     1    0.01    0.05    0.08    0.82 ^ _243_/Y (sky130_fd_sc_hd__inv_2)
                                         _125_ (net)
                  0.05    0.00    0.82 ^ _246_/A1 (sky130_fd_sc_hd__a211oi_1)
     1    0.01    0.10    0.12    0.94 v _246_/Y (sky130_fd_sc_hd__a211oi_1)
                                         _006_ (net)
                  0.10    0.00    0.94 v _345_/D (sky130_fd_sc_hd__dfrtp_2)
                                  0.94   data arrival time

                          0.00    0.00   clock core_clock (rise edge)
                          0.00    0.00   clock source latency
     1    0.02    0.00    0.00    0.00 ^ clk (in)
                                         clk (net)
                  0.00    0.00    0.00 ^ clkbuf_0_clk/A (sky130_fd_sc_hd__clkbuf_16)
     4    0.05    0.07    0.13    0.13 ^ clkbuf_0_clk/X (sky130_fd_sc_hd__clkbuf_16)
                                         clknet_0_clk (net)
                  0.07    0.00    0.13 ^ clkbuf_2_3__f_clk/A (sky130_fd_sc_hd__clkbuf_16)
     9    0.03    0.05    0.14    0.27 ^ clkbuf_2_3__f_clk/X (sky130_fd_sc_hd__clkbuf_16)
                                         clknet_2_3__leaf_clk (net)
                  0.05    0.00    0.27 ^ _345_/CLK (sky130_fd_sc_hd__dfrtp_2)
                          0.00    0.27   clock reconvergence pessimism
                         -0.06    0.21   library hold time
                                  0.21   data required time
-----------------------------------------------------------------------------
                                  0.21   data required time
                                 -0.94   data arrival time
-----------------------------------------------------------------------------
                                  0.73   slack (MET)


Startpoint: _351_ (rising edge-triggered flip-flop clocked by core_clock)
Endpoint: _351_ (rising edge-triggered flip-flop clocked by core_clock)
Path Group: core_clock
Path Type: min
Corner: Typical

Fanout     Cap    Slew   Delay    Time   Description
-----------------------------------------------------------------------------
                          0.00    0.00   clock core_clock (rise edge)
                          0.00    0.00   clock source latency
     1    0.02    0.00    0.00    0.00 ^ clk (in)
                                         clk (net)
                  0.00    0.00    0.00 ^ clkbuf_0_clk/A (sky130_fd_sc_hd__clkbuf_16)
     4    0.05    0.07    0.13    0.13 ^ clkbuf_0_clk/X (sky130_fd_sc_hd__clkbuf_16)
                                         clknet_0_clk (net)
                  0.07    0.00    0.13 ^ clkbuf_2_1__f_clk/A (sky130_fd_sc_hd__clkbuf_16)
    10    0.03    0.05    0.14    0.28 ^ clkbuf_2_1__f_clk/X (sky130_fd_sc_hd__clkbuf_16)
                                         clknet_2_1__leaf_clk (net)
                  0.05    0.00    0.28 ^ _351_/CLK (sky130_fd_sc_hd__dfrtp_2)
     3    0.03    0.09    0.45    0.73 v _351_/Q (sky130_fd_sc_hd__dfrtp_2)
                                         one_second_counter[21] (net)
                  0.09    0.00    0.73 v _266_/A (sky130_fd_sc_hd__inv_2)
     1    0.02    0.11    0.13    0.85 ^ _266_/Y (sky130_fd_sc_hd__inv_2)
                                         _142_ (net)
                  0.11    0.00    0.85 ^ _268_/A1 (sky130_fd_sc_hd__a211oi_1)
     1    0.01    0.08    0.11    0.96 v _268_/Y (sky130_fd_sc_hd__a211oi_1)
                                         _013_ (net)
                  0.08    0.00    0.96 v _351_/D (sky130_fd_sc_hd__dfrtp_2)
                                  0.96   data arrival time

                          0.00    0.00   clock core_clock (rise edge)
                          0.00    0.00   clock source latency
     1    0.02    0.00    0.00    0.00 ^ clk (in)
                                         clk (net)
                  0.00    0.00    0.00 ^ clkbuf_0_clk/A (sky130_fd_sc_hd__clkbuf_16)
     4    0.05    0.07    0.13    0.13 ^ clkbuf_0_clk/X (sky130_fd_sc_hd__clkbuf_16)
                                         clknet_0_clk (net)
                  0.07    0.00    0.13 ^ clkbuf_2_1__f_clk/A (sky130_fd_sc_hd__clkbuf_16)
    10    0.03    0.05    0.14    0.28 ^ clkbuf_2_1__f_clk/X (sky130_fd_sc_hd__clkbuf_16)
                                         clknet_2_1__leaf_clk (net)
                  0.05    0.00    0.28 ^ _351_/CLK (sky130_fd_sc_hd__dfrtp_2)
                          0.00    0.28   clock reconvergence pessimism
                         -0.05    0.22   library hold time
                                  0.22   data required time
-----------------------------------------------------------------------------
                                  0.22   data required time
                                 -0.96   data arrival time
-----------------------------------------------------------------------------
                                  0.74   slack (MET)


Startpoint: _357_ (rising edge-triggered flip-flop clocked by core_clock)
Endpoint: _359_ (rising edge-triggered flip-flop clocked by core_clock)
Path Group: core_clock
Path Type: min
Corner: Typical

Fanout     Cap    Slew   Delay    Time   Description
-----------------------------------------------------------------------------
                          0.00    0.00   clock core_clock (rise edge)
                          0.00    0.00   clock source latency
     1    0.02    0.00    0.00    0.00 ^ clk (in)
                                         clk (net)
                  0.00    0.00    0.00 ^ clkbuf_0_clk/A (sky130_fd_sc_hd__clkbuf_16)
     4    0.05    0.07    0.13    0.13 ^ clkbuf_0_clk/X (sky130_fd_sc_hd__clkbuf_16)
                                         clknet_0_clk (net)
                  0.07    0.00    0.13 ^ clkbuf_2_0__f_clk/A (sky130_fd_sc_hd__clkbuf_16)
     9    0.03    0.06    0.15    0.28 ^ clkbuf_2_0__f_clk/X (sky130_fd_sc_hd__clkbuf_16)
                                         clknet_2_0__leaf_clk (net)
                  0.06    0.00    0.28 ^ _357_/CLK (sky130_fd_sc_hd__dfrtp_4)
     5    0.04    0.14    0.48    0.76 ^ _357_/Q (sky130_fd_sc_hd__dfrtp_4)
                                         one_second_enable (net)
                  0.14    0.00    0.76 ^ _171_/A1 (sky130_fd_sc_hd__a21oi_1)
     1    0.01    0.07    0.11    0.88 v _171_/Y (sky130_fd_sc_hd__a21oi_1)
                                         _071_ (net)
                  0.07    0.00    0.88 v _172_/B (sky130_fd_sc_hd__nor2_1)
     1    0.01    0.15    0.15    1.02 ^ _172_/Y (sky130_fd_sc_hd__nor2_1)
                                         _061_ (net)
                  0.15    0.00    1.02 ^ _359_/D (sky130_fd_sc_hd__dfrtp_4)
                                  1.02   data arrival time

                          0.00    0.00   clock core_clock (rise edge)
                          0.00    0.00   clock source latency
     1    0.02    0.00    0.00    0.00 ^ clk (in)
                                         clk (net)
                  0.00    0.00    0.00 ^ clkbuf_0_clk/A (sky130_fd_sc_hd__clkbuf_16)
     4    0.05    0.07    0.13    0.13 ^ clkbuf_0_clk/X (sky130_fd_sc_hd__clkbuf_16)
                                         clknet_0_clk (net)
                  0.07    0.00    0.13 ^ clkbuf_2_2__f_clk/A (sky130_fd_sc_hd__clkbuf_16)
     7    0.03    0.05    0.14    0.27 ^ clkbuf_2_2__f_clk/X (sky130_fd_sc_hd__clkbuf_16)
                                         clknet_2_2__leaf_clk (net)
                  0.05    0.00    0.27 ^ _359_/CLK (sky130_fd_sc_hd__dfrtp_4)
                          0.00    0.27   clock reconvergence pessimism
                         -0.06    0.22   library hold time
                                  0.22   data required time
-----------------------------------------------------------------------------
                                  0.22   data required time
                                 -1.02   data arrival time
-----------------------------------------------------------------------------
                                  0.80   slack (MET)


Startpoint: _339_ (rising edge-triggered flip-flop clocked by core_clock)
Endpoint: _339_ (rising edge-triggered flip-flop clocked by core_clock)
Path Group: core_clock
Path Type: min
Corner: Typical

Fanout     Cap    Slew   Delay    Time   Description
-----------------------------------------------------------------------------
                          0.00    0.00   clock core_clock (rise edge)
                          0.00    0.00   clock source latency
     1    0.02    0.00    0.00    0.00 ^ clk (in)
                                         clk (net)
                  0.00    0.00    0.00 ^ clkbuf_0_clk/A (sky130_fd_sc_hd__clkbuf_16)
     4    0.05    0.07    0.13    0.13 ^ clkbuf_0_clk/X (sky130_fd_sc_hd__clkbuf_16)
                                         clknet_0_clk (net)
                  0.07    0.00    0.13 ^ clkbuf_2_0__f_clk/A (sky130_fd_sc_hd__clkbuf_16)
     9    0.03    0.06    0.15    0.28 ^ clkbuf_2_0__f_clk/X (sky130_fd_sc_hd__clkbuf_16)
                                         clknet_2_0__leaf_clk (net)
                  0.06    0.00    0.28 ^ _339_/CLK (sky130_fd_sc_hd__dfrtp_1)
     3    0.03    0.15    0.47    0.75 v _339_/Q (sky130_fd_sc_hd__dfrtp_1)
                                         one_second_counter[9] (net)
                  0.15    0.00    0.75 v _220_/B1 (sky130_fd_sc_hd__a21oi_1)
     1    0.01    0.24    0.26    1.01 ^ _220_/Y (sky130_fd_sc_hd__a21oi_1)
                                         _108_ (net)
                  0.24    0.00    1.01 ^ _222_/B (sky130_fd_sc_hd__nor3_1)
     1    0.01    0.07    0.10    1.11 v _222_/Y (sky130_fd_sc_hd__nor3_1)
                                         _026_ (net)
                  0.07    0.00    1.11 v _339_/D (sky130_fd_sc_hd__dfrtp_1)
                                  1.11   data arrival time

                          0.00    0.00   clock core_clock (rise edge)
                          0.00    0.00   clock source latency
     1    0.02    0.00    0.00    0.00 ^ clk (in)
                                         clk (net)
                  0.00    0.00    0.00 ^ clkbuf_0_clk/A (sky130_fd_sc_hd__clkbuf_16)
     4    0.05    0.07    0.13    0.13 ^ clkbuf_0_clk/X (sky130_fd_sc_hd__clkbuf_16)
                                         clknet_0_clk (net)
                  0.07    0.00    0.13 ^ clkbuf_2_0__f_clk/A (sky130_fd_sc_hd__clkbuf_16)
     9    0.03    0.06    0.15    0.28 ^ clkbuf_2_0__f_clk/X (sky130_fd_sc_hd__clkbuf_16)
                                         clknet_2_0__leaf_clk (net)
                  0.06    0.00    0.28 ^ _339_/CLK (sky130_fd_sc_hd__dfrtp_1)
                          0.00    0.28   clock reconvergence pessimism
                         -0.05    0.23   library hold time
                                  0.23   data required time
-----------------------------------------------------------------------------
                                  0.23   data required time
                                 -1.11   data arrival time
-----------------------------------------------------------------------------
                                  0.88   slack (MET)


Startpoint: _335_ (rising edge-triggered flip-flop clocked by core_clock)
Endpoint: _335_ (rising edge-triggered flip-flop clocked by core_clock)
Path Group: core_clock
Path Type: min
Corner: Typical

Fanout     Cap    Slew   Delay    Time   Description
-----------------------------------------------------------------------------
                          0.00    0.00   clock core_clock (rise edge)
                          0.00    0.00   clock source latency
     1    0.02    0.00    0.00    0.00 ^ clk (in)
                                         clk (net)
                  0.00    0.00    0.00 ^ clkbuf_0_clk/A (sky130_fd_sc_hd__clkbuf_16)
     4    0.05    0.07    0.13    0.13 ^ clkbuf_0_clk/X (sky130_fd_sc_hd__clkbuf_16)
                                         clknet_0_clk (net)
                  0.07    0.00    0.13 ^ clkbuf_2_1__f_clk/A (sky130_fd_sc_hd__clkbuf_16)
    10    0.03    0.05    0.14    0.28 ^ clkbuf_2_1__f_clk/X (sky130_fd_sc_hd__clkbuf_16)
                                         clknet_2_1__leaf_clk (net)
                  0.05    0.00    0.28 ^ _335_/CLK (sky130_fd_sc_hd__dfrtp_2)
     3    0.03    0.10    0.45    0.73 v _335_/Q (sky130_fd_sc_hd__dfrtp_2)
                                         one_second_counter[5] (net)
                  0.10    0.00    0.73 v _207_/B1 (sky130_fd_sc_hd__a21oi_1)
     1    0.01    0.24    0.25    0.98 ^ _207_/Y (sky130_fd_sc_hd__a21oi_1)
                                         _099_ (net)
                  0.24    0.00    0.98 ^ _209_/B (sky130_fd_sc_hd__nor3_1)
     1    0.01    0.10    0.14    1.12 v _209_/Y (sky130_fd_sc_hd__nor3_1)
                                         _022_ (net)
                  0.10    0.00    1.12 v _335_/D (sky130_fd_sc_hd__dfrtp_2)
                                  1.12   data arrival time

                          0.00    0.00   clock core_clock (rise edge)
                          0.00    0.00   clock source latency
     1    0.02    0.00    0.00    0.00 ^ clk (in)
                                         clk (net)
                  0.00    0.00    0.00 ^ clkbuf_0_clk/A (sky130_fd_sc_hd__clkbuf_16)
     4    0.05    0.07    0.13    0.13 ^ clkbuf_0_clk/X (sky130_fd_sc_hd__clkbuf_16)
                                         clknet_0_clk (net)
                  0.07    0.00    0.13 ^ clkbuf_2_1__f_clk/A (sky130_fd_sc_hd__clkbuf_16)
    10    0.03    0.05    0.14    0.28 ^ clkbuf_2_1__f_clk/X (sky130_fd_sc_hd__clkbuf_16)
                                         clknet_2_1__leaf_clk (net)
                  0.05    0.00    0.28 ^ _335_/CLK (sky130_fd_sc_hd__dfrtp_2)
                          0.00    0.28   clock reconvergence pessimism
                         -0.06    0.21   library hold time
                                  0.21   data required time
-----------------------------------------------------------------------------
                                  0.21   data required time
                                 -1.12   data arrival time
-----------------------------------------------------------------------------
                                  0.91   slack (MET)


Startpoint: _341_ (rising edge-triggered flip-flop clocked by core_clock)
Endpoint: _341_ (rising edge-triggered flip-flop clocked by core_clock)
Path Group: core_clock
Path Type: min
Corner: Typical

Fanout     Cap    Slew   Delay    Time   Description
-----------------------------------------------------------------------------
                          0.00    0.00   clock core_clock (rise edge)
                          0.00    0.00   clock source latency
     1    0.02    0.00    0.00    0.00 ^ clk (in)
                                         clk (net)
                  0.00    0.00    0.00 ^ clkbuf_0_clk/A (sky130_fd_sc_hd__clkbuf_16)
     4    0.05    0.07    0.13    0.13 ^ clkbuf_0_clk/X (sky130_fd_sc_hd__clkbuf_16)
                                         clknet_0_clk (net)
                  0.07    0.00    0.13 ^ clkbuf_2_1__f_clk/A (sky130_fd_sc_hd__clkbuf_16)
    10    0.03    0.05    0.14    0.28 ^ clkbuf_2_1__f_clk/X (sky130_fd_sc_hd__clkbuf_16)
                                         clknet_2_1__leaf_clk (net)
                  0.05    0.00    0.28 ^ _341_/CLK (sky130_fd_sc_hd__dfrtp_2)
     4    0.03    0.10    0.46    0.73 v _341_/Q (sky130_fd_sc_hd__dfrtp_2)
                                         one_second_counter[11] (net)
                  0.10    0.00    0.74 v _227_/B1 (sky130_fd_sc_hd__a21oi_1)
     1    0.01    0.24    0.25    0.98 ^ _227_/Y (sky130_fd_sc_hd__a21oi_1)
                                         _113_ (net)
                  0.24    0.00    0.98 ^ _229_/B (sky130_fd_sc_hd__nor3_1)
     1    0.02    0.11    0.15    1.14 v _229_/Y (sky130_fd_sc_hd__nor3_1)
                                         _002_ (net)
                  0.11    0.00    1.14 v _341_/D (sky130_fd_sc_hd__dfrtp_2)
                                  1.14   data arrival time

                          0.00    0.00   clock core_clock (rise edge)
                          0.00    0.00   clock source latency
     1    0.02    0.00    0.00    0.00 ^ clk (in)
                                         clk (net)
                  0.00    0.00    0.00 ^ clkbuf_0_clk/A (sky130_fd_sc_hd__clkbuf_16)
     4    0.05    0.07    0.13    0.13 ^ clkbuf_0_clk/X (sky130_fd_sc_hd__clkbuf_16)
                                         clknet_0_clk (net)
                  0.07    0.00    0.13 ^ clkbuf_2_1__f_clk/A (sky130_fd_sc_hd__clkbuf_16)
    10    0.03    0.05    0.14    0.28 ^ clkbuf_2_1__f_clk/X (sky130_fd_sc_hd__clkbuf_16)
                                         clknet_2_1__leaf_clk (net)
                  0.05    0.00    0.28 ^ _341_/CLK (sky130_fd_sc_hd__dfrtp_2)
                          0.00    0.28   clock reconvergence pessimism
                         -0.07    0.21   library hold time
                                  0.21   data required time
-----------------------------------------------------------------------------
                                  0.21   data required time
                                 -1.14   data arrival time
-----------------------------------------------------------------------------
                                  0.93   slack (MET)


Startpoint: _348_ (rising edge-triggered flip-flop clocked by core_clock)
Endpoint: _348_ (rising edge-triggered flip-flop clocked by core_clock)
Path Group: core_clock
Path Type: min
Corner: Typical

Fanout     Cap    Slew   Delay    Time   Description
-----------------------------------------------------------------------------
                          0.00    0.00   clock core_clock (rise edge)
                          0.00    0.00   clock source latency
     1    0.02    0.00    0.00    0.00 ^ clk (in)
                                         clk (net)
                  0.00    0.00    0.00 ^ clkbuf_0_clk/A (sky130_fd_sc_hd__clkbuf_16)
     4    0.05    0.07    0.13    0.13 ^ clkbuf_0_clk/X (sky130_fd_sc_hd__clkbuf_16)
                                         clknet_0_clk (net)
                  0.07    0.00    0.13 ^ clkbuf_2_1__f_clk/A (sky130_fd_sc_hd__clkbuf_16)
    10    0.03    0.05    0.14    0.28 ^ clkbuf_2_1__f_clk/X (sky130_fd_sc_hd__clkbuf_16)
                                         clknet_2_1__leaf_clk (net)
                  0.05    0.00    0.28 ^ _348_/CLK (sky130_fd_sc_hd__dfrtp_4)
     6    0.05    0.12    0.56    0.83 v _348_/Q (sky130_fd_sc_hd__dfrtp_4)
                                         one_second_counter[18] (net)
                  0.12    0.00    0.84 v _253_/A (sky130_fd_sc_hd__nand2_1)
     1    0.01    0.09    0.12    0.96 ^ _253_/Y (sky130_fd_sc_hd__nand2_1)
                                         _132_ (net)
                  0.09    0.00    0.96 ^ _255_/A1 (sky130_fd_sc_hd__o211a_1)
     1    0.01    0.11    0.21    1.17 ^ _255_/X (sky130_fd_sc_hd__o211a_1)
                                         _009_ (net)
                  0.11    0.00    1.17 ^ _348_/D (sky130_fd_sc_hd__dfrtp_4)
                                  1.17   data arrival time

                          0.00    0.00   clock core_clock (rise edge)
                          0.00    0.00   clock source latency
     1    0.02    0.00    0.00    0.00 ^ clk (in)
                                         clk (net)
                  0.00    0.00    0.00 ^ clkbuf_0_clk/A (sky130_fd_sc_hd__clkbuf_16)
     4    0.05    0.07    0.13    0.13 ^ clkbuf_0_clk/X (sky130_fd_sc_hd__clkbuf_16)
                                         clknet_0_clk (net)
                  0.07    0.00    0.13 ^ clkbuf_2_1__f_clk/A (sky130_fd_sc_hd__clkbuf_16)
    10    0.03    0.05    0.14    0.28 ^ clkbuf_2_1__f_clk/X (sky130_fd_sc_hd__clkbuf_16)
                                         clknet_2_1__leaf_clk (net)
                  0.05    0.00    0.28 ^ _348_/CLK (sky130_fd_sc_hd__dfrtp_4)
                          0.00    0.28   clock reconvergence pessimism
                         -0.05    0.23   library hold time
                                  0.23   data required time
-----------------------------------------------------------------------------
                                  0.23   data required time
                                 -1.17   data arrival time
-----------------------------------------------------------------------------
                                  0.94   slack (MET)


Startpoint: _352_ (rising edge-triggered flip-flop clocked by core_clock)
Endpoint: _352_ (rising edge-triggered flip-flop clocked by core_clock)
Path Group: core_clock
Path Type: min
Corner: Typical

Fanout     Cap    Slew   Delay    Time   Description
-----------------------------------------------------------------------------
                          0.00    0.00   clock core_clock (rise edge)
                          0.00    0.00   clock source latency
     1    0.02    0.00    0.00    0.00 ^ clk (in)
                                         clk (net)
                  0.00    0.00    0.00 ^ clkbuf_0_clk/A (sky130_fd_sc_hd__clkbuf_16)
     4    0.05    0.07    0.13    0.13 ^ clkbuf_0_clk/X (sky130_fd_sc_hd__clkbuf_16)
                                         clknet_0_clk (net)
                  0.07    0.00    0.13 ^ clkbuf_2_1__f_clk/A (sky130_fd_sc_hd__clkbuf_16)
    10    0.03    0.05    0.14    0.28 ^ clkbuf_2_1__f_clk/X (sky130_fd_sc_hd__clkbuf_16)
                                         clknet_2_1__leaf_clk (net)
                  0.05    0.00    0.28 ^ _352_/CLK (sky130_fd_sc_hd__dfrtp_1)
     3    0.02    0.19    0.43    0.71 ^ _352_/Q (sky130_fd_sc_hd__dfrtp_1)
                                         one_second_counter[22] (net)
                  0.19    0.00    0.71 ^ _269_/A (sky130_fd_sc_hd__or2_1)
     1    0.01    0.10    0.18    0.89 ^ _269_/X (sky130_fd_sc_hd__or2_1)
                                         _144_ (net)
                  0.10    0.00    0.89 ^ _271_/B (sky130_fd_sc_hd__and3_1)
     1    0.01    0.12    0.22    1.11 ^ _271_/X (sky130_fd_sc_hd__and3_1)
                                         _146_ (net)
                  0.12    0.00    1.11 ^ _272_/A (sky130_fd_sc_hd__clkbuf_1)
     1    0.00    0.05    0.10    1.21 ^ _272_/X (sky130_fd_sc_hd__clkbuf_1)
                                         _014_ (net)
                  0.05    0.00    1.21 ^ _352_/D (sky130_fd_sc_hd__dfrtp_1)
                                  1.21   data arrival time

                          0.00    0.00   clock core_clock (rise edge)
                          0.00    0.00   clock source latency
     1    0.02    0.00    0.00    0.00 ^ clk (in)
                                         clk (net)
                  0.00    0.00    0.00 ^ clkbuf_0_clk/A (sky130_fd_sc_hd__clkbuf_16)
     4    0.05    0.07    0.13    0.13 ^ clkbuf_0_clk/X (sky130_fd_sc_hd__clkbuf_16)
                                         clknet_0_clk (net)
                  0.07    0.00    0.13 ^ clkbuf_2_1__f_clk/A (sky130_fd_sc_hd__clkbuf_16)
    10    0.03    0.05    0.14    0.28 ^ clkbuf_2_1__f_clk/X (sky130_fd_sc_hd__clkbuf_16)
                                         clknet_2_1__leaf_clk (net)
                  0.05    0.00    0.28 ^ _352_/CLK (sky130_fd_sc_hd__dfrtp_1)
                          0.00    0.28   clock reconvergence pessimism
                         -0.03    0.24   library hold time
                                  0.24   data required time
-----------------------------------------------------------------------------
                                  0.24   data required time
                                 -1.21   data arrival time
-----------------------------------------------------------------------------
                                  0.97   slack (MET)


Startpoint: _336_ (rising edge-triggered flip-flop clocked by core_clock)
Endpoint: _336_ (rising edge-triggered flip-flop clocked by core_clock)
Path Group: core_clock
Path Type: min
Corner: Typical

Fanout     Cap    Slew   Delay    Time   Description
-----------------------------------------------------------------------------
                          0.00    0.00   clock core_clock (rise edge)
                          0.00    0.00   clock source latency
     1    0.02    0.00    0.00    0.00 ^ clk (in)
                                         clk (net)
                  0.00    0.00    0.00 ^ clkbuf_0_clk/A (sky130_fd_sc_hd__clkbuf_16)
     4    0.05    0.07    0.13    0.13 ^ clkbuf_0_clk/X (sky130_fd_sc_hd__clkbuf_16)
                                         clknet_0_clk (net)
                  0.07    0.00    0.13 ^ clkbuf_2_0__f_clk/A (sky130_fd_sc_hd__clkbuf_16)
     9    0.03    0.06    0.15    0.28 ^ clkbuf_2_0__f_clk/X (sky130_fd_sc_hd__clkbuf_16)
                                         clknet_2_0__leaf_clk (net)
                  0.06    0.00    0.28 ^ _336_/CLK (sky130_fd_sc_hd__dfrtp_1)
     3    0.02    0.16    0.41    0.69 ^ _336_/Q (sky130_fd_sc_hd__dfrtp_1)
                                         one_second_counter[6] (net)
                  0.16    0.00    0.69 ^ _211_/A (sky130_fd_sc_hd__nand2_1)
     2    0.01    0.10    0.13    0.82 v _211_/Y (sky130_fd_sc_hd__nand2_1)
                                         _102_ (net)
                  0.10    0.00    0.82 v _212_/C (sky130_fd_sc_hd__and3_1)
     1    0.01    0.05    0.22    1.04 v _212_/X (sky130_fd_sc_hd__and3_1)
                                         _103_ (net)
                  0.05    0.00    1.04 v _213_/A (sky130_fd_sc_hd__buf_1)
     2    0.02    0.10    0.15    1.19 v _213_/X (sky130_fd_sc_hd__buf_1)
                                         _023_ (net)
                  0.10    0.00    1.19 v _336_/D (sky130_fd_sc_hd__dfrtp_1)
                                  1.19   data arrival time

                          0.00    0.00   clock core_clock (rise edge)
                          0.00    0.00   clock source latency
     1    0.02    0.00    0.00    0.00 ^ clk (in)
                                         clk (net)
                  0.00    0.00    0.00 ^ clkbuf_0_clk/A (sky130_fd_sc_hd__clkbuf_16)
     4    0.05    0.07    0.13    0.13 ^ clkbuf_0_clk/X (sky130_fd_sc_hd__clkbuf_16)
                                         clknet_0_clk (net)
                  0.07    0.00    0.13 ^ clkbuf_2_0__f_clk/A (sky130_fd_sc_hd__clkbuf_16)
     9    0.03    0.06    0.15    0.28 ^ clkbuf_2_0__f_clk/X (sky130_fd_sc_hd__clkbuf_16)
                                         clknet_2_0__leaf_clk (net)
                  0.06    0.00    0.28 ^ _336_/CLK (sky130_fd_sc_hd__dfrtp_1)
                          0.00    0.28   clock reconvergence pessimism
                         -0.06    0.21   library hold time
                                  0.21   data required time
-----------------------------------------------------------------------------
                                  0.21   data required time
                                 -1.19   data arrival time
-----------------------------------------------------------------------------
                                  0.97   slack (MET)


Startpoint: _347_ (rising edge-triggered flip-flop clocked by core_clock)
Endpoint: _347_ (rising edge-triggered flip-flop clocked by core_clock)
Path Group: core_clock
Path Type: min
Corner: Typical

Fanout     Cap    Slew   Delay    Time   Description
-----------------------------------------------------------------------------
                          0.00    0.00   clock core_clock (rise edge)
                          0.00    0.00   clock source latency
     1    0.02    0.00    0.00    0.00 ^ clk (in)
                                         clk (net)
                  0.00    0.00    0.00 ^ clkbuf_0_clk/A (sky130_fd_sc_hd__clkbuf_16)
     4    0.05    0.07    0.13    0.13 ^ clkbuf_0_clk/X (sky130_fd_sc_hd__clkbuf_16)
                                         clknet_0_clk (net)
                  0.07    0.00    0.13 ^ clkbuf_2_3__f_clk/A (sky130_fd_sc_hd__clkbuf_16)
     9    0.03    0.05    0.14    0.27 ^ clkbuf_2_3__f_clk/X (sky130_fd_sc_hd__clkbuf_16)
                                         clknet_2_3__leaf_clk (net)
                  0.05    0.00    0.27 ^ _347_/CLK (sky130_fd_sc_hd__dfrtp_4)
     8    0.06    0.18    0.52    0.79 ^ _347_/Q (sky130_fd_sc_hd__dfrtp_4)
                                         one_second_counter[17] (net)
                  0.18    0.00    0.79 ^ _251_/A (sky130_fd_sc_hd__xor2_1)
     1    0.01    0.08    0.15    0.94 v _251_/X (sky130_fd_sc_hd__xor2_1)
                                         _131_ (net)
                  0.08    0.00    0.94 v _252_/B (sky130_fd_sc_hd__nor2_1)
     1    0.01    0.26    0.23    1.17 ^ _252_/Y (sky130_fd_sc_hd__nor2_1)
                                         _008_ (net)
                  0.26    0.00    1.17 ^ _347_/D (sky130_fd_sc_hd__dfrtp_4)
                                  1.17   data arrival time

                          0.00    0.00   clock core_clock (rise edge)
                          0.00    0.00   clock source latency
     1    0.02    0.00    0.00    0.00 ^ clk (in)
                                         clk (net)
                  0.00    0.00    0.00 ^ clkbuf_0_clk/A (sky130_fd_sc_hd__clkbuf_16)
     4    0.05    0.07    0.13    0.13 ^ clkbuf_0_clk/X (sky130_fd_sc_hd__clkbuf_16)
                                         clknet_0_clk (net)
                  0.07    0.00    0.13 ^ clkbuf_2_3__f_clk/A (sky130_fd_sc_hd__clkbuf_16)
     9    0.03    0.05    0.14    0.27 ^ clkbuf_2_3__f_clk/X (sky130_fd_sc_hd__clkbuf_16)
                                         clknet_2_3__leaf_clk (net)
                  0.05    0.00    0.27 ^ _347_/CLK (sky130_fd_sc_hd__dfrtp_4)
                          0.00    0.27   clock reconvergence pessimism
                         -0.08    0.20   library hold time
                                  0.20   data required time
-----------------------------------------------------------------------------
                                  0.20   data required time
                                 -1.17   data arrival time
-----------------------------------------------------------------------------
                                  0.98   slack (MET)


Startpoint: _354_ (rising edge-triggered flip-flop clocked by core_clock)
Endpoint: _354_ (rising edge-triggered flip-flop clocked by core_clock)
Path Group: core_clock
Path Type: min
Corner: Typical

Fanout     Cap    Slew   Delay    Time   Description
-----------------------------------------------------------------------------
                          0.00    0.00   clock core_clock (rise edge)
                          0.00    0.00   clock source latency
     1    0.02    0.00    0.00    0.00 ^ clk (in)
                                         clk (net)
                  0.00    0.00    0.00 ^ clkbuf_0_clk/A (sky130_fd_sc_hd__clkbuf_16)
     4    0.05    0.07    0.13    0.13 ^ clkbuf_0_clk/X (sky130_fd_sc_hd__clkbuf_16)
                                         clknet_0_clk (net)
                  0.07    0.00    0.13 ^ clkbuf_2_0__f_clk/A (sky130_fd_sc_hd__clkbuf_16)
     9    0.03    0.06    0.15    0.28 ^ clkbuf_2_0__f_clk/X (sky130_fd_sc_hd__clkbuf_16)
                                         clknet_2_0__leaf_clk (net)
                  0.06    0.00    0.28 ^ _354_/CLK (sky130_fd_sc_hd__dfrtp_4)
     3    0.03    0.12    0.46    0.74 ^ _354_/Q (sky130_fd_sc_hd__dfrtp_4)
                                         one_second_counter[24] (net)
                  0.12    0.00    0.74 ^ _277_/A (sky130_fd_sc_hd__and3_2)
     4    0.04    0.20    0.32    1.06 ^ _277_/X (sky130_fd_sc_hd__and3_2)
                                         _150_ (net)
                  0.20    0.00    1.06 ^ _278_/C (sky130_fd_sc_hd__nor3_1)
     1    0.02    0.10    0.14    1.20 v _278_/Y (sky130_fd_sc_hd__nor3_1)
                                         _016_ (net)
                  0.10    0.00    1.20 v _354_/D (sky130_fd_sc_hd__dfrtp_4)
                                  1.20   data arrival time

                          0.00    0.00   clock core_clock (rise edge)
                          0.00    0.00   clock source latency
     1    0.02    0.00    0.00    0.00 ^ clk (in)
                                         clk (net)
                  0.00    0.00    0.00 ^ clkbuf_0_clk/A (sky130_fd_sc_hd__clkbuf_16)
     4    0.05    0.07    0.13    0.13 ^ clkbuf_0_clk/X (sky130_fd_sc_hd__clkbuf_16)
                                         clknet_0_clk (net)
                  0.07    0.00    0.13 ^ clkbuf_2_0__f_clk/A (sky130_fd_sc_hd__clkbuf_16)
     9    0.03    0.06    0.15    0.28 ^ clkbuf_2_0__f_clk/X (sky130_fd_sc_hd__clkbuf_16)
                                         clknet_2_0__leaf_clk (net)
                  0.06    0.00    0.28 ^ _354_/CLK (sky130_fd_sc_hd__dfrtp_4)
                          0.00    0.28   clock reconvergence pessimism
                         -0.06    0.21   library hold time
                                  0.21   data required time
-----------------------------------------------------------------------------
                                  0.21   data required time
                                 -1.20   data arrival time
-----------------------------------------------------------------------------
                                  0.99   slack (MET)


Startpoint: _343_ (rising edge-triggered flip-flop clocked by core_clock)
Endpoint: _343_ (rising edge-triggered flip-flop clocked by core_clock)
Path Group: core_clock
Path Type: min
Corner: Typical

Fanout     Cap    Slew   Delay    Time   Description
-----------------------------------------------------------------------------
                          0.00    0.00   clock core_clock (rise edge)
                          0.00    0.00   clock source latency
     1    0.02    0.00    0.00    0.00 ^ clk (in)
                                         clk (net)
                  0.00    0.00    0.00 ^ clkbuf_0_clk/A (sky130_fd_sc_hd__clkbuf_16)
     4    0.05    0.07    0.13    0.13 ^ clkbuf_0_clk/X (sky130_fd_sc_hd__clkbuf_16)
                                         clknet_0_clk (net)
                  0.07    0.00    0.13 ^ clkbuf_2_2__f_clk/A (sky130_fd_sc_hd__clkbuf_16)
     7    0.03    0.05    0.14    0.27 ^ clkbuf_2_2__f_clk/X (sky130_fd_sc_hd__clkbuf_16)
                                         clknet_2_2__leaf_clk (net)
                  0.05    0.00    0.27 ^ _343_/CLK (sky130_fd_sc_hd__dfrtp_2)
     4    0.04    0.19    0.46    0.74 ^ _343_/Q (sky130_fd_sc_hd__dfrtp_2)
                                         one_second_counter[13] (net)
                  0.19    0.00    0.74 ^ _234_/B1 (sky130_fd_sc_hd__a21o_1)
     1    0.01    0.13    0.17    0.91 ^ _234_/X (sky130_fd_sc_hd__a21o_1)
                                         _118_ (net)
                  0.13    0.00    0.91 ^ _236_/B (sky130_fd_sc_hd__and3_1)
     1    0.01    0.11    0.22    1.13 ^ _236_/X (sky130_fd_sc_hd__and3_1)
                                         _120_ (net)
                  0.11    0.00    1.13 ^ _237_/A (sky130_fd_sc_hd__clkbuf_1)
     1    0.00    0.04    0.10    1.23 ^ _237_/X (sky130_fd_sc_hd__clkbuf_1)
                                         _004_ (net)
                  0.04    0.00    1.23 ^ _343_/D (sky130_fd_sc_hd__dfrtp_2)
                                  1.23   data arrival time

                          0.00    0.00   clock core_clock (rise edge)
                          0.00    0.00   clock source latency
     1    0.02    0.00    0.00    0.00 ^ clk (in)
                                         clk (net)
                  0.00    0.00    0.00 ^ clkbuf_0_clk/A (sky130_fd_sc_hd__clkbuf_16)
     4    0.05    0.07    0.13    0.13 ^ clkbuf_0_clk/X (sky130_fd_sc_hd__clkbuf_16)
                                         clknet_0_clk (net)
                  0.07    0.00    0.13 ^ clkbuf_2_2__f_clk/A (sky130_fd_sc_hd__clkbuf_16)
     7    0.03    0.05    0.14    0.27 ^ clkbuf_2_2__f_clk/X (sky130_fd_sc_hd__clkbuf_16)
                                         clknet_2_2__leaf_clk (net)
                  0.05    0.00    0.27 ^ _343_/CLK (sky130_fd_sc_hd__dfrtp_2)
                          0.00    0.27   clock reconvergence pessimism
                         -0.03    0.24   library hold time
                                  0.24   data required time
-----------------------------------------------------------------------------
                                  0.24   data required time
                                 -1.23   data arrival time
-----------------------------------------------------------------------------
                                  0.99   slack (MET)


Startpoint: _342_ (rising edge-triggered flip-flop clocked by core_clock)
Endpoint: _342_ (rising edge-triggered flip-flop clocked by core_clock)
Path Group: core_clock
Path Type: min
Corner: Typical

Fanout     Cap    Slew   Delay    Time   Description
-----------------------------------------------------------------------------
                          0.00    0.00   clock core_clock (rise edge)
                          0.00    0.00   clock source latency
     1    0.02    0.00    0.00    0.00 ^ clk (in)
                                         clk (net)
                  0.00    0.00    0.00 ^ clkbuf_0_clk/A (sky130_fd_sc_hd__clkbuf_16)
     4    0.05    0.07    0.13    0.13 ^ clkbuf_0_clk/X (sky130_fd_sc_hd__clkbuf_16)
                                         clknet_0_clk (net)
                  0.07    0.00    0.13 ^ clkbuf_2_3__f_clk/A (sky130_fd_sc_hd__clkbuf_16)
     9    0.03    0.05    0.14    0.27 ^ clkbuf_2_3__f_clk/X (sky130_fd_sc_hd__clkbuf_16)
                                         clknet_2_3__leaf_clk (net)
                  0.05    0.00    0.27 ^ _342_/CLK (sky130_fd_sc_hd__dfrtp_4)
     5    0.03    0.13    0.47    0.75 ^ _342_/Q (sky130_fd_sc_hd__dfrtp_4)
                                         one_second_counter[12] (net)
                  0.13    0.00    0.75 ^ _231_/A (sky130_fd_sc_hd__nand2_1)
     1    0.01    0.08    0.11    0.86 v _231_/Y (sky130_fd_sc_hd__nand2_1)
                                         _116_ (net)
                  0.08    0.00    0.86 v _232_/C (sky130_fd_sc_hd__and3_1)
     1    0.01    0.07    0.23    1.09 v _232_/X (sky130_fd_sc_hd__and3_1)
                                         _117_ (net)
                  0.07    0.00    1.09 v _233_/A (sky130_fd_sc_hd__buf_1)
     1    0.01    0.08    0.14    1.23 v _233_/X (sky130_fd_sc_hd__buf_1)
                                         _003_ (net)
                  0.08    0.00    1.23 v _342_/D (sky130_fd_sc_hd__dfrtp_4)
                                  1.23   data arrival time

                          0.00    0.00   clock core_clock (rise edge)
                          0.00    0.00   clock source latency
     1    0.02    0.00    0.00    0.00 ^ clk (in)
                                         clk (net)
                  0.00    0.00    0.00 ^ clkbuf_0_clk/A (sky130_fd_sc_hd__clkbuf_16)
     4    0.05    0.07    0.13    0.13 ^ clkbuf_0_clk/X (sky130_fd_sc_hd__clkbuf_16)
                                         clknet_0_clk (net)
                  0.07    0.00    0.13 ^ clkbuf_2_3__f_clk/A (sky130_fd_sc_hd__clkbuf_16)
     9    0.03    0.05    0.14    0.27 ^ clkbuf_2_3__f_clk/X (sky130_fd_sc_hd__clkbuf_16)
                                         clknet_2_3__leaf_clk (net)
                  0.05    0.00    0.27 ^ _342_/CLK (sky130_fd_sc_hd__dfrtp_4)
                          0.00    0.27   clock reconvergence pessimism
                         -0.05    0.22   library hold time
                                  0.22   data required time
-----------------------------------------------------------------------------
                                  0.22   data required time
                                 -1.23   data arrival time
-----------------------------------------------------------------------------
                                  1.01   slack (MET)


Startpoint: _360_ (rising edge-triggered flip-flop clocked by core_clock)
Endpoint: _360_ (rising edge-triggered flip-flop clocked by core_clock)
Path Group: core_clock
Path Type: min
Corner: Typical

Fanout     Cap    Slew   Delay    Time   Description
-----------------------------------------------------------------------------
                          0.00    0.00   clock core_clock (rise edge)
                          0.00    0.00   clock source latency
     1    0.02    0.00    0.00    0.00 ^ clk (in)
                                         clk (net)
                  0.00    0.00    0.00 ^ clkbuf_0_clk/A (sky130_fd_sc_hd__clkbuf_16)
     4    0.05    0.07    0.13    0.13 ^ clkbuf_0_clk/X (sky130_fd_sc_hd__clkbuf_16)
                                         clknet_0_clk (net)
                  0.07    0.00    0.13 ^ clkbuf_2_2__f_clk/A (sky130_fd_sc_hd__clkbuf_16)
     7    0.03    0.05    0.14    0.27 ^ clkbuf_2_2__f_clk/X (sky130_fd_sc_hd__clkbuf_16)
                                         clknet_2_2__leaf_clk (net)
                  0.05    0.00    0.27 ^ _360_/CLK (sky130_fd_sc_hd__dfrtp_4)
     6    0.05    0.17    0.51    0.79 ^ _360_/Q (sky130_fd_sc_hd__dfrtp_4)
                                         decoder.digit[2] (net)
                  0.17    0.00    0.79 ^ _163_/A (sky130_fd_sc_hd__nand2_1)
     2    0.02    0.16    0.18    0.96 v _163_/Y (sky130_fd_sc_hd__nand2_1)
                                         _065_ (net)
                  0.16    0.00    0.96 v _169_/A (sky130_fd_sc_hd__and2_1)
     1    0.01    0.05    0.20    1.17 v _169_/X (sky130_fd_sc_hd__and2_1)
                                         _070_ (net)
                  0.05    0.00    1.17 v _170_/A (sky130_fd_sc_hd__clkbuf_1)
     1    0.01    0.05    0.11    1.28 v _170_/X (sky130_fd_sc_hd__clkbuf_1)
                                         _062_ (net)
                  0.05    0.00    1.28 v _360_/D (sky130_fd_sc_hd__dfrtp_4)
                                  1.28   data arrival time

                          0.00    0.00   clock core_clock (rise edge)
                          0.00    0.00   clock source latency
     1    0.02    0.00    0.00    0.00 ^ clk (in)
                                         clk (net)
                  0.00    0.00    0.00 ^ clkbuf_0_clk/A (sky130_fd_sc_hd__clkbuf_16)
     4    0.05    0.07    0.13    0.13 ^ clkbuf_0_clk/X (sky130_fd_sc_hd__clkbuf_16)
                                         clknet_0_clk (net)
                  0.07    0.00    0.13 ^ clkbuf_2_2__f_clk/A (sky130_fd_sc_hd__clkbuf_16)
     7    0.03    0.05    0.14    0.27 ^ clkbuf_2_2__f_clk/X (sky130_fd_sc_hd__clkbuf_16)
                                         clknet_2_2__leaf_clk (net)
                  0.05    0.00    0.27 ^ _360_/CLK (sky130_fd_sc_hd__dfrtp_4)
                          0.00    0.27   clock reconvergence pessimism
                         -0.04    0.23   library hold time
                                  0.23   data required time
-----------------------------------------------------------------------------
                                  0.23   data required time
                                 -1.28   data arrival time
-----------------------------------------------------------------------------
                                  1.04   slack (MET)


Startpoint: _355_ (rising edge-triggered flip-flop clocked by core_clock)
Endpoint: _355_ (rising edge-triggered flip-flop clocked by core_clock)
Path Group: core_clock
Path Type: min
Corner: Typical

Fanout     Cap    Slew   Delay    Time   Description
-----------------------------------------------------------------------------
                          0.00    0.00   clock core_clock (rise edge)
                          0.00    0.00   clock source latency
     1    0.02    0.00    0.00    0.00 ^ clk (in)
                                         clk (net)
                  0.00    0.00    0.00 ^ clkbuf_0_clk/A (sky130_fd_sc_hd__clkbuf_16)
     4    0.05    0.07    0.13    0.13 ^ clkbuf_0_clk/X (sky130_fd_sc_hd__clkbuf_16)
                                         clknet_0_clk (net)
                  0.07    0.00    0.13 ^ clkbuf_2_2__f_clk/A (sky130_fd_sc_hd__clkbuf_16)
     7    0.03    0.05    0.14    0.27 ^ clkbuf_2_2__f_clk/X (sky130_fd_sc_hd__clkbuf_16)
                                         clknet_2_2__leaf_clk (net)
                  0.05    0.00    0.27 ^ _355_/CLK (sky130_fd_sc_hd__dfrtp_4)
     4    0.04    0.14    0.48    0.76 ^ _355_/Q (sky130_fd_sc_hd__dfrtp_4)
                                         one_second_counter[25] (net)
                  0.14    0.00    0.76 ^ _280_/A (sky130_fd_sc_hd__nand2_1)
     1    0.02    0.12    0.14    0.90 v _280_/Y (sky130_fd_sc_hd__nand2_1)
                                         _152_ (net)
                  0.12    0.00    0.90 v _281_/C (sky130_fd_sc_hd__and3_1)
     1    0.01    0.06    0.24    1.14 v _281_/X (sky130_fd_sc_hd__and3_1)
                                         _153_ (net)
                  0.06    0.00    1.14 v _282_/A (sky130_fd_sc_hd__clkbuf_1)
     1    0.01    0.06    0.13    1.27 v _282_/X (sky130_fd_sc_hd__clkbuf_1)
                                         _017_ (net)
                  0.06    0.00    1.27 v _355_/D (sky130_fd_sc_hd__dfrtp_4)
                                  1.27   data arrival time

                          0.00    0.00   clock core_clock (rise edge)
                          0.00    0.00   clock source latency
     1    0.02    0.00    0.00    0.00 ^ clk (in)
                                         clk (net)
                  0.00    0.00    0.00 ^ clkbuf_0_clk/A (sky130_fd_sc_hd__clkbuf_16)
     4    0.05    0.07    0.13    0.13 ^ clkbuf_0_clk/X (sky130_fd_sc_hd__clkbuf_16)
                                         clknet_0_clk (net)
                  0.07    0.00    0.13 ^ clkbuf_2_2__f_clk/A (sky130_fd_sc_hd__clkbuf_16)
     7    0.03    0.05    0.14    0.27 ^ clkbuf_2_2__f_clk/X (sky130_fd_sc_hd__clkbuf_16)
                                         clknet_2_2__leaf_clk (net)
                  0.05    0.00    0.27 ^ _355_/CLK (sky130_fd_sc_hd__dfrtp_4)
                          0.00    0.27   clock reconvergence pessimism
                         -0.05    0.23   library hold time
                                  0.23   data required time
-----------------------------------------------------------------------------
                                  0.23   data required time
                                 -1.27   data arrival time
-----------------------------------------------------------------------------
                                  1.04   slack (MET)


Startpoint: _340_ (rising edge-triggered flip-flop clocked by core_clock)
Endpoint: _340_ (rising edge-triggered flip-flop clocked by core_clock)
Path Group: core_clock
Path Type: min
Corner: Typical

Fanout     Cap    Slew   Delay    Time   Description
-----------------------------------------------------------------------------
                          0.00    0.00   clock core_clock (rise edge)
                          0.00    0.00   clock source latency
     1    0.02    0.00    0.00    0.00 ^ clk (in)
                                         clk (net)
                  0.00    0.00    0.00 ^ clkbuf_0_clk/A (sky130_fd_sc_hd__clkbuf_16)
     4    0.05    0.07    0.13    0.13 ^ clkbuf_0_clk/X (sky130_fd_sc_hd__clkbuf_16)
                                         clknet_0_clk (net)
                  0.07    0.00    0.13 ^ clkbuf_2_2__f_clk/A (sky130_fd_sc_hd__clkbuf_16)
     7    0.03    0.05    0.14    0.27 ^ clkbuf_2_2__f_clk/X (sky130_fd_sc_hd__clkbuf_16)
                                         clknet_2_2__leaf_clk (net)
                  0.05    0.00    0.27 ^ _340_/CLK (sky130_fd_sc_hd__dfrtp_4)
     6    0.04    0.14    0.48    0.76 ^ _340_/Q (sky130_fd_sc_hd__dfrtp_4)
                                         one_second_counter[10] (net)
                  0.14    0.00    0.76 ^ _224_/A (sky130_fd_sc_hd__nand2_1)
     1    0.02    0.15    0.16    0.92 v _224_/Y (sky130_fd_sc_hd__nand2_1)
                                         _111_ (net)
                  0.15    0.00    0.92 v _225_/C (sky130_fd_sc_hd__and3_1)
     1    0.01    0.05    0.24    1.17 v _225_/X (sky130_fd_sc_hd__and3_1)
                                         _112_ (net)
                  0.05    0.00    1.17 v _226_/A (sky130_fd_sc_hd__clkbuf_1)
     1    0.01    0.06    0.12    1.28 v _226_/X (sky130_fd_sc_hd__clkbuf_1)
                                         _001_ (net)
                  0.06    0.00    1.28 v _340_/D (sky130_fd_sc_hd__dfrtp_4)
                                  1.28   data arrival time

                          0.00    0.00   clock core_clock (rise edge)
                          0.00    0.00   clock source latency
     1    0.02    0.00    0.00    0.00 ^ clk (in)
                                         clk (net)
                  0.00    0.00    0.00 ^ clkbuf_0_clk/A (sky130_fd_sc_hd__clkbuf_16)
     4    0.05    0.07    0.13    0.13 ^ clkbuf_0_clk/X (sky130_fd_sc_hd__clkbuf_16)
                                         clknet_0_clk (net)
                  0.07    0.00    0.13 ^ clkbuf_2_2__f_clk/A (sky130_fd_sc_hd__clkbuf_16)
     7    0.03    0.05    0.14    0.27 ^ clkbuf_2_2__f_clk/X (sky130_fd_sc_hd__clkbuf_16)
                                         clknet_2_2__leaf_clk (net)
                  0.05    0.00    0.27 ^ _340_/CLK (sky130_fd_sc_hd__dfrtp_4)
                          0.00    0.27   clock reconvergence pessimism
                         -0.05    0.23   library hold time
                                  0.23   data required time
-----------------------------------------------------------------------------
                                  0.23   data required time
                                 -1.28   data arrival time
-----------------------------------------------------------------------------
                                  1.06   slack (MET)


Startpoint: _350_ (rising edge-triggered flip-flop clocked by core_clock)
Endpoint: _350_ (rising edge-triggered flip-flop clocked by core_clock)
Path Group: core_clock
Path Type: min
Corner: Typical

Fanout     Cap    Slew   Delay    Time   Description
-----------------------------------------------------------------------------
                          0.00    0.00   clock core_clock (rise edge)
                          0.00    0.00   clock source latency
     1    0.02    0.00    0.00    0.00 ^ clk (in)
                                         clk (net)
                  0.00    0.00    0.00 ^ clkbuf_0_clk/A (sky130_fd_sc_hd__clkbuf_16)
     4    0.05    0.07    0.13    0.13 ^ clkbuf_0_clk/X (sky130_fd_sc_hd__clkbuf_16)
                                         clknet_0_clk (net)
                  0.07    0.00    0.13 ^ clkbuf_2_1__f_clk/A (sky130_fd_sc_hd__clkbuf_16)
    10    0.03    0.05    0.14    0.28 ^ clkbuf_2_1__f_clk/X (sky130_fd_sc_hd__clkbuf_16)
                                         clknet_2_1__leaf_clk (net)
                  0.05    0.00    0.28 ^ _350_/CLK (sky130_fd_sc_hd__dfrtp_1)
     4    0.03    0.23    0.46    0.73 ^ _350_/Q (sky130_fd_sc_hd__dfrtp_1)
                                         one_second_counter[20] (net)
                  0.23    0.00    0.74 ^ _263_/A (sky130_fd_sc_hd__nand2_1)
     2    0.02    0.14    0.17    0.91 v _263_/Y (sky130_fd_sc_hd__nand2_1)
                                         _140_ (net)
                  0.14    0.00    0.91 v _264_/C (sky130_fd_sc_hd__and3_1)
     1    0.00    0.04    0.23    1.14 v _264_/X (sky130_fd_sc_hd__and3_1)
                                         _141_ (net)
                  0.04    0.00    1.14 v _265_/A (sky130_fd_sc_hd__clkbuf_1)
     1    0.02    0.09    0.14    1.28 v _265_/X (sky130_fd_sc_hd__clkbuf_1)
                                         _012_ (net)
                  0.09    0.00    1.28 v _350_/D (sky130_fd_sc_hd__dfrtp_1)
                                  1.28   data arrival time

                          0.00    0.00   clock core_clock (rise edge)
                          0.00    0.00   clock source latency
     1    0.02    0.00    0.00    0.00 ^ clk (in)
                                         clk (net)
                  0.00    0.00    0.00 ^ clkbuf_0_clk/A (sky130_fd_sc_hd__clkbuf_16)
     4    0.05    0.07    0.13    0.13 ^ clkbuf_0_clk/X (sky130_fd_sc_hd__clkbuf_16)
                                         clknet_0_clk (net)
                  0.07    0.00    0.13 ^ clkbuf_2_1__f_clk/A (sky130_fd_sc_hd__clkbuf_16)
    10    0.03    0.05    0.14    0.28 ^ clkbuf_2_1__f_clk/X (sky130_fd_sc_hd__clkbuf_16)
                                         clknet_2_1__leaf_clk (net)
                  0.05    0.00    0.28 ^ _350_/CLK (sky130_fd_sc_hd__dfrtp_1)
                          0.00    0.28   clock reconvergence pessimism
                         -0.06    0.21   library hold time
                                  0.21   data required time
-----------------------------------------------------------------------------
                                  0.21   data required time
                                 -1.28   data arrival time
-----------------------------------------------------------------------------
                                  1.07   slack (MET)


Startpoint: _338_ (rising edge-triggered flip-flop clocked by core_clock)
Endpoint: _338_ (rising edge-triggered flip-flop clocked by core_clock)
Path Group: core_clock
Path Type: min
Corner: Typical

Fanout     Cap    Slew   Delay    Time   Description
-----------------------------------------------------------------------------
                          0.00    0.00   clock core_clock (rise edge)
                          0.00    0.00   clock source latency
     1    0.02    0.00    0.00    0.00 ^ clk (in)
                                         clk (net)
                  0.00    0.00    0.00 ^ clkbuf_0_clk/A (sky130_fd_sc_hd__clkbuf_16)
     4    0.05    0.07    0.13    0.13 ^ clkbuf_0_clk/X (sky130_fd_sc_hd__clkbuf_16)
                                         clknet_0_clk (net)
                  0.07    0.00    0.13 ^ clkbuf_2_3__f_clk/A (sky130_fd_sc_hd__clkbuf_16)
     9    0.03    0.05    0.14    0.27 ^ clkbuf_2_3__f_clk/X (sky130_fd_sc_hd__clkbuf_16)
                                         clknet_2_3__leaf_clk (net)
                  0.05    0.00    0.27 ^ _338_/CLK (sky130_fd_sc_hd__dfrtp_4)
     5    0.04    0.13    0.47    0.75 ^ _338_/Q (sky130_fd_sc_hd__dfrtp_4)
                                         one_second_counter[8] (net)
                  0.13    0.00    0.75 ^ _217_/A (sky130_fd_sc_hd__nand2_1)
     1    0.02    0.12    0.14    0.89 v _217_/Y (sky130_fd_sc_hd__nand2_1)
                                         _106_ (net)
                  0.12    0.00    0.89 v _218_/C (sky130_fd_sc_hd__and3_1)
     1    0.01    0.06    0.24    1.13 v _218_/X (sky130_fd_sc_hd__and3_1)
                                         _107_ (net)
                  0.06    0.00    1.13 v _219_/A (sky130_fd_sc_hd__buf_1)
     1    0.02    0.11    0.16    1.29 v _219_/X (sky130_fd_sc_hd__buf_1)
                                         _025_ (net)
                  0.11    0.00    1.29 v _338_/D (sky130_fd_sc_hd__dfrtp_4)
                                  1.29   data arrival time

                          0.00    0.00   clock core_clock (rise edge)
                          0.00    0.00   clock source latency
     1    0.02    0.00    0.00    0.00 ^ clk (in)
                                         clk (net)
                  0.00    0.00    0.00 ^ clkbuf_0_clk/A (sky130_fd_sc_hd__clkbuf_16)
     4    0.05    0.07    0.13    0.13 ^ clkbuf_0_clk/X (sky130_fd_sc_hd__clkbuf_16)
                                         clknet_0_clk (net)
                  0.07    0.00    0.13 ^ clkbuf_2_3__f_clk/A (sky130_fd_sc_hd__clkbuf_16)
     9    0.03    0.05    0.14    0.27 ^ clkbuf_2_3__f_clk/X (sky130_fd_sc_hd__clkbuf_16)
                                         clknet_2_3__leaf_clk (net)
                  0.05    0.00    0.27 ^ _338_/CLK (sky130_fd_sc_hd__dfrtp_4)
                          0.00    0.27   clock reconvergence pessimism
                         -0.07    0.21   library hold time
                                  0.21   data required time
-----------------------------------------------------------------------------
                                  0.21   data required time
                                 -1.29   data arrival time
-----------------------------------------------------------------------------
                                  1.08   slack (MET)


Startpoint: _346_ (rising edge-triggered flip-flop clocked by core_clock)
Endpoint: _346_ (rising edge-triggered flip-flop clocked by core_clock)
Path Group: core_clock
Path Type: min
Corner: Typical

Fanout     Cap    Slew   Delay    Time   Description
-----------------------------------------------------------------------------
                          0.00    0.00   clock core_clock (rise edge)
                          0.00    0.00   clock source latency
     1    0.02    0.00    0.00    0.00 ^ clk (in)
                                         clk (net)
                  0.00    0.00    0.00 ^ clkbuf_0_clk/A (sky130_fd_sc_hd__clkbuf_16)
     4    0.05    0.07    0.13    0.13 ^ clkbuf_0_clk/X (sky130_fd_sc_hd__clkbuf_16)
                                         clknet_0_clk (net)
                  0.07    0.00    0.13 ^ clkbuf_2_3__f_clk/A (sky130_fd_sc_hd__clkbuf_16)
     9    0.03    0.05    0.14    0.27 ^ clkbuf_2_3__f_clk/X (sky130_fd_sc_hd__clkbuf_16)
                                         clknet_2_3__leaf_clk (net)
                  0.05    0.00    0.27 ^ _346_/CLK (sky130_fd_sc_hd__dfrtp_4)
     6    0.04    0.15    0.49    0.76 ^ _346_/Q (sky130_fd_sc_hd__dfrtp_4)
                                         one_second_counter[16] (net)
                  0.15    0.00    0.76 ^ _248_/A (sky130_fd_sc_hd__nand2_2)
     3    0.03    0.14    0.15    0.92 v _248_/Y (sky130_fd_sc_hd__nand2_2)
                                         _129_ (net)
                  0.14    0.00    0.92 v _249_/C (sky130_fd_sc_hd__and3_1)
     1    0.02    0.11    0.29    1.21 v _249_/X (sky130_fd_sc_hd__and3_1)
                                         _130_ (net)
                  0.11    0.00    1.21 v _250_/A (sky130_fd_sc_hd__clkbuf_1)
     1    0.01    0.05    0.14    1.35 v _250_/X (sky130_fd_sc_hd__clkbuf_1)
                                         _007_ (net)
                  0.05    0.00    1.35 v _346_/D (sky130_fd_sc_hd__dfrtp_4)
                                  1.35   data arrival time

                          0.00    0.00   clock core_clock (rise edge)
                          0.00    0.00   clock source latency
     1    0.02    0.00    0.00    0.00 ^ clk (in)
                                         clk (net)
                  0.00    0.00    0.00 ^ clkbuf_0_clk/A (sky130_fd_sc_hd__clkbuf_16)
     4    0.05    0.07    0.13    0.13 ^ clkbuf_0_clk/X (sky130_fd_sc_hd__clkbuf_16)
                                         clknet_0_clk (net)
                  0.07    0.00    0.13 ^ clkbuf_2_3__f_clk/A (sky130_fd_sc_hd__clkbuf_16)
     9    0.03    0.05    0.14    0.27 ^ clkbuf_2_3__f_clk/X (sky130_fd_sc_hd__clkbuf_16)
                                         clknet_2_3__leaf_clk (net)
                  0.05    0.00    0.27 ^ _346_/CLK (sky130_fd_sc_hd__dfrtp_4)
                          0.00    0.27   clock reconvergence pessimism
                         -0.04    0.23   library hold time
                                  0.23   data required time
-----------------------------------------------------------------------------
                                  0.23   data required time
                                 -1.35   data arrival time
-----------------------------------------------------------------------------
                                  1.12   slack (MET)


Startpoint: _334_ (rising edge-triggered flip-flop clocked by core_clock)
Endpoint: _334_ (rising edge-triggered flip-flop clocked by core_clock)
Path Group: core_clock
Path Type: min
Corner: Typical

Fanout     Cap    Slew   Delay    Time   Description
-----------------------------------------------------------------------------
                          0.00    0.00   clock core_clock (rise edge)
                          0.00    0.00   clock source latency
     1    0.02    0.00    0.00    0.00 ^ clk (in)
                                         clk (net)
                  0.00    0.00    0.00 ^ clkbuf_0_clk/A (sky130_fd_sc_hd__clkbuf_16)
     4    0.05    0.07    0.13    0.13 ^ clkbuf_0_clk/X (sky130_fd_sc_hd__clkbuf_16)
                                         clknet_0_clk (net)
                  0.07    0.00    0.13 ^ clkbuf_2_0__f_clk/A (sky130_fd_sc_hd__clkbuf_16)
     9    0.03    0.06    0.15    0.28 ^ clkbuf_2_0__f_clk/X (sky130_fd_sc_hd__clkbuf_16)
                                         clknet_2_0__leaf_clk (net)
                  0.06    0.00    0.28 ^ _334_/CLK (sky130_fd_sc_hd__dfrtp_4)
     5    0.04    0.15    0.49    0.77 ^ _334_/Q (sky130_fd_sc_hd__dfrtp_4)
                                         one_second_counter[4] (net)
                  0.15    0.00    0.77 ^ _203_/A (sky130_fd_sc_hd__nand2_1)
     1    0.01    0.08    0.10    0.87 v _203_/Y (sky130_fd_sc_hd__nand2_1)
                                         _096_ (net)
                  0.08    0.00    0.87 v _205_/B (sky130_fd_sc_hd__and3_1)
     1    0.03    0.13    0.26    1.14 v _205_/X (sky130_fd_sc_hd__and3_1)
                                         _098_ (net)
                  0.13    0.00    1.14 v _206_/A (sky130_fd_sc_hd__buf_1)
     1    0.02    0.11    0.19    1.33 v _206_/X (sky130_fd_sc_hd__buf_1)
                                         _021_ (net)
                  0.11    0.00    1.33 v _334_/D (sky130_fd_sc_hd__dfrtp_4)
                                  1.33   data arrival time

                          0.00    0.00   clock core_clock (rise edge)
                          0.00    0.00   clock source latency
     1    0.02    0.00    0.00    0.00 ^ clk (in)
                                         clk (net)
                  0.00    0.00    0.00 ^ clkbuf_0_clk/A (sky130_fd_sc_hd__clkbuf_16)
     4    0.05    0.07    0.13    0.13 ^ clkbuf_0_clk/X (sky130_fd_sc_hd__clkbuf_16)
                                         clknet_0_clk (net)
                  0.07    0.00    0.13 ^ clkbuf_2_0__f_clk/A (sky130_fd_sc_hd__clkbuf_16)
     9    0.03    0.06    0.15    0.28 ^ clkbuf_2_0__f_clk/X (sky130_fd_sc_hd__clkbuf_16)
                                         clknet_2_0__leaf_clk (net)
                  0.06    0.00    0.28 ^ _334_/CLK (sky130_fd_sc_hd__dfrtp_4)
                          0.00    0.28   clock reconvergence pessimism
                         -0.07    0.21   library hold time
                                  0.21   data required time
-----------------------------------------------------------------------------
                                  0.21   data required time
                                 -1.33   data arrival time
-----------------------------------------------------------------------------
                                  1.12   slack (MET)


Startpoint: _349_ (rising edge-triggered flip-flop clocked by core_clock)
Endpoint: _349_ (rising edge-triggered flip-flop clocked by core_clock)
Path Group: core_clock
Path Type: min
Corner: Typical

Fanout     Cap    Slew   Delay    Time   Description
-----------------------------------------------------------------------------
                          0.00    0.00   clock core_clock (rise edge)
                          0.00    0.00   clock source latency
     1    0.02    0.00    0.00    0.00 ^ clk (in)
                                         clk (net)
                  0.00    0.00    0.00 ^ clkbuf_0_clk/A (sky130_fd_sc_hd__clkbuf_16)
     4    0.05    0.07    0.13    0.13 ^ clkbuf_0_clk/X (sky130_fd_sc_hd__clkbuf_16)
                                         clknet_0_clk (net)
                  0.07    0.00    0.13 ^ clkbuf_2_0__f_clk/A (sky130_fd_sc_hd__clkbuf_16)
     9    0.03    0.06    0.15    0.28 ^ clkbuf_2_0__f_clk/X (sky130_fd_sc_hd__clkbuf_16)
                                         clknet_2_0__leaf_clk (net)
                  0.06    0.00    0.28 ^ _349_/CLK (sky130_fd_sc_hd__dfrtp_4)
     4    0.04    0.13    0.48    0.75 ^ _349_/Q (sky130_fd_sc_hd__dfrtp_4)
                                         one_second_counter[19] (net)
                  0.13    0.00    0.76 ^ _256_/B1 (sky130_fd_sc_hd__a41o_1)
     1    0.02    0.15    0.19    0.95 ^ _256_/X (sky130_fd_sc_hd__a41o_1)
                                         _134_ (net)
                  0.15    0.00    0.95 ^ _260_/B (sky130_fd_sc_hd__and3_1)
     1    0.01    0.13    0.24    1.19 ^ _260_/X (sky130_fd_sc_hd__and3_1)
                                         _138_ (net)
                  0.13    0.00    1.19 ^ _261_/A (sky130_fd_sc_hd__buf_1)
     1    0.01    0.13    0.17    1.36 ^ _261_/X (sky130_fd_sc_hd__buf_1)
                                         _010_ (net)
                  0.13    0.00    1.36 ^ _349_/D (sky130_fd_sc_hd__dfrtp_4)
                                  1.36   data arrival time

                          0.00    0.00   clock core_clock (rise edge)
                          0.00    0.00   clock source latency
     1    0.02    0.00    0.00    0.00 ^ clk (in)
                                         clk (net)
                  0.00    0.00    0.00 ^ clkbuf_0_clk/A (sky130_fd_sc_hd__clkbuf_16)
     4    0.05    0.07    0.13    0.13 ^ clkbuf_0_clk/X (sky130_fd_sc_hd__clkbuf_16)
                                         clknet_0_clk (net)
                  0.07    0.00    0.13 ^ clkbuf_2_0__f_clk/A (sky130_fd_sc_hd__clkbuf_16)
     9    0.03    0.06    0.15    0.28 ^ clkbuf_2_0__f_clk/X (sky130_fd_sc_hd__clkbuf_16)
                                         clknet_2_0__leaf_clk (net)
                  0.06    0.00    0.28 ^ _349_/CLK (sky130_fd_sc_hd__dfrtp_4)
                          0.00    0.28   clock reconvergence pessimism
                         -0.05    0.23   library hold time
                                  0.23   data required time
-----------------------------------------------------------------------------
                                  0.23   data required time
                                 -1.36   data arrival time
-----------------------------------------------------------------------------
                                  1.13   slack (MET)


Startpoint: _333_ (rising edge-triggered flip-flop clocked by core_clock)
Endpoint: _333_ (rising edge-triggered flip-flop clocked by core_clock)
Path Group: core_clock
Path Type: min
Corner: Typical

Fanout     Cap    Slew   Delay    Time   Description
-----------------------------------------------------------------------------
                          0.00    0.00   clock core_clock (rise edge)
                          0.00    0.00   clock source latency
     1    0.02    0.00    0.00    0.00 ^ clk (in)
                                         clk (net)
                  0.00    0.00    0.00 ^ clkbuf_0_clk/A (sky130_fd_sc_hd__clkbuf_16)
     4    0.05    0.07    0.13    0.13 ^ clkbuf_0_clk/X (sky130_fd_sc_hd__clkbuf_16)
                                         clknet_0_clk (net)
                  0.07    0.00    0.13 ^ clkbuf_2_3__f_clk/A (sky130_fd_sc_hd__clkbuf_16)
     9    0.03    0.05    0.14    0.27 ^ clkbuf_2_3__f_clk/X (sky130_fd_sc_hd__clkbuf_16)
                                         clknet_2_3__leaf_clk (net)
                  0.05    0.00    0.27 ^ _333_/CLK (sky130_fd_sc_hd__dfrtp_2)
     3    0.03    0.17    0.45    0.72 ^ _333_/Q (sky130_fd_sc_hd__dfrtp_2)
                                         one_second_counter[3] (net)
                  0.17    0.00    0.72 ^ _199_/B1 (sky130_fd_sc_hd__a31o_1)
     1    0.02    0.18    0.22    0.95 ^ _199_/X (sky130_fd_sc_hd__a31o_1)
                                         _093_ (net)
                  0.18    0.00    0.95 ^ _200_/C (sky130_fd_sc_hd__and3b_1)
     1    0.01    0.08    0.21    1.15 ^ _200_/X (sky130_fd_sc_hd__and3b_1)
                                         _094_ (net)
                  0.08    0.00    1.16 ^ _201_/A (sky130_fd_sc_hd__buf_1)
     1    0.02    0.19    0.19    1.35 ^ _201_/X (sky130_fd_sc_hd__buf_1)
                                         _020_ (net)
                  0.19    0.00    1.35 ^ _333_/D (sky130_fd_sc_hd__dfrtp_2)
                                  1.35   data arrival time

                          0.00    0.00   clock core_clock (rise edge)
                          0.00    0.00   clock source latency
     1    0.02    0.00    0.00    0.00 ^ clk (in)
                                         clk (net)
                  0.00    0.00    0.00 ^ clkbuf_0_clk/A (sky130_fd_sc_hd__clkbuf_16)
     4    0.05    0.07    0.13    0.13 ^ clkbuf_0_clk/X (sky130_fd_sc_hd__clkbuf_16)
                                         clknet_0_clk (net)
                  0.07    0.00    0.13 ^ clkbuf_2_3__f_clk/A (sky130_fd_sc_hd__clkbuf_16)
     9    0.03    0.05    0.14    0.27 ^ clkbuf_2_3__f_clk/X (sky130_fd_sc_hd__clkbuf_16)
                                         clknet_2_3__leaf_clk (net)
                  0.05    0.00    0.27 ^ _333_/CLK (sky130_fd_sc_hd__dfrtp_2)
                          0.00    0.27   clock reconvergence pessimism
                         -0.06    0.21   library hold time
                                  0.21   data required time
-----------------------------------------------------------------------------
                                  0.21   data required time
                                 -1.35   data arrival time
-----------------------------------------------------------------------------
                                  1.13   slack (MET)


Startpoint: _331_ (rising edge-triggered flip-flop clocked by core_clock)
Endpoint: _331_ (rising edge-triggered flip-flop clocked by core_clock)
Path Group: core_clock
Path Type: min
Corner: Typical

Fanout     Cap    Slew   Delay    Time   Description
-----------------------------------------------------------------------------
                          0.00    0.00   clock core_clock (rise edge)
                          0.00    0.00   clock source latency
     1    0.02    0.00    0.00    0.00 ^ clk (in)
                                         clk (net)
                  0.00    0.00    0.00 ^ clkbuf_0_clk/A (sky130_fd_sc_hd__clkbuf_16)
     4    0.05    0.07    0.13    0.13 ^ clkbuf_0_clk/X (sky130_fd_sc_hd__clkbuf_16)
                                         clknet_0_clk (net)
                  0.07    0.00    0.13 ^ clkbuf_2_0__f_clk/A (sky130_fd_sc_hd__clkbuf_16)
     9    0.03    0.06    0.15    0.28 ^ clkbuf_2_0__f_clk/X (sky130_fd_sc_hd__clkbuf_16)
                                         clknet_2_0__leaf_clk (net)
                  0.06    0.00    0.28 ^ _331_/CLK (sky130_fd_sc_hd__dfrtp_4)
     6    0.04    0.15    0.49    0.77 ^ _331_/Q (sky130_fd_sc_hd__dfrtp_4)
                                         one_second_counter[1] (net)
                  0.15    0.00    0.77 ^ _191_/A (sky130_fd_sc_hd__nand2_1)
     2    0.02    0.15    0.16    0.93 v _191_/Y (sky130_fd_sc_hd__nand2_1)
                                         _087_ (net)
                  0.15    0.00    0.93 v _193_/A (sky130_fd_sc_hd__and3_1)
     1    0.02    0.12    0.27    1.20 v _193_/X (sky130_fd_sc_hd__and3_1)
                                         _089_ (net)
                  0.12    0.00    1.20 v _194_/A (sky130_fd_sc_hd__buf_1)
     1    0.01    0.07    0.16    1.37 v _194_/X (sky130_fd_sc_hd__buf_1)
                                         _011_ (net)
                  0.07    0.00    1.37 v _331_/D (sky130_fd_sc_hd__dfrtp_4)
                                  1.37   data arrival time

                          0.00    0.00   clock core_clock (rise edge)
                          0.00    0.00   clock source latency
     1    0.02    0.00    0.00    0.00 ^ clk (in)
                                         clk (net)
                  0.00    0.00    0.00 ^ clkbuf_0_clk/A (sky130_fd_sc_hd__clkbuf_16)
     4    0.05    0.07    0.13    0.13 ^ clkbuf_0_clk/X (sky130_fd_sc_hd__clkbuf_16)
                                         clknet_0_clk (net)
                  0.07    0.00    0.13 ^ clkbuf_2_0__f_clk/A (sky130_fd_sc_hd__clkbuf_16)
     9    0.03    0.06    0.15    0.28 ^ clkbuf_2_0__f_clk/X (sky130_fd_sc_hd__clkbuf_16)
                                         clknet_2_0__leaf_clk (net)
                  0.06    0.00    0.28 ^ _331_/CLK (sky130_fd_sc_hd__dfrtp_4)
                          0.00    0.28   clock reconvergence pessimism
                         -0.05    0.23   library hold time
                                  0.23   data required time
-----------------------------------------------------------------------------
                                  0.23   data required time
                                 -1.37   data arrival time
-----------------------------------------------------------------------------
                                  1.14   slack (MET)


Startpoint: _332_ (rising edge-triggered flip-flop clocked by core_clock)
Endpoint: _332_ (rising edge-triggered flip-flop clocked by core_clock)
Path Group: core_clock
Path Type: min
Corner: Typical

Fanout     Cap    Slew   Delay    Time   Description
-----------------------------------------------------------------------------
                          0.00    0.00   clock core_clock (rise edge)
                          0.00    0.00   clock source latency
     1    0.02    0.00    0.00    0.00 ^ clk (in)
                                         clk (net)
                  0.00    0.00    0.00 ^ clkbuf_0_clk/A (sky130_fd_sc_hd__clkbuf_16)
     4    0.05    0.07    0.13    0.13 ^ clkbuf_0_clk/X (sky130_fd_sc_hd__clkbuf_16)
                                         clknet_0_clk (net)
                  0.07    0.00    0.13 ^ clkbuf_2_1__f_clk/A (sky130_fd_sc_hd__clkbuf_16)
    10    0.03    0.05    0.14    0.28 ^ clkbuf_2_1__f_clk/X (sky130_fd_sc_hd__clkbuf_16)
                                         clknet_2_1__leaf_clk (net)
                  0.05    0.00    0.28 ^ _332_/CLK (sky130_fd_sc_hd__dfrtp_4)
     4    0.04    0.15    0.49    0.76 ^ _332_/Q (sky130_fd_sc_hd__dfrtp_4)
                                         one_second_counter[2] (net)
                  0.15    0.00    0.77 ^ _196_/B1 (sky130_fd_sc_hd__a21o_1)
     1    0.01    0.07    0.13    0.89 ^ _196_/X (sky130_fd_sc_hd__a21o_1)
                                         _091_ (net)
                  0.07    0.00    0.90 ^ _197_/C (sky130_fd_sc_hd__and3_1)
     1    0.01    0.09    0.19    1.08 ^ _197_/X (sky130_fd_sc_hd__and3_1)
                                         _092_ (net)
                  0.09    0.00    1.08 ^ _198_/A (sky130_fd_sc_hd__buf_1)
     2    0.02    0.28    0.26    1.34 ^ _198_/X (sky130_fd_sc_hd__buf_1)
                                         _019_ (net)
                  0.28    0.00    1.34 ^ _332_/D (sky130_fd_sc_hd__dfrtp_4)
                                  1.34   data arrival time

                          0.00    0.00   clock core_clock (rise edge)
                          0.00    0.00   clock source latency
     1    0.02    0.00    0.00    0.00 ^ clk (in)
                                         clk (net)
                  0.00    0.00    0.00 ^ clkbuf_0_clk/A (sky130_fd_sc_hd__clkbuf_16)
     4    0.05    0.07    0.13    0.13 ^ clkbuf_0_clk/X (sky130_fd_sc_hd__clkbuf_16)
                                         clknet_0_clk (net)
                  0.07    0.00    0.13 ^ clkbuf_2_1__f_clk/A (sky130_fd_sc_hd__clkbuf_16)
    10    0.03    0.05    0.14    0.28 ^ clkbuf_2_1__f_clk/X (sky130_fd_sc_hd__clkbuf_16)
                                         clknet_2_1__leaf_clk (net)
                  0.05    0.00    0.28 ^ _332_/CLK (sky130_fd_sc_hd__dfrtp_4)
                          0.00    0.28   clock reconvergence pessimism
                         -0.08    0.19   library hold time
                                  0.19   data required time
-----------------------------------------------------------------------------
                                  0.19   data required time
                                 -1.34   data arrival time
-----------------------------------------------------------------------------
                                  1.15   slack (MET)


Startpoint: _344_ (rising edge-triggered flip-flop clocked by core_clock)
Endpoint: _344_ (rising edge-triggered flip-flop clocked by core_clock)
Path Group: core_clock
Path Type: min
Corner: Typical

Fanout     Cap    Slew   Delay    Time   Description
-----------------------------------------------------------------------------
                          0.00    0.00   clock core_clock (rise edge)
                          0.00    0.00   clock source latency
     1    0.02    0.00    0.00    0.00 ^ clk (in)
                                         clk (net)
                  0.00    0.00    0.00 ^ clkbuf_0_clk/A (sky130_fd_sc_hd__clkbuf_16)
     4    0.05    0.07    0.13    0.13 ^ clkbuf_0_clk/X (sky130_fd_sc_hd__clkbuf_16)
                                         clknet_0_clk (net)
                  0.07    0.00    0.13 ^ clkbuf_2_3__f_clk/A (sky130_fd_sc_hd__clkbuf_16)
     9    0.03    0.05    0.14    0.27 ^ clkbuf_2_3__f_clk/X (sky130_fd_sc_hd__clkbuf_16)
                                         clknet_2_3__leaf_clk (net)
                  0.05    0.00    0.27 ^ _344_/CLK (sky130_fd_sc_hd__dfrtp_2)
     3    0.03    0.10    0.46    0.74 v _344_/Q (sky130_fd_sc_hd__dfrtp_2)
                                         one_second_counter[14] (net)
                  0.10    0.00    0.74 v _238_/A (sky130_fd_sc_hd__inv_2)
     2    0.03    0.12    0.14    0.88 ^ _238_/Y (sky130_fd_sc_hd__inv_2)
                                         _121_ (net)
                  0.12    0.00    0.88 ^ _239_/A (sky130_fd_sc_hd__nand2_1)
     1    0.01    0.09    0.11    0.99 v _239_/Y (sky130_fd_sc_hd__nand2_1)
                                         _122_ (net)
                  0.09    0.00    0.99 v _241_/B (sky130_fd_sc_hd__and3_1)
     1    0.02    0.09    0.23    1.22 v _241_/X (sky130_fd_sc_hd__and3_1)
                                         _124_ (net)
                  0.09    0.00    1.22 v _242_/A (sky130_fd_sc_hd__buf_1)
     1    0.02    0.13    0.19    1.41 v _242_/X (sky130_fd_sc_hd__buf_1)
                                         _005_ (net)
                  0.13    0.00    1.41 v _344_/D (sky130_fd_sc_hd__dfrtp_2)
                                  1.41   data arrival time

                          0.00    0.00   clock core_clock (rise edge)
                          0.00    0.00   clock source latency
     1    0.02    0.00    0.00    0.00 ^ clk (in)
                                         clk (net)
                  0.00    0.00    0.00 ^ clkbuf_0_clk/A (sky130_fd_sc_hd__clkbuf_16)
     4    0.05    0.07    0.13    0.13 ^ clkbuf_0_clk/X (sky130_fd_sc_hd__clkbuf_16)
                                         clknet_0_clk (net)
                  0.07    0.00    0.13 ^ clkbuf_2_3__f_clk/A (sky130_fd_sc_hd__clkbuf_16)
     9    0.03    0.05    0.14    0.27 ^ clkbuf_2_3__f_clk/X (sky130_fd_sc_hd__clkbuf_16)
                                         clknet_2_3__leaf_clk (net)
                  0.05    0.00    0.27 ^ _344_/CLK (sky130_fd_sc_hd__dfrtp_2)
                          0.00    0.27   clock reconvergence pessimism
                         -0.07    0.20   library hold time
                                  0.20   data required time
-----------------------------------------------------------------------------
                                  0.20   data required time
                                 -1.41   data arrival time
-----------------------------------------------------------------------------
                                  1.21   slack (MET)


Startpoint: _356_ (rising edge-triggered flip-flop clocked by core_clock)
Endpoint: _357_ (rising edge-triggered flip-flop clocked by core_clock)
Path Group: core_clock
Path Type: min
Corner: Typical

Fanout     Cap    Slew   Delay    Time   Description
-----------------------------------------------------------------------------
                          0.00    0.00   clock core_clock (rise edge)
                          0.00    0.00   clock source latency
     1    0.02    0.00    0.00    0.00 ^ clk (in)
                                         clk (net)
                  0.00    0.00    0.00 ^ clkbuf_0_clk/A (sky130_fd_sc_hd__clkbuf_16)
     4    0.05    0.07    0.13    0.13 ^ clkbuf_0_clk/X (sky130_fd_sc_hd__clkbuf_16)
                                         clknet_0_clk (net)
                  0.07    0.00    0.13 ^ clkbuf_2_0__f_clk/A (sky130_fd_sc_hd__clkbuf_16)
     9    0.03    0.06    0.15    0.28 ^ clkbuf_2_0__f_clk/X (sky130_fd_sc_hd__clkbuf_16)
                                         clknet_2_0__leaf_clk (net)
                  0.06    0.00    0.28 ^ _356_/CLK (sky130_fd_sc_hd__dfrtp_1)
     2    0.02    0.15    0.40    0.68 ^ _356_/Q (sky130_fd_sc_hd__dfrtp_1)
                                         one_second_counter[26] (net)
                  0.15    0.00    0.68 ^ _187_/B1_N (sky130_fd_sc_hd__a21bo_2)
     9    0.05    0.13    0.35    1.03 v _187_/X (sky130_fd_sc_hd__a21bo_2)
                                         _085_ (net)
                  0.13    0.00    1.03 v _188_/A (sky130_fd_sc_hd__inv_2)
     2    0.02    0.11    0.14    1.17 ^ _188_/Y (sky130_fd_sc_hd__inv_2)
                                         _086_ (net)
                  0.11    0.00    1.17 ^ _189_/A (sky130_fd_sc_hd__clkbuf_4)
    10    0.07    0.21    0.28    1.46 ^ _189_/X (sky130_fd_sc_hd__clkbuf_4)
                                         _027_ (net)
                  0.21    0.00    1.46 ^ _357_/D (sky130_fd_sc_hd__dfrtp_4)
                                  1.46   data arrival time

                          0.00    0.00   clock core_clock (rise edge)
                          0.00    0.00   clock source latency
     1    0.02    0.00    0.00    0.00 ^ clk (in)
                                         clk (net)
                  0.00    0.00    0.00 ^ clkbuf_0_clk/A (sky130_fd_sc_hd__clkbuf_16)
     4    0.05    0.07    0.13    0.13 ^ clkbuf_0_clk/X (sky130_fd_sc_hd__clkbuf_16)
                                         clknet_0_clk (net)
                  0.07    0.00    0.13 ^ clkbuf_2_0__f_clk/A (sky130_fd_sc_hd__clkbuf_16)
     9    0.03    0.06    0.15    0.28 ^ clkbuf_2_0__f_clk/X (sky130_fd_sc_hd__clkbuf_16)
                                         clknet_2_0__leaf_clk (net)
                  0.06    0.00    0.28 ^ _357_/CLK (sky130_fd_sc_hd__dfrtp_4)
                          0.00    0.28   clock reconvergence pessimism
                         -0.07    0.21   library hold time
                                  0.21   data required time
-----------------------------------------------------------------------------
                                  0.21   data required time
                                 -1.46   data arrival time
-----------------------------------------------------------------------------
                                  1.25   slack (MET)



worst slack corner Typical: 0.6523
