
===========================================================================
report_checks -path_delay max (Setup)
============================================================================
======================= Fastest Corner ===================================

Startpoint: _330_ (rising edge-triggered flip-flop clocked by core_clock)
Endpoint: _334_ (rising edge-triggered flip-flop clocked by core_clock)
Path Group: core_clock
Path Type: max
Corner: Fastest

Fanout     Cap    Slew   Delay    Time   Description
-----------------------------------------------------------------------------
                          0.00    0.00   clock core_clock (rise edge)
                          0.00    0.00   clock source latency
     1    0.02    0.00    0.00    0.00 ^ clk (in)
                                         clk (net)
                  0.00    0.00    0.00 ^ clkbuf_0_clk/A (sky130_fd_sc_hd__clkbuf_16)
     4    0.05    0.05    0.09    0.09 ^ clkbuf_0_clk/X (sky130_fd_sc_hd__clkbuf_16)
                                         clknet_0_clk (net)
                  0.05    0.00    0.09 ^ clkbuf_2_3__f_clk/A (sky130_fd_sc_hd__clkbuf_16)
     9    0.03    0.04    0.10    0.19 ^ clkbuf_2_3__f_clk/X (sky130_fd_sc_hd__clkbuf_16)
                                         clknet_2_3__leaf_clk (net)
                  0.04    0.00    0.19 ^ _330_/CLK (sky130_fd_sc_hd__dfrtp_4)
     7    0.05    0.08    0.34    0.54 v _330_/Q (sky130_fd_sc_hd__dfrtp_4)
                                         one_second_counter[0] (net)
                  0.08    0.00    0.54 v _177_/D (sky130_fd_sc_hd__and4_4)
     8    0.05    0.07    0.19    0.73 v _177_/X (sky130_fd_sc_hd__and4_4)
                                         _075_ (net)
                  0.07    0.00    0.73 v _179_/A (sky130_fd_sc_hd__and2_2)
     5    0.04    0.09    0.18    0.92 v _179_/X (sky130_fd_sc_hd__and2_2)
                                         _077_ (net)
                  0.09    0.00    0.92 v _184_/A2 (sky130_fd_sc_hd__o31a_1)
     1    0.01    0.07    0.22    1.14 v _184_/X (sky130_fd_sc_hd__o31a_1)
                                         _082_ (net)
                  0.07    0.00    1.14 v _186_/A2 (sky130_fd_sc_hd__o211ai_4)
     2    0.02    0.17    0.17    1.31 ^ _186_/Y (sky130_fd_sc_hd__o211ai_4)
                                         _084_ (net)
                  0.17    0.00    1.31 ^ _187_/A2 (sky130_fd_sc_hd__a21bo_2)
     9    0.05    0.21    0.23    1.54 ^ _187_/X (sky130_fd_sc_hd__a21bo_2)
                                         _085_ (net)
                  0.21    0.00    1.54 ^ _202_/A (sky130_fd_sc_hd__buf_2)
    10    0.05    0.18    0.20    1.74 ^ _202_/X (sky130_fd_sc_hd__buf_2)
                                         _095_ (net)
                  0.18    0.00    1.75 ^ _205_/A (sky130_fd_sc_hd__and3_1)
     1    0.03    0.19    0.22    1.97 ^ _205_/X (sky130_fd_sc_hd__and3_1)
                                         _098_ (net)
                  0.19    0.00    1.97 ^ _206_/A (sky130_fd_sc_hd__buf_1)
     1    0.02    0.17    0.16    2.13 ^ _206_/X (sky130_fd_sc_hd__buf_1)
                                         _021_ (net)
                  0.17    0.00    2.13 ^ _334_/D (sky130_fd_sc_hd__dfrtp_4)
                                  2.13   data arrival time

                         10.00   10.00   clock core_clock (rise edge)
                          0.00   10.00   clock source latency
     1    0.02    0.00    0.00   10.00 ^ clk (in)
                                         clk (net)
                  0.00    0.00   10.00 ^ clkbuf_0_clk/A (sky130_fd_sc_hd__clkbuf_16)
     4    0.05    0.05    0.09   10.09 ^ clkbuf_0_clk/X (sky130_fd_sc_hd__clkbuf_16)
                                         clknet_0_clk (net)
                  0.05    0.00   10.09 ^ clkbuf_2_0__f_clk/A (sky130_fd_sc_hd__clkbuf_16)
     9    0.04    0.04    0.10   10.19 ^ clkbuf_2_0__f_clk/X (sky130_fd_sc_hd__clkbuf_16)
                                         clknet_2_0__leaf_clk (net)
                  0.04    0.00   10.19 ^ _334_/CLK (sky130_fd_sc_hd__dfrtp_4)
                          0.00   10.19   clock reconvergence pessimism
                         -0.05   10.14   library setup time
                                 10.14   data required time
-----------------------------------------------------------------------------
                                 10.14   data required time
                                 -2.13   data arrival time
-----------------------------------------------------------------------------
                                  8.01   slack (MET)


Startpoint: _330_ (rising edge-triggered flip-flop clocked by core_clock)
Endpoint: _341_ (rising edge-triggered flip-flop clocked by core_clock)
Path Group: core_clock
Path Type: max
Corner: Fastest

Fanout     Cap    Slew   Delay    Time   Description
-----------------------------------------------------------------------------
                          0.00    0.00   clock core_clock (rise edge)
                          0.00    0.00   clock source latency
     1    0.02    0.00    0.00    0.00 ^ clk (in)
                                         clk (net)
                  0.00    0.00    0.00 ^ clkbuf_0_clk/A (sky130_fd_sc_hd__clkbuf_16)
     4    0.05    0.05    0.09    0.09 ^ clkbuf_0_clk/X (sky130_fd_sc_hd__clkbuf_16)
                                         clknet_0_clk (net)
                  0.05    0.00    0.09 ^ clkbuf_2_3__f_clk/A (sky130_fd_sc_hd__clkbuf_16)
     9    0.03    0.04    0.10    0.19 ^ clkbuf_2_3__f_clk/X (sky130_fd_sc_hd__clkbuf_16)
                                         clknet_2_3__leaf_clk (net)
                  0.04    0.00    0.19 ^ _330_/CLK (sky130_fd_sc_hd__dfrtp_4)
     7    0.05    0.08    0.34    0.54 v _330_/Q (sky130_fd_sc_hd__dfrtp_4)
                                         one_second_counter[0] (net)
                  0.08    0.00    0.54 v _177_/D (sky130_fd_sc_hd__and4_4)
     8    0.05    0.07    0.19    0.73 v _177_/X (sky130_fd_sc_hd__and4_4)
                                         _075_ (net)
                  0.07    0.00    0.73 v _179_/A (sky130_fd_sc_hd__and2_2)
     5    0.04    0.09    0.18    0.92 v _179_/X (sky130_fd_sc_hd__and2_2)
                                         _077_ (net)
                  0.09    0.00    0.92 v _184_/A2 (sky130_fd_sc_hd__o31a_1)
     1    0.01    0.07    0.22    1.14 v _184_/X (sky130_fd_sc_hd__o31a_1)
                                         _082_ (net)
                  0.07    0.00    1.14 v _186_/A2 (sky130_fd_sc_hd__o211ai_4)
     2    0.02    0.17    0.17    1.31 ^ _186_/Y (sky130_fd_sc_hd__o211ai_4)
                                         _084_ (net)
                  0.17    0.00    1.31 ^ _187_/A2 (sky130_fd_sc_hd__a21bo_2)
     9    0.05    0.21    0.23    1.54 ^ _187_/X (sky130_fd_sc_hd__a21bo_2)
                                         _085_ (net)
                  0.21    0.00    1.54 ^ _188_/A (sky130_fd_sc_hd__inv_2)
     2    0.02    0.07    0.06    1.60 v _188_/Y (sky130_fd_sc_hd__inv_2)
                                         _086_ (net)
                  0.07    0.00    1.60 v _189_/A (sky130_fd_sc_hd__clkbuf_4)
    10    0.07    0.10    0.17    1.78 v _189_/X (sky130_fd_sc_hd__clkbuf_4)
                                         _027_ (net)
                  0.10    0.00    1.78 v _229_/A (sky130_fd_sc_hd__nor3_1)
     1    0.02    0.36    0.33    2.10 ^ _229_/Y (sky130_fd_sc_hd__nor3_1)
                                         _002_ (net)
                  0.36    0.00    2.11 ^ _341_/D (sky130_fd_sc_hd__dfrtp_2)
                                  2.11   data arrival time

                         10.00   10.00   clock core_clock (rise edge)
                          0.00   10.00   clock source latency
     1    0.02    0.00    0.00   10.00 ^ clk (in)
                                         clk (net)
                  0.00    0.00   10.00 ^ clkbuf_0_clk/A (sky130_fd_sc_hd__clkbuf_16)
     4    0.05    0.05    0.09   10.09 ^ clkbuf_0_clk/X (sky130_fd_sc_hd__clkbuf_16)
                                         clknet_0_clk (net)
                  0.05    0.00   10.09 ^ clkbuf_2_1__f_clk/A (sky130_fd_sc_hd__clkbuf_16)
    10    0.03    0.04    0.10   10.19 ^ clkbuf_2_1__f_clk/X (sky130_fd_sc_hd__clkbuf_16)
                                         clknet_2_1__leaf_clk (net)
                  0.04    0.00   10.19 ^ _341_/CLK (sky130_fd_sc_hd__dfrtp_2)
                          0.00   10.19   clock reconvergence pessimism
                         -0.07   10.12   library setup time
                                 10.12   data required time
-----------------------------------------------------------------------------
                                 10.12   data required time
                                 -2.11   data arrival time
-----------------------------------------------------------------------------
                                  8.02   slack (MET)


Startpoint: _330_ (rising edge-triggered flip-flop clocked by core_clock)
Endpoint: _354_ (rising edge-triggered flip-flop clocked by core_clock)
Path Group: core_clock
Path Type: max
Corner: Fastest

Fanout     Cap    Slew   Delay    Time   Description
-----------------------------------------------------------------------------
                          0.00    0.00   clock core_clock (rise edge)
                          0.00    0.00   clock source latency
     1    0.02    0.00    0.00    0.00 ^ clk (in)
                                         clk (net)
                  0.00    0.00    0.00 ^ clkbuf_0_clk/A (sky130_fd_sc_hd__clkbuf_16)
     4    0.05    0.05    0.09    0.09 ^ clkbuf_0_clk/X (sky130_fd_sc_hd__clkbuf_16)
                                         clknet_0_clk (net)
                  0.05    0.00    0.09 ^ clkbuf_2_3__f_clk/A (sky130_fd_sc_hd__clkbuf_16)
     9    0.03    0.04    0.10    0.19 ^ clkbuf_2_3__f_clk/X (sky130_fd_sc_hd__clkbuf_16)
                                         clknet_2_3__leaf_clk (net)
                  0.04    0.00    0.19 ^ _330_/CLK (sky130_fd_sc_hd__dfrtp_4)
     7    0.05    0.08    0.34    0.54 v _330_/Q (sky130_fd_sc_hd__dfrtp_4)
                                         one_second_counter[0] (net)
                  0.08    0.00    0.54 v _177_/D (sky130_fd_sc_hd__and4_4)
     8    0.05    0.07    0.19    0.73 v _177_/X (sky130_fd_sc_hd__and4_4)
                                         _075_ (net)
                  0.07    0.00    0.73 v _179_/A (sky130_fd_sc_hd__and2_2)
     5    0.04    0.09    0.18    0.92 v _179_/X (sky130_fd_sc_hd__and2_2)
                                         _077_ (net)
                  0.09    0.00    0.92 v _184_/A2 (sky130_fd_sc_hd__o31a_1)
     1    0.01    0.07    0.22    1.14 v _184_/X (sky130_fd_sc_hd__o31a_1)
                                         _082_ (net)
                  0.07    0.00    1.14 v _186_/A2 (sky130_fd_sc_hd__o211ai_4)
     2    0.02    0.17    0.17    1.31 ^ _186_/Y (sky130_fd_sc_hd__o211ai_4)
                                         _084_ (net)
                  0.17    0.00    1.31 ^ _187_/A2 (sky130_fd_sc_hd__a21bo_2)
     9    0.05    0.21    0.23    1.54 ^ _187_/X (sky130_fd_sc_hd__a21bo_2)
                                         _085_ (net)
                  0.21    0.00    1.54 ^ _188_/A (sky130_fd_sc_hd__inv_2)
     2    0.02    0.07    0.06    1.60 v _188_/Y (sky130_fd_sc_hd__inv_2)
                                         _086_ (net)
                  0.07    0.00    1.60 v _189_/A (sky130_fd_sc_hd__clkbuf_4)
    10    0.07    0.10    0.17    1.78 v _189_/X (sky130_fd_sc_hd__clkbuf_4)
                                         _027_ (net)
                  0.10    0.00    1.78 v _278_/A (sky130_fd_sc_hd__nor3_1)
     1    0.02    0.35    0.32    2.10 ^ _278_/Y (sky130_fd_sc_hd__nor3_1)
                                         _016_ (net)
                  0.35    0.00    2.10 ^ _354_/D (sky130_fd_sc_hd__dfrtp_4)
                                  2.10   data arrival time

                         10.00   10.00   clock core_clock (rise edge)
                          0.00   10.00   clock source latency
     1    0.02    0.00    0.00   10.00 ^ clk (in)
                                         clk (net)
                  0.00    0.00   10.00 ^ clkbuf_0_clk/A (sky130_fd_sc_hd__clkbuf_16)
     4    0.05    0.05    0.09   10.09 ^ clkbuf_0_clk/X (sky130_fd_sc_hd__clkbuf_16)
                                         clknet_0_clk (net)
                  0.05    0.00   10.09 ^ clkbuf_2_0__f_clk/A (sky130_fd_sc_hd__clkbuf_16)
     9    0.04    0.04    0.10   10.19 ^ clkbuf_2_0__f_clk/X (sky130_fd_sc_hd__clkbuf_16)
                                         clknet_2_0__leaf_clk (net)
                  0.04    0.00   10.19 ^ _354_/CLK (sky130_fd_sc_hd__dfrtp_4)
                          0.00   10.19   clock reconvergence pessimism
                         -0.07   10.12   library setup time
                                 10.12   data required time
-----------------------------------------------------------------------------
                                 10.12   data required time
                                 -2.10   data arrival time
-----------------------------------------------------------------------------
                                  8.02   slack (MET)


Startpoint: _330_ (rising edge-triggered flip-flop clocked by core_clock)
Endpoint: _344_ (rising edge-triggered flip-flop clocked by core_clock)
Path Group: core_clock
Path Type: max
Corner: Fastest

Fanout     Cap    Slew   Delay    Time   Description
-----------------------------------------------------------------------------
                          0.00    0.00   clock core_clock (rise edge)
                          0.00    0.00   clock source latency
     1    0.02    0.00    0.00    0.00 ^ clk (in)
                                         clk (net)
                  0.00    0.00    0.00 ^ clkbuf_0_clk/A (sky130_fd_sc_hd__clkbuf_16)
     4    0.05    0.05    0.09    0.09 ^ clkbuf_0_clk/X (sky130_fd_sc_hd__clkbuf_16)
                                         clknet_0_clk (net)
                  0.05    0.00    0.09 ^ clkbuf_2_3__f_clk/A (sky130_fd_sc_hd__clkbuf_16)
     9    0.03    0.04    0.10    0.19 ^ clkbuf_2_3__f_clk/X (sky130_fd_sc_hd__clkbuf_16)
                                         clknet_2_3__leaf_clk (net)
                  0.04    0.00    0.19 ^ _330_/CLK (sky130_fd_sc_hd__dfrtp_4)
     7    0.05    0.08    0.34    0.54 v _330_/Q (sky130_fd_sc_hd__dfrtp_4)
                                         one_second_counter[0] (net)
                  0.08    0.00    0.54 v _177_/D (sky130_fd_sc_hd__and4_4)
     8    0.05    0.07    0.19    0.73 v _177_/X (sky130_fd_sc_hd__and4_4)
                                         _075_ (net)
                  0.07    0.00    0.73 v _179_/A (sky130_fd_sc_hd__and2_2)
     5    0.04    0.09    0.18    0.92 v _179_/X (sky130_fd_sc_hd__and2_2)
                                         _077_ (net)
                  0.09    0.00    0.92 v _184_/A2 (sky130_fd_sc_hd__o31a_1)
     1    0.01    0.07    0.22    1.14 v _184_/X (sky130_fd_sc_hd__o31a_1)
                                         _082_ (net)
                  0.07    0.00    1.14 v _186_/A2 (sky130_fd_sc_hd__o211ai_4)
     2    0.02    0.17    0.17    1.31 ^ _186_/Y (sky130_fd_sc_hd__o211ai_4)
                                         _084_ (net)
                  0.17    0.00    1.31 ^ _187_/A2 (sky130_fd_sc_hd__a21bo_2)
     9    0.05    0.21    0.23    1.54 ^ _187_/X (sky130_fd_sc_hd__a21bo_2)
                                         _085_ (net)
                  0.21    0.00    1.54 ^ _202_/A (sky130_fd_sc_hd__buf_2)
    10    0.05    0.18    0.20    1.74 ^ _202_/X (sky130_fd_sc_hd__buf_2)
                                         _095_ (net)
                  0.18    0.00    1.75 ^ _241_/A (sky130_fd_sc_hd__and3_1)
     1    0.02    0.13    0.18    1.92 ^ _241_/X (sky130_fd_sc_hd__and3_1)
                                         _124_ (net)
                  0.13    0.00    1.92 ^ _242_/A (sky130_fd_sc_hd__buf_1)
     1    0.02    0.19    0.17    2.10 ^ _242_/X (sky130_fd_sc_hd__buf_1)
                                         _005_ (net)
                  0.19    0.00    2.10 ^ _344_/D (sky130_fd_sc_hd__dfrtp_2)
                                  2.10   data arrival time

                         10.00   10.00   clock core_clock (rise edge)
                          0.00   10.00   clock source latency
     1    0.02    0.00    0.00   10.00 ^ clk (in)
                                         clk (net)
                  0.00    0.00   10.00 ^ clkbuf_0_clk/A (sky130_fd_sc_hd__clkbuf_16)
     4    0.05    0.05    0.09   10.09 ^ clkbuf_0_clk/X (sky130_fd_sc_hd__clkbuf_16)
                                         clknet_0_clk (net)
                  0.05    0.00   10.09 ^ clkbuf_2_3__f_clk/A (sky130_fd_sc_hd__clkbuf_16)
     9    0.03    0.04    0.10   10.19 ^ clkbuf_2_3__f_clk/X (sky130_fd_sc_hd__clkbuf_16)
                                         clknet_2_3__leaf_clk (net)
                  0.04    0.00   10.19 ^ _344_/CLK (sky130_fd_sc_hd__dfrtp_2)
                          0.00   10.19   clock reconvergence pessimism
                         -0.05   10.14   library setup time
                                 10.14   data required time
-----------------------------------------------------------------------------
                                 10.14   data required time
                                 -2.10   data arrival time
-----------------------------------------------------------------------------
                                  8.04   slack (MET)


Startpoint: _330_ (rising edge-triggered flip-flop clocked by core_clock)
Endpoint: _335_ (rising edge-triggered flip-flop clocked by core_clock)
Path Group: core_clock
Path Type: max
Corner: Fastest

Fanout     Cap    Slew   Delay    Time   Description
-----------------------------------------------------------------------------
                          0.00    0.00   clock core_clock (rise edge)
                          0.00    0.00   clock source latency
     1    0.02    0.00    0.00    0.00 ^ clk (in)
                                         clk (net)
                  0.00    0.00    0.00 ^ clkbuf_0_clk/A (sky130_fd_sc_hd__clkbuf_16)
     4    0.05    0.05    0.09    0.09 ^ clkbuf_0_clk/X (sky130_fd_sc_hd__clkbuf_16)
                                         clknet_0_clk (net)
                  0.05    0.00    0.09 ^ clkbuf_2_3__f_clk/A (sky130_fd_sc_hd__clkbuf_16)
     9    0.03    0.04    0.10    0.19 ^ clkbuf_2_3__f_clk/X (sky130_fd_sc_hd__clkbuf_16)
                                         clknet_2_3__leaf_clk (net)
                  0.04    0.00    0.19 ^ _330_/CLK (sky130_fd_sc_hd__dfrtp_4)
     7    0.05    0.08    0.34    0.54 v _330_/Q (sky130_fd_sc_hd__dfrtp_4)
                                         one_second_counter[0] (net)
                  0.08    0.00    0.54 v _177_/D (sky130_fd_sc_hd__and4_4)
     8    0.05    0.07    0.19    0.73 v _177_/X (sky130_fd_sc_hd__and4_4)
                                         _075_ (net)
                  0.07    0.00    0.73 v _179_/A (sky130_fd_sc_hd__and2_2)
     5    0.04    0.09    0.18    0.92 v _179_/X (sky130_fd_sc_hd__and2_2)
                                         _077_ (net)
                  0.09    0.00    0.92 v _184_/A2 (sky130_fd_sc_hd__o31a_1)
     1    0.01    0.07    0.22    1.14 v _184_/X (sky130_fd_sc_hd__o31a_1)
                                         _082_ (net)
                  0.07    0.00    1.14 v _186_/A2 (sky130_fd_sc_hd__o211ai_4)
     2    0.02    0.17    0.17    1.31 ^ _186_/Y (sky130_fd_sc_hd__o211ai_4)
                                         _084_ (net)
                  0.17    0.00    1.31 ^ _187_/A2 (sky130_fd_sc_hd__a21bo_2)
     9    0.05    0.21    0.23    1.54 ^ _187_/X (sky130_fd_sc_hd__a21bo_2)
                                         _085_ (net)
                  0.21    0.00    1.54 ^ _188_/A (sky130_fd_sc_hd__inv_2)
     2    0.02    0.07    0.06    1.60 v _188_/Y (sky130_fd_sc_hd__inv_2)
                                         _086_ (net)
                  0.07    0.00    1.60 v _189_/A (sky130_fd_sc_hd__clkbuf_4)
    10    0.07    0.10    0.17    1.78 v _189_/X (sky130_fd_sc_hd__clkbuf_4)
                                         _027_ (net)
                  0.10    0.00    1.78 v _209_/A (sky130_fd_sc_hd__nor3_1)
     1    0.01    0.31    0.29    2.07 ^ _209_/Y (sky130_fd_sc_hd__nor3_1)
                                         _022_ (net)
                  0.31    0.00    2.07 ^ _335_/D (sky130_fd_sc_hd__dfrtp_2)
                                  2.07   data arrival time

                         10.00   10.00   clock core_clock (rise edge)
                          0.00   10.00   clock source latency
     1    0.02    0.00    0.00   10.00 ^ clk (in)
                                         clk (net)
                  0.00    0.00   10.00 ^ clkbuf_0_clk/A (sky130_fd_sc_hd__clkbuf_16)
     4    0.05    0.05    0.09   10.09 ^ clkbuf_0_clk/X (sky130_fd_sc_hd__clkbuf_16)
                                         clknet_0_clk (net)
                  0.05    0.00   10.09 ^ clkbuf_2_1__f_clk/A (sky130_fd_sc_hd__clkbuf_16)
    10    0.03    0.04    0.10   10.19 ^ clkbuf_2_1__f_clk/X (sky130_fd_sc_hd__clkbuf_16)
                                         clknet_2_1__leaf_clk (net)
                  0.04    0.00   10.19 ^ _335_/CLK (sky130_fd_sc_hd__dfrtp_2)
                          0.00   10.19   clock reconvergence pessimism
                         -0.06   10.13   library setup time
                                 10.13   data required time
-----------------------------------------------------------------------------
                                 10.13   data required time
                                 -2.07   data arrival time
-----------------------------------------------------------------------------
                                  8.05   slack (MET)


Startpoint: _330_ (rising edge-triggered flip-flop clocked by core_clock)
Endpoint: _352_ (rising edge-triggered flip-flop clocked by core_clock)
Path Group: core_clock
Path Type: max
Corner: Fastest

Fanout     Cap    Slew   Delay    Time   Description
-----------------------------------------------------------------------------
                          0.00    0.00   clock core_clock (rise edge)
                          0.00    0.00   clock source latency
     1    0.02    0.00    0.00    0.00 ^ clk (in)
                                         clk (net)
                  0.00    0.00    0.00 ^ clkbuf_0_clk/A (sky130_fd_sc_hd__clkbuf_16)
     4    0.05    0.05    0.09    0.09 ^ clkbuf_0_clk/X (sky130_fd_sc_hd__clkbuf_16)
                                         clknet_0_clk (net)
                  0.05    0.00    0.09 ^ clkbuf_2_3__f_clk/A (sky130_fd_sc_hd__clkbuf_16)
     9    0.03    0.04    0.10    0.19 ^ clkbuf_2_3__f_clk/X (sky130_fd_sc_hd__clkbuf_16)
                                         clknet_2_3__leaf_clk (net)
                  0.04    0.00    0.19 ^ _330_/CLK (sky130_fd_sc_hd__dfrtp_4)
     7    0.05    0.12    0.32    0.51 ^ _330_/Q (sky130_fd_sc_hd__dfrtp_4)
                                         one_second_counter[0] (net)
                  0.12    0.00    0.51 ^ _177_/D (sky130_fd_sc_hd__and4_4)
     8    0.06    0.13    0.22    0.73 ^ _177_/X (sky130_fd_sc_hd__and4_4)
                                         _075_ (net)
                  0.13    0.00    0.73 ^ _221_/C (sky130_fd_sc_hd__and4_2)
     6    0.04    0.16    0.24    0.98 ^ _221_/X (sky130_fd_sc_hd__and4_2)
                                         _109_ (net)
                  0.16    0.00    0.98 ^ _244_/D (sky130_fd_sc_hd__and4_1)
     2    0.03    0.23    0.27    1.25 ^ _244_/X (sky130_fd_sc_hd__and4_1)
                                         _126_ (net)
                  0.23    0.00    1.25 ^ _245_/A (sky130_fd_sc_hd__clkbuf_4)
    10    0.06    0.14    0.21    1.46 ^ _245_/X (sky130_fd_sc_hd__clkbuf_4)
                                         _127_ (net)
                  0.14    0.00    1.46 ^ _267_/C (sky130_fd_sc_hd__and4_1)
     3    0.02    0.17    0.22    1.68 ^ _267_/X (sky130_fd_sc_hd__and4_1)
                                         _143_ (net)
                  0.17    0.00    1.69 ^ _270_/B (sky130_fd_sc_hd__nand2_1)
     3    0.02    0.12    0.13    1.81 v _270_/Y (sky130_fd_sc_hd__nand2_1)
                                         _145_ (net)
                  0.12    0.00    1.81 v _271_/C (sky130_fd_sc_hd__and3_1)
     1    0.01    0.05    0.17    1.99 v _271_/X (sky130_fd_sc_hd__and3_1)
                                         _146_ (net)
                  0.05    0.00    1.99 v _272_/A (sky130_fd_sc_hd__clkbuf_1)
     1    0.00    0.02    0.07    2.05 v _272_/X (sky130_fd_sc_hd__clkbuf_1)
                                         _014_ (net)
                  0.02    0.00    2.05 v _352_/D (sky130_fd_sc_hd__dfrtp_1)
                                  2.05   data arrival time

                         10.00   10.00   clock core_clock (rise edge)
                          0.00   10.00   clock source latency
     1    0.02    0.00    0.00   10.00 ^ clk (in)
                                         clk (net)
                  0.00    0.00   10.00 ^ clkbuf_0_clk/A (sky130_fd_sc_hd__clkbuf_16)
     4    0.05    0.05    0.09   10.09 ^ clkbuf_0_clk/X (sky130_fd_sc_hd__clkbuf_16)
                                         clknet_0_clk (net)
                  0.05    0.00   10.09 ^ clkbuf_2_1__f_clk/A (sky130_fd_sc_hd__clkbuf_16)
    10    0.03    0.04    0.10   10.19 ^ clkbuf_2_1__f_clk/X (sky130_fd_sc_hd__clkbuf_16)
                                         clknet_2_1__leaf_clk (net)
                  0.04    0.00   10.19 ^ _352_/CLK (sky130_fd_sc_hd__dfrtp_1)
                          0.00   10.19   clock reconvergence pessimism
                         -0.07   10.12   library setup time
                                 10.12   data required time
-----------------------------------------------------------------------------
                                 10.12   data required time
                                 -2.05   data arrival time
-----------------------------------------------------------------------------
                                  8.07   slack (MET)


Startpoint: _330_ (rising edge-triggered flip-flop clocked by core_clock)
Endpoint: _353_ (rising edge-triggered flip-flop clocked by core_clock)
Path Group: core_clock
Path Type: max
Corner: Fastest

Fanout     Cap    Slew   Delay    Time   Description
-----------------------------------------------------------------------------
                          0.00    0.00   clock core_clock (rise edge)
                          0.00    0.00   clock source latency
     1    0.02    0.00    0.00    0.00 ^ clk (in)
                                         clk (net)
                  0.00    0.00    0.00 ^ clkbuf_0_clk/A (sky130_fd_sc_hd__clkbuf_16)
     4    0.05    0.05    0.09    0.09 ^ clkbuf_0_clk/X (sky130_fd_sc_hd__clkbuf_16)
                                         clknet_0_clk (net)
                  0.05    0.00    0.09 ^ clkbuf_2_3__f_clk/A (sky130_fd_sc_hd__clkbuf_16)
     9    0.03    0.04    0.10    0.19 ^ clkbuf_2_3__f_clk/X (sky130_fd_sc_hd__clkbuf_16)
                                         clknet_2_3__leaf_clk (net)
                  0.04    0.00    0.19 ^ _330_/CLK (sky130_fd_sc_hd__dfrtp_4)
     7    0.05    0.12    0.32    0.51 ^ _330_/Q (sky130_fd_sc_hd__dfrtp_4)
                                         one_second_counter[0] (net)
                  0.12    0.00    0.51 ^ _177_/D (sky130_fd_sc_hd__and4_4)
     8    0.06    0.13    0.22    0.73 ^ _177_/X (sky130_fd_sc_hd__and4_4)
                                         _075_ (net)
                  0.13    0.00    0.73 ^ _221_/C (sky130_fd_sc_hd__and4_2)
     6    0.04    0.16    0.24    0.98 ^ _221_/X (sky130_fd_sc_hd__and4_2)
                                         _109_ (net)
                  0.16    0.00    0.98 ^ _244_/D (sky130_fd_sc_hd__and4_1)
     2    0.03    0.23    0.27    1.25 ^ _244_/X (sky130_fd_sc_hd__and4_1)
                                         _126_ (net)
                  0.23    0.00    1.25 ^ _245_/A (sky130_fd_sc_hd__clkbuf_4)
    10    0.06    0.14    0.21    1.46 ^ _245_/X (sky130_fd_sc_hd__clkbuf_4)
                                         _127_ (net)
                  0.14    0.00    1.46 ^ _267_/C (sky130_fd_sc_hd__and4_1)
     3    0.02    0.17    0.22    1.68 ^ _267_/X (sky130_fd_sc_hd__and4_1)
                                         _143_ (net)
                  0.17    0.00    1.69 ^ _270_/B (sky130_fd_sc_hd__nand2_1)
     3    0.02    0.12    0.13    1.81 v _270_/Y (sky130_fd_sc_hd__nand2_1)
                                         _145_ (net)
                  0.12    0.00    1.81 v _275_/A2 (sky130_fd_sc_hd__a221oi_1)
     1    0.01    0.19    0.23    2.05 ^ _275_/Y (sky130_fd_sc_hd__a221oi_1)
                                         _015_ (net)
                  0.19    0.00    2.05 ^ _353_/D (sky130_fd_sc_hd__dfrtp_2)
                                  2.05   data arrival time

                         10.00   10.00   clock core_clock (rise edge)
                          0.00   10.00   clock source latency
     1    0.02    0.00    0.00   10.00 ^ clk (in)
                                         clk (net)
                  0.00    0.00   10.00 ^ clkbuf_0_clk/A (sky130_fd_sc_hd__clkbuf_16)
     4    0.05    0.05    0.09   10.09 ^ clkbuf_0_clk/X (sky130_fd_sc_hd__clkbuf_16)
                                         clknet_0_clk (net)
                  0.05    0.00   10.09 ^ clkbuf_2_2__f_clk/A (sky130_fd_sc_hd__clkbuf_16)
     7    0.03    0.04    0.10   10.19 ^ clkbuf_2_2__f_clk/X (sky130_fd_sc_hd__clkbuf_16)
                                         clknet_2_2__leaf_clk (net)
                  0.04    0.00   10.19 ^ _353_/CLK (sky130_fd_sc_hd__dfrtp_2)
                          0.00   10.19   clock reconvergence pessimism
                         -0.05   10.14   library setup time
                                 10.14   data required time
-----------------------------------------------------------------------------
                                 10.14   data required time
                                 -2.05   data arrival time
-----------------------------------------------------------------------------
                                  8.09   slack (MET)


Startpoint: _330_ (rising edge-triggered flip-flop clocked by core_clock)
Endpoint: _355_ (rising edge-triggered flip-flop clocked by core_clock)
Path Group: core_clock
Path Type: max
Corner: Fastest

Fanout     Cap    Slew   Delay    Time   Description
-----------------------------------------------------------------------------
                          0.00    0.00   clock core_clock (rise edge)
                          0.00    0.00   clock source latency
     1    0.02    0.00    0.00    0.00 ^ clk (in)
                                         clk (net)
                  0.00    0.00    0.00 ^ clkbuf_0_clk/A (sky130_fd_sc_hd__clkbuf_16)
     4    0.05    0.05    0.09    0.09 ^ clkbuf_0_clk/X (sky130_fd_sc_hd__clkbuf_16)
                                         clknet_0_clk (net)
                  0.05    0.00    0.09 ^ clkbuf_2_3__f_clk/A (sky130_fd_sc_hd__clkbuf_16)
     9    0.03    0.04    0.10    0.19 ^ clkbuf_2_3__f_clk/X (sky130_fd_sc_hd__clkbuf_16)
                                         clknet_2_3__leaf_clk (net)
                  0.04    0.00    0.19 ^ _330_/CLK (sky130_fd_sc_hd__dfrtp_4)
     7    0.05    0.12    0.32    0.51 ^ _330_/Q (sky130_fd_sc_hd__dfrtp_4)
                                         one_second_counter[0] (net)
                  0.12    0.00    0.51 ^ _177_/D (sky130_fd_sc_hd__and4_4)
     8    0.06    0.13    0.22    0.73 ^ _177_/X (sky130_fd_sc_hd__and4_4)
                                         _075_ (net)
                  0.13    0.00    0.73 ^ _221_/C (sky130_fd_sc_hd__and4_2)
     6    0.04    0.16    0.24    0.98 ^ _221_/X (sky130_fd_sc_hd__and4_2)
                                         _109_ (net)
                  0.16    0.00    0.98 ^ _244_/D (sky130_fd_sc_hd__and4_1)
     2    0.03    0.23    0.27    1.25 ^ _244_/X (sky130_fd_sc_hd__and4_1)
                                         _126_ (net)
                  0.23    0.00    1.25 ^ _245_/A (sky130_fd_sc_hd__clkbuf_4)
    10    0.06    0.14    0.21    1.46 ^ _245_/X (sky130_fd_sc_hd__clkbuf_4)
                                         _127_ (net)
                  0.14    0.00    1.46 ^ _277_/B (sky130_fd_sc_hd__and3_2)
     4    0.04    0.15    0.22    1.68 ^ _277_/X (sky130_fd_sc_hd__and3_2)
                                         _150_ (net)
                  0.15    0.00    1.68 ^ _280_/B (sky130_fd_sc_hd__nand2_1)
     1    0.02    0.08    0.09    1.78 v _280_/Y (sky130_fd_sc_hd__nand2_1)
                                         _152_ (net)
                  0.08    0.00    1.78 v _281_/C (sky130_fd_sc_hd__and3_1)
     1    0.01    0.05    0.15    1.93 v _281_/X (sky130_fd_sc_hd__and3_1)
                                         _153_ (net)
                  0.05    0.00    1.93 v _282_/A (sky130_fd_sc_hd__clkbuf_1)
     1    0.01    0.04    0.09    2.02 v _282_/X (sky130_fd_sc_hd__clkbuf_1)
                                         _017_ (net)
                  0.04    0.00    2.02 v _355_/D (sky130_fd_sc_hd__dfrtp_4)
                                  2.02   data arrival time

                         10.00   10.00   clock core_clock (rise edge)
                          0.00   10.00   clock source latency
     1    0.02    0.00    0.00   10.00 ^ clk (in)
                                         clk (net)
                  0.00    0.00   10.00 ^ clkbuf_0_clk/A (sky130_fd_sc_hd__clkbuf_16)
     4    0.05    0.05    0.09   10.09 ^ clkbuf_0_clk/X (sky130_fd_sc_hd__clkbuf_16)
                                         clknet_0_clk (net)
                  0.05    0.00   10.09 ^ clkbuf_2_2__f_clk/A (sky130_fd_sc_hd__clkbuf_16)
     7    0.03    0.04    0.10   10.19 ^ clkbuf_2_2__f_clk/X (sky130_fd_sc_hd__clkbuf_16)
                                         clknet_2_2__leaf_clk (net)
                  0.04    0.00   10.19 ^ _355_/CLK (sky130_fd_sc_hd__dfrtp_4)
                          0.00   10.19   clock reconvergence pessimism
                         -0.08   10.11   library setup time
                                 10.11   data required time
-----------------------------------------------------------------------------
                                 10.11   data required time
                                 -2.02   data arrival time
-----------------------------------------------------------------------------
                                  8.10   slack (MET)


Startpoint: _330_ (rising edge-triggered flip-flop clocked by core_clock)
Endpoint: _350_ (rising edge-triggered flip-flop clocked by core_clock)
Path Group: core_clock
Path Type: max
Corner: Fastest

Fanout     Cap    Slew   Delay    Time   Description
-----------------------------------------------------------------------------
                          0.00    0.00   clock core_clock (rise edge)
                          0.00    0.00   clock source latency
     1    0.02    0.00    0.00    0.00 ^ clk (in)
                                         clk (net)
                  0.00    0.00    0.00 ^ clkbuf_0_clk/A (sky130_fd_sc_hd__clkbuf_16)
     4    0.05    0.05    0.09    0.09 ^ clkbuf_0_clk/X (sky130_fd_sc_hd__clkbuf_16)
                                         clknet_0_clk (net)
                  0.05    0.00    0.09 ^ clkbuf_2_3__f_clk/A (sky130_fd_sc_hd__clkbuf_16)
     9    0.03    0.04    0.10    0.19 ^ clkbuf_2_3__f_clk/X (sky130_fd_sc_hd__clkbuf_16)
                                         clknet_2_3__leaf_clk (net)
                  0.04    0.00    0.19 ^ _330_/CLK (sky130_fd_sc_hd__dfrtp_4)
     7    0.05    0.12    0.32    0.51 ^ _330_/Q (sky130_fd_sc_hd__dfrtp_4)
                                         one_second_counter[0] (net)
                  0.12    0.00    0.51 ^ _177_/D (sky130_fd_sc_hd__and4_4)
     8    0.06    0.13    0.22    0.73 ^ _177_/X (sky130_fd_sc_hd__and4_4)
                                         _075_ (net)
                  0.13    0.00    0.73 ^ _221_/C (sky130_fd_sc_hd__and4_2)
     6    0.04    0.16    0.24    0.98 ^ _221_/X (sky130_fd_sc_hd__and4_2)
                                         _109_ (net)
                  0.16    0.00    0.98 ^ _244_/D (sky130_fd_sc_hd__and4_1)
     2    0.03    0.23    0.27    1.25 ^ _244_/X (sky130_fd_sc_hd__and4_1)
                                         _126_ (net)
                  0.23    0.00    1.25 ^ _245_/A (sky130_fd_sc_hd__clkbuf_4)
    10    0.06    0.14    0.21    1.46 ^ _245_/X (sky130_fd_sc_hd__clkbuf_4)
                                         _127_ (net)
                  0.14    0.00    1.46 ^ _258_/A (sky130_fd_sc_hd__and2_1)
     3    0.03    0.19    0.20    1.66 ^ _258_/X (sky130_fd_sc_hd__and2_1)
                                         _136_ (net)
                  0.19    0.00    1.66 ^ _263_/B (sky130_fd_sc_hd__nand2_1)
     2    0.02    0.10    0.10    1.77 v _263_/Y (sky130_fd_sc_hd__nand2_1)
                                         _140_ (net)
                  0.10    0.00    1.77 v _264_/C (sky130_fd_sc_hd__and3_1)
     1    0.00    0.03    0.14    1.91 v _264_/X (sky130_fd_sc_hd__and3_1)
                                         _141_ (net)
                  0.03    0.00    1.91 v _265_/A (sky130_fd_sc_hd__clkbuf_1)
     1    0.02    0.06    0.10    2.01 v _265_/X (sky130_fd_sc_hd__clkbuf_1)
                                         _012_ (net)
                  0.06    0.00    2.01 v _350_/D (sky130_fd_sc_hd__dfrtp_1)
                                  2.01   data arrival time

                         10.00   10.00   clock core_clock (rise edge)
                          0.00   10.00   clock source latency
     1    0.02    0.00    0.00   10.00 ^ clk (in)
                                         clk (net)
                  0.00    0.00   10.00 ^ clkbuf_0_clk/A (sky130_fd_sc_hd__clkbuf_16)
     4    0.05    0.05    0.09   10.09 ^ clkbuf_0_clk/X (sky130_fd_sc_hd__clkbuf_16)
                                         clknet_0_clk (net)
                  0.05    0.00   10.09 ^ clkbuf_2_1__f_clk/A (sky130_fd_sc_hd__clkbuf_16)
    10    0.03    0.04    0.10   10.19 ^ clkbuf_2_1__f_clk/X (sky130_fd_sc_hd__clkbuf_16)
                                         clknet_2_1__leaf_clk (net)
                  0.04    0.00   10.19 ^ _350_/CLK (sky130_fd_sc_hd__dfrtp_1)
                          0.00   10.19   clock reconvergence pessimism
                         -0.08   10.11   library setup time
                                 10.11   data required time
-----------------------------------------------------------------------------
                                 10.11   data required time
                                 -2.01   data arrival time
-----------------------------------------------------------------------------
                                  8.10   slack (MET)


Startpoint: _330_ (rising edge-triggered flip-flop clocked by core_clock)
Endpoint: _345_ (rising edge-triggered flip-flop clocked by core_clock)
Path Group: core_clock
Path Type: max
Corner: Fastest

Fanout     Cap    Slew   Delay    Time   Description
-----------------------------------------------------------------------------
                          0.00    0.00   clock core_clock (rise edge)
                          0.00    0.00   clock source latency
     1    0.02    0.00    0.00    0.00 ^ clk (in)
                                         clk (net)
                  0.00    0.00    0.00 ^ clkbuf_0_clk/A (sky130_fd_sc_hd__clkbuf_16)
     4    0.05    0.05    0.09    0.09 ^ clkbuf_0_clk/X (sky130_fd_sc_hd__clkbuf_16)
                                         clknet_0_clk (net)
                  0.05    0.00    0.09 ^ clkbuf_2_3__f_clk/A (sky130_fd_sc_hd__clkbuf_16)
     9    0.03    0.04    0.10    0.19 ^ clkbuf_2_3__f_clk/X (sky130_fd_sc_hd__clkbuf_16)
                                         clknet_2_3__leaf_clk (net)
                  0.04    0.00    0.19 ^ _330_/CLK (sky130_fd_sc_hd__dfrtp_4)
     7    0.05    0.08    0.34    0.54 v _330_/Q (sky130_fd_sc_hd__dfrtp_4)
                                         one_second_counter[0] (net)
                  0.08    0.00    0.54 v _177_/D (sky130_fd_sc_hd__and4_4)
     8    0.05    0.07    0.19    0.73 v _177_/X (sky130_fd_sc_hd__and4_4)
                                         _075_ (net)
                  0.07    0.00    0.73 v _179_/A (sky130_fd_sc_hd__and2_2)
     5    0.04    0.09    0.18    0.92 v _179_/X (sky130_fd_sc_hd__and2_2)
                                         _077_ (net)
                  0.09    0.00    0.92 v _184_/A2 (sky130_fd_sc_hd__o31a_1)
     1    0.01    0.07    0.22    1.14 v _184_/X (sky130_fd_sc_hd__o31a_1)
                                         _082_ (net)
                  0.07    0.00    1.14 v _186_/A2 (sky130_fd_sc_hd__o211ai_4)
     2    0.02    0.17    0.17    1.31 ^ _186_/Y (sky130_fd_sc_hd__o211ai_4)
                                         _084_ (net)
                  0.17    0.00    1.31 ^ _187_/A2 (sky130_fd_sc_hd__a21bo_2)
     9    0.05    0.21    0.23    1.54 ^ _187_/X (sky130_fd_sc_hd__a21bo_2)
                                         _085_ (net)
                  0.21    0.00    1.54 ^ _188_/A (sky130_fd_sc_hd__inv_2)
     2    0.02    0.07    0.06    1.60 v _188_/Y (sky130_fd_sc_hd__inv_2)
                                         _086_ (net)
                  0.07    0.00    1.60 v _189_/A (sky130_fd_sc_hd__clkbuf_4)
    10    0.07    0.10    0.17    1.78 v _189_/X (sky130_fd_sc_hd__clkbuf_4)
                                         _027_ (net)
                  0.10    0.00    1.78 v _246_/C1 (sky130_fd_sc_hd__a211oi_1)
     1    0.01    0.35    0.24    2.01 ^ _246_/Y (sky130_fd_sc_hd__a211oi_1)
                                         _006_ (net)
                  0.35    0.00    2.02 ^ _345_/D (sky130_fd_sc_hd__dfrtp_2)
                                  2.02   data arrival time

                         10.00   10.00   clock core_clock (rise edge)
                          0.00   10.00   clock source latency
     1    0.02    0.00    0.00   10.00 ^ clk (in)
                                         clk (net)
                  0.00    0.00   10.00 ^ clkbuf_0_clk/A (sky130_fd_sc_hd__clkbuf_16)
     4    0.05    0.05    0.09   10.09 ^ clkbuf_0_clk/X (sky130_fd_sc_hd__clkbuf_16)
                                         clknet_0_clk (net)
                  0.05    0.00   10.09 ^ clkbuf_2_3__f_clk/A (sky130_fd_sc_hd__clkbuf_16)
     9    0.03    0.04    0.10   10.19 ^ clkbuf_2_3__f_clk/X (sky130_fd_sc_hd__clkbuf_16)
                                         clknet_2_3__leaf_clk (net)
                  0.04    0.00   10.19 ^ _345_/CLK (sky130_fd_sc_hd__dfrtp_2)
                          0.00   10.19   clock reconvergence pessimism
                         -0.07   10.12   library setup time
                                 10.12   data required time
-----------------------------------------------------------------------------
                                 10.12   data required time
                                 -2.02   data arrival time
-----------------------------------------------------------------------------
                                  8.11   slack (MET)


Startpoint: _330_ (rising edge-triggered flip-flop clocked by core_clock)
Endpoint: _346_ (rising edge-triggered flip-flop clocked by core_clock)
Path Group: core_clock
Path Type: max
Corner: Fastest

Fanout     Cap    Slew   Delay    Time   Description
-----------------------------------------------------------------------------
                          0.00    0.00   clock core_clock (rise edge)
                          0.00    0.00   clock source latency
     1    0.02    0.00    0.00    0.00 ^ clk (in)
                                         clk (net)
                  0.00    0.00    0.00 ^ clkbuf_0_clk/A (sky130_fd_sc_hd__clkbuf_16)
     4    0.05    0.05    0.09    0.09 ^ clkbuf_0_clk/X (sky130_fd_sc_hd__clkbuf_16)
                                         clknet_0_clk (net)
                  0.05    0.00    0.09 ^ clkbuf_2_3__f_clk/A (sky130_fd_sc_hd__clkbuf_16)
     9    0.03    0.04    0.10    0.19 ^ clkbuf_2_3__f_clk/X (sky130_fd_sc_hd__clkbuf_16)
                                         clknet_2_3__leaf_clk (net)
                  0.04    0.00    0.19 ^ _330_/CLK (sky130_fd_sc_hd__dfrtp_4)
     7    0.05    0.08    0.34    0.54 v _330_/Q (sky130_fd_sc_hd__dfrtp_4)
                                         one_second_counter[0] (net)
                  0.08    0.00    0.54 v _177_/D (sky130_fd_sc_hd__and4_4)
     8    0.05    0.07    0.19    0.73 v _177_/X (sky130_fd_sc_hd__and4_4)
                                         _075_ (net)
                  0.07    0.00    0.73 v _179_/A (sky130_fd_sc_hd__and2_2)
     5    0.04    0.09    0.18    0.92 v _179_/X (sky130_fd_sc_hd__and2_2)
                                         _077_ (net)
                  0.09    0.00    0.92 v _184_/A2 (sky130_fd_sc_hd__o31a_1)
     1    0.01    0.07    0.22    1.14 v _184_/X (sky130_fd_sc_hd__o31a_1)
                                         _082_ (net)
                  0.07    0.00    1.14 v _186_/A2 (sky130_fd_sc_hd__o211ai_4)
     2    0.02    0.17    0.17    1.31 ^ _186_/Y (sky130_fd_sc_hd__o211ai_4)
                                         _084_ (net)
                  0.17    0.00    1.31 ^ _187_/A2 (sky130_fd_sc_hd__a21bo_2)
     9    0.05    0.21    0.23    1.54 ^ _187_/X (sky130_fd_sc_hd__a21bo_2)
                                         _085_ (net)
                  0.21    0.00    1.54 ^ _202_/A (sky130_fd_sc_hd__buf_2)
    10    0.05    0.18    0.20    1.74 ^ _202_/X (sky130_fd_sc_hd__buf_2)
                                         _095_ (net)
                  0.18    0.00    1.75 ^ _249_/A (sky130_fd_sc_hd__and3_1)
     1    0.02    0.17    0.20    1.95 ^ _249_/X (sky130_fd_sc_hd__and3_1)
                                         _130_ (net)
                  0.17    0.00    1.95 ^ _250_/A (sky130_fd_sc_hd__clkbuf_1)
     1    0.01    0.07    0.09    2.04 ^ _250_/X (sky130_fd_sc_hd__clkbuf_1)
                                         _007_ (net)
                  0.07    0.00    2.04 ^ _346_/D (sky130_fd_sc_hd__dfrtp_4)
                                  2.04   data arrival time

                         10.00   10.00   clock core_clock (rise edge)
                          0.00   10.00   clock source latency
     1    0.02    0.00    0.00   10.00 ^ clk (in)
                                         clk (net)
                  0.00    0.00   10.00 ^ clkbuf_0_clk/A (sky130_fd_sc_hd__clkbuf_16)
     4    0.05    0.05    0.09   10.09 ^ clkbuf_0_clk/X (sky130_fd_sc_hd__clkbuf_16)
                                         clknet_0_clk (net)
                  0.05    0.00   10.09 ^ clkbuf_2_3__f_clk/A (sky130_fd_sc_hd__clkbuf_16)
     9    0.03    0.04    0.10   10.19 ^ clkbuf_2_3__f_clk/X (sky130_fd_sc_hd__clkbuf_16)
                                         clknet_2_3__leaf_clk (net)
                  0.04    0.00   10.19 ^ _346_/CLK (sky130_fd_sc_hd__dfrtp_4)
                          0.00   10.19   clock reconvergence pessimism
                         -0.04   10.15   library setup time
                                 10.15   data required time
-----------------------------------------------------------------------------
                                 10.15   data required time
                                 -2.04   data arrival time
-----------------------------------------------------------------------------
                                  8.11   slack (MET)


Startpoint: _330_ (rising edge-triggered flip-flop clocked by core_clock)
Endpoint: _342_ (rising edge-triggered flip-flop clocked by core_clock)
Path Group: core_clock
Path Type: max
Corner: Fastest

Fanout     Cap    Slew   Delay    Time   Description
-----------------------------------------------------------------------------
                          0.00    0.00   clock core_clock (rise edge)
                          0.00    0.00   clock source latency
     1    0.02    0.00    0.00    0.00 ^ clk (in)
                                         clk (net)
                  0.00    0.00    0.00 ^ clkbuf_0_clk/A (sky130_fd_sc_hd__clkbuf_16)
     4    0.05    0.05    0.09    0.09 ^ clkbuf_0_clk/X (sky130_fd_sc_hd__clkbuf_16)
                                         clknet_0_clk (net)
                  0.05    0.00    0.09 ^ clkbuf_2_3__f_clk/A (sky130_fd_sc_hd__clkbuf_16)
     9    0.03    0.04    0.10    0.19 ^ clkbuf_2_3__f_clk/X (sky130_fd_sc_hd__clkbuf_16)
                                         clknet_2_3__leaf_clk (net)
                  0.04    0.00    0.19 ^ _330_/CLK (sky130_fd_sc_hd__dfrtp_4)
     7    0.05    0.08    0.34    0.54 v _330_/Q (sky130_fd_sc_hd__dfrtp_4)
                                         one_second_counter[0] (net)
                  0.08    0.00    0.54 v _177_/D (sky130_fd_sc_hd__and4_4)
     8    0.05    0.07    0.19    0.73 v _177_/X (sky130_fd_sc_hd__and4_4)
                                         _075_ (net)
                  0.07    0.00    0.73 v _179_/A (sky130_fd_sc_hd__and2_2)
     5    0.04    0.09    0.18    0.92 v _179_/X (sky130_fd_sc_hd__and2_2)
                                         _077_ (net)
                  0.09    0.00    0.92 v _184_/A2 (sky130_fd_sc_hd__o31a_1)
     1    0.01    0.07    0.22    1.14 v _184_/X (sky130_fd_sc_hd__o31a_1)
                                         _082_ (net)
                  0.07    0.00    1.14 v _186_/A2 (sky130_fd_sc_hd__o211ai_4)
     2    0.02    0.17    0.17    1.31 ^ _186_/Y (sky130_fd_sc_hd__o211ai_4)
                                         _084_ (net)
                  0.17    0.00    1.31 ^ _187_/A2 (sky130_fd_sc_hd__a21bo_2)
     9    0.05    0.21    0.23    1.54 ^ _187_/X (sky130_fd_sc_hd__a21bo_2)
                                         _085_ (net)
                  0.21    0.00    1.54 ^ _202_/A (sky130_fd_sc_hd__buf_2)
    10    0.05    0.18    0.20    1.74 ^ _202_/X (sky130_fd_sc_hd__buf_2)
                                         _095_ (net)
                  0.18    0.00    1.75 ^ _232_/A (sky130_fd_sc_hd__and3_1)
     1    0.01    0.10    0.16    1.90 ^ _232_/X (sky130_fd_sc_hd__and3_1)
                                         _117_ (net)
                  0.10    0.00    1.91 ^ _233_/A (sky130_fd_sc_hd__buf_1)
     1    0.01    0.11    0.12    2.02 ^ _233_/X (sky130_fd_sc_hd__buf_1)
                                         _003_ (net)
                  0.11    0.00    2.02 ^ _342_/D (sky130_fd_sc_hd__dfrtp_4)
                                  2.02   data arrival time

                         10.00   10.00   clock core_clock (rise edge)
                          0.00   10.00   clock source latency
     1    0.02    0.00    0.00   10.00 ^ clk (in)
                                         clk (net)
                  0.00    0.00   10.00 ^ clkbuf_0_clk/A (sky130_fd_sc_hd__clkbuf_16)
     4    0.05    0.05    0.09   10.09 ^ clkbuf_0_clk/X (sky130_fd_sc_hd__clkbuf_16)
                                         clknet_0_clk (net)
                  0.05    0.00   10.09 ^ clkbuf_2_3__f_clk/A (sky130_fd_sc_hd__clkbuf_16)
     9    0.03    0.04    0.10   10.19 ^ clkbuf_2_3__f_clk/X (sky130_fd_sc_hd__clkbuf_16)
                                         clknet_2_3__leaf_clk (net)
                  0.04    0.00   10.19 ^ _342_/CLK (sky130_fd_sc_hd__dfrtp_4)
                          0.00   10.19   clock reconvergence pessimism
                         -0.05   10.15   library setup time
                                 10.15   data required time
-----------------------------------------------------------------------------
                                 10.15   data required time
                                 -2.02   data arrival time
-----------------------------------------------------------------------------
                                  8.12   slack (MET)


Startpoint: _330_ (rising edge-triggered flip-flop clocked by core_clock)
Endpoint: _351_ (rising edge-triggered flip-flop clocked by core_clock)
Path Group: core_clock
Path Type: max
Corner: Fastest

Fanout     Cap    Slew   Delay    Time   Description
-----------------------------------------------------------------------------
                          0.00    0.00   clock core_clock (rise edge)
                          0.00    0.00   clock source latency
     1    0.02    0.00    0.00    0.00 ^ clk (in)
                                         clk (net)
                  0.00    0.00    0.00 ^ clkbuf_0_clk/A (sky130_fd_sc_hd__clkbuf_16)
     4    0.05    0.05    0.09    0.09 ^ clkbuf_0_clk/X (sky130_fd_sc_hd__clkbuf_16)
                                         clknet_0_clk (net)
                  0.05    0.00    0.09 ^ clkbuf_2_3__f_clk/A (sky130_fd_sc_hd__clkbuf_16)
     9    0.03    0.04    0.10    0.19 ^ clkbuf_2_3__f_clk/X (sky130_fd_sc_hd__clkbuf_16)
                                         clknet_2_3__leaf_clk (net)
                  0.04    0.00    0.19 ^ _330_/CLK (sky130_fd_sc_hd__dfrtp_4)
     7    0.05    0.12    0.32    0.51 ^ _330_/Q (sky130_fd_sc_hd__dfrtp_4)
                                         one_second_counter[0] (net)
                  0.12    0.00    0.51 ^ _177_/D (sky130_fd_sc_hd__and4_4)
     8    0.06    0.13    0.22    0.73 ^ _177_/X (sky130_fd_sc_hd__and4_4)
                                         _075_ (net)
                  0.13    0.00    0.73 ^ _221_/C (sky130_fd_sc_hd__and4_2)
     6    0.04    0.16    0.24    0.98 ^ _221_/X (sky130_fd_sc_hd__and4_2)
                                         _109_ (net)
                  0.16    0.00    0.98 ^ _244_/D (sky130_fd_sc_hd__and4_1)
     2    0.03    0.23    0.27    1.25 ^ _244_/X (sky130_fd_sc_hd__and4_1)
                                         _126_ (net)
                  0.23    0.00    1.25 ^ _245_/A (sky130_fd_sc_hd__clkbuf_4)
    10    0.06    0.14    0.21    1.46 ^ _245_/X (sky130_fd_sc_hd__clkbuf_4)
                                         _127_ (net)
                  0.14    0.00    1.46 ^ _258_/A (sky130_fd_sc_hd__and2_1)
     3    0.03    0.19    0.20    1.66 ^ _258_/X (sky130_fd_sc_hd__and2_1)
                                         _136_ (net)
                  0.19    0.00    1.66 ^ _263_/B (sky130_fd_sc_hd__nand2_1)
     2    0.02    0.10    0.10    1.77 v _263_/Y (sky130_fd_sc_hd__nand2_1)
                                         _140_ (net)
                  0.10    0.00    1.77 v _268_/A2 (sky130_fd_sc_hd__a211oi_1)
     1    0.01    0.22    0.24    2.01 ^ _268_/Y (sky130_fd_sc_hd__a211oi_1)
                                         _013_ (net)
                  0.22    0.00    2.01 ^ _351_/D (sky130_fd_sc_hd__dfrtp_2)
                                  2.01   data arrival time

                         10.00   10.00   clock core_clock (rise edge)
                          0.00   10.00   clock source latency
     1    0.02    0.00    0.00   10.00 ^ clk (in)
                                         clk (net)
                  0.00    0.00   10.00 ^ clkbuf_0_clk/A (sky130_fd_sc_hd__clkbuf_16)
     4    0.05    0.05    0.09   10.09 ^ clkbuf_0_clk/X (sky130_fd_sc_hd__clkbuf_16)
                                         clknet_0_clk (net)
                  0.05    0.00   10.09 ^ clkbuf_2_1__f_clk/A (sky130_fd_sc_hd__clkbuf_16)
    10    0.03    0.04    0.10   10.19 ^ clkbuf_2_1__f_clk/X (sky130_fd_sc_hd__clkbuf_16)
                                         clknet_2_1__leaf_clk (net)
                  0.04    0.00   10.19 ^ _351_/CLK (sky130_fd_sc_hd__dfrtp_2)
                          0.00   10.19   clock reconvergence pessimism
                         -0.05   10.14   library setup time
                                 10.14   data required time
-----------------------------------------------------------------------------
                                 10.14   data required time
                                 -2.01   data arrival time
-----------------------------------------------------------------------------
                                  8.13   slack (MET)


Startpoint: _330_ (rising edge-triggered flip-flop clocked by core_clock)
Endpoint: _336_ (rising edge-triggered flip-flop clocked by core_clock)
Path Group: core_clock
Path Type: max
Corner: Fastest

Fanout     Cap    Slew   Delay    Time   Description
-----------------------------------------------------------------------------
                          0.00    0.00   clock core_clock (rise edge)
                          0.00    0.00   clock source latency
     1    0.02    0.00    0.00    0.00 ^ clk (in)
                                         clk (net)
                  0.00    0.00    0.00 ^ clkbuf_0_clk/A (sky130_fd_sc_hd__clkbuf_16)
     4    0.05    0.05    0.09    0.09 ^ clkbuf_0_clk/X (sky130_fd_sc_hd__clkbuf_16)
                                         clknet_0_clk (net)
                  0.05    0.00    0.09 ^ clkbuf_2_3__f_clk/A (sky130_fd_sc_hd__clkbuf_16)
     9    0.03    0.04    0.10    0.19 ^ clkbuf_2_3__f_clk/X (sky130_fd_sc_hd__clkbuf_16)
                                         clknet_2_3__leaf_clk (net)
                  0.04    0.00    0.19 ^ _330_/CLK (sky130_fd_sc_hd__dfrtp_4)
     7    0.05    0.08    0.34    0.54 v _330_/Q (sky130_fd_sc_hd__dfrtp_4)
                                         one_second_counter[0] (net)
                  0.08    0.00    0.54 v _177_/D (sky130_fd_sc_hd__and4_4)
     8    0.05    0.07    0.19    0.73 v _177_/X (sky130_fd_sc_hd__and4_4)
                                         _075_ (net)
                  0.07    0.00    0.73 v _179_/A (sky130_fd_sc_hd__and2_2)
     5    0.04    0.09    0.18    0.92 v _179_/X (sky130_fd_sc_hd__and2_2)
                                         _077_ (net)
                  0.09    0.00    0.92 v _184_/A2 (sky130_fd_sc_hd__o31a_1)
     1    0.01    0.07    0.22    1.14 v _184_/X (sky130_fd_sc_hd__o31a_1)
                                         _082_ (net)
                  0.07    0.00    1.14 v _186_/A2 (sky130_fd_sc_hd__o211ai_4)
     2    0.02    0.17    0.17    1.31 ^ _186_/Y (sky130_fd_sc_hd__o211ai_4)
                                         _084_ (net)
                  0.17    0.00    1.31 ^ _187_/A2 (sky130_fd_sc_hd__a21bo_2)
     9    0.05    0.21    0.23    1.54 ^ _187_/X (sky130_fd_sc_hd__a21bo_2)
                                         _085_ (net)
                  0.21    0.00    1.54 ^ _202_/A (sky130_fd_sc_hd__buf_2)
    10    0.05    0.18    0.20    1.74 ^ _202_/X (sky130_fd_sc_hd__buf_2)
                                         _095_ (net)
                  0.18    0.00    1.75 ^ _212_/A (sky130_fd_sc_hd__and3_1)
     1    0.01    0.07    0.13    1.88 ^ _212_/X (sky130_fd_sc_hd__and3_1)
                                         _103_ (net)
                  0.07    0.00    1.88 ^ _213_/A (sky130_fd_sc_hd__buf_1)
     2    0.02    0.14    0.13    2.01 ^ _213_/X (sky130_fd_sc_hd__buf_1)
                                         _023_ (net)
                  0.14    0.00    2.01 ^ _336_/D (sky130_fd_sc_hd__dfrtp_1)
                                  2.01   data arrival time

                         10.00   10.00   clock core_clock (rise edge)
                          0.00   10.00   clock source latency
     1    0.02    0.00    0.00   10.00 ^ clk (in)
                                         clk (net)
                  0.00    0.00   10.00 ^ clkbuf_0_clk/A (sky130_fd_sc_hd__clkbuf_16)
     4    0.05    0.05    0.09   10.09 ^ clkbuf_0_clk/X (sky130_fd_sc_hd__clkbuf_16)
                                         clknet_0_clk (net)
                  0.05    0.00   10.09 ^ clkbuf_2_0__f_clk/A (sky130_fd_sc_hd__clkbuf_16)
     9    0.04    0.04    0.10   10.19 ^ clkbuf_2_0__f_clk/X (sky130_fd_sc_hd__clkbuf_16)
                                         clknet_2_0__leaf_clk (net)
                  0.04    0.00   10.19 ^ _336_/CLK (sky130_fd_sc_hd__dfrtp_1)
                          0.00   10.19   clock reconvergence pessimism
                         -0.04   10.15   library setup time
                                 10.15   data required time
-----------------------------------------------------------------------------
                                 10.15   data required time
                                 -2.01   data arrival time
-----------------------------------------------------------------------------
                                  8.14   slack (MET)


Startpoint: _330_ (rising edge-triggered flip-flop clocked by core_clock)
Endpoint: _349_ (rising edge-triggered flip-flop clocked by core_clock)
Path Group: core_clock
Path Type: max
Corner: Fastest

Fanout     Cap    Slew   Delay    Time   Description
-----------------------------------------------------------------------------
                          0.00    0.00   clock core_clock (rise edge)
                          0.00    0.00   clock source latency
     1    0.02    0.00    0.00    0.00 ^ clk (in)
                                         clk (net)
                  0.00    0.00    0.00 ^ clkbuf_0_clk/A (sky130_fd_sc_hd__clkbuf_16)
     4    0.05    0.05    0.09    0.09 ^ clkbuf_0_clk/X (sky130_fd_sc_hd__clkbuf_16)
                                         clknet_0_clk (net)
                  0.05    0.00    0.09 ^ clkbuf_2_3__f_clk/A (sky130_fd_sc_hd__clkbuf_16)
     9    0.03    0.04    0.10    0.19 ^ clkbuf_2_3__f_clk/X (sky130_fd_sc_hd__clkbuf_16)
                                         clknet_2_3__leaf_clk (net)
                  0.04    0.00    0.19 ^ _330_/CLK (sky130_fd_sc_hd__dfrtp_4)
     7    0.05    0.08    0.34    0.54 v _330_/Q (sky130_fd_sc_hd__dfrtp_4)
                                         one_second_counter[0] (net)
                  0.08    0.00    0.54 v _177_/D (sky130_fd_sc_hd__and4_4)
     8    0.05    0.07    0.19    0.73 v _177_/X (sky130_fd_sc_hd__and4_4)
                                         _075_ (net)
                  0.07    0.00    0.73 v _179_/A (sky130_fd_sc_hd__and2_2)
     5    0.04    0.09    0.18    0.92 v _179_/X (sky130_fd_sc_hd__and2_2)
                                         _077_ (net)
                  0.09    0.00    0.92 v _184_/A2 (sky130_fd_sc_hd__o31a_1)
     1    0.01    0.07    0.22    1.14 v _184_/X (sky130_fd_sc_hd__o31a_1)
                                         _082_ (net)
                  0.07    0.00    1.14 v _186_/A2 (sky130_fd_sc_hd__o211ai_4)
     2    0.02    0.17    0.17    1.31 ^ _186_/Y (sky130_fd_sc_hd__o211ai_4)
                                         _084_ (net)
                  0.17    0.00    1.31 ^ _187_/A2 (sky130_fd_sc_hd__a21bo_2)
     9    0.05    0.21    0.23    1.54 ^ _187_/X (sky130_fd_sc_hd__a21bo_2)
                                         _085_ (net)
                  0.21    0.00    1.54 ^ _202_/A (sky130_fd_sc_hd__buf_2)
    10    0.05    0.18    0.20    1.74 ^ _202_/X (sky130_fd_sc_hd__buf_2)
                                         _095_ (net)
                  0.18    0.00    1.75 ^ _260_/A (sky130_fd_sc_hd__and3_1)
     1    0.01    0.10    0.16    1.90 ^ _260_/X (sky130_fd_sc_hd__and3_1)
                                         _138_ (net)
                  0.10    0.00    1.90 ^ _261_/A (sky130_fd_sc_hd__buf_1)
     1    0.01    0.10    0.11    2.01 ^ _261_/X (sky130_fd_sc_hd__buf_1)
                                         _010_ (net)
                  0.10    0.00    2.01 ^ _349_/D (sky130_fd_sc_hd__dfrtp_4)
                                  2.01   data arrival time

                         10.00   10.00   clock core_clock (rise edge)
                          0.00   10.00   clock source latency
     1    0.02    0.00    0.00   10.00 ^ clk (in)
                                         clk (net)
                  0.00    0.00   10.00 ^ clkbuf_0_clk/A (sky130_fd_sc_hd__clkbuf_16)
     4    0.05    0.05    0.09   10.09 ^ clkbuf_0_clk/X (sky130_fd_sc_hd__clkbuf_16)
                                         clknet_0_clk (net)
                  0.05    0.00   10.09 ^ clkbuf_2_0__f_clk/A (sky130_fd_sc_hd__clkbuf_16)
     9    0.04    0.04    0.10   10.19 ^ clkbuf_2_0__f_clk/X (sky130_fd_sc_hd__clkbuf_16)
                                         clknet_2_0__leaf_clk (net)
                  0.04    0.00   10.19 ^ _349_/CLK (sky130_fd_sc_hd__dfrtp_4)
                          0.00   10.19   clock reconvergence pessimism
                         -0.04   10.15   library setup time
                                 10.15   data required time
-----------------------------------------------------------------------------
                                 10.15   data required time
                                 -2.01   data arrival time
-----------------------------------------------------------------------------
                                  8.14   slack (MET)


Startpoint: _330_ (rising edge-triggered flip-flop clocked by core_clock)
Endpoint: _330_ (rising edge-triggered flip-flop clocked by core_clock)
Path Group: core_clock
Path Type: max
Corner: Fastest

Fanout     Cap    Slew   Delay    Time   Description
-----------------------------------------------------------------------------
                          0.00    0.00   clock core_clock (rise edge)
                          0.00    0.00   clock source latency
     1    0.02    0.00    0.00    0.00 ^ clk (in)
                                         clk (net)
                  0.00    0.00    0.00 ^ clkbuf_0_clk/A (sky130_fd_sc_hd__clkbuf_16)
     4    0.05    0.05    0.09    0.09 ^ clkbuf_0_clk/X (sky130_fd_sc_hd__clkbuf_16)
                                         clknet_0_clk (net)
                  0.05    0.00    0.09 ^ clkbuf_2_3__f_clk/A (sky130_fd_sc_hd__clkbuf_16)
     9    0.03    0.04    0.10    0.19 ^ clkbuf_2_3__f_clk/X (sky130_fd_sc_hd__clkbuf_16)
                                         clknet_2_3__leaf_clk (net)
                  0.04    0.00    0.19 ^ _330_/CLK (sky130_fd_sc_hd__dfrtp_4)
     7    0.05    0.08    0.34    0.54 v _330_/Q (sky130_fd_sc_hd__dfrtp_4)
                                         one_second_counter[0] (net)
                  0.08    0.00    0.54 v _177_/D (sky130_fd_sc_hd__and4_4)
     8    0.05    0.07    0.19    0.73 v _177_/X (sky130_fd_sc_hd__and4_4)
                                         _075_ (net)
                  0.07    0.00    0.73 v _179_/A (sky130_fd_sc_hd__and2_2)
     5    0.04    0.09    0.18    0.92 v _179_/X (sky130_fd_sc_hd__and2_2)
                                         _077_ (net)
                  0.09    0.00    0.92 v _184_/A2 (sky130_fd_sc_hd__o31a_1)
     1    0.01    0.07    0.22    1.14 v _184_/X (sky130_fd_sc_hd__o31a_1)
                                         _082_ (net)
                  0.07    0.00    1.14 v _186_/A2 (sky130_fd_sc_hd__o211ai_4)
     2    0.02    0.17    0.17    1.31 ^ _186_/Y (sky130_fd_sc_hd__o211ai_4)
                                         _084_ (net)
                  0.17    0.00    1.31 ^ _187_/A2 (sky130_fd_sc_hd__a21bo_2)
     9    0.05    0.21    0.23    1.54 ^ _187_/X (sky130_fd_sc_hd__a21bo_2)
                                         _085_ (net)
                  0.21    0.00    1.54 ^ _188_/A (sky130_fd_sc_hd__inv_2)
     2    0.02    0.07    0.06    1.60 v _188_/Y (sky130_fd_sc_hd__inv_2)
                                         _086_ (net)
                  0.07    0.00    1.60 v _189_/A (sky130_fd_sc_hd__clkbuf_4)
    10    0.07    0.10    0.17    1.78 v _189_/X (sky130_fd_sc_hd__clkbuf_4)
                                         _027_ (net)
                  0.10    0.00    1.78 v _190_/B (sky130_fd_sc_hd__nor2_1)
     1    0.02    0.24    0.21    1.99 ^ _190_/Y (sky130_fd_sc_hd__nor2_1)
                                         _000_ (net)
                  0.24    0.00    1.99 ^ _330_/D (sky130_fd_sc_hd__dfrtp_4)
                                  1.99   data arrival time

                         10.00   10.00   clock core_clock (rise edge)
                          0.00   10.00   clock source latency
     1    0.02    0.00    0.00   10.00 ^ clk (in)
                                         clk (net)
                  0.00    0.00   10.00 ^ clkbuf_0_clk/A (sky130_fd_sc_hd__clkbuf_16)
     4    0.05    0.05    0.09   10.09 ^ clkbuf_0_clk/X (sky130_fd_sc_hd__clkbuf_16)
                                         clknet_0_clk (net)
                  0.05    0.00   10.09 ^ clkbuf_2_3__f_clk/A (sky130_fd_sc_hd__clkbuf_16)
     9    0.03    0.04    0.10   10.19 ^ clkbuf_2_3__f_clk/X (sky130_fd_sc_hd__clkbuf_16)
                                         clknet_2_3__leaf_clk (net)
                  0.04    0.00   10.19 ^ _330_/CLK (sky130_fd_sc_hd__dfrtp_4)
                          0.00   10.19   clock reconvergence pessimism
                         -0.06   10.13   library setup time
                                 10.13   data required time
-----------------------------------------------------------------------------
                                 10.13   data required time
                                 -1.99   data arrival time
-----------------------------------------------------------------------------
                                  8.14   slack (MET)


Startpoint: _330_ (rising edge-triggered flip-flop clocked by core_clock)
Endpoint: _347_ (rising edge-triggered flip-flop clocked by core_clock)
Path Group: core_clock
Path Type: max
Corner: Fastest

Fanout     Cap    Slew   Delay    Time   Description
-----------------------------------------------------------------------------
                          0.00    0.00   clock core_clock (rise edge)
                          0.00    0.00   clock source latency
     1    0.02    0.00    0.00    0.00 ^ clk (in)
                                         clk (net)
                  0.00    0.00    0.00 ^ clkbuf_0_clk/A (sky130_fd_sc_hd__clkbuf_16)
     4    0.05    0.05    0.09    0.09 ^ clkbuf_0_clk/X (sky130_fd_sc_hd__clkbuf_16)
                                         clknet_0_clk (net)
                  0.05    0.00    0.09 ^ clkbuf_2_3__f_clk/A (sky130_fd_sc_hd__clkbuf_16)
     9    0.03    0.04    0.10    0.19 ^ clkbuf_2_3__f_clk/X (sky130_fd_sc_hd__clkbuf_16)
                                         clknet_2_3__leaf_clk (net)
                  0.04    0.00    0.19 ^ _330_/CLK (sky130_fd_sc_hd__dfrtp_4)
     7    0.05    0.08    0.34    0.54 v _330_/Q (sky130_fd_sc_hd__dfrtp_4)
                                         one_second_counter[0] (net)
                  0.08    0.00    0.54 v _177_/D (sky130_fd_sc_hd__and4_4)
     8    0.05    0.07    0.19    0.73 v _177_/X (sky130_fd_sc_hd__and4_4)
                                         _075_ (net)
                  0.07    0.00    0.73 v _179_/A (sky130_fd_sc_hd__and2_2)
     5    0.04    0.09    0.18    0.92 v _179_/X (sky130_fd_sc_hd__and2_2)
                                         _077_ (net)
                  0.09    0.00    0.92 v _184_/A2 (sky130_fd_sc_hd__o31a_1)
     1    0.01    0.07    0.22    1.14 v _184_/X (sky130_fd_sc_hd__o31a_1)
                                         _082_ (net)
                  0.07    0.00    1.14 v _186_/A2 (sky130_fd_sc_hd__o211ai_4)
     2    0.02    0.17    0.17    1.31 ^ _186_/Y (sky130_fd_sc_hd__o211ai_4)
                                         _084_ (net)
                  0.17    0.00    1.31 ^ _187_/A2 (sky130_fd_sc_hd__a21bo_2)
     9    0.05    0.21    0.23    1.54 ^ _187_/X (sky130_fd_sc_hd__a21bo_2)
                                         _085_ (net)
                  0.21    0.00    1.54 ^ _188_/A (sky130_fd_sc_hd__inv_2)
     2    0.02    0.07    0.06    1.60 v _188_/Y (sky130_fd_sc_hd__inv_2)
                                         _086_ (net)
                  0.07    0.00    1.60 v _189_/A (sky130_fd_sc_hd__clkbuf_4)
    10    0.07    0.10    0.17    1.78 v _189_/X (sky130_fd_sc_hd__clkbuf_4)
                                         _027_ (net)
                  0.10    0.00    1.78 v _252_/A (sky130_fd_sc_hd__nor2_1)
     1    0.01    0.19    0.18    1.96 ^ _252_/Y (sky130_fd_sc_hd__nor2_1)
                                         _008_ (net)
                  0.19    0.00    1.96 ^ _347_/D (sky130_fd_sc_hd__dfrtp_4)
                                  1.96   data arrival time

                         10.00   10.00   clock core_clock (rise edge)
                          0.00   10.00   clock source latency
     1    0.02    0.00    0.00   10.00 ^ clk (in)
                                         clk (net)
                  0.00    0.00   10.00 ^ clkbuf_0_clk/A (sky130_fd_sc_hd__clkbuf_16)
     4    0.05    0.05    0.09   10.09 ^ clkbuf_0_clk/X (sky130_fd_sc_hd__clkbuf_16)
                                         clknet_0_clk (net)
                  0.05    0.00   10.09 ^ clkbuf_2_3__f_clk/A (sky130_fd_sc_hd__clkbuf_16)
     9    0.03    0.04    0.10   10.19 ^ clkbuf_2_3__f_clk/X (sky130_fd_sc_hd__clkbuf_16)
                                         clknet_2_3__leaf_clk (net)
                  0.04    0.00   10.19 ^ _347_/CLK (sky130_fd_sc_hd__dfrtp_4)
                          0.00   10.19   clock reconvergence pessimism
                         -0.05   10.14   library setup time
                                 10.14   data required time
-----------------------------------------------------------------------------
                                 10.14   data required time
                                 -1.96   data arrival time
-----------------------------------------------------------------------------
                                  8.18   slack (MET)


Startpoint: _330_ (rising edge-triggered flip-flop clocked by core_clock)
Endpoint: _340_ (rising edge-triggered flip-flop clocked by core_clock)
Path Group: core_clock
Path Type: max
Corner: Fastest

Fanout     Cap    Slew   Delay    Time   Description
-----------------------------------------------------------------------------
                          0.00    0.00   clock core_clock (rise edge)
                          0.00    0.00   clock source latency
     1    0.02    0.00    0.00    0.00 ^ clk (in)
                                         clk (net)
                  0.00    0.00    0.00 ^ clkbuf_0_clk/A (sky130_fd_sc_hd__clkbuf_16)
     4    0.05    0.05    0.09    0.09 ^ clkbuf_0_clk/X (sky130_fd_sc_hd__clkbuf_16)
                                         clknet_0_clk (net)
                  0.05    0.00    0.09 ^ clkbuf_2_3__f_clk/A (sky130_fd_sc_hd__clkbuf_16)
     9    0.03    0.04    0.10    0.19 ^ clkbuf_2_3__f_clk/X (sky130_fd_sc_hd__clkbuf_16)
                                         clknet_2_3__leaf_clk (net)
                  0.04    0.00    0.19 ^ _330_/CLK (sky130_fd_sc_hd__dfrtp_4)
     7    0.05    0.08    0.34    0.54 v _330_/Q (sky130_fd_sc_hd__dfrtp_4)
                                         one_second_counter[0] (net)
                  0.08    0.00    0.54 v _177_/D (sky130_fd_sc_hd__and4_4)
     8    0.05    0.07    0.19    0.73 v _177_/X (sky130_fd_sc_hd__and4_4)
                                         _075_ (net)
                  0.07    0.00    0.73 v _179_/A (sky130_fd_sc_hd__and2_2)
     5    0.04    0.09    0.18    0.92 v _179_/X (sky130_fd_sc_hd__and2_2)
                                         _077_ (net)
                  0.09    0.00    0.92 v _184_/A2 (sky130_fd_sc_hd__o31a_1)
     1    0.01    0.07    0.22    1.14 v _184_/X (sky130_fd_sc_hd__o31a_1)
                                         _082_ (net)
                  0.07    0.00    1.14 v _186_/A2 (sky130_fd_sc_hd__o211ai_4)
     2    0.02    0.17    0.17    1.31 ^ _186_/Y (sky130_fd_sc_hd__o211ai_4)
                                         _084_ (net)
                  0.17    0.00    1.31 ^ _187_/A2 (sky130_fd_sc_hd__a21bo_2)
     9    0.05    0.21    0.23    1.54 ^ _187_/X (sky130_fd_sc_hd__a21bo_2)
                                         _085_ (net)
                  0.21    0.00    1.54 ^ _202_/A (sky130_fd_sc_hd__buf_2)
    10    0.05    0.18    0.20    1.74 ^ _202_/X (sky130_fd_sc_hd__buf_2)
                                         _095_ (net)
                  0.18    0.00    1.75 ^ _225_/A (sky130_fd_sc_hd__and3_1)
     1    0.01    0.07    0.13    1.88 ^ _225_/X (sky130_fd_sc_hd__and3_1)
                                         _112_ (net)
                  0.07    0.00    1.88 ^ _226_/A (sky130_fd_sc_hd__clkbuf_1)
     1    0.01    0.08    0.09    1.97 ^ _226_/X (sky130_fd_sc_hd__clkbuf_1)
                                         _001_ (net)
                  0.08    0.00    1.97 ^ _340_/D (sky130_fd_sc_hd__dfrtp_4)
                                  1.97   data arrival time

                         10.00   10.00   clock core_clock (rise edge)
                          0.00   10.00   clock source latency
     1    0.02    0.00    0.00   10.00 ^ clk (in)
                                         clk (net)
                  0.00    0.00   10.00 ^ clkbuf_0_clk/A (sky130_fd_sc_hd__clkbuf_16)
     4    0.05    0.05    0.09   10.09 ^ clkbuf_0_clk/X (sky130_fd_sc_hd__clkbuf_16)
                                         clknet_0_clk (net)
                  0.05    0.00   10.09 ^ clkbuf_2_2__f_clk/A (sky130_fd_sc_hd__clkbuf_16)
     7    0.03    0.04    0.10   10.19 ^ clkbuf_2_2__f_clk/X (sky130_fd_sc_hd__clkbuf_16)
                                         clknet_2_2__leaf_clk (net)
                  0.04    0.00   10.19 ^ _340_/CLK (sky130_fd_sc_hd__dfrtp_4)
                          0.00   10.19   clock reconvergence pessimism
                         -0.04   10.15   library setup time
                                 10.15   data required time
-----------------------------------------------------------------------------
                                 10.15   data required time
                                 -1.97   data arrival time
-----------------------------------------------------------------------------
                                  8.18   slack (MET)


Startpoint: _330_ (rising edge-triggered flip-flop clocked by core_clock)
Endpoint: _339_ (rising edge-triggered flip-flop clocked by core_clock)
Path Group: core_clock
Path Type: max
Corner: Fastest

Fanout     Cap    Slew   Delay    Time   Description
-----------------------------------------------------------------------------
                          0.00    0.00   clock core_clock (rise edge)
                          0.00    0.00   clock source latency
     1    0.02    0.00    0.00    0.00 ^ clk (in)
                                         clk (net)
                  0.00    0.00    0.00 ^ clkbuf_0_clk/A (sky130_fd_sc_hd__clkbuf_16)
     4    0.05    0.05    0.09    0.09 ^ clkbuf_0_clk/X (sky130_fd_sc_hd__clkbuf_16)
                                         clknet_0_clk (net)
                  0.05    0.00    0.09 ^ clkbuf_2_3__f_clk/A (sky130_fd_sc_hd__clkbuf_16)
     9    0.03    0.04    0.10    0.19 ^ clkbuf_2_3__f_clk/X (sky130_fd_sc_hd__clkbuf_16)
                                         clknet_2_3__leaf_clk (net)
                  0.04    0.00    0.19 ^ _330_/CLK (sky130_fd_sc_hd__dfrtp_4)
     7    0.05    0.08    0.34    0.54 v _330_/Q (sky130_fd_sc_hd__dfrtp_4)
                                         one_second_counter[0] (net)
                  0.08    0.00    0.54 v _177_/D (sky130_fd_sc_hd__and4_4)
     8    0.05    0.07    0.19    0.73 v _177_/X (sky130_fd_sc_hd__and4_4)
                                         _075_ (net)
                  0.07    0.00    0.73 v _179_/A (sky130_fd_sc_hd__and2_2)
     5    0.04    0.09    0.18    0.92 v _179_/X (sky130_fd_sc_hd__and2_2)
                                         _077_ (net)
                  0.09    0.00    0.92 v _184_/A2 (sky130_fd_sc_hd__o31a_1)
     1    0.01    0.07    0.22    1.14 v _184_/X (sky130_fd_sc_hd__o31a_1)
                                         _082_ (net)
                  0.07    0.00    1.14 v _186_/A2 (sky130_fd_sc_hd__o211ai_4)
     2    0.02    0.17    0.17    1.31 ^ _186_/Y (sky130_fd_sc_hd__o211ai_4)
                                         _084_ (net)
                  0.17    0.00    1.31 ^ _187_/A2 (sky130_fd_sc_hd__a21bo_2)
     9    0.05    0.21    0.23    1.54 ^ _187_/X (sky130_fd_sc_hd__a21bo_2)
                                         _085_ (net)
                  0.21    0.00    1.54 ^ _188_/A (sky130_fd_sc_hd__inv_2)
     2    0.02    0.07    0.06    1.60 v _188_/Y (sky130_fd_sc_hd__inv_2)
                                         _086_ (net)
                  0.07    0.00    1.60 v _189_/A (sky130_fd_sc_hd__clkbuf_4)
    10    0.07    0.10    0.17    1.78 v _189_/X (sky130_fd_sc_hd__clkbuf_4)
                                         _027_ (net)
                  0.10    0.00    1.78 v _222_/A (sky130_fd_sc_hd__nor3_1)
     1    0.01    0.15    0.17    1.95 ^ _222_/Y (sky130_fd_sc_hd__nor3_1)
                                         _026_ (net)
                  0.15    0.00    1.95 ^ _339_/D (sky130_fd_sc_hd__dfrtp_1)
                                  1.95   data arrival time

                         10.00   10.00   clock core_clock (rise edge)
                          0.00   10.00   clock source latency
     1    0.02    0.00    0.00   10.00 ^ clk (in)
                                         clk (net)
                  0.00    0.00   10.00 ^ clkbuf_0_clk/A (sky130_fd_sc_hd__clkbuf_16)
     4    0.05    0.05    0.09   10.09 ^ clkbuf_0_clk/X (sky130_fd_sc_hd__clkbuf_16)
                                         clknet_0_clk (net)
                  0.05    0.00   10.09 ^ clkbuf_2_0__f_clk/A (sky130_fd_sc_hd__clkbuf_16)
     9    0.04    0.04    0.10   10.19 ^ clkbuf_2_0__f_clk/X (sky130_fd_sc_hd__clkbuf_16)
                                         clknet_2_0__leaf_clk (net)
                  0.04    0.00   10.19 ^ _339_/CLK (sky130_fd_sc_hd__dfrtp_1)
                          0.00   10.19   clock reconvergence pessimism
                         -0.04   10.15   library setup time
                                 10.15   data required time
-----------------------------------------------------------------------------
                                 10.15   data required time
                                 -1.95   data arrival time
-----------------------------------------------------------------------------
                                  8.20   slack (MET)


Startpoint: _330_ (rising edge-triggered flip-flop clocked by core_clock)
Endpoint: _343_ (rising edge-triggered flip-flop clocked by core_clock)
Path Group: core_clock
Path Type: max
Corner: Fastest

Fanout     Cap    Slew   Delay    Time   Description
-----------------------------------------------------------------------------
                          0.00    0.00   clock core_clock (rise edge)
                          0.00    0.00   clock source latency
     1    0.02    0.00    0.00    0.00 ^ clk (in)
                                         clk (net)
                  0.00    0.00    0.00 ^ clkbuf_0_clk/A (sky130_fd_sc_hd__clkbuf_16)
     4    0.05    0.05    0.09    0.09 ^ clkbuf_0_clk/X (sky130_fd_sc_hd__clkbuf_16)
                                         clknet_0_clk (net)
                  0.05    0.00    0.09 ^ clkbuf_2_3__f_clk/A (sky130_fd_sc_hd__clkbuf_16)
     9    0.03    0.04    0.10    0.19 ^ clkbuf_2_3__f_clk/X (sky130_fd_sc_hd__clkbuf_16)
                                         clknet_2_3__leaf_clk (net)
                  0.04    0.00    0.19 ^ _330_/CLK (sky130_fd_sc_hd__dfrtp_4)
     7    0.05    0.08    0.34    0.54 v _330_/Q (sky130_fd_sc_hd__dfrtp_4)
                                         one_second_counter[0] (net)
                  0.08    0.00    0.54 v _177_/D (sky130_fd_sc_hd__and4_4)
     8    0.05    0.07    0.19    0.73 v _177_/X (sky130_fd_sc_hd__and4_4)
                                         _075_ (net)
                  0.07    0.00    0.73 v _179_/A (sky130_fd_sc_hd__and2_2)
     5    0.04    0.09    0.18    0.92 v _179_/X (sky130_fd_sc_hd__and2_2)
                                         _077_ (net)
                  0.09    0.00    0.92 v _184_/A2 (sky130_fd_sc_hd__o31a_1)
     1    0.01    0.07    0.22    1.14 v _184_/X (sky130_fd_sc_hd__o31a_1)
                                         _082_ (net)
                  0.07    0.00    1.14 v _186_/A2 (sky130_fd_sc_hd__o211ai_4)
     2    0.02    0.17    0.17    1.31 ^ _186_/Y (sky130_fd_sc_hd__o211ai_4)
                                         _084_ (net)
                  0.17    0.00    1.31 ^ _187_/A2 (sky130_fd_sc_hd__a21bo_2)
     9    0.05    0.21    0.23    1.54 ^ _187_/X (sky130_fd_sc_hd__a21bo_2)
                                         _085_ (net)
                  0.21    0.00    1.54 ^ _202_/A (sky130_fd_sc_hd__buf_2)
    10    0.05    0.18    0.20    1.74 ^ _202_/X (sky130_fd_sc_hd__buf_2)
                                         _095_ (net)
                  0.18    0.00    1.75 ^ _236_/A (sky130_fd_sc_hd__and3_1)
     1    0.01    0.09    0.15    1.89 ^ _236_/X (sky130_fd_sc_hd__and3_1)
                                         _120_ (net)
                  0.09    0.00    1.89 ^ _237_/A (sky130_fd_sc_hd__clkbuf_1)
     1    0.00    0.03    0.06    1.95 ^ _237_/X (sky130_fd_sc_hd__clkbuf_1)
                                         _004_ (net)
                  0.03    0.00    1.95 ^ _343_/D (sky130_fd_sc_hd__dfrtp_2)
                                  1.95   data arrival time

                         10.00   10.00   clock core_clock (rise edge)
                          0.00   10.00   clock source latency
     1    0.02    0.00    0.00   10.00 ^ clk (in)
                                         clk (net)
                  0.00    0.00   10.00 ^ clkbuf_0_clk/A (sky130_fd_sc_hd__clkbuf_16)
     4    0.05    0.05    0.09   10.09 ^ clkbuf_0_clk/X (sky130_fd_sc_hd__clkbuf_16)
                                         clknet_0_clk (net)
                  0.05    0.00   10.09 ^ clkbuf_2_2__f_clk/A (sky130_fd_sc_hd__clkbuf_16)
     7    0.03    0.04    0.10   10.19 ^ clkbuf_2_2__f_clk/X (sky130_fd_sc_hd__clkbuf_16)
                                         clknet_2_2__leaf_clk (net)
                  0.04    0.00   10.19 ^ _343_/CLK (sky130_fd_sc_hd__dfrtp_2)
                          0.00   10.19   clock reconvergence pessimism
                         -0.04   10.15   library setup time
                                 10.15   data required time
-----------------------------------------------------------------------------
                                 10.15   data required time
                                 -1.95   data arrival time
-----------------------------------------------------------------------------
                                  8.20   slack (MET)


Startpoint: _330_ (rising edge-triggered flip-flop clocked by core_clock)
Endpoint: _356_ (rising edge-triggered flip-flop clocked by core_clock)
Path Group: core_clock
Path Type: max
Corner: Fastest

Fanout     Cap    Slew   Delay    Time   Description
-----------------------------------------------------------------------------
                          0.00    0.00   clock core_clock (rise edge)
                          0.00    0.00   clock source latency
     1    0.02    0.00    0.00    0.00 ^ clk (in)
                                         clk (net)
                  0.00    0.00    0.00 ^ clkbuf_0_clk/A (sky130_fd_sc_hd__clkbuf_16)
     4    0.05    0.05    0.09    0.09 ^ clkbuf_0_clk/X (sky130_fd_sc_hd__clkbuf_16)
                                         clknet_0_clk (net)
                  0.05    0.00    0.09 ^ clkbuf_2_3__f_clk/A (sky130_fd_sc_hd__clkbuf_16)
     9    0.03    0.04    0.10    0.19 ^ clkbuf_2_3__f_clk/X (sky130_fd_sc_hd__clkbuf_16)
                                         clknet_2_3__leaf_clk (net)
                  0.04    0.00    0.19 ^ _330_/CLK (sky130_fd_sc_hd__dfrtp_4)
     7    0.05    0.12    0.32    0.51 ^ _330_/Q (sky130_fd_sc_hd__dfrtp_4)
                                         one_second_counter[0] (net)
                  0.12    0.00    0.51 ^ _177_/D (sky130_fd_sc_hd__and4_4)
     8    0.06    0.13    0.22    0.73 ^ _177_/X (sky130_fd_sc_hd__and4_4)
                                         _075_ (net)
                  0.13    0.00    0.73 ^ _221_/C (sky130_fd_sc_hd__and4_2)
     6    0.04    0.16    0.24    0.98 ^ _221_/X (sky130_fd_sc_hd__and4_2)
                                         _109_ (net)
                  0.16    0.00    0.98 ^ _244_/D (sky130_fd_sc_hd__and4_1)
     2    0.03    0.23    0.27    1.25 ^ _244_/X (sky130_fd_sc_hd__and4_1)
                                         _126_ (net)
                  0.23    0.00    1.25 ^ _245_/A (sky130_fd_sc_hd__clkbuf_4)
    10    0.06    0.14    0.21    1.46 ^ _245_/X (sky130_fd_sc_hd__clkbuf_4)
                                         _127_ (net)
                  0.14    0.00    1.46 ^ _277_/B (sky130_fd_sc_hd__and3_2)
     4    0.04    0.15    0.22    1.68 ^ _277_/X (sky130_fd_sc_hd__and3_2)
                                         _150_ (net)
                  0.15    0.00    1.68 ^ _283_/B1 (sky130_fd_sc_hd__a21o_1)
     1    0.02    0.13    0.12    1.81 ^ _283_/X (sky130_fd_sc_hd__a21o_1)
                                         _154_ (net)
                  0.13    0.00    1.81 ^ _284_/C1 (sky130_fd_sc_hd__o211a_1)
     1    0.01    0.06    0.10    1.91 ^ _284_/X (sky130_fd_sc_hd__o211a_1)
                                         _018_ (net)
                  0.06    0.00    1.91 ^ _356_/D (sky130_fd_sc_hd__dfrtp_1)
                                  1.91   data arrival time

                         10.00   10.00   clock core_clock (rise edge)
                          0.00   10.00   clock source latency
     1    0.02    0.00    0.00   10.00 ^ clk (in)
                                         clk (net)
                  0.00    0.00   10.00 ^ clkbuf_0_clk/A (sky130_fd_sc_hd__clkbuf_16)
     4    0.05    0.05    0.09   10.09 ^ clkbuf_0_clk/X (sky130_fd_sc_hd__clkbuf_16)
                                         clknet_0_clk (net)
                  0.05    0.00   10.09 ^ clkbuf_2_0__f_clk/A (sky130_fd_sc_hd__clkbuf_16)
     9    0.04    0.04    0.10   10.19 ^ clkbuf_2_0__f_clk/X (sky130_fd_sc_hd__clkbuf_16)
                                         clknet_2_0__leaf_clk (net)
                  0.04    0.00   10.19 ^ _356_/CLK (sky130_fd_sc_hd__dfrtp_1)
                          0.00   10.19   clock reconvergence pessimism
                         -0.04   10.16   library setup time
                                 10.16   data required time
-----------------------------------------------------------------------------
                                 10.16   data required time
                                 -1.91   data arrival time
-----------------------------------------------------------------------------
                                  8.25   slack (MET)


Startpoint: _330_ (rising edge-triggered flip-flop clocked by core_clock)
Endpoint: _331_ (rising edge-triggered flip-flop clocked by core_clock)
Path Group: core_clock
Path Type: max
Corner: Fastest

Fanout     Cap    Slew   Delay    Time   Description
-----------------------------------------------------------------------------
                          0.00    0.00   clock core_clock (rise edge)
                          0.00    0.00   clock source latency
     1    0.02    0.00    0.00    0.00 ^ clk (in)
                                         clk (net)
                  0.00    0.00    0.00 ^ clkbuf_0_clk/A (sky130_fd_sc_hd__clkbuf_16)
     4    0.05    0.05    0.09    0.09 ^ clkbuf_0_clk/X (sky130_fd_sc_hd__clkbuf_16)
                                         clknet_0_clk (net)
                  0.05    0.00    0.09 ^ clkbuf_2_3__f_clk/A (sky130_fd_sc_hd__clkbuf_16)
     9    0.03    0.04    0.10    0.19 ^ clkbuf_2_3__f_clk/X (sky130_fd_sc_hd__clkbuf_16)
                                         clknet_2_3__leaf_clk (net)
                  0.04    0.00    0.19 ^ _330_/CLK (sky130_fd_sc_hd__dfrtp_4)
     7    0.05    0.08    0.34    0.54 v _330_/Q (sky130_fd_sc_hd__dfrtp_4)
                                         one_second_counter[0] (net)
                  0.08    0.00    0.54 v _177_/D (sky130_fd_sc_hd__and4_4)
     8    0.05    0.07    0.19    0.73 v _177_/X (sky130_fd_sc_hd__and4_4)
                                         _075_ (net)
                  0.07    0.00    0.73 v _179_/A (sky130_fd_sc_hd__and2_2)
     5    0.04    0.09    0.18    0.92 v _179_/X (sky130_fd_sc_hd__and2_2)
                                         _077_ (net)
                  0.09    0.00    0.92 v _184_/A2 (sky130_fd_sc_hd__o31a_1)
     1    0.01    0.07    0.22    1.14 v _184_/X (sky130_fd_sc_hd__o31a_1)
                                         _082_ (net)
                  0.07    0.00    1.14 v _186_/A2 (sky130_fd_sc_hd__o211ai_4)
     2    0.02    0.17    0.17    1.31 ^ _186_/Y (sky130_fd_sc_hd__o211ai_4)
                                         _084_ (net)
                  0.17    0.00    1.31 ^ _187_/A2 (sky130_fd_sc_hd__a21bo_2)
     9    0.05    0.21    0.23    1.54 ^ _187_/X (sky130_fd_sc_hd__a21bo_2)
                                         _085_ (net)
                  0.21    0.00    1.54 ^ _193_/B (sky130_fd_sc_hd__and3_1)
     1    0.02    0.18    0.22    1.77 ^ _193_/X (sky130_fd_sc_hd__and3_1)
                                         _089_ (net)
                  0.18    0.00    1.77 ^ _194_/A (sky130_fd_sc_hd__buf_1)
     1    0.01    0.11    0.11    1.88 ^ _194_/X (sky130_fd_sc_hd__buf_1)
                                         _011_ (net)
                  0.11    0.00    1.88 ^ _331_/D (sky130_fd_sc_hd__dfrtp_4)
                                  1.88   data arrival time

                         10.00   10.00   clock core_clock (rise edge)
                          0.00   10.00   clock source latency
     1    0.02    0.00    0.00   10.00 ^ clk (in)
                                         clk (net)
                  0.00    0.00   10.00 ^ clkbuf_0_clk/A (sky130_fd_sc_hd__clkbuf_16)
     4    0.05    0.05    0.09   10.09 ^ clkbuf_0_clk/X (sky130_fd_sc_hd__clkbuf_16)
                                         clknet_0_clk (net)
                  0.05    0.00   10.09 ^ clkbuf_2_0__f_clk/A (sky130_fd_sc_hd__clkbuf_16)
     9    0.04    0.04    0.10   10.19 ^ clkbuf_2_0__f_clk/X (sky130_fd_sc_hd__clkbuf_16)
                                         clknet_2_0__leaf_clk (net)
                  0.04    0.00   10.19 ^ _331_/CLK (sky130_fd_sc_hd__dfrtp_4)
                          0.00   10.19   clock reconvergence pessimism
                         -0.04   10.15   library setup time
                                 10.15   data required time
-----------------------------------------------------------------------------
                                 10.15   data required time
                                 -1.88   data arrival time
-----------------------------------------------------------------------------
                                  8.27   slack (MET)


Startpoint: _330_ (rising edge-triggered flip-flop clocked by core_clock)
Endpoint: _332_ (rising edge-triggered flip-flop clocked by core_clock)
Path Group: core_clock
Path Type: max
Corner: Fastest

Fanout     Cap    Slew   Delay    Time   Description
-----------------------------------------------------------------------------
                          0.00    0.00   clock core_clock (rise edge)
                          0.00    0.00   clock source latency
     1    0.02    0.00    0.00    0.00 ^ clk (in)
                                         clk (net)
                  0.00    0.00    0.00 ^ clkbuf_0_clk/A (sky130_fd_sc_hd__clkbuf_16)
     4    0.05    0.05    0.09    0.09 ^ clkbuf_0_clk/X (sky130_fd_sc_hd__clkbuf_16)
                                         clknet_0_clk (net)
                  0.05    0.00    0.09 ^ clkbuf_2_3__f_clk/A (sky130_fd_sc_hd__clkbuf_16)
     9    0.03    0.04    0.10    0.19 ^ clkbuf_2_3__f_clk/X (sky130_fd_sc_hd__clkbuf_16)
                                         clknet_2_3__leaf_clk (net)
                  0.04    0.00    0.19 ^ _330_/CLK (sky130_fd_sc_hd__dfrtp_4)
     7    0.05    0.08    0.34    0.54 v _330_/Q (sky130_fd_sc_hd__dfrtp_4)
                                         one_second_counter[0] (net)
                  0.08    0.00    0.54 v _177_/D (sky130_fd_sc_hd__and4_4)
     8    0.05    0.07    0.19    0.73 v _177_/X (sky130_fd_sc_hd__and4_4)
                                         _075_ (net)
                  0.07    0.00    0.73 v _179_/A (sky130_fd_sc_hd__and2_2)
     5    0.04    0.09    0.18    0.92 v _179_/X (sky130_fd_sc_hd__and2_2)
                                         _077_ (net)
                  0.09    0.00    0.92 v _184_/A2 (sky130_fd_sc_hd__o31a_1)
     1    0.01    0.07    0.22    1.14 v _184_/X (sky130_fd_sc_hd__o31a_1)
                                         _082_ (net)
                  0.07    0.00    1.14 v _186_/A2 (sky130_fd_sc_hd__o211ai_4)
     2    0.02    0.17    0.17    1.31 ^ _186_/Y (sky130_fd_sc_hd__o211ai_4)
                                         _084_ (net)
                  0.17    0.00    1.31 ^ _187_/A2 (sky130_fd_sc_hd__a21bo_2)
     9    0.05    0.21    0.23    1.54 ^ _187_/X (sky130_fd_sc_hd__a21bo_2)
                                         _085_ (net)
                  0.21    0.00    1.54 ^ _197_/B (sky130_fd_sc_hd__and3_1)
     1    0.01    0.07    0.14    1.68 ^ _197_/X (sky130_fd_sc_hd__and3_1)
                                         _092_ (net)
                  0.07    0.00    1.68 ^ _198_/A (sky130_fd_sc_hd__buf_1)
     2    0.02    0.21    0.18    1.86 ^ _198_/X (sky130_fd_sc_hd__buf_1)
                                         _019_ (net)
                  0.21    0.00    1.86 ^ _332_/D (sky130_fd_sc_hd__dfrtp_4)
                                  1.86   data arrival time

                         10.00   10.00   clock core_clock (rise edge)
                          0.00   10.00   clock source latency
     1    0.02    0.00    0.00   10.00 ^ clk (in)
                                         clk (net)
                  0.00    0.00   10.00 ^ clkbuf_0_clk/A (sky130_fd_sc_hd__clkbuf_16)
     4    0.05    0.05    0.09   10.09 ^ clkbuf_0_clk/X (sky130_fd_sc_hd__clkbuf_16)
                                         clknet_0_clk (net)
                  0.05    0.00   10.09 ^ clkbuf_2_1__f_clk/A (sky130_fd_sc_hd__clkbuf_16)
    10    0.03    0.04    0.10   10.19 ^ clkbuf_2_1__f_clk/X (sky130_fd_sc_hd__clkbuf_16)
                                         clknet_2_1__leaf_clk (net)
                  0.04    0.00   10.19 ^ _332_/CLK (sky130_fd_sc_hd__dfrtp_4)
                          0.00   10.19   clock reconvergence pessimism
                         -0.05   10.14   library setup time
                                 10.14   data required time
-----------------------------------------------------------------------------
                                 10.14   data required time
                                 -1.86   data arrival time
-----------------------------------------------------------------------------
                                  8.28   slack (MET)


Startpoint: _330_ (rising edge-triggered flip-flop clocked by core_clock)
Endpoint: _348_ (rising edge-triggered flip-flop clocked by core_clock)
Path Group: core_clock
Path Type: max
Corner: Fastest

Fanout     Cap    Slew   Delay    Time   Description
-----------------------------------------------------------------------------
                          0.00    0.00   clock core_clock (rise edge)
                          0.00    0.00   clock source latency
     1    0.02    0.00    0.00    0.00 ^ clk (in)
                                         clk (net)
                  0.00    0.00    0.00 ^ clkbuf_0_clk/A (sky130_fd_sc_hd__clkbuf_16)
     4    0.05    0.05    0.09    0.09 ^ clkbuf_0_clk/X (sky130_fd_sc_hd__clkbuf_16)
                                         clknet_0_clk (net)
                  0.05    0.00    0.09 ^ clkbuf_2_3__f_clk/A (sky130_fd_sc_hd__clkbuf_16)
     9    0.03    0.04    0.10    0.19 ^ clkbuf_2_3__f_clk/X (sky130_fd_sc_hd__clkbuf_16)
                                         clknet_2_3__leaf_clk (net)
                  0.04    0.00    0.19 ^ _330_/CLK (sky130_fd_sc_hd__dfrtp_4)
     7    0.05    0.08    0.34    0.54 v _330_/Q (sky130_fd_sc_hd__dfrtp_4)
                                         one_second_counter[0] (net)
                  0.08    0.00    0.54 v _177_/D (sky130_fd_sc_hd__and4_4)
     8    0.05    0.07    0.19    0.73 v _177_/X (sky130_fd_sc_hd__and4_4)
                                         _075_ (net)
                  0.07    0.00    0.73 v _179_/A (sky130_fd_sc_hd__and2_2)
     5    0.04    0.09    0.18    0.92 v _179_/X (sky130_fd_sc_hd__and2_2)
                                         _077_ (net)
                  0.09    0.00    0.92 v _184_/A2 (sky130_fd_sc_hd__o31a_1)
     1    0.01    0.07    0.22    1.14 v _184_/X (sky130_fd_sc_hd__o31a_1)
                                         _082_ (net)
                  0.07    0.00    1.14 v _186_/A2 (sky130_fd_sc_hd__o211ai_4)
     2    0.02    0.17    0.17    1.31 ^ _186_/Y (sky130_fd_sc_hd__o211ai_4)
                                         _084_ (net)
                  0.17    0.00    1.31 ^ _187_/A2 (sky130_fd_sc_hd__a21bo_2)
     9    0.05    0.21    0.23    1.54 ^ _187_/X (sky130_fd_sc_hd__a21bo_2)
                                         _085_ (net)
                  0.21    0.00    1.54 ^ _202_/A (sky130_fd_sc_hd__buf_2)
    10    0.05    0.18    0.20    1.74 ^ _202_/X (sky130_fd_sc_hd__buf_2)
                                         _095_ (net)
                  0.18    0.00    1.75 ^ _255_/C1 (sky130_fd_sc_hd__o211a_1)
     1    0.01    0.08    0.12    1.86 ^ _255_/X (sky130_fd_sc_hd__o211a_1)
                                         _009_ (net)
                  0.08    0.00    1.86 ^ _348_/D (sky130_fd_sc_hd__dfrtp_4)
                                  1.86   data arrival time

                         10.00   10.00   clock core_clock (rise edge)
                          0.00   10.00   clock source latency
     1    0.02    0.00    0.00   10.00 ^ clk (in)
                                         clk (net)
                  0.00    0.00   10.00 ^ clkbuf_0_clk/A (sky130_fd_sc_hd__clkbuf_16)
     4    0.05    0.05    0.09   10.09 ^ clkbuf_0_clk/X (sky130_fd_sc_hd__clkbuf_16)
                                         clknet_0_clk (net)
                  0.05    0.00   10.09 ^ clkbuf_2_1__f_clk/A (sky130_fd_sc_hd__clkbuf_16)
    10    0.03    0.04    0.10   10.19 ^ clkbuf_2_1__f_clk/X (sky130_fd_sc_hd__clkbuf_16)
                                         clknet_2_1__leaf_clk (net)
                  0.04    0.00   10.19 ^ _348_/CLK (sky130_fd_sc_hd__dfrtp_4)
                          0.00   10.19   clock reconvergence pessimism
                         -0.04   10.15   library setup time
                                 10.15   data required time
-----------------------------------------------------------------------------
                                 10.15   data required time
                                 -1.86   data arrival time
-----------------------------------------------------------------------------
                                  8.29   slack (MET)


Startpoint: _330_ (rising edge-triggered flip-flop clocked by core_clock)
Endpoint: _338_ (rising edge-triggered flip-flop clocked by core_clock)
Path Group: core_clock
Path Type: max
Corner: Fastest

Fanout     Cap    Slew   Delay    Time   Description
-----------------------------------------------------------------------------
                          0.00    0.00   clock core_clock (rise edge)
                          0.00    0.00   clock source latency
     1    0.02    0.00    0.00    0.00 ^ clk (in)
                                         clk (net)
                  0.00    0.00    0.00 ^ clkbuf_0_clk/A (sky130_fd_sc_hd__clkbuf_16)
     4    0.05    0.05    0.09    0.09 ^ clkbuf_0_clk/X (sky130_fd_sc_hd__clkbuf_16)
                                         clknet_0_clk (net)
                  0.05    0.00    0.09 ^ clkbuf_2_3__f_clk/A (sky130_fd_sc_hd__clkbuf_16)
     9    0.03    0.04    0.10    0.19 ^ clkbuf_2_3__f_clk/X (sky130_fd_sc_hd__clkbuf_16)
                                         clknet_2_3__leaf_clk (net)
                  0.04    0.00    0.19 ^ _330_/CLK (sky130_fd_sc_hd__dfrtp_4)
     7    0.05    0.08    0.34    0.54 v _330_/Q (sky130_fd_sc_hd__dfrtp_4)
                                         one_second_counter[0] (net)
                  0.08    0.00    0.54 v _177_/D (sky130_fd_sc_hd__and4_4)
     8    0.05    0.07    0.19    0.73 v _177_/X (sky130_fd_sc_hd__and4_4)
                                         _075_ (net)
                  0.07    0.00    0.73 v _179_/A (sky130_fd_sc_hd__and2_2)
     5    0.04    0.09    0.18    0.92 v _179_/X (sky130_fd_sc_hd__and2_2)
                                         _077_ (net)
                  0.09    0.00    0.92 v _184_/A2 (sky130_fd_sc_hd__o31a_1)
     1    0.01    0.07    0.22    1.14 v _184_/X (sky130_fd_sc_hd__o31a_1)
                                         _082_ (net)
                  0.07    0.00    1.14 v _186_/A2 (sky130_fd_sc_hd__o211ai_4)
     2    0.02    0.17    0.17    1.31 ^ _186_/Y (sky130_fd_sc_hd__o211ai_4)
                                         _084_ (net)
                  0.17    0.00    1.31 ^ _187_/A2 (sky130_fd_sc_hd__a21bo_2)
     9    0.05    0.21    0.23    1.54 ^ _187_/X (sky130_fd_sc_hd__a21bo_2)
                                         _085_ (net)
                  0.21    0.00    1.54 ^ _218_/B (sky130_fd_sc_hd__and3_1)
     1    0.01    0.08    0.15    1.69 ^ _218_/X (sky130_fd_sc_hd__and3_1)
                                         _107_ (net)
                  0.08    0.00    1.69 ^ _219_/A (sky130_fd_sc_hd__buf_1)
     1    0.02    0.16    0.15    1.84 ^ _219_/X (sky130_fd_sc_hd__buf_1)
                                         _025_ (net)
                  0.16    0.00    1.84 ^ _338_/D (sky130_fd_sc_hd__dfrtp_4)
                                  1.84   data arrival time

                         10.00   10.00   clock core_clock (rise edge)
                          0.00   10.00   clock source latency
     1    0.02    0.00    0.00   10.00 ^ clk (in)
                                         clk (net)
                  0.00    0.00   10.00 ^ clkbuf_0_clk/A (sky130_fd_sc_hd__clkbuf_16)
     4    0.05    0.05    0.09   10.09 ^ clkbuf_0_clk/X (sky130_fd_sc_hd__clkbuf_16)
                                         clknet_0_clk (net)
                  0.05    0.00   10.09 ^ clkbuf_2_3__f_clk/A (sky130_fd_sc_hd__clkbuf_16)
     9    0.03    0.04    0.10   10.19 ^ clkbuf_2_3__f_clk/X (sky130_fd_sc_hd__clkbuf_16)
                                         clknet_2_3__leaf_clk (net)
                  0.04    0.00   10.19 ^ _338_/CLK (sky130_fd_sc_hd__dfrtp_4)
                          0.00   10.19   clock reconvergence pessimism
                         -0.05   10.14   library setup time
                                 10.14   data required time
-----------------------------------------------------------------------------
                                 10.14   data required time
                                 -1.84   data arrival time
-----------------------------------------------------------------------------
                                  8.30   slack (MET)


Startpoint: _330_ (rising edge-triggered flip-flop clocked by core_clock)
Endpoint: _357_ (rising edge-triggered flip-flop clocked by core_clock)
Path Group: core_clock
Path Type: max
Corner: Fastest

Fanout     Cap    Slew   Delay    Time   Description
-----------------------------------------------------------------------------
                          0.00    0.00   clock core_clock (rise edge)
                          0.00    0.00   clock source latency
     1    0.02    0.00    0.00    0.00 ^ clk (in)
                                         clk (net)
                  0.00    0.00    0.00 ^ clkbuf_0_clk/A (sky130_fd_sc_hd__clkbuf_16)
     4    0.05    0.05    0.09    0.09 ^ clkbuf_0_clk/X (sky130_fd_sc_hd__clkbuf_16)
                                         clknet_0_clk (net)
                  0.05    0.00    0.09 ^ clkbuf_2_3__f_clk/A (sky130_fd_sc_hd__clkbuf_16)
     9    0.03    0.04    0.10    0.19 ^ clkbuf_2_3__f_clk/X (sky130_fd_sc_hd__clkbuf_16)
                                         clknet_2_3__leaf_clk (net)
                  0.04    0.00    0.19 ^ _330_/CLK (sky130_fd_sc_hd__dfrtp_4)
     7    0.05    0.08    0.34    0.54 v _330_/Q (sky130_fd_sc_hd__dfrtp_4)
                                         one_second_counter[0] (net)
                  0.08    0.00    0.54 v _177_/D (sky130_fd_sc_hd__and4_4)
     8    0.05    0.07    0.19    0.73 v _177_/X (sky130_fd_sc_hd__and4_4)
                                         _075_ (net)
                  0.07    0.00    0.73 v _179_/A (sky130_fd_sc_hd__and2_2)
     5    0.04    0.09    0.18    0.92 v _179_/X (sky130_fd_sc_hd__and2_2)
                                         _077_ (net)
                  0.09    0.00    0.92 v _184_/A2 (sky130_fd_sc_hd__o31a_1)
     1    0.01    0.07    0.22    1.14 v _184_/X (sky130_fd_sc_hd__o31a_1)
                                         _082_ (net)
                  0.07    0.00    1.14 v _186_/A2 (sky130_fd_sc_hd__o211ai_4)
     2    0.02    0.17    0.17    1.31 ^ _186_/Y (sky130_fd_sc_hd__o211ai_4)
                                         _084_ (net)
                  0.17    0.00    1.31 ^ _187_/A2 (sky130_fd_sc_hd__a21bo_2)
     9    0.05    0.21    0.23    1.54 ^ _187_/X (sky130_fd_sc_hd__a21bo_2)
                                         _085_ (net)
                  0.21    0.00    1.54 ^ _188_/A (sky130_fd_sc_hd__inv_2)
     2    0.02    0.07    0.06    1.60 v _188_/Y (sky130_fd_sc_hd__inv_2)
                                         _086_ (net)
                  0.07    0.00    1.60 v _189_/A (sky130_fd_sc_hd__clkbuf_4)
    10    0.07    0.10    0.17    1.78 v _189_/X (sky130_fd_sc_hd__clkbuf_4)
                                         _027_ (net)
                  0.10    0.00    1.78 v _357_/D (sky130_fd_sc_hd__dfrtp_4)
                                  1.78   data arrival time

                         10.00   10.00   clock core_clock (rise edge)
                          0.00   10.00   clock source latency
     1    0.02    0.00    0.00   10.00 ^ clk (in)
                                         clk (net)
                  0.00    0.00   10.00 ^ clkbuf_0_clk/A (sky130_fd_sc_hd__clkbuf_16)
     4    0.05    0.05    0.09   10.09 ^ clkbuf_0_clk/X (sky130_fd_sc_hd__clkbuf_16)
                                         clknet_0_clk (net)
                  0.05    0.00   10.09 ^ clkbuf_2_0__f_clk/A (sky130_fd_sc_hd__clkbuf_16)
     9    0.04    0.04    0.10   10.19 ^ clkbuf_2_0__f_clk/X (sky130_fd_sc_hd__clkbuf_16)
                                         clknet_2_0__leaf_clk (net)
                  0.04    0.00   10.19 ^ _357_/CLK (sky130_fd_sc_hd__dfrtp_4)
                          0.00   10.19   clock reconvergence pessimism
                         -0.09   10.10   library setup time
                                 10.10   data required time
-----------------------------------------------------------------------------
                                 10.10   data required time
                                 -1.78   data arrival time
-----------------------------------------------------------------------------
                                  8.32   slack (MET)


Startpoint: _330_ (rising edge-triggered flip-flop clocked by core_clock)
Endpoint: _333_ (rising edge-triggered flip-flop clocked by core_clock)
Path Group: core_clock
Path Type: max
Corner: Fastest

Fanout     Cap    Slew   Delay    Time   Description
-----------------------------------------------------------------------------
                          0.00    0.00   clock core_clock (rise edge)
                          0.00    0.00   clock source latency
     1    0.02    0.00    0.00    0.00 ^ clk (in)
                                         clk (net)
                  0.00    0.00    0.00 ^ clkbuf_0_clk/A (sky130_fd_sc_hd__clkbuf_16)
     4    0.05    0.05    0.09    0.09 ^ clkbuf_0_clk/X (sky130_fd_sc_hd__clkbuf_16)
                                         clknet_0_clk (net)
                  0.05    0.00    0.09 ^ clkbuf_2_3__f_clk/A (sky130_fd_sc_hd__clkbuf_16)
     9    0.03    0.04    0.10    0.19 ^ clkbuf_2_3__f_clk/X (sky130_fd_sc_hd__clkbuf_16)
                                         clknet_2_3__leaf_clk (net)
                  0.04    0.00    0.19 ^ _330_/CLK (sky130_fd_sc_hd__dfrtp_4)
     7    0.05    0.08    0.34    0.54 v _330_/Q (sky130_fd_sc_hd__dfrtp_4)
                                         one_second_counter[0] (net)
                  0.08    0.00    0.54 v _177_/D (sky130_fd_sc_hd__and4_4)
     8    0.05    0.07    0.19    0.73 v _177_/X (sky130_fd_sc_hd__and4_4)
                                         _075_ (net)
                  0.07    0.00    0.73 v _179_/A (sky130_fd_sc_hd__and2_2)
     5    0.04    0.09    0.18    0.92 v _179_/X (sky130_fd_sc_hd__and2_2)
                                         _077_ (net)
                  0.09    0.00    0.92 v _184_/A2 (sky130_fd_sc_hd__o31a_1)
     1    0.01    0.07    0.22    1.14 v _184_/X (sky130_fd_sc_hd__o31a_1)
                                         _082_ (net)
                  0.07    0.00    1.14 v _186_/A2 (sky130_fd_sc_hd__o211ai_4)
     2    0.02    0.17    0.17    1.31 ^ _186_/Y (sky130_fd_sc_hd__o211ai_4)
                                         _084_ (net)
                  0.17    0.00    1.31 ^ _187_/A2 (sky130_fd_sc_hd__a21bo_2)
     9    0.05    0.21    0.23    1.54 ^ _187_/X (sky130_fd_sc_hd__a21bo_2)
                                         _085_ (net)
                  0.21    0.00    1.54 ^ _200_/B (sky130_fd_sc_hd__and3b_1)
     1    0.01    0.06    0.13    1.68 ^ _200_/X (sky130_fd_sc_hd__and3b_1)
                                         _094_ (net)
                  0.06    0.00    1.68 ^ _201_/A (sky130_fd_sc_hd__buf_1)
     1    0.02    0.14    0.13    1.81 ^ _201_/X (sky130_fd_sc_hd__buf_1)
                                         _020_ (net)
                  0.14    0.00    1.81 ^ _333_/D (sky130_fd_sc_hd__dfrtp_2)
                                  1.81   data arrival time

                         10.00   10.00   clock core_clock (rise edge)
                          0.00   10.00   clock source latency
     1    0.02    0.00    0.00   10.00 ^ clk (in)
                                         clk (net)
                  0.00    0.00   10.00 ^ clkbuf_0_clk/A (sky130_fd_sc_hd__clkbuf_16)
     4    0.05    0.05    0.09   10.09 ^ clkbuf_0_clk/X (sky130_fd_sc_hd__clkbuf_16)
                                         clknet_0_clk (net)
                  0.05    0.00   10.09 ^ clkbuf_2_3__f_clk/A (sky130_fd_sc_hd__clkbuf_16)
     9    0.03    0.04    0.10   10.19 ^ clkbuf_2_3__f_clk/X (sky130_fd_sc_hd__clkbuf_16)
                                         clknet_2_3__leaf_clk (net)
                  0.04    0.00   10.19 ^ _333_/CLK (sky130_fd_sc_hd__dfrtp_2)
                          0.00   10.19   clock reconvergence pessimism
                         -0.05   10.14   library setup time
                                 10.14   data required time
-----------------------------------------------------------------------------
                                 10.14   data required time
                                 -1.81   data arrival time
-----------------------------------------------------------------------------
                                  8.34   slack (MET)


Startpoint: _330_ (rising edge-triggered flip-flop clocked by core_clock)
Endpoint: _337_ (rising edge-triggered flip-flop clocked by core_clock)
Path Group: core_clock
Path Type: max
Corner: Fastest

Fanout     Cap    Slew   Delay    Time   Description
-----------------------------------------------------------------------------
                          0.00    0.00   clock core_clock (rise edge)
                          0.00    0.00   clock source latency
     1    0.02    0.00    0.00    0.00 ^ clk (in)
                                         clk (net)
                  0.00    0.00    0.00 ^ clkbuf_0_clk/A (sky130_fd_sc_hd__clkbuf_16)
     4    0.05    0.05    0.09    0.09 ^ clkbuf_0_clk/X (sky130_fd_sc_hd__clkbuf_16)
                                         clknet_0_clk (net)
                  0.05    0.00    0.09 ^ clkbuf_2_3__f_clk/A (sky130_fd_sc_hd__clkbuf_16)
     9    0.03    0.04    0.10    0.19 ^ clkbuf_2_3__f_clk/X (sky130_fd_sc_hd__clkbuf_16)
                                         clknet_2_3__leaf_clk (net)
                  0.04    0.00    0.19 ^ _330_/CLK (sky130_fd_sc_hd__dfrtp_4)
     7    0.05    0.08    0.34    0.54 v _330_/Q (sky130_fd_sc_hd__dfrtp_4)
                                         one_second_counter[0] (net)
                  0.08    0.00    0.54 v _177_/D (sky130_fd_sc_hd__and4_4)
     8    0.05    0.07    0.19    0.73 v _177_/X (sky130_fd_sc_hd__and4_4)
                                         _075_ (net)
                  0.07    0.00    0.73 v _179_/A (sky130_fd_sc_hd__and2_2)
     5    0.04    0.09    0.18    0.92 v _179_/X (sky130_fd_sc_hd__and2_2)
                                         _077_ (net)
                  0.09    0.00    0.92 v _184_/A2 (sky130_fd_sc_hd__o31a_1)
     1    0.01    0.07    0.22    1.14 v _184_/X (sky130_fd_sc_hd__o31a_1)
                                         _082_ (net)
                  0.07    0.00    1.14 v _186_/A2 (sky130_fd_sc_hd__o211ai_4)
     2    0.02    0.17    0.17    1.31 ^ _186_/Y (sky130_fd_sc_hd__o211ai_4)
                                         _084_ (net)
                  0.17    0.00    1.31 ^ _187_/A2 (sky130_fd_sc_hd__a21bo_2)
     9    0.05    0.21    0.23    1.54 ^ _187_/X (sky130_fd_sc_hd__a21bo_2)
                                         _085_ (net)
                  0.21    0.00    1.54 ^ _188_/A (sky130_fd_sc_hd__inv_2)
     2    0.02    0.07    0.06    1.60 v _188_/Y (sky130_fd_sc_hd__inv_2)
                                         _086_ (net)
                  0.07    0.00    1.60 v _215_/B1 (sky130_fd_sc_hd__a211oi_2)
     1    0.01    0.23    0.18    1.78 ^ _215_/Y (sky130_fd_sc_hd__a211oi_2)
                                         _024_ (net)
                  0.23    0.00    1.78 ^ _337_/D (sky130_fd_sc_hd__dfrtp_1)
                                  1.78   data arrival time

                         10.00   10.00   clock core_clock (rise edge)
                          0.00   10.00   clock source latency
     1    0.02    0.00    0.00   10.00 ^ clk (in)
                                         clk (net)
                  0.00    0.00   10.00 ^ clkbuf_0_clk/A (sky130_fd_sc_hd__clkbuf_16)
     4    0.05    0.05    0.09   10.09 ^ clkbuf_0_clk/X (sky130_fd_sc_hd__clkbuf_16)
                                         clknet_0_clk (net)
                  0.05    0.00   10.09 ^ clkbuf_2_0__f_clk/A (sky130_fd_sc_hd__clkbuf_16)
     9    0.04    0.04    0.10   10.19 ^ clkbuf_2_0__f_clk/X (sky130_fd_sc_hd__clkbuf_16)
                                         clknet_2_0__leaf_clk (net)
                  0.04    0.00   10.19 ^ _337_/CLK (sky130_fd_sc_hd__dfrtp_1)
                          0.00   10.19   clock reconvergence pessimism
                         -0.05   10.14   library setup time
                                 10.14   data required time
-----------------------------------------------------------------------------
                                 10.14   data required time
                                 -1.78   data arrival time
-----------------------------------------------------------------------------
                                  8.36   slack (MET)


Startpoint: _361_ (rising edge-triggered flip-flop clocked by core_clock)
Endpoint: _360_ (rising edge-triggered flip-flop clocked by core_clock)
Path Group: core_clock
Path Type: max
Corner: Fastest

Fanout     Cap    Slew   Delay    Time   Description
-----------------------------------------------------------------------------
                          0.00    0.00   clock core_clock (rise edge)
                          0.00    0.00   clock source latency
     1    0.02    0.00    0.00    0.00 ^ clk (in)
                                         clk (net)
                  0.00    0.00    0.00 ^ clkbuf_0_clk/A (sky130_fd_sc_hd__clkbuf_16)
     4    0.05    0.05    0.09    0.09 ^ clkbuf_0_clk/X (sky130_fd_sc_hd__clkbuf_16)
                                         clknet_0_clk (net)
                  0.05    0.00    0.09 ^ clkbuf_2_1__f_clk/A (sky130_fd_sc_hd__clkbuf_16)
    10    0.03    0.04    0.10    0.19 ^ clkbuf_2_1__f_clk/X (sky130_fd_sc_hd__clkbuf_16)
                                         clknet_2_1__leaf_clk (net)
                  0.04    0.00    0.19 ^ _361_/CLK (sky130_fd_sc_hd__dfrtp_4)
     6    0.05    0.09    0.35    0.54 v _361_/Q (sky130_fd_sc_hd__dfrtp_4)
                                         decoder.digit[3] (net)
                  0.09    0.00    0.54 v _165_/A (sky130_fd_sc_hd__nor2_2)
     2    0.03    0.25    0.23    0.78 ^ _165_/Y (sky130_fd_sc_hd__nor2_2)
                                         _066_ (net)
                  0.25    0.00    0.78 ^ _166_/B (sky130_fd_sc_hd__nand2_2)
     3    0.03    0.10    0.10    0.88 v _166_/Y (sky130_fd_sc_hd__nand2_2)
                                         _067_ (net)
                  0.10    0.00    0.88 v _167_/B (sky130_fd_sc_hd__nor2_1)
     3    0.02    0.30    0.26    1.14 ^ _167_/Y (sky130_fd_sc_hd__nor2_1)
                                         _068_ (net)
                  0.30    0.00    1.14 ^ _168_/A2_N (sky130_fd_sc_hd__o2bb2a_1)
     1    0.01    0.06    0.17    1.31 v _168_/X (sky130_fd_sc_hd__o2bb2a_1)
                                         _069_ (net)
                  0.07    0.00    1.31 v _169_/B (sky130_fd_sc_hd__and2_1)
     1    0.01    0.04    0.12    1.43 v _169_/X (sky130_fd_sc_hd__and2_1)
                                         _070_ (net)
                  0.04    0.00    1.44 v _170_/A (sky130_fd_sc_hd__clkbuf_1)
     1    0.01    0.03    0.07    1.51 v _170_/X (sky130_fd_sc_hd__clkbuf_1)
                                         _062_ (net)
                  0.03    0.00    1.51 v _360_/D (sky130_fd_sc_hd__dfrtp_4)
                                  1.51   data arrival time

                         10.00   10.00   clock core_clock (rise edge)
                          0.00   10.00   clock source latency
     1    0.02    0.00    0.00   10.00 ^ clk (in)
                                         clk (net)
                  0.00    0.00   10.00 ^ clkbuf_0_clk/A (sky130_fd_sc_hd__clkbuf_16)
     4    0.05    0.05    0.09   10.09 ^ clkbuf_0_clk/X (sky130_fd_sc_hd__clkbuf_16)
                                         clknet_0_clk (net)
                  0.05    0.00   10.09 ^ clkbuf_2_2__f_clk/A (sky130_fd_sc_hd__clkbuf_16)
     7    0.03    0.04    0.10   10.19 ^ clkbuf_2_2__f_clk/X (sky130_fd_sc_hd__clkbuf_16)
                                         clknet_2_2__leaf_clk (net)
                  0.04    0.00   10.19 ^ _360_/CLK (sky130_fd_sc_hd__dfrtp_4)
                          0.00   10.19   clock reconvergence pessimism
                         -0.07   10.12   library setup time
                                 10.12   data required time
-----------------------------------------------------------------------------
                                 10.12   data required time
                                 -1.51   data arrival time
-----------------------------------------------------------------------------
                                  8.61   slack (MET)


Startpoint: _361_ (rising edge-triggered flip-flop clocked by core_clock)
Endpoint: _358_ (rising edge-triggered flip-flop clocked by core_clock)
Path Group: core_clock
Path Type: max
Corner: Fastest

Fanout     Cap    Slew   Delay    Time   Description
-----------------------------------------------------------------------------
                          0.00    0.00   clock core_clock (rise edge)
                          0.00    0.00   clock source latency
     1    0.02    0.00    0.00    0.00 ^ clk (in)
                                         clk (net)
                  0.00    0.00    0.00 ^ clkbuf_0_clk/A (sky130_fd_sc_hd__clkbuf_16)
     4    0.05    0.05    0.09    0.09 ^ clkbuf_0_clk/X (sky130_fd_sc_hd__clkbuf_16)
                                         clknet_0_clk (net)
                  0.05    0.00    0.09 ^ clkbuf_2_1__f_clk/A (sky130_fd_sc_hd__clkbuf_16)
    10    0.03    0.04    0.10    0.19 ^ clkbuf_2_1__f_clk/X (sky130_fd_sc_hd__clkbuf_16)
                                         clknet_2_1__leaf_clk (net)
                  0.04    0.00    0.19 ^ _361_/CLK (sky130_fd_sc_hd__dfrtp_4)
     6    0.05    0.09    0.35    0.54 v _361_/Q (sky130_fd_sc_hd__dfrtp_4)
                                         decoder.digit[3] (net)
                  0.09    0.00    0.54 v _165_/A (sky130_fd_sc_hd__nor2_2)
     2    0.03    0.25    0.23    0.78 ^ _165_/Y (sky130_fd_sc_hd__nor2_2)
                                         _066_ (net)
                  0.25    0.00    0.78 ^ _166_/B (sky130_fd_sc_hd__nand2_2)
     3    0.03    0.10    0.10    0.88 v _166_/Y (sky130_fd_sc_hd__nand2_2)
                                         _067_ (net)
                  0.10    0.00    0.88 v _173_/A2 (sky130_fd_sc_hd__a21oi_1)
     1    0.01    0.11    0.14    1.02 ^ _173_/Y (sky130_fd_sc_hd__a21oi_1)
                                         _072_ (net)
                  0.11    0.00    1.02 ^ _174_/B1 (sky130_fd_sc_hd__a21oi_1)
     1    0.01    0.07    0.06    1.08 v _174_/Y (sky130_fd_sc_hd__a21oi_1)
                                         _060_ (net)
                  0.07    0.00    1.08 v _358_/D (sky130_fd_sc_hd__dfrtp_4)
                                  1.08   data arrival time

                         10.00   10.00   clock core_clock (rise edge)
                          0.00   10.00   clock source latency
     1    0.02    0.00    0.00   10.00 ^ clk (in)
                                         clk (net)
                  0.00    0.00   10.00 ^ clkbuf_0_clk/A (sky130_fd_sc_hd__clkbuf_16)
     4    0.05    0.05    0.09   10.09 ^ clkbuf_0_clk/X (sky130_fd_sc_hd__clkbuf_16)
                                         clknet_0_clk (net)
                  0.05    0.00   10.09 ^ clkbuf_2_1__f_clk/A (sky130_fd_sc_hd__clkbuf_16)
    10    0.03    0.04    0.10   10.19 ^ clkbuf_2_1__f_clk/X (sky130_fd_sc_hd__clkbuf_16)
                                         clknet_2_1__leaf_clk (net)
                  0.04    0.00   10.19 ^ _358_/CLK (sky130_fd_sc_hd__dfrtp_4)
                          0.00   10.19   clock reconvergence pessimism
                         -0.08   10.11   library setup time
                                 10.11   data required time
-----------------------------------------------------------------------------
                                 10.11   data required time
                                 -1.08   data arrival time
-----------------------------------------------------------------------------
                                  9.03   slack (MET)


Startpoint: _359_ (rising edge-triggered flip-flop clocked by core_clock)
Endpoint: _361_ (rising edge-triggered flip-flop clocked by core_clock)
Path Group: core_clock
Path Type: max
Corner: Fastest

Fanout     Cap    Slew   Delay    Time   Description
-----------------------------------------------------------------------------
                          0.00    0.00   clock core_clock (rise edge)
                          0.00    0.00   clock source latency
     1    0.02    0.00    0.00    0.00 ^ clk (in)
                                         clk (net)
                  0.00    0.00    0.00 ^ clkbuf_0_clk/A (sky130_fd_sc_hd__clkbuf_16)
     4    0.05    0.05    0.09    0.09 ^ clkbuf_0_clk/X (sky130_fd_sc_hd__clkbuf_16)
                                         clknet_0_clk (net)
                  0.05    0.00    0.09 ^ clkbuf_2_2__f_clk/A (sky130_fd_sc_hd__clkbuf_16)
     7    0.03    0.04    0.10    0.19 ^ clkbuf_2_2__f_clk/X (sky130_fd_sc_hd__clkbuf_16)
                                         clknet_2_2__leaf_clk (net)
                  0.04    0.00    0.19 ^ _359_/CLK (sky130_fd_sc_hd__dfrtp_4)
     7    0.06    0.14    0.33    0.52 ^ _359_/Q (sky130_fd_sc_hd__dfrtp_4)
                                         decoder.digit[1] (net)
                  0.14    0.00    0.53 ^ _162_/B (sky130_fd_sc_hd__and3_2)
     3    0.03    0.13    0.20    0.73 ^ _162_/X (sky130_fd_sc_hd__and3_2)
                                         _064_ (net)
                  0.13    0.00    0.73 ^ _163_/B (sky130_fd_sc_hd__nand2_1)
     2    0.02    0.10    0.11    0.83 v _163_/Y (sky130_fd_sc_hd__nand2_1)
                                         _065_ (net)
                  0.10    0.00    0.83 v _164_/B (sky130_fd_sc_hd__xnor2_1)
     1    0.01    0.15    0.17    1.00 ^ _164_/Y (sky130_fd_sc_hd__xnor2_1)
                                         _063_ (net)
                  0.15    0.00    1.00 ^ _361_/D (sky130_fd_sc_hd__dfrtp_4)
                                  1.00   data arrival time

                         10.00   10.00   clock core_clock (rise edge)
                          0.00   10.00   clock source latency
     1    0.02    0.00    0.00   10.00 ^ clk (in)
                                         clk (net)
                  0.00    0.00   10.00 ^ clkbuf_0_clk/A (sky130_fd_sc_hd__clkbuf_16)
     4    0.05    0.05    0.09   10.09 ^ clkbuf_0_clk/X (sky130_fd_sc_hd__clkbuf_16)
                                         clknet_0_clk (net)
                  0.05    0.00   10.09 ^ clkbuf_2_1__f_clk/A (sky130_fd_sc_hd__clkbuf_16)
    10    0.03    0.04    0.10   10.19 ^ clkbuf_2_1__f_clk/X (sky130_fd_sc_hd__clkbuf_16)
                                         clknet_2_1__leaf_clk (net)
                  0.04    0.00   10.19 ^ _361_/CLK (sky130_fd_sc_hd__dfrtp_4)
                          0.00   10.19   clock reconvergence pessimism
                         -0.05   10.14   library setup time
                                 10.14   data required time
-----------------------------------------------------------------------------
                                 10.14   data required time
                                 -1.00   data arrival time
-----------------------------------------------------------------------------
                                  9.14   slack (MET)


Startpoint: _358_ (rising edge-triggered flip-flop clocked by core_clock)
Endpoint: _359_ (rising edge-triggered flip-flop clocked by core_clock)
Path Group: core_clock
Path Type: max
Corner: Fastest

Fanout     Cap    Slew   Delay    Time   Description
-----------------------------------------------------------------------------
                          0.00    0.00   clock core_clock (rise edge)
                          0.00    0.00   clock source latency
     1    0.02    0.00    0.00    0.00 ^ clk (in)
                                         clk (net)
                  0.00    0.00    0.00 ^ clkbuf_0_clk/A (sky130_fd_sc_hd__clkbuf_16)
     4    0.05    0.05    0.09    0.09 ^ clkbuf_0_clk/X (sky130_fd_sc_hd__clkbuf_16)
                                         clknet_0_clk (net)
                  0.05    0.00    0.09 ^ clkbuf_2_1__f_clk/A (sky130_fd_sc_hd__clkbuf_16)
    10    0.03    0.04    0.10    0.19 ^ clkbuf_2_1__f_clk/X (sky130_fd_sc_hd__clkbuf_16)
                                         clknet_2_1__leaf_clk (net)
                  0.04    0.00    0.19 ^ _358_/CLK (sky130_fd_sc_hd__dfrtp_4)
     8    0.05    0.09    0.35    0.54 v _358_/Q (sky130_fd_sc_hd__dfrtp_4)
                                         decoder.digit[0] (net)
                  0.09    0.00    0.54 v _162_/C (sky130_fd_sc_hd__and3_2)
     3    0.03    0.07    0.20    0.75 v _162_/X (sky130_fd_sc_hd__and3_2)
                                         _064_ (net)
                  0.07    0.00    0.75 v _172_/A (sky130_fd_sc_hd__nor2_1)
     1    0.01    0.10    0.12    0.87 ^ _172_/Y (sky130_fd_sc_hd__nor2_1)
                                         _061_ (net)
                  0.10    0.00    0.87 ^ _359_/D (sky130_fd_sc_hd__dfrtp_4)
                                  0.87   data arrival time

                         10.00   10.00   clock core_clock (rise edge)
                          0.00   10.00   clock source latency
     1    0.02    0.00    0.00   10.00 ^ clk (in)
                                         clk (net)
                  0.00    0.00   10.00 ^ clkbuf_0_clk/A (sky130_fd_sc_hd__clkbuf_16)
     4    0.05    0.05    0.09   10.09 ^ clkbuf_0_clk/X (sky130_fd_sc_hd__clkbuf_16)
                                         clknet_0_clk (net)
                  0.05    0.00   10.09 ^ clkbuf_2_2__f_clk/A (sky130_fd_sc_hd__clkbuf_16)
     7    0.03    0.04    0.10   10.19 ^ clkbuf_2_2__f_clk/X (sky130_fd_sc_hd__clkbuf_16)
                                         clknet_2_2__leaf_clk (net)
                  0.04    0.00   10.19 ^ _359_/CLK (sky130_fd_sc_hd__dfrtp_4)
                          0.00   10.19   clock reconvergence pessimism
                         -0.04   10.15   library setup time
                                 10.15   data required time
-----------------------------------------------------------------------------
                                 10.15   data required time
                                 -0.87   data arrival time
-----------------------------------------------------------------------------
                                  9.28   slack (MET)



worst slack corner Fastest: 8.0150
======================= Slowest Corner ===================================

Startpoint: _342_ (rising edge-triggered flip-flop clocked by core_clock)
Endpoint: _341_ (rising edge-triggered flip-flop clocked by core_clock)
Path Group: core_clock
Path Type: max
Corner: Slowest

Fanout     Cap    Slew   Delay    Time   Description
-----------------------------------------------------------------------------
                          0.00    0.00   clock core_clock (rise edge)
                          0.00    0.00   clock source latency
     1    0.02    0.00    0.00    0.00 ^ clk (in)
                                         clk (net)
                  0.00    0.00    0.00 ^ clkbuf_0_clk/A (sky130_fd_sc_hd__clkbuf_16)
     4    0.05    0.10    0.23    0.23 ^ clkbuf_0_clk/X (sky130_fd_sc_hd__clkbuf_16)
                                         clknet_0_clk (net)
                  0.10    0.00    0.23 ^ clkbuf_2_3__f_clk/A (sky130_fd_sc_hd__clkbuf_16)
     9    0.03    0.08    0.25    0.48 ^ clkbuf_2_3__f_clk/X (sky130_fd_sc_hd__clkbuf_16)
                                         clknet_2_3__leaf_clk (net)
                  0.08    0.00    0.48 ^ _342_/CLK (sky130_fd_sc_hd__dfrtp_4)
     5    0.03    0.18    1.10    1.58 v _342_/Q (sky130_fd_sc_hd__dfrtp_4)
                                         one_second_counter[12] (net)
                  0.18    0.00    1.58 v _180_/C (sky130_fd_sc_hd__and4_1)
     2    0.02    0.19    0.56    2.14 v _180_/X (sky130_fd_sc_hd__and4_1)
                                         _078_ (net)
                  0.19    0.00    2.14 v _181_/D (sky130_fd_sc_hd__or4_1)
     1    0.01    0.22    1.06    3.20 v _181_/X (sky130_fd_sc_hd__or4_1)
                                         _079_ (net)
                  0.22    0.00    3.20 v _184_/A3 (sky130_fd_sc_hd__o31a_1)
     1    0.01    0.18    0.62    3.82 v _184_/X (sky130_fd_sc_hd__o31a_1)
                                         _082_ (net)
                  0.18    0.00    3.82 v _186_/A2 (sky130_fd_sc_hd__o211ai_4)
     2    0.02    0.35    0.40    4.22 ^ _186_/Y (sky130_fd_sc_hd__o211ai_4)
                                         _084_ (net)
                  0.35    0.00    4.22 ^ _187_/A2 (sky130_fd_sc_hd__a21bo_2)
     9    0.05    0.43    0.64    4.85 ^ _187_/X (sky130_fd_sc_hd__a21bo_2)
                                         _085_ (net)
                  0.43    0.00    4.86 ^ _188_/A (sky130_fd_sc_hd__inv_2)
     2    0.02    0.15    0.26    5.12 v _188_/Y (sky130_fd_sc_hd__inv_2)
                                         _086_ (net)
                  0.15    0.00    5.12 v _189_/A (sky130_fd_sc_hd__clkbuf_4)
    10    0.07    0.25    0.45    5.56 v _189_/X (sky130_fd_sc_hd__clkbuf_4)
                                         _027_ (net)
                  0.25    0.00    5.56 v _229_/A (sky130_fd_sc_hd__nor3_1)
     1    0.02    0.86    0.84    6.41 ^ _229_/Y (sky130_fd_sc_hd__nor3_1)
                                         _002_ (net)
                  0.86    0.00    6.41 ^ _341_/D (sky130_fd_sc_hd__dfrtp_2)
                                  6.41   data arrival time

                         10.00   10.00   clock core_clock (rise edge)
                          0.00   10.00   clock source latency
     1    0.02    0.00    0.00   10.00 ^ clk (in)
                                         clk (net)
                  0.00    0.00   10.00 ^ clkbuf_0_clk/A (sky130_fd_sc_hd__clkbuf_16)
     4    0.05    0.10    0.23   10.23 ^ clkbuf_0_clk/X (sky130_fd_sc_hd__clkbuf_16)
                                         clknet_0_clk (net)
                  0.10    0.00   10.23 ^ clkbuf_2_1__f_clk/A (sky130_fd_sc_hd__clkbuf_16)
    10    0.03    0.08    0.25   10.48 ^ clkbuf_2_1__f_clk/X (sky130_fd_sc_hd__clkbuf_16)
                                         clknet_2_1__leaf_clk (net)
                  0.08    0.00   10.48 ^ _341_/CLK (sky130_fd_sc_hd__dfrtp_2)
                          0.00   10.48   clock reconvergence pessimism
                         -0.34   10.14   library setup time
                                 10.14   data required time
-----------------------------------------------------------------------------
                                 10.14   data required time
                                 -6.41   data arrival time
-----------------------------------------------------------------------------
                                  3.74   slack (MET)


Startpoint: _342_ (rising edge-triggered flip-flop clocked by core_clock)
Endpoint: _334_ (rising edge-triggered flip-flop clocked by core_clock)
Path Group: core_clock
Path Type: max
Corner: Slowest

Fanout     Cap    Slew   Delay    Time   Description
-----------------------------------------------------------------------------
                          0.00    0.00   clock core_clock (rise edge)
                          0.00    0.00   clock source latency
     1    0.02    0.00    0.00    0.00 ^ clk (in)
                                         clk (net)
                  0.00    0.00    0.00 ^ clkbuf_0_clk/A (sky130_fd_sc_hd__clkbuf_16)
     4    0.05    0.10    0.23    0.23 ^ clkbuf_0_clk/X (sky130_fd_sc_hd__clkbuf_16)
                                         clknet_0_clk (net)
                  0.10    0.00    0.23 ^ clkbuf_2_3__f_clk/A (sky130_fd_sc_hd__clkbuf_16)
     9    0.03    0.08    0.25    0.48 ^ clkbuf_2_3__f_clk/X (sky130_fd_sc_hd__clkbuf_16)
                                         clknet_2_3__leaf_clk (net)
                  0.08    0.00    0.48 ^ _342_/CLK (sky130_fd_sc_hd__dfrtp_4)
     5    0.03    0.18    1.10    1.58 v _342_/Q (sky130_fd_sc_hd__dfrtp_4)
                                         one_second_counter[12] (net)
                  0.18    0.00    1.58 v _180_/C (sky130_fd_sc_hd__and4_1)
     2    0.02    0.19    0.56    2.14 v _180_/X (sky130_fd_sc_hd__and4_1)
                                         _078_ (net)
                  0.19    0.00    2.14 v _181_/D (sky130_fd_sc_hd__or4_1)
     1    0.01    0.22    1.06    3.20 v _181_/X (sky130_fd_sc_hd__or4_1)
                                         _079_ (net)
                  0.22    0.00    3.20 v _184_/A3 (sky130_fd_sc_hd__o31a_1)
     1    0.01    0.18    0.62    3.82 v _184_/X (sky130_fd_sc_hd__o31a_1)
                                         _082_ (net)
                  0.18    0.00    3.82 v _186_/A2 (sky130_fd_sc_hd__o211ai_4)
     2    0.02    0.35    0.40    4.22 ^ _186_/Y (sky130_fd_sc_hd__o211ai_4)
                                         _084_ (net)
                  0.35    0.00    4.22 ^ _187_/A2 (sky130_fd_sc_hd__a21bo_2)
     9    0.05    0.43    0.64    4.85 ^ _187_/X (sky130_fd_sc_hd__a21bo_2)
                                         _085_ (net)
                  0.43    0.00    4.86 ^ _202_/A (sky130_fd_sc_hd__buf_2)
    10    0.05    0.36    0.56    5.41 ^ _202_/X (sky130_fd_sc_hd__buf_2)
                                         _095_ (net)
                  0.36    0.00    5.42 ^ _205_/A (sky130_fd_sc_hd__and3_1)
     1    0.03    0.40    0.64    6.06 ^ _205_/X (sky130_fd_sc_hd__and3_1)
                                         _098_ (net)
                  0.40    0.00    6.06 ^ _206_/A (sky130_fd_sc_hd__buf_1)
     1    0.02    0.36    0.47    6.53 ^ _206_/X (sky130_fd_sc_hd__buf_1)
                                         _021_ (net)
                  0.36    0.00    6.53 ^ _334_/D (sky130_fd_sc_hd__dfrtp_4)
                                  6.53   data arrival time

                         10.00   10.00   clock core_clock (rise edge)
                          0.00   10.00   clock source latency
     1    0.02    0.00    0.00   10.00 ^ clk (in)
                                         clk (net)
                  0.00    0.00   10.00 ^ clkbuf_0_clk/A (sky130_fd_sc_hd__clkbuf_16)
     4    0.05    0.10    0.23   10.23 ^ clkbuf_0_clk/X (sky130_fd_sc_hd__clkbuf_16)
                                         clknet_0_clk (net)
                  0.10    0.00   10.23 ^ clkbuf_2_0__f_clk/A (sky130_fd_sc_hd__clkbuf_16)
     9    0.03    0.09    0.26   10.48 ^ clkbuf_2_0__f_clk/X (sky130_fd_sc_hd__clkbuf_16)
                                         clknet_2_0__leaf_clk (net)
                  0.09    0.00   10.48 ^ _334_/CLK (sky130_fd_sc_hd__dfrtp_4)
                          0.00   10.48   clock reconvergence pessimism
                         -0.21   10.28   library setup time
                                 10.28   data required time
-----------------------------------------------------------------------------
                                 10.28   data required time
                                 -6.53   data arrival time
-----------------------------------------------------------------------------
                                  3.75   slack (MET)


Startpoint: _330_ (rising edge-triggered flip-flop clocked by core_clock)
Endpoint: _352_ (rising edge-triggered flip-flop clocked by core_clock)
Path Group: core_clock
Path Type: max
Corner: Slowest

Fanout     Cap    Slew   Delay    Time   Description
-----------------------------------------------------------------------------
                          0.00    0.00   clock core_clock (rise edge)
                          0.00    0.00   clock source latency
     1    0.02    0.00    0.00    0.00 ^ clk (in)
                                         clk (net)
                  0.00    0.00    0.00 ^ clkbuf_0_clk/A (sky130_fd_sc_hd__clkbuf_16)
     4    0.05    0.10    0.23    0.23 ^ clkbuf_0_clk/X (sky130_fd_sc_hd__clkbuf_16)
                                         clknet_0_clk (net)
                  0.10    0.00    0.23 ^ clkbuf_2_3__f_clk/A (sky130_fd_sc_hd__clkbuf_16)
     9    0.03    0.08    0.25    0.48 ^ clkbuf_2_3__f_clk/X (sky130_fd_sc_hd__clkbuf_16)
                                         clknet_2_3__leaf_clk (net)
                  0.08    0.00    0.48 ^ _330_/CLK (sky130_fd_sc_hd__dfrtp_4)
     7    0.05    0.27    0.98    1.46 ^ _330_/Q (sky130_fd_sc_hd__dfrtp_4)
                                         one_second_counter[0] (net)
                  0.27    0.00    1.46 ^ _177_/D (sky130_fd_sc_hd__and4_4)
     8    0.06    0.32    0.79    2.26 ^ _177_/X (sky130_fd_sc_hd__and4_4)
                                         _075_ (net)
                  0.32    0.00    2.26 ^ _221_/C (sky130_fd_sc_hd__and4_2)
     6    0.04    0.37    0.80    3.07 ^ _221_/X (sky130_fd_sc_hd__and4_2)
                                         _109_ (net)
                  0.37    0.00    3.07 ^ _244_/D (sky130_fd_sc_hd__and4_1)
     2    0.03    0.50    0.82    3.89 ^ _244_/X (sky130_fd_sc_hd__and4_1)
                                         _126_ (net)
                  0.50    0.00    3.89 ^ _245_/A (sky130_fd_sc_hd__clkbuf_4)
    10    0.06    0.30    0.61    4.50 ^ _245_/X (sky130_fd_sc_hd__clkbuf_4)
                                         _127_ (net)
                  0.30    0.00    4.50 ^ _267_/C (sky130_fd_sc_hd__and4_1)
     3    0.02    0.37    0.69    5.19 ^ _267_/X (sky130_fd_sc_hd__and4_1)
                                         _143_ (net)
                  0.37    0.00    5.19 ^ _270_/B (sky130_fd_sc_hd__nand2_1)
     3    0.02    0.41    0.47    5.67 v _270_/Y (sky130_fd_sc_hd__nand2_1)
                                         _145_ (net)
                  0.41    0.00    5.67 v _271_/C (sky130_fd_sc_hd__and3_1)
     1    0.01    0.14    0.60    6.27 v _271_/X (sky130_fd_sc_hd__and3_1)
                                         _146_ (net)
                  0.14    0.00    6.27 v _272_/A (sky130_fd_sc_hd__clkbuf_1)
     1    0.00    0.05    0.19    6.47 v _272_/X (sky130_fd_sc_hd__clkbuf_1)
                                         _014_ (net)
                  0.05    0.00    6.47 v _352_/D (sky130_fd_sc_hd__dfrtp_1)
                                  6.47   data arrival time

                         10.00   10.00   clock core_clock (rise edge)
                          0.00   10.00   clock source latency
     1    0.02    0.00    0.00   10.00 ^ clk (in)
                                         clk (net)
                  0.00    0.00   10.00 ^ clkbuf_0_clk/A (sky130_fd_sc_hd__clkbuf_16)
     4    0.05    0.10    0.23   10.23 ^ clkbuf_0_clk/X (sky130_fd_sc_hd__clkbuf_16)
                                         clknet_0_clk (net)
                  0.10    0.00   10.23 ^ clkbuf_2_1__f_clk/A (sky130_fd_sc_hd__clkbuf_16)
    10    0.03    0.08    0.25   10.48 ^ clkbuf_2_1__f_clk/X (sky130_fd_sc_hd__clkbuf_16)
                                         clknet_2_1__leaf_clk (net)
                  0.08    0.00   10.48 ^ _352_/CLK (sky130_fd_sc_hd__dfrtp_1)
                          0.00   10.48   clock reconvergence pessimism
                         -0.27   10.22   library setup time
                                 10.22   data required time
-----------------------------------------------------------------------------
                                 10.22   data required time
                                 -6.47   data arrival time
-----------------------------------------------------------------------------
                                  3.75   slack (MET)


Startpoint: _342_ (rising edge-triggered flip-flop clocked by core_clock)
Endpoint: _354_ (rising edge-triggered flip-flop clocked by core_clock)
Path Group: core_clock
Path Type: max
Corner: Slowest

Fanout     Cap    Slew   Delay    Time   Description
-----------------------------------------------------------------------------
                          0.00    0.00   clock core_clock (rise edge)
                          0.00    0.00   clock source latency
     1    0.02    0.00    0.00    0.00 ^ clk (in)
                                         clk (net)
                  0.00    0.00    0.00 ^ clkbuf_0_clk/A (sky130_fd_sc_hd__clkbuf_16)
     4    0.05    0.10    0.23    0.23 ^ clkbuf_0_clk/X (sky130_fd_sc_hd__clkbuf_16)
                                         clknet_0_clk (net)
                  0.10    0.00    0.23 ^ clkbuf_2_3__f_clk/A (sky130_fd_sc_hd__clkbuf_16)
     9    0.03    0.08    0.25    0.48 ^ clkbuf_2_3__f_clk/X (sky130_fd_sc_hd__clkbuf_16)
                                         clknet_2_3__leaf_clk (net)
                  0.08    0.00    0.48 ^ _342_/CLK (sky130_fd_sc_hd__dfrtp_4)
     5    0.03    0.18    1.10    1.58 v _342_/Q (sky130_fd_sc_hd__dfrtp_4)
                                         one_second_counter[12] (net)
                  0.18    0.00    1.58 v _180_/C (sky130_fd_sc_hd__and4_1)
     2    0.02    0.19    0.56    2.14 v _180_/X (sky130_fd_sc_hd__and4_1)
                                         _078_ (net)
                  0.19    0.00    2.14 v _181_/D (sky130_fd_sc_hd__or4_1)
     1    0.01    0.22    1.06    3.20 v _181_/X (sky130_fd_sc_hd__or4_1)
                                         _079_ (net)
                  0.22    0.00    3.20 v _184_/A3 (sky130_fd_sc_hd__o31a_1)
     1    0.01    0.18    0.62    3.82 v _184_/X (sky130_fd_sc_hd__o31a_1)
                                         _082_ (net)
                  0.18    0.00    3.82 v _186_/A2 (sky130_fd_sc_hd__o211ai_4)
     2    0.02    0.35    0.40    4.22 ^ _186_/Y (sky130_fd_sc_hd__o211ai_4)
                                         _084_ (net)
                  0.35    0.00    4.22 ^ _187_/A2 (sky130_fd_sc_hd__a21bo_2)
     9    0.05    0.43    0.64    4.85 ^ _187_/X (sky130_fd_sc_hd__a21bo_2)
                                         _085_ (net)
                  0.43    0.00    4.86 ^ _188_/A (sky130_fd_sc_hd__inv_2)
     2    0.02    0.15    0.26    5.12 v _188_/Y (sky130_fd_sc_hd__inv_2)
                                         _086_ (net)
                  0.15    0.00    5.12 v _189_/A (sky130_fd_sc_hd__clkbuf_4)
    10    0.07    0.25    0.45    5.56 v _189_/X (sky130_fd_sc_hd__clkbuf_4)
                                         _027_ (net)
                  0.25    0.00    5.56 v _278_/A (sky130_fd_sc_hd__nor3_1)
     1    0.02    0.85    0.83    6.40 ^ _278_/Y (sky130_fd_sc_hd__nor3_1)
                                         _016_ (net)
                  0.85    0.00    6.40 ^ _354_/D (sky130_fd_sc_hd__dfrtp_4)
                                  6.40   data arrival time

                         10.00   10.00   clock core_clock (rise edge)
                          0.00   10.00   clock source latency
     1    0.02    0.00    0.00   10.00 ^ clk (in)
                                         clk (net)
                  0.00    0.00   10.00 ^ clkbuf_0_clk/A (sky130_fd_sc_hd__clkbuf_16)
     4    0.05    0.10    0.23   10.23 ^ clkbuf_0_clk/X (sky130_fd_sc_hd__clkbuf_16)
                                         clknet_0_clk (net)
                  0.10    0.00   10.23 ^ clkbuf_2_0__f_clk/A (sky130_fd_sc_hd__clkbuf_16)
     9    0.03    0.09    0.26   10.48 ^ clkbuf_2_0__f_clk/X (sky130_fd_sc_hd__clkbuf_16)
                                         clknet_2_0__leaf_clk (net)
                  0.09    0.00   10.48 ^ _354_/CLK (sky130_fd_sc_hd__dfrtp_4)
                          0.00   10.48   clock reconvergence pessimism
                         -0.33   10.15   library setup time
                                 10.15   data required time
-----------------------------------------------------------------------------
                                 10.15   data required time
                                 -6.40   data arrival time
-----------------------------------------------------------------------------
                                  3.76   slack (MET)


Startpoint: _330_ (rising edge-triggered flip-flop clocked by core_clock)
Endpoint: _353_ (rising edge-triggered flip-flop clocked by core_clock)
Path Group: core_clock
Path Type: max
Corner: Slowest

Fanout     Cap    Slew   Delay    Time   Description
-----------------------------------------------------------------------------
                          0.00    0.00   clock core_clock (rise edge)
                          0.00    0.00   clock source latency
     1    0.02    0.00    0.00    0.00 ^ clk (in)
                                         clk (net)
                  0.00    0.00    0.00 ^ clkbuf_0_clk/A (sky130_fd_sc_hd__clkbuf_16)
     4    0.05    0.10    0.23    0.23 ^ clkbuf_0_clk/X (sky130_fd_sc_hd__clkbuf_16)
                                         clknet_0_clk (net)
                  0.10    0.00    0.23 ^ clkbuf_2_3__f_clk/A (sky130_fd_sc_hd__clkbuf_16)
     9    0.03    0.08    0.25    0.48 ^ clkbuf_2_3__f_clk/X (sky130_fd_sc_hd__clkbuf_16)
                                         clknet_2_3__leaf_clk (net)
                  0.08    0.00    0.48 ^ _330_/CLK (sky130_fd_sc_hd__dfrtp_4)
     7    0.05    0.27    0.98    1.46 ^ _330_/Q (sky130_fd_sc_hd__dfrtp_4)
                                         one_second_counter[0] (net)
                  0.27    0.00    1.46 ^ _177_/D (sky130_fd_sc_hd__and4_4)
     8    0.06    0.32    0.79    2.26 ^ _177_/X (sky130_fd_sc_hd__and4_4)
                                         _075_ (net)
                  0.32    0.00    2.26 ^ _221_/C (sky130_fd_sc_hd__and4_2)
     6    0.04    0.37    0.80    3.07 ^ _221_/X (sky130_fd_sc_hd__and4_2)
                                         _109_ (net)
                  0.37    0.00    3.07 ^ _244_/D (sky130_fd_sc_hd__and4_1)
     2    0.03    0.50    0.82    3.89 ^ _244_/X (sky130_fd_sc_hd__and4_1)
                                         _126_ (net)
                  0.50    0.00    3.89 ^ _245_/A (sky130_fd_sc_hd__clkbuf_4)
    10    0.06    0.30    0.61    4.50 ^ _245_/X (sky130_fd_sc_hd__clkbuf_4)
                                         _127_ (net)
                  0.30    0.00    4.50 ^ _267_/C (sky130_fd_sc_hd__and4_1)
     3    0.02    0.37    0.69    5.19 ^ _267_/X (sky130_fd_sc_hd__and4_1)
                                         _143_ (net)
                  0.37    0.00    5.19 ^ _270_/B (sky130_fd_sc_hd__nand2_1)
     3    0.02    0.41    0.47    5.67 v _270_/Y (sky130_fd_sc_hd__nand2_1)
                                         _145_ (net)
                  0.41    0.00    5.67 v _275_/A2 (sky130_fd_sc_hd__a221oi_1)
     1    0.01    0.54    0.74    6.41 ^ _275_/Y (sky130_fd_sc_hd__a221oi_1)
                                         _015_ (net)
                  0.54    0.00    6.41 ^ _353_/D (sky130_fd_sc_hd__dfrtp_2)
                                  6.41   data arrival time

                         10.00   10.00   clock core_clock (rise edge)
                          0.00   10.00   clock source latency
     1    0.02    0.00    0.00   10.00 ^ clk (in)
                                         clk (net)
                  0.00    0.00   10.00 ^ clkbuf_0_clk/A (sky130_fd_sc_hd__clkbuf_16)
     4    0.05    0.10    0.23   10.23 ^ clkbuf_0_clk/X (sky130_fd_sc_hd__clkbuf_16)
                                         clknet_0_clk (net)
                  0.10    0.00   10.23 ^ clkbuf_2_2__f_clk/A (sky130_fd_sc_hd__clkbuf_16)
     7    0.03    0.08    0.25   10.48 ^ clkbuf_2_2__f_clk/X (sky130_fd_sc_hd__clkbuf_16)
                                         clknet_2_2__leaf_clk (net)
                  0.08    0.00   10.48 ^ _353_/CLK (sky130_fd_sc_hd__dfrtp_2)
                          0.00   10.48   clock reconvergence pessimism
                         -0.26   10.22   library setup time
                                 10.22   data required time
-----------------------------------------------------------------------------
                                 10.22   data required time
                                 -6.41   data arrival time
-----------------------------------------------------------------------------
                                  3.81   slack (MET)


Startpoint: _342_ (rising edge-triggered flip-flop clocked by core_clock)
Endpoint: _344_ (rising edge-triggered flip-flop clocked by core_clock)
Path Group: core_clock
Path Type: max
Corner: Slowest

Fanout     Cap    Slew   Delay    Time   Description
-----------------------------------------------------------------------------
                          0.00    0.00   clock core_clock (rise edge)
                          0.00    0.00   clock source latency
     1    0.02    0.00    0.00    0.00 ^ clk (in)
                                         clk (net)
                  0.00    0.00    0.00 ^ clkbuf_0_clk/A (sky130_fd_sc_hd__clkbuf_16)
     4    0.05    0.10    0.23    0.23 ^ clkbuf_0_clk/X (sky130_fd_sc_hd__clkbuf_16)
                                         clknet_0_clk (net)
                  0.10    0.00    0.23 ^ clkbuf_2_3__f_clk/A (sky130_fd_sc_hd__clkbuf_16)
     9    0.03    0.08    0.25    0.48 ^ clkbuf_2_3__f_clk/X (sky130_fd_sc_hd__clkbuf_16)
                                         clknet_2_3__leaf_clk (net)
                  0.08    0.00    0.48 ^ _342_/CLK (sky130_fd_sc_hd__dfrtp_4)
     5    0.03    0.18    1.10    1.58 v _342_/Q (sky130_fd_sc_hd__dfrtp_4)
                                         one_second_counter[12] (net)
                  0.18    0.00    1.58 v _180_/C (sky130_fd_sc_hd__and4_1)
     2    0.02    0.19    0.56    2.14 v _180_/X (sky130_fd_sc_hd__and4_1)
                                         _078_ (net)
                  0.19    0.00    2.14 v _181_/D (sky130_fd_sc_hd__or4_1)
     1    0.01    0.22    1.06    3.20 v _181_/X (sky130_fd_sc_hd__or4_1)
                                         _079_ (net)
                  0.22    0.00    3.20 v _184_/A3 (sky130_fd_sc_hd__o31a_1)
     1    0.01    0.18    0.62    3.82 v _184_/X (sky130_fd_sc_hd__o31a_1)
                                         _082_ (net)
                  0.18    0.00    3.82 v _186_/A2 (sky130_fd_sc_hd__o211ai_4)
     2    0.02    0.35    0.40    4.22 ^ _186_/Y (sky130_fd_sc_hd__o211ai_4)
                                         _084_ (net)
                  0.35    0.00    4.22 ^ _187_/A2 (sky130_fd_sc_hd__a21bo_2)
     9    0.05    0.43    0.64    4.85 ^ _187_/X (sky130_fd_sc_hd__a21bo_2)
                                         _085_ (net)
                  0.43    0.00    4.86 ^ _202_/A (sky130_fd_sc_hd__buf_2)
    10    0.05    0.36    0.56    5.41 ^ _202_/X (sky130_fd_sc_hd__buf_2)
                                         _095_ (net)
                  0.36    0.00    5.42 ^ _241_/A (sky130_fd_sc_hd__and3_1)
     1    0.02    0.27    0.54    5.96 ^ _241_/X (sky130_fd_sc_hd__and3_1)
                                         _124_ (net)
                  0.27    0.00    5.96 ^ _242_/A (sky130_fd_sc_hd__buf_1)
     1    0.02    0.41    0.47    6.43 ^ _242_/X (sky130_fd_sc_hd__buf_1)
                                         _005_ (net)
                  0.41    0.00    6.43 ^ _344_/D (sky130_fd_sc_hd__dfrtp_2)
                                  6.43   data arrival time

                         10.00   10.00   clock core_clock (rise edge)
                          0.00   10.00   clock source latency
     1    0.02    0.00    0.00   10.00 ^ clk (in)
                                         clk (net)
                  0.00    0.00   10.00 ^ clkbuf_0_clk/A (sky130_fd_sc_hd__clkbuf_16)
     4    0.05    0.10    0.23   10.23 ^ clkbuf_0_clk/X (sky130_fd_sc_hd__clkbuf_16)
                                         clknet_0_clk (net)
                  0.10    0.00   10.23 ^ clkbuf_2_3__f_clk/A (sky130_fd_sc_hd__clkbuf_16)
     9    0.03    0.08    0.25   10.48 ^ clkbuf_2_3__f_clk/X (sky130_fd_sc_hd__clkbuf_16)
                                         clknet_2_3__leaf_clk (net)
                  0.08    0.00   10.48 ^ _344_/CLK (sky130_fd_sc_hd__dfrtp_2)
                          0.00   10.48   clock reconvergence pessimism
                         -0.22   10.26   library setup time
                                 10.26   data required time
-----------------------------------------------------------------------------
                                 10.26   data required time
                                 -6.43   data arrival time
-----------------------------------------------------------------------------
                                  3.82   slack (MET)


Startpoint: _342_ (rising edge-triggered flip-flop clocked by core_clock)
Endpoint: _345_ (rising edge-triggered flip-flop clocked by core_clock)
Path Group: core_clock
Path Type: max
Corner: Slowest

Fanout     Cap    Slew   Delay    Time   Description
-----------------------------------------------------------------------------
                          0.00    0.00   clock core_clock (rise edge)
                          0.00    0.00   clock source latency
     1    0.02    0.00    0.00    0.00 ^ clk (in)
                                         clk (net)
                  0.00    0.00    0.00 ^ clkbuf_0_clk/A (sky130_fd_sc_hd__clkbuf_16)
     4    0.05    0.10    0.23    0.23 ^ clkbuf_0_clk/X (sky130_fd_sc_hd__clkbuf_16)
                                         clknet_0_clk (net)
                  0.10    0.00    0.23 ^ clkbuf_2_3__f_clk/A (sky130_fd_sc_hd__clkbuf_16)
     9    0.03    0.08    0.25    0.48 ^ clkbuf_2_3__f_clk/X (sky130_fd_sc_hd__clkbuf_16)
                                         clknet_2_3__leaf_clk (net)
                  0.08    0.00    0.48 ^ _342_/CLK (sky130_fd_sc_hd__dfrtp_4)
     5    0.03    0.18    1.10    1.58 v _342_/Q (sky130_fd_sc_hd__dfrtp_4)
                                         one_second_counter[12] (net)
                  0.18    0.00    1.58 v _180_/C (sky130_fd_sc_hd__and4_1)
     2    0.02    0.19    0.56    2.14 v _180_/X (sky130_fd_sc_hd__and4_1)
                                         _078_ (net)
                  0.19    0.00    2.14 v _181_/D (sky130_fd_sc_hd__or4_1)
     1    0.01    0.22    1.06    3.20 v _181_/X (sky130_fd_sc_hd__or4_1)
                                         _079_ (net)
                  0.22    0.00    3.20 v _184_/A3 (sky130_fd_sc_hd__o31a_1)
     1    0.01    0.18    0.62    3.82 v _184_/X (sky130_fd_sc_hd__o31a_1)
                                         _082_ (net)
                  0.18    0.00    3.82 v _186_/A2 (sky130_fd_sc_hd__o211ai_4)
     2    0.02    0.35    0.40    4.22 ^ _186_/Y (sky130_fd_sc_hd__o211ai_4)
                                         _084_ (net)
                  0.35    0.00    4.22 ^ _187_/A2 (sky130_fd_sc_hd__a21bo_2)
     9    0.05    0.43    0.64    4.85 ^ _187_/X (sky130_fd_sc_hd__a21bo_2)
                                         _085_ (net)
                  0.43    0.00    4.86 ^ _188_/A (sky130_fd_sc_hd__inv_2)
     2    0.02    0.15    0.26    5.12 v _188_/Y (sky130_fd_sc_hd__inv_2)
                                         _086_ (net)
                  0.15    0.00    5.12 v _189_/A (sky130_fd_sc_hd__clkbuf_4)
    10    0.07    0.25    0.45    5.56 v _189_/X (sky130_fd_sc_hd__clkbuf_4)
                                         _027_ (net)
                  0.25    0.00    5.56 v _246_/C1 (sky130_fd_sc_hd__a211oi_1)
     1    0.01    0.82    0.75    6.32 ^ _246_/Y (sky130_fd_sc_hd__a211oi_1)
                                         _006_ (net)
                  0.82    0.00    6.32 ^ _345_/D (sky130_fd_sc_hd__dfrtp_2)
                                  6.32   data arrival time

                         10.00   10.00   clock core_clock (rise edge)
                          0.00   10.00   clock source latency
     1    0.02    0.00    0.00   10.00 ^ clk (in)
                                         clk (net)
                  0.00    0.00   10.00 ^ clkbuf_0_clk/A (sky130_fd_sc_hd__clkbuf_16)
     4    0.05    0.10    0.23   10.23 ^ clkbuf_0_clk/X (sky130_fd_sc_hd__clkbuf_16)
                                         clknet_0_clk (net)
                  0.10    0.00   10.23 ^ clkbuf_2_3__f_clk/A (sky130_fd_sc_hd__clkbuf_16)
     9    0.03    0.08    0.25   10.48 ^ clkbuf_2_3__f_clk/X (sky130_fd_sc_hd__clkbuf_16)
                                         clknet_2_3__leaf_clk (net)
                  0.08    0.00   10.48 ^ _345_/CLK (sky130_fd_sc_hd__dfrtp_2)
                          0.00   10.48   clock reconvergence pessimism
                         -0.33   10.15   library setup time
                                 10.15   data required time
-----------------------------------------------------------------------------
                                 10.15   data required time
                                 -6.32   data arrival time
-----------------------------------------------------------------------------
                                  3.84   slack (MET)


Startpoint: _342_ (rising edge-triggered flip-flop clocked by core_clock)
Endpoint: _335_ (rising edge-triggered flip-flop clocked by core_clock)
Path Group: core_clock
Path Type: max
Corner: Slowest

Fanout     Cap    Slew   Delay    Time   Description
-----------------------------------------------------------------------------
                          0.00    0.00   clock core_clock (rise edge)
                          0.00    0.00   clock source latency
     1    0.02    0.00    0.00    0.00 ^ clk (in)
                                         clk (net)
                  0.00    0.00    0.00 ^ clkbuf_0_clk/A (sky130_fd_sc_hd__clkbuf_16)
     4    0.05    0.10    0.23    0.23 ^ clkbuf_0_clk/X (sky130_fd_sc_hd__clkbuf_16)
                                         clknet_0_clk (net)
                  0.10    0.00    0.23 ^ clkbuf_2_3__f_clk/A (sky130_fd_sc_hd__clkbuf_16)
     9    0.03    0.08    0.25    0.48 ^ clkbuf_2_3__f_clk/X (sky130_fd_sc_hd__clkbuf_16)
                                         clknet_2_3__leaf_clk (net)
                  0.08    0.00    0.48 ^ _342_/CLK (sky130_fd_sc_hd__dfrtp_4)
     5    0.03    0.18    1.10    1.58 v _342_/Q (sky130_fd_sc_hd__dfrtp_4)
                                         one_second_counter[12] (net)
                  0.18    0.00    1.58 v _180_/C (sky130_fd_sc_hd__and4_1)
     2    0.02    0.19    0.56    2.14 v _180_/X (sky130_fd_sc_hd__and4_1)
                                         _078_ (net)
                  0.19    0.00    2.14 v _181_/D (sky130_fd_sc_hd__or4_1)
     1    0.01    0.22    1.06    3.20 v _181_/X (sky130_fd_sc_hd__or4_1)
                                         _079_ (net)
                  0.22    0.00    3.20 v _184_/A3 (sky130_fd_sc_hd__o31a_1)
     1    0.01    0.18    0.62    3.82 v _184_/X (sky130_fd_sc_hd__o31a_1)
                                         _082_ (net)
                  0.18    0.00    3.82 v _186_/A2 (sky130_fd_sc_hd__o211ai_4)
     2    0.02    0.35    0.40    4.22 ^ _186_/Y (sky130_fd_sc_hd__o211ai_4)
                                         _084_ (net)
                  0.35    0.00    4.22 ^ _187_/A2 (sky130_fd_sc_hd__a21bo_2)
     9    0.05    0.43    0.64    4.85 ^ _187_/X (sky130_fd_sc_hd__a21bo_2)
                                         _085_ (net)
                  0.43    0.00    4.86 ^ _188_/A (sky130_fd_sc_hd__inv_2)
     2    0.02    0.15    0.26    5.12 v _188_/Y (sky130_fd_sc_hd__inv_2)
                                         _086_ (net)
                  0.15    0.00    5.12 v _189_/A (sky130_fd_sc_hd__clkbuf_4)
    10    0.07    0.25    0.45    5.56 v _189_/X (sky130_fd_sc_hd__clkbuf_4)
                                         _027_ (net)
                  0.25    0.00    5.56 v _209_/A (sky130_fd_sc_hd__nor3_1)
     1    0.01    0.75    0.76    6.32 ^ _209_/Y (sky130_fd_sc_hd__nor3_1)
                                         _022_ (net)
                  0.75    0.00    6.33 ^ _335_/D (sky130_fd_sc_hd__dfrtp_2)
                                  6.33   data arrival time

                         10.00   10.00   clock core_clock (rise edge)
                          0.00   10.00   clock source latency
     1    0.02    0.00    0.00   10.00 ^ clk (in)
                                         clk (net)
                  0.00    0.00   10.00 ^ clkbuf_0_clk/A (sky130_fd_sc_hd__clkbuf_16)
     4    0.05    0.10    0.23   10.23 ^ clkbuf_0_clk/X (sky130_fd_sc_hd__clkbuf_16)
                                         clknet_0_clk (net)
                  0.10    0.00   10.23 ^ clkbuf_2_1__f_clk/A (sky130_fd_sc_hd__clkbuf_16)
    10    0.03    0.08    0.25   10.48 ^ clkbuf_2_1__f_clk/X (sky130_fd_sc_hd__clkbuf_16)
                                         clknet_2_1__leaf_clk (net)
                  0.08    0.00   10.48 ^ _335_/CLK (sky130_fd_sc_hd__dfrtp_2)
                          0.00   10.48   clock reconvergence pessimism
                         -0.31   10.17   library setup time
                                 10.17   data required time
-----------------------------------------------------------------------------
                                 10.17   data required time
                                 -6.33   data arrival time
-----------------------------------------------------------------------------
                                  3.85   slack (MET)


Startpoint: _330_ (rising edge-triggered flip-flop clocked by core_clock)
Endpoint: _355_ (rising edge-triggered flip-flop clocked by core_clock)
Path Group: core_clock
Path Type: max
Corner: Slowest

Fanout     Cap    Slew   Delay    Time   Description
-----------------------------------------------------------------------------
                          0.00    0.00   clock core_clock (rise edge)
                          0.00    0.00   clock source latency
     1    0.02    0.00    0.00    0.00 ^ clk (in)
                                         clk (net)
                  0.00    0.00    0.00 ^ clkbuf_0_clk/A (sky130_fd_sc_hd__clkbuf_16)
     4    0.05    0.10    0.23    0.23 ^ clkbuf_0_clk/X (sky130_fd_sc_hd__clkbuf_16)
                                         clknet_0_clk (net)
                  0.10    0.00    0.23 ^ clkbuf_2_3__f_clk/A (sky130_fd_sc_hd__clkbuf_16)
     9    0.03    0.08    0.25    0.48 ^ clkbuf_2_3__f_clk/X (sky130_fd_sc_hd__clkbuf_16)
                                         clknet_2_3__leaf_clk (net)
                  0.08    0.00    0.48 ^ _330_/CLK (sky130_fd_sc_hd__dfrtp_4)
     7    0.05    0.27    0.98    1.46 ^ _330_/Q (sky130_fd_sc_hd__dfrtp_4)
                                         one_second_counter[0] (net)
                  0.27    0.00    1.46 ^ _177_/D (sky130_fd_sc_hd__and4_4)
     8    0.06    0.32    0.79    2.26 ^ _177_/X (sky130_fd_sc_hd__and4_4)
                                         _075_ (net)
                  0.32    0.00    2.26 ^ _221_/C (sky130_fd_sc_hd__and4_2)
     6    0.04    0.37    0.80    3.07 ^ _221_/X (sky130_fd_sc_hd__and4_2)
                                         _109_ (net)
                  0.37    0.00    3.07 ^ _244_/D (sky130_fd_sc_hd__and4_1)
     2    0.03    0.50    0.82    3.89 ^ _244_/X (sky130_fd_sc_hd__and4_1)
                                         _126_ (net)
                  0.50    0.00    3.89 ^ _245_/A (sky130_fd_sc_hd__clkbuf_4)
    10    0.06    0.30    0.61    4.50 ^ _245_/X (sky130_fd_sc_hd__clkbuf_4)
                                         _127_ (net)
                  0.30    0.00    4.50 ^ _277_/B (sky130_fd_sc_hd__and3_2)
     4    0.04    0.34    0.66    5.17 ^ _277_/X (sky130_fd_sc_hd__and3_2)
                                         _150_ (net)
                  0.34    0.00    5.17 ^ _280_/B (sky130_fd_sc_hd__nand2_1)
     1    0.02    0.27    0.36    5.53 v _280_/Y (sky130_fd_sc_hd__nand2_1)
                                         _152_ (net)
                  0.27    0.00    5.53 v _281_/C (sky130_fd_sc_hd__and3_1)
     1    0.01    0.12    0.52    6.05 v _281_/X (sky130_fd_sc_hd__and3_1)
                                         _153_ (net)
                  0.12    0.00    6.05 v _282_/A (sky130_fd_sc_hd__clkbuf_1)
     1    0.01    0.12    0.24    6.29 v _282_/X (sky130_fd_sc_hd__clkbuf_1)
                                         _017_ (net)
                  0.12    0.00    6.29 v _355_/D (sky130_fd_sc_hd__dfrtp_4)
                                  6.29   data arrival time

                         10.00   10.00   clock core_clock (rise edge)
                          0.00   10.00   clock source latency
     1    0.02    0.00    0.00   10.00 ^ clk (in)
                                         clk (net)
                  0.00    0.00   10.00 ^ clkbuf_0_clk/A (sky130_fd_sc_hd__clkbuf_16)
     4    0.05    0.10    0.23   10.23 ^ clkbuf_0_clk/X (sky130_fd_sc_hd__clkbuf_16)
                                         clknet_0_clk (net)
                  0.10    0.00   10.23 ^ clkbuf_2_2__f_clk/A (sky130_fd_sc_hd__clkbuf_16)
     7    0.03    0.08    0.25   10.48 ^ clkbuf_2_2__f_clk/X (sky130_fd_sc_hd__clkbuf_16)
                                         clknet_2_2__leaf_clk (net)
                  0.08    0.00   10.48 ^ _355_/CLK (sky130_fd_sc_hd__dfrtp_4)
                          0.00   10.48   clock reconvergence pessimism
                         -0.29   10.18   library setup time
                                 10.18   data required time
-----------------------------------------------------------------------------
                                 10.18   data required time
                                 -6.29   data arrival time
-----------------------------------------------------------------------------
                                  3.89   slack (MET)


Startpoint: _330_ (rising edge-triggered flip-flop clocked by core_clock)
Endpoint: _350_ (rising edge-triggered flip-flop clocked by core_clock)
Path Group: core_clock
Path Type: max
Corner: Slowest

Fanout     Cap    Slew   Delay    Time   Description
-----------------------------------------------------------------------------
                          0.00    0.00   clock core_clock (rise edge)
                          0.00    0.00   clock source latency
     1    0.02    0.00    0.00    0.00 ^ clk (in)
                                         clk (net)
                  0.00    0.00    0.00 ^ clkbuf_0_clk/A (sky130_fd_sc_hd__clkbuf_16)
     4    0.05    0.10    0.23    0.23 ^ clkbuf_0_clk/X (sky130_fd_sc_hd__clkbuf_16)
                                         clknet_0_clk (net)
                  0.10    0.00    0.23 ^ clkbuf_2_3__f_clk/A (sky130_fd_sc_hd__clkbuf_16)
     9    0.03    0.08    0.25    0.48 ^ clkbuf_2_3__f_clk/X (sky130_fd_sc_hd__clkbuf_16)
                                         clknet_2_3__leaf_clk (net)
                  0.08    0.00    0.48 ^ _330_/CLK (sky130_fd_sc_hd__dfrtp_4)
     7    0.05    0.27    0.98    1.46 ^ _330_/Q (sky130_fd_sc_hd__dfrtp_4)
                                         one_second_counter[0] (net)
                  0.27    0.00    1.46 ^ _177_/D (sky130_fd_sc_hd__and4_4)
     8    0.06    0.32    0.79    2.26 ^ _177_/X (sky130_fd_sc_hd__and4_4)
                                         _075_ (net)
                  0.32    0.00    2.26 ^ _221_/C (sky130_fd_sc_hd__and4_2)
     6    0.04    0.37    0.80    3.07 ^ _221_/X (sky130_fd_sc_hd__and4_2)
                                         _109_ (net)
                  0.37    0.00    3.07 ^ _244_/D (sky130_fd_sc_hd__and4_1)
     2    0.03    0.50    0.82    3.89 ^ _244_/X (sky130_fd_sc_hd__and4_1)
                                         _126_ (net)
                  0.50    0.00    3.89 ^ _245_/A (sky130_fd_sc_hd__clkbuf_4)
    10    0.06    0.30    0.61    4.50 ^ _245_/X (sky130_fd_sc_hd__clkbuf_4)
                                         _127_ (net)
                  0.30    0.00    4.50 ^ _258_/A (sky130_fd_sc_hd__and2_1)
     3    0.03    0.40    0.55    5.05 ^ _258_/X (sky130_fd_sc_hd__and2_1)
                                         _136_ (net)
                  0.40    0.00    5.05 ^ _263_/B (sky130_fd_sc_hd__nand2_1)
     2    0.02    0.30    0.39    5.45 v _263_/Y (sky130_fd_sc_hd__nand2_1)
                                         _140_ (net)
                  0.30    0.00    5.45 v _264_/C (sky130_fd_sc_hd__and3_1)
     1    0.00    0.09    0.49    5.94 v _264_/X (sky130_fd_sc_hd__and3_1)
                                         _141_ (net)
                  0.09    0.00    5.94 v _265_/A (sky130_fd_sc_hd__clkbuf_1)
     1    0.02    0.18    0.27    6.21 v _265_/X (sky130_fd_sc_hd__clkbuf_1)
                                         _012_ (net)
                  0.18    0.00    6.21 v _350_/D (sky130_fd_sc_hd__dfrtp_1)
                                  6.21   data arrival time

                         10.00   10.00   clock core_clock (rise edge)
                          0.00   10.00   clock source latency
     1    0.02    0.00    0.00   10.00 ^ clk (in)
                                         clk (net)
                  0.00    0.00   10.00 ^ clkbuf_0_clk/A (sky130_fd_sc_hd__clkbuf_16)
     4    0.05    0.10    0.23   10.23 ^ clkbuf_0_clk/X (sky130_fd_sc_hd__clkbuf_16)
                                         clknet_0_clk (net)
                  0.10    0.00   10.23 ^ clkbuf_2_1__f_clk/A (sky130_fd_sc_hd__clkbuf_16)
    10    0.03    0.08    0.25   10.48 ^ clkbuf_2_1__f_clk/X (sky130_fd_sc_hd__clkbuf_16)
                                         clknet_2_1__leaf_clk (net)
                  0.08    0.00   10.48 ^ _350_/CLK (sky130_fd_sc_hd__dfrtp_1)
                          0.00   10.48   clock reconvergence pessimism
                         -0.32   10.16   library setup time
                                 10.16   data required time
-----------------------------------------------------------------------------
                                 10.16   data required time
                                 -6.21   data arrival time
-----------------------------------------------------------------------------
                                  3.95   slack (MET)


Startpoint: _342_ (rising edge-triggered flip-flop clocked by core_clock)
Endpoint: _346_ (rising edge-triggered flip-flop clocked by core_clock)
Path Group: core_clock
Path Type: max
Corner: Slowest

Fanout     Cap    Slew   Delay    Time   Description
-----------------------------------------------------------------------------
                          0.00    0.00   clock core_clock (rise edge)
                          0.00    0.00   clock source latency
     1    0.02    0.00    0.00    0.00 ^ clk (in)
                                         clk (net)
                  0.00    0.00    0.00 ^ clkbuf_0_clk/A (sky130_fd_sc_hd__clkbuf_16)
     4    0.05    0.10    0.23    0.23 ^ clkbuf_0_clk/X (sky130_fd_sc_hd__clkbuf_16)
                                         clknet_0_clk (net)
                  0.10    0.00    0.23 ^ clkbuf_2_3__f_clk/A (sky130_fd_sc_hd__clkbuf_16)
     9    0.03    0.08    0.25    0.48 ^ clkbuf_2_3__f_clk/X (sky130_fd_sc_hd__clkbuf_16)
                                         clknet_2_3__leaf_clk (net)
                  0.08    0.00    0.48 ^ _342_/CLK (sky130_fd_sc_hd__dfrtp_4)
     5    0.03    0.18    1.10    1.58 v _342_/Q (sky130_fd_sc_hd__dfrtp_4)
                                         one_second_counter[12] (net)
                  0.18    0.00    1.58 v _180_/C (sky130_fd_sc_hd__and4_1)
     2    0.02    0.19    0.56    2.14 v _180_/X (sky130_fd_sc_hd__and4_1)
                                         _078_ (net)
                  0.19    0.00    2.14 v _181_/D (sky130_fd_sc_hd__or4_1)
     1    0.01    0.22    1.06    3.20 v _181_/X (sky130_fd_sc_hd__or4_1)
                                         _079_ (net)
                  0.22    0.00    3.20 v _184_/A3 (sky130_fd_sc_hd__o31a_1)
     1    0.01    0.18    0.62    3.82 v _184_/X (sky130_fd_sc_hd__o31a_1)
                                         _082_ (net)
                  0.18    0.00    3.82 v _186_/A2 (sky130_fd_sc_hd__o211ai_4)
     2    0.02    0.35    0.40    4.22 ^ _186_/Y (sky130_fd_sc_hd__o211ai_4)
                                         _084_ (net)
                  0.35    0.00    4.22 ^ _187_/A2 (sky130_fd_sc_hd__a21bo_2)
     9    0.05    0.43    0.64    4.85 ^ _187_/X (sky130_fd_sc_hd__a21bo_2)
                                         _085_ (net)
                  0.43    0.00    4.86 ^ _202_/A (sky130_fd_sc_hd__buf_2)
    10    0.05    0.36    0.56    5.41 ^ _202_/X (sky130_fd_sc_hd__buf_2)
                                         _095_ (net)
                  0.36    0.00    5.42 ^ _249_/A (sky130_fd_sc_hd__and3_1)
     1    0.02    0.34    0.60    6.02 ^ _249_/X (sky130_fd_sc_hd__and3_1)
                                         _130_ (net)
                  0.34    0.00    6.02 ^ _250_/A (sky130_fd_sc_hd__clkbuf_1)
     1    0.01    0.15    0.30    6.32 ^ _250_/X (sky130_fd_sc_hd__clkbuf_1)
                                         _007_ (net)
                  0.15    0.00    6.32 ^ _346_/D (sky130_fd_sc_hd__dfrtp_4)
                                  6.32   data arrival time

                         10.00   10.00   clock core_clock (rise edge)
                          0.00   10.00   clock source latency
     1    0.02    0.00    0.00   10.00 ^ clk (in)
                                         clk (net)
                  0.00    0.00   10.00 ^ clkbuf_0_clk/A (sky130_fd_sc_hd__clkbuf_16)
     4    0.05    0.10    0.23   10.23 ^ clkbuf_0_clk/X (sky130_fd_sc_hd__clkbuf_16)
                                         clknet_0_clk (net)
                  0.10    0.00   10.23 ^ clkbuf_2_3__f_clk/A (sky130_fd_sc_hd__clkbuf_16)
     9    0.03    0.08    0.25   10.48 ^ clkbuf_2_3__f_clk/X (sky130_fd_sc_hd__clkbuf_16)
                                         clknet_2_3__leaf_clk (net)
                  0.08    0.00   10.48 ^ _346_/CLK (sky130_fd_sc_hd__dfrtp_4)
                          0.00   10.48   clock reconvergence pessimism
                         -0.16   10.32   library setup time
                                 10.32   data required time
-----------------------------------------------------------------------------
                                 10.32   data required time
                                 -6.32   data arrival time
-----------------------------------------------------------------------------
                                  4.00   slack (MET)


Startpoint: _342_ (rising edge-triggered flip-flop clocked by core_clock)
Endpoint: _342_ (rising edge-triggered flip-flop clocked by core_clock)
Path Group: core_clock
Path Type: max
Corner: Slowest

Fanout     Cap    Slew   Delay    Time   Description
-----------------------------------------------------------------------------
                          0.00    0.00   clock core_clock (rise edge)
                          0.00    0.00   clock source latency
     1    0.02    0.00    0.00    0.00 ^ clk (in)
                                         clk (net)
                  0.00    0.00    0.00 ^ clkbuf_0_clk/A (sky130_fd_sc_hd__clkbuf_16)
     4    0.05    0.10    0.23    0.23 ^ clkbuf_0_clk/X (sky130_fd_sc_hd__clkbuf_16)
                                         clknet_0_clk (net)
                  0.10    0.00    0.23 ^ clkbuf_2_3__f_clk/A (sky130_fd_sc_hd__clkbuf_16)
     9    0.03    0.08    0.25    0.48 ^ clkbuf_2_3__f_clk/X (sky130_fd_sc_hd__clkbuf_16)
                                         clknet_2_3__leaf_clk (net)
                  0.08    0.00    0.48 ^ _342_/CLK (sky130_fd_sc_hd__dfrtp_4)
     5    0.03    0.18    1.10    1.58 v _342_/Q (sky130_fd_sc_hd__dfrtp_4)
                                         one_second_counter[12] (net)
                  0.18    0.00    1.58 v _180_/C (sky130_fd_sc_hd__and4_1)
     2    0.02    0.19    0.56    2.14 v _180_/X (sky130_fd_sc_hd__and4_1)
                                         _078_ (net)
                  0.19    0.00    2.14 v _181_/D (sky130_fd_sc_hd__or4_1)
     1    0.01    0.22    1.06    3.20 v _181_/X (sky130_fd_sc_hd__or4_1)
                                         _079_ (net)
                  0.22    0.00    3.20 v _184_/A3 (sky130_fd_sc_hd__o31a_1)
     1    0.01    0.18    0.62    3.82 v _184_/X (sky130_fd_sc_hd__o31a_1)
                                         _082_ (net)
                  0.18    0.00    3.82 v _186_/A2 (sky130_fd_sc_hd__o211ai_4)
     2    0.02    0.35    0.40    4.22 ^ _186_/Y (sky130_fd_sc_hd__o211ai_4)
                                         _084_ (net)
                  0.35    0.00    4.22 ^ _187_/A2 (sky130_fd_sc_hd__a21bo_2)
     9    0.05    0.43    0.64    4.85 ^ _187_/X (sky130_fd_sc_hd__a21bo_2)
                                         _085_ (net)
                  0.43    0.00    4.86 ^ _202_/A (sky130_fd_sc_hd__buf_2)
    10    0.05    0.36    0.56    5.41 ^ _202_/X (sky130_fd_sc_hd__buf_2)
                                         _095_ (net)
                  0.36    0.00    5.42 ^ _232_/A (sky130_fd_sc_hd__and3_1)
     1    0.01    0.22    0.50    5.92 ^ _232_/X (sky130_fd_sc_hd__and3_1)
                                         _117_ (net)
                  0.22    0.00    5.92 ^ _233_/A (sky130_fd_sc_hd__buf_1)
     1    0.01    0.24    0.33    6.25 ^ _233_/X (sky130_fd_sc_hd__buf_1)
                                         _003_ (net)
                  0.24    0.00    6.25 ^ _342_/D (sky130_fd_sc_hd__dfrtp_4)
                                  6.25   data arrival time

                         10.00   10.00   clock core_clock (rise edge)
                          0.00   10.00   clock source latency
     1    0.02    0.00    0.00   10.00 ^ clk (in)
                                         clk (net)
                  0.00    0.00   10.00 ^ clkbuf_0_clk/A (sky130_fd_sc_hd__clkbuf_16)
     4    0.05    0.10    0.23   10.23 ^ clkbuf_0_clk/X (sky130_fd_sc_hd__clkbuf_16)
                                         clknet_0_clk (net)
                  0.10    0.00   10.23 ^ clkbuf_2_3__f_clk/A (sky130_fd_sc_hd__clkbuf_16)
     9    0.03    0.08    0.25   10.48 ^ clkbuf_2_3__f_clk/X (sky130_fd_sc_hd__clkbuf_16)
                                         clknet_2_3__leaf_clk (net)
                  0.08    0.00   10.48 ^ _342_/CLK (sky130_fd_sc_hd__dfrtp_4)
                          0.00   10.48   clock reconvergence pessimism
                         -0.18   10.30   library setup time
                                 10.30   data required time
-----------------------------------------------------------------------------
                                 10.30   data required time
                                 -6.25   data arrival time
-----------------------------------------------------------------------------
                                  4.05   slack (MET)


Startpoint: _342_ (rising edge-triggered flip-flop clocked by core_clock)
Endpoint: _336_ (rising edge-triggered flip-flop clocked by core_clock)
Path Group: core_clock
Path Type: max
Corner: Slowest

Fanout     Cap    Slew   Delay    Time   Description
-----------------------------------------------------------------------------
                          0.00    0.00   clock core_clock (rise edge)
                          0.00    0.00   clock source latency
     1    0.02    0.00    0.00    0.00 ^ clk (in)
                                         clk (net)
                  0.00    0.00    0.00 ^ clkbuf_0_clk/A (sky130_fd_sc_hd__clkbuf_16)
     4    0.05    0.10    0.23    0.23 ^ clkbuf_0_clk/X (sky130_fd_sc_hd__clkbuf_16)
                                         clknet_0_clk (net)
                  0.10    0.00    0.23 ^ clkbuf_2_3__f_clk/A (sky130_fd_sc_hd__clkbuf_16)
     9    0.03    0.08    0.25    0.48 ^ clkbuf_2_3__f_clk/X (sky130_fd_sc_hd__clkbuf_16)
                                         clknet_2_3__leaf_clk (net)
                  0.08    0.00    0.48 ^ _342_/CLK (sky130_fd_sc_hd__dfrtp_4)
     5    0.03    0.18    1.10    1.58 v _342_/Q (sky130_fd_sc_hd__dfrtp_4)
                                         one_second_counter[12] (net)
                  0.18    0.00    1.58 v _180_/C (sky130_fd_sc_hd__and4_1)
     2    0.02    0.19    0.56    2.14 v _180_/X (sky130_fd_sc_hd__and4_1)
                                         _078_ (net)
                  0.19    0.00    2.14 v _181_/D (sky130_fd_sc_hd__or4_1)
     1    0.01    0.22    1.06    3.20 v _181_/X (sky130_fd_sc_hd__or4_1)
                                         _079_ (net)
                  0.22    0.00    3.20 v _184_/A3 (sky130_fd_sc_hd__o31a_1)
     1    0.01    0.18    0.62    3.82 v _184_/X (sky130_fd_sc_hd__o31a_1)
                                         _082_ (net)
                  0.18    0.00    3.82 v _186_/A2 (sky130_fd_sc_hd__o211ai_4)
     2    0.02    0.35    0.40    4.22 ^ _186_/Y (sky130_fd_sc_hd__o211ai_4)
                                         _084_ (net)
                  0.35    0.00    4.22 ^ _187_/A2 (sky130_fd_sc_hd__a21bo_2)
     9    0.05    0.43    0.64    4.85 ^ _187_/X (sky130_fd_sc_hd__a21bo_2)
                                         _085_ (net)
                  0.43    0.00    4.86 ^ _202_/A (sky130_fd_sc_hd__buf_2)
    10    0.05    0.36    0.56    5.41 ^ _202_/X (sky130_fd_sc_hd__buf_2)
                                         _095_ (net)
                  0.36    0.00    5.42 ^ _212_/A (sky130_fd_sc_hd__and3_1)
     1    0.01    0.15    0.45    5.86 ^ _212_/X (sky130_fd_sc_hd__and3_1)
                                         _103_ (net)
                  0.15    0.00    5.86 ^ _213_/A (sky130_fd_sc_hd__buf_1)
     2    0.02    0.30    0.35    6.22 ^ _213_/X (sky130_fd_sc_hd__buf_1)
                                         _023_ (net)
                  0.30    0.00    6.22 ^ _336_/D (sky130_fd_sc_hd__dfrtp_1)
                                  6.22   data arrival time

                         10.00   10.00   clock core_clock (rise edge)
                          0.00   10.00   clock source latency
     1    0.02    0.00    0.00   10.00 ^ clk (in)
                                         clk (net)
                  0.00    0.00   10.00 ^ clkbuf_0_clk/A (sky130_fd_sc_hd__clkbuf_16)
     4    0.05    0.10    0.23   10.23 ^ clkbuf_0_clk/X (sky130_fd_sc_hd__clkbuf_16)
                                         clknet_0_clk (net)
                  0.10    0.00   10.23 ^ clkbuf_2_0__f_clk/A (sky130_fd_sc_hd__clkbuf_16)
     9    0.03    0.09    0.26   10.48 ^ clkbuf_2_0__f_clk/X (sky130_fd_sc_hd__clkbuf_16)
                                         clknet_2_0__leaf_clk (net)
                  0.09    0.00   10.48 ^ _336_/CLK (sky130_fd_sc_hd__dfrtp_1)
                          0.00   10.48   clock reconvergence pessimism
                         -0.19   10.30   library setup time
                                 10.30   data required time
-----------------------------------------------------------------------------
                                 10.30   data required time
                                 -6.22   data arrival time
-----------------------------------------------------------------------------
                                  4.08   slack (MET)


Startpoint: _342_ (rising edge-triggered flip-flop clocked by core_clock)
Endpoint: _349_ (rising edge-triggered flip-flop clocked by core_clock)
Path Group: core_clock
Path Type: max
Corner: Slowest

Fanout     Cap    Slew   Delay    Time   Description
-----------------------------------------------------------------------------
                          0.00    0.00   clock core_clock (rise edge)
                          0.00    0.00   clock source latency
     1    0.02    0.00    0.00    0.00 ^ clk (in)
                                         clk (net)
                  0.00    0.00    0.00 ^ clkbuf_0_clk/A (sky130_fd_sc_hd__clkbuf_16)
     4    0.05    0.10    0.23    0.23 ^ clkbuf_0_clk/X (sky130_fd_sc_hd__clkbuf_16)
                                         clknet_0_clk (net)
                  0.10    0.00    0.23 ^ clkbuf_2_3__f_clk/A (sky130_fd_sc_hd__clkbuf_16)
     9    0.03    0.08    0.25    0.48 ^ clkbuf_2_3__f_clk/X (sky130_fd_sc_hd__clkbuf_16)
                                         clknet_2_3__leaf_clk (net)
                  0.08    0.00    0.48 ^ _342_/CLK (sky130_fd_sc_hd__dfrtp_4)
     5    0.03    0.18    1.10    1.58 v _342_/Q (sky130_fd_sc_hd__dfrtp_4)
                                         one_second_counter[12] (net)
                  0.18    0.00    1.58 v _180_/C (sky130_fd_sc_hd__and4_1)
     2    0.02    0.19    0.56    2.14 v _180_/X (sky130_fd_sc_hd__and4_1)
                                         _078_ (net)
                  0.19    0.00    2.14 v _181_/D (sky130_fd_sc_hd__or4_1)
     1    0.01    0.22    1.06    3.20 v _181_/X (sky130_fd_sc_hd__or4_1)
                                         _079_ (net)
                  0.22    0.00    3.20 v _184_/A3 (sky130_fd_sc_hd__o31a_1)
     1    0.01    0.18    0.62    3.82 v _184_/X (sky130_fd_sc_hd__o31a_1)
                                         _082_ (net)
                  0.18    0.00    3.82 v _186_/A2 (sky130_fd_sc_hd__o211ai_4)
     2    0.02    0.35    0.40    4.22 ^ _186_/Y (sky130_fd_sc_hd__o211ai_4)
                                         _084_ (net)
                  0.35    0.00    4.22 ^ _187_/A2 (sky130_fd_sc_hd__a21bo_2)
     9    0.05    0.43    0.64    4.85 ^ _187_/X (sky130_fd_sc_hd__a21bo_2)
                                         _085_ (net)
                  0.43    0.00    4.86 ^ _202_/A (sky130_fd_sc_hd__buf_2)
    10    0.05    0.36    0.56    5.41 ^ _202_/X (sky130_fd_sc_hd__buf_2)
                                         _095_ (net)
                  0.36    0.00    5.42 ^ _260_/A (sky130_fd_sc_hd__and3_1)
     1    0.01    0.22    0.50    5.92 ^ _260_/X (sky130_fd_sc_hd__and3_1)
                                         _138_ (net)
                  0.22    0.00    5.92 ^ _261_/A (sky130_fd_sc_hd__buf_1)
     1    0.01    0.21    0.31    6.23 ^ _261_/X (sky130_fd_sc_hd__buf_1)
                                         _010_ (net)
                  0.21    0.00    6.23 ^ _349_/D (sky130_fd_sc_hd__dfrtp_4)
                                  6.23   data arrival time

                         10.00   10.00   clock core_clock (rise edge)
                          0.00   10.00   clock source latency
     1    0.02    0.00    0.00   10.00 ^ clk (in)
                                         clk (net)
                  0.00    0.00   10.00 ^ clkbuf_0_clk/A (sky130_fd_sc_hd__clkbuf_16)
     4    0.05    0.10    0.23   10.23 ^ clkbuf_0_clk/X (sky130_fd_sc_hd__clkbuf_16)
                                         clknet_0_clk (net)
                  0.10    0.00   10.23 ^ clkbuf_2_0__f_clk/A (sky130_fd_sc_hd__clkbuf_16)
     9    0.03    0.09    0.26   10.48 ^ clkbuf_2_0__f_clk/X (sky130_fd_sc_hd__clkbuf_16)
                                         clknet_2_0__leaf_clk (net)
                  0.09    0.00   10.48 ^ _349_/CLK (sky130_fd_sc_hd__dfrtp_4)
                          0.00   10.48   clock reconvergence pessimism
                         -0.17   10.32   library setup time
                                 10.32   data required time
-----------------------------------------------------------------------------
                                 10.32   data required time
                                 -6.23   data arrival time
-----------------------------------------------------------------------------
                                  4.08   slack (MET)


Startpoint: _342_ (rising edge-triggered flip-flop clocked by core_clock)
Endpoint: _330_ (rising edge-triggered flip-flop clocked by core_clock)
Path Group: core_clock
Path Type: max
Corner: Slowest

Fanout     Cap    Slew   Delay    Time   Description
-----------------------------------------------------------------------------
                          0.00    0.00   clock core_clock (rise edge)
                          0.00    0.00   clock source latency
     1    0.02    0.00    0.00    0.00 ^ clk (in)
                                         clk (net)
                  0.00    0.00    0.00 ^ clkbuf_0_clk/A (sky130_fd_sc_hd__clkbuf_16)
     4    0.05    0.10    0.23    0.23 ^ clkbuf_0_clk/X (sky130_fd_sc_hd__clkbuf_16)
                                         clknet_0_clk (net)
                  0.10    0.00    0.23 ^ clkbuf_2_3__f_clk/A (sky130_fd_sc_hd__clkbuf_16)
     9    0.03    0.08    0.25    0.48 ^ clkbuf_2_3__f_clk/X (sky130_fd_sc_hd__clkbuf_16)
                                         clknet_2_3__leaf_clk (net)
                  0.08    0.00    0.48 ^ _342_/CLK (sky130_fd_sc_hd__dfrtp_4)
     5    0.03    0.18    1.10    1.58 v _342_/Q (sky130_fd_sc_hd__dfrtp_4)
                                         one_second_counter[12] (net)
                  0.18    0.00    1.58 v _180_/C (sky130_fd_sc_hd__and4_1)
     2    0.02    0.19    0.56    2.14 v _180_/X (sky130_fd_sc_hd__and4_1)
                                         _078_ (net)
                  0.19    0.00    2.14 v _181_/D (sky130_fd_sc_hd__or4_1)
     1    0.01    0.22    1.06    3.20 v _181_/X (sky130_fd_sc_hd__or4_1)
                                         _079_ (net)
                  0.22    0.00    3.20 v _184_/A3 (sky130_fd_sc_hd__o31a_1)
     1    0.01    0.18    0.62    3.82 v _184_/X (sky130_fd_sc_hd__o31a_1)
                                         _082_ (net)
                  0.18    0.00    3.82 v _186_/A2 (sky130_fd_sc_hd__o211ai_4)
     2    0.02    0.35    0.40    4.22 ^ _186_/Y (sky130_fd_sc_hd__o211ai_4)
                                         _084_ (net)
                  0.35    0.00    4.22 ^ _187_/A2 (sky130_fd_sc_hd__a21bo_2)
     9    0.05    0.43    0.64    4.85 ^ _187_/X (sky130_fd_sc_hd__a21bo_2)
                                         _085_ (net)
                  0.43    0.00    4.86 ^ _188_/A (sky130_fd_sc_hd__inv_2)
     2    0.02    0.15    0.26    5.12 v _188_/Y (sky130_fd_sc_hd__inv_2)
                                         _086_ (net)
                  0.15    0.00    5.12 v _189_/A (sky130_fd_sc_hd__clkbuf_4)
    10    0.07    0.25    0.45    5.56 v _189_/X (sky130_fd_sc_hd__clkbuf_4)
                                         _027_ (net)
                  0.25    0.00    5.56 v _190_/B (sky130_fd_sc_hd__nor2_1)
     1    0.02    0.55    0.52    6.09 ^ _190_/Y (sky130_fd_sc_hd__nor2_1)
                                         _000_ (net)
                  0.55    0.00    6.09 ^ _330_/D (sky130_fd_sc_hd__dfrtp_4)
                                  6.09   data arrival time

                         10.00   10.00   clock core_clock (rise edge)
                          0.00   10.00   clock source latency
     1    0.02    0.00    0.00   10.00 ^ clk (in)
                                         clk (net)
                  0.00    0.00   10.00 ^ clkbuf_0_clk/A (sky130_fd_sc_hd__clkbuf_16)
     4    0.05    0.10    0.23   10.23 ^ clkbuf_0_clk/X (sky130_fd_sc_hd__clkbuf_16)
                                         clknet_0_clk (net)
                  0.10    0.00   10.23 ^ clkbuf_2_3__f_clk/A (sky130_fd_sc_hd__clkbuf_16)
     9    0.03    0.08    0.25   10.48 ^ clkbuf_2_3__f_clk/X (sky130_fd_sc_hd__clkbuf_16)
                                         clknet_2_3__leaf_clk (net)
                  0.08    0.00   10.48 ^ _330_/CLK (sky130_fd_sc_hd__dfrtp_4)
                          0.00   10.48   clock reconvergence pessimism
                         -0.26   10.22   library setup time
                                 10.22   data required time
-----------------------------------------------------------------------------
                                 10.22   data required time
                                 -6.09   data arrival time
-----------------------------------------------------------------------------
                                  4.13   slack (MET)


Startpoint: _330_ (rising edge-triggered flip-flop clocked by core_clock)
Endpoint: _351_ (rising edge-triggered flip-flop clocked by core_clock)
Path Group: core_clock
Path Type: max
Corner: Slowest

Fanout     Cap    Slew   Delay    Time   Description
-----------------------------------------------------------------------------
                          0.00    0.00   clock core_clock (rise edge)
                          0.00    0.00   clock source latency
     1    0.02    0.00    0.00    0.00 ^ clk (in)
                                         clk (net)
                  0.00    0.00    0.00 ^ clkbuf_0_clk/A (sky130_fd_sc_hd__clkbuf_16)
     4    0.05    0.10    0.23    0.23 ^ clkbuf_0_clk/X (sky130_fd_sc_hd__clkbuf_16)
                                         clknet_0_clk (net)
                  0.10    0.00    0.23 ^ clkbuf_2_3__f_clk/A (sky130_fd_sc_hd__clkbuf_16)
     9    0.03    0.08    0.25    0.48 ^ clkbuf_2_3__f_clk/X (sky130_fd_sc_hd__clkbuf_16)
                                         clknet_2_3__leaf_clk (net)
                  0.08    0.00    0.48 ^ _330_/CLK (sky130_fd_sc_hd__dfrtp_4)
     7    0.05    0.27    0.98    1.46 ^ _330_/Q (sky130_fd_sc_hd__dfrtp_4)
                                         one_second_counter[0] (net)
                  0.27    0.00    1.46 ^ _177_/D (sky130_fd_sc_hd__and4_4)
     8    0.06    0.32    0.79    2.26 ^ _177_/X (sky130_fd_sc_hd__and4_4)
                                         _075_ (net)
                  0.32    0.00    2.26 ^ _221_/C (sky130_fd_sc_hd__and4_2)
     6    0.04    0.37    0.80    3.07 ^ _221_/X (sky130_fd_sc_hd__and4_2)
                                         _109_ (net)
                  0.37    0.00    3.07 ^ _244_/D (sky130_fd_sc_hd__and4_1)
     2    0.03    0.50    0.82    3.89 ^ _244_/X (sky130_fd_sc_hd__and4_1)
                                         _126_ (net)
                  0.50    0.00    3.89 ^ _245_/A (sky130_fd_sc_hd__clkbuf_4)
    10    0.06    0.30    0.61    4.50 ^ _245_/X (sky130_fd_sc_hd__clkbuf_4)
                                         _127_ (net)
                  0.30    0.00    4.50 ^ _258_/A (sky130_fd_sc_hd__and2_1)
     3    0.03    0.40    0.55    5.05 ^ _258_/X (sky130_fd_sc_hd__and2_1)
                                         _136_ (net)
                  0.40    0.00    5.05 ^ _263_/B (sky130_fd_sc_hd__nand2_1)
     2    0.02    0.30    0.39    5.45 v _263_/Y (sky130_fd_sc_hd__nand2_1)
                                         _140_ (net)
                  0.30    0.00    5.45 v _268_/A2 (sky130_fd_sc_hd__a211oi_1)
     1    0.01    0.51    0.64    6.09 ^ _268_/Y (sky130_fd_sc_hd__a211oi_1)
                                         _013_ (net)
                  0.51    0.00    6.09 ^ _351_/D (sky130_fd_sc_hd__dfrtp_2)
                                  6.09   data arrival time

                         10.00   10.00   clock core_clock (rise edge)
                          0.00   10.00   clock source latency
     1    0.02    0.00    0.00   10.00 ^ clk (in)
                                         clk (net)
                  0.00    0.00   10.00 ^ clkbuf_0_clk/A (sky130_fd_sc_hd__clkbuf_16)
     4    0.05    0.10    0.23   10.23 ^ clkbuf_0_clk/X (sky130_fd_sc_hd__clkbuf_16)
                                         clknet_0_clk (net)
                  0.10    0.00   10.23 ^ clkbuf_2_1__f_clk/A (sky130_fd_sc_hd__clkbuf_16)
    10    0.03    0.08    0.25   10.48 ^ clkbuf_2_1__f_clk/X (sky130_fd_sc_hd__clkbuf_16)
                                         clknet_2_1__leaf_clk (net)
                  0.08    0.00   10.48 ^ _351_/CLK (sky130_fd_sc_hd__dfrtp_2)
                          0.00   10.48   clock reconvergence pessimism
                         -0.25   10.23   library setup time
                                 10.23   data required time
-----------------------------------------------------------------------------
                                 10.23   data required time
                                 -6.09   data arrival time
-----------------------------------------------------------------------------
                                  4.15   slack (MET)


Startpoint: _342_ (rising edge-triggered flip-flop clocked by core_clock)
Endpoint: _340_ (rising edge-triggered flip-flop clocked by core_clock)
Path Group: core_clock
Path Type: max
Corner: Slowest

Fanout     Cap    Slew   Delay    Time   Description
-----------------------------------------------------------------------------
                          0.00    0.00   clock core_clock (rise edge)
                          0.00    0.00   clock source latency
     1    0.02    0.00    0.00    0.00 ^ clk (in)
                                         clk (net)
                  0.00    0.00    0.00 ^ clkbuf_0_clk/A (sky130_fd_sc_hd__clkbuf_16)
     4    0.05    0.10    0.23    0.23 ^ clkbuf_0_clk/X (sky130_fd_sc_hd__clkbuf_16)
                                         clknet_0_clk (net)
                  0.10    0.00    0.23 ^ clkbuf_2_3__f_clk/A (sky130_fd_sc_hd__clkbuf_16)
     9    0.03    0.08    0.25    0.48 ^ clkbuf_2_3__f_clk/X (sky130_fd_sc_hd__clkbuf_16)
                                         clknet_2_3__leaf_clk (net)
                  0.08    0.00    0.48 ^ _342_/CLK (sky130_fd_sc_hd__dfrtp_4)
     5    0.03    0.18    1.10    1.58 v _342_/Q (sky130_fd_sc_hd__dfrtp_4)
                                         one_second_counter[12] (net)
                  0.18    0.00    1.58 v _180_/C (sky130_fd_sc_hd__and4_1)
     2    0.02    0.19    0.56    2.14 v _180_/X (sky130_fd_sc_hd__and4_1)
                                         _078_ (net)
                  0.19    0.00    2.14 v _181_/D (sky130_fd_sc_hd__or4_1)
     1    0.01    0.22    1.06    3.20 v _181_/X (sky130_fd_sc_hd__or4_1)
                                         _079_ (net)
                  0.22    0.00    3.20 v _184_/A3 (sky130_fd_sc_hd__o31a_1)
     1    0.01    0.18    0.62    3.82 v _184_/X (sky130_fd_sc_hd__o31a_1)
                                         _082_ (net)
                  0.18    0.00    3.82 v _186_/A2 (sky130_fd_sc_hd__o211ai_4)
     2    0.02    0.35    0.40    4.22 ^ _186_/Y (sky130_fd_sc_hd__o211ai_4)
                                         _084_ (net)
                  0.35    0.00    4.22 ^ _187_/A2 (sky130_fd_sc_hd__a21bo_2)
     9    0.05    0.43    0.64    4.85 ^ _187_/X (sky130_fd_sc_hd__a21bo_2)
                                         _085_ (net)
                  0.43    0.00    4.86 ^ _202_/A (sky130_fd_sc_hd__buf_2)
    10    0.05    0.36    0.56    5.41 ^ _202_/X (sky130_fd_sc_hd__buf_2)
                                         _095_ (net)
                  0.36    0.00    5.42 ^ _225_/A (sky130_fd_sc_hd__and3_1)
     1    0.01    0.15    0.45    5.86 ^ _225_/X (sky130_fd_sc_hd__and3_1)
                                         _112_ (net)
                  0.15    0.00    5.86 ^ _226_/A (sky130_fd_sc_hd__clkbuf_1)
     1    0.01    0.17    0.26    6.12 ^ _226_/X (sky130_fd_sc_hd__clkbuf_1)
                                         _001_ (net)
                  0.17    0.00    6.12 ^ _340_/D (sky130_fd_sc_hd__dfrtp_4)
                                  6.12   data arrival time

                         10.00   10.00   clock core_clock (rise edge)
                          0.00   10.00   clock source latency
     1    0.02    0.00    0.00   10.00 ^ clk (in)
                                         clk (net)
                  0.00    0.00   10.00 ^ clkbuf_0_clk/A (sky130_fd_sc_hd__clkbuf_16)
     4    0.05    0.10    0.23   10.23 ^ clkbuf_0_clk/X (sky130_fd_sc_hd__clkbuf_16)
                                         clknet_0_clk (net)
                  0.10    0.00   10.23 ^ clkbuf_2_2__f_clk/A (sky130_fd_sc_hd__clkbuf_16)
     7    0.03    0.08    0.25   10.48 ^ clkbuf_2_2__f_clk/X (sky130_fd_sc_hd__clkbuf_16)
                                         clknet_2_2__leaf_clk (net)
                  0.08    0.00   10.48 ^ _340_/CLK (sky130_fd_sc_hd__dfrtp_4)
                          0.00   10.48   clock reconvergence pessimism
                         -0.16   10.32   library setup time
                                 10.32   data required time
-----------------------------------------------------------------------------
                                 10.32   data required time
                                 -6.12   data arrival time
-----------------------------------------------------------------------------
                                  4.20   slack (MET)


Startpoint: _342_ (rising edge-triggered flip-flop clocked by core_clock)
Endpoint: _347_ (rising edge-triggered flip-flop clocked by core_clock)
Path Group: core_clock
Path Type: max
Corner: Slowest

Fanout     Cap    Slew   Delay    Time   Description
-----------------------------------------------------------------------------
                          0.00    0.00   clock core_clock (rise edge)
                          0.00    0.00   clock source latency
     1    0.02    0.00    0.00    0.00 ^ clk (in)
                                         clk (net)
                  0.00    0.00    0.00 ^ clkbuf_0_clk/A (sky130_fd_sc_hd__clkbuf_16)
     4    0.05    0.10    0.23    0.23 ^ clkbuf_0_clk/X (sky130_fd_sc_hd__clkbuf_16)
                                         clknet_0_clk (net)
                  0.10    0.00    0.23 ^ clkbuf_2_3__f_clk/A (sky130_fd_sc_hd__clkbuf_16)
     9    0.03    0.08    0.25    0.48 ^ clkbuf_2_3__f_clk/X (sky130_fd_sc_hd__clkbuf_16)
                                         clknet_2_3__leaf_clk (net)
                  0.08    0.00    0.48 ^ _342_/CLK (sky130_fd_sc_hd__dfrtp_4)
     5    0.03    0.18    1.10    1.58 v _342_/Q (sky130_fd_sc_hd__dfrtp_4)
                                         one_second_counter[12] (net)
                  0.18    0.00    1.58 v _180_/C (sky130_fd_sc_hd__and4_1)
     2    0.02    0.19    0.56    2.14 v _180_/X (sky130_fd_sc_hd__and4_1)
                                         _078_ (net)
                  0.19    0.00    2.14 v _181_/D (sky130_fd_sc_hd__or4_1)
     1    0.01    0.22    1.06    3.20 v _181_/X (sky130_fd_sc_hd__or4_1)
                                         _079_ (net)
                  0.22    0.00    3.20 v _184_/A3 (sky130_fd_sc_hd__o31a_1)
     1    0.01    0.18    0.62    3.82 v _184_/X (sky130_fd_sc_hd__o31a_1)
                                         _082_ (net)
                  0.18    0.00    3.82 v _186_/A2 (sky130_fd_sc_hd__o211ai_4)
     2    0.02    0.35    0.40    4.22 ^ _186_/Y (sky130_fd_sc_hd__o211ai_4)
                                         _084_ (net)
                  0.35    0.00    4.22 ^ _187_/A2 (sky130_fd_sc_hd__a21bo_2)
     9    0.05    0.43    0.64    4.85 ^ _187_/X (sky130_fd_sc_hd__a21bo_2)
                                         _085_ (net)
                  0.43    0.00    4.86 ^ _188_/A (sky130_fd_sc_hd__inv_2)
     2    0.02    0.15    0.26    5.12 v _188_/Y (sky130_fd_sc_hd__inv_2)
                                         _086_ (net)
                  0.15    0.00    5.12 v _189_/A (sky130_fd_sc_hd__clkbuf_4)
    10    0.07    0.25    0.45    5.56 v _189_/X (sky130_fd_sc_hd__clkbuf_4)
                                         _027_ (net)
                  0.25    0.00    5.56 v _252_/A (sky130_fd_sc_hd__nor2_1)
     1    0.01    0.43    0.46    6.03 ^ _252_/Y (sky130_fd_sc_hd__nor2_1)
                                         _008_ (net)
                  0.43    0.00    6.03 ^ _347_/D (sky130_fd_sc_hd__dfrtp_4)
                                  6.03   data arrival time

                         10.00   10.00   clock core_clock (rise edge)
                          0.00   10.00   clock source latency
     1    0.02    0.00    0.00   10.00 ^ clk (in)
                                         clk (net)
                  0.00    0.00   10.00 ^ clkbuf_0_clk/A (sky130_fd_sc_hd__clkbuf_16)
     4    0.05    0.10    0.23   10.23 ^ clkbuf_0_clk/X (sky130_fd_sc_hd__clkbuf_16)
                                         clknet_0_clk (net)
                  0.10    0.00   10.23 ^ clkbuf_2_3__f_clk/A (sky130_fd_sc_hd__clkbuf_16)
     9    0.03    0.08    0.25   10.48 ^ clkbuf_2_3__f_clk/X (sky130_fd_sc_hd__clkbuf_16)
                                         clknet_2_3__leaf_clk (net)
                  0.08    0.00   10.48 ^ _347_/CLK (sky130_fd_sc_hd__dfrtp_4)
                          0.00   10.48   clock reconvergence pessimism
                         -0.23   10.25   library setup time
                                 10.25   data required time
-----------------------------------------------------------------------------
                                 10.25   data required time
                                 -6.03   data arrival time
-----------------------------------------------------------------------------
                                  4.23   slack (MET)


Startpoint: _342_ (rising edge-triggered flip-flop clocked by core_clock)
Endpoint: _343_ (rising edge-triggered flip-flop clocked by core_clock)
Path Group: core_clock
Path Type: max
Corner: Slowest

Fanout     Cap    Slew   Delay    Time   Description
-----------------------------------------------------------------------------
                          0.00    0.00   clock core_clock (rise edge)
                          0.00    0.00   clock source latency
     1    0.02    0.00    0.00    0.00 ^ clk (in)
                                         clk (net)
                  0.00    0.00    0.00 ^ clkbuf_0_clk/A (sky130_fd_sc_hd__clkbuf_16)
     4    0.05    0.10    0.23    0.23 ^ clkbuf_0_clk/X (sky130_fd_sc_hd__clkbuf_16)
                                         clknet_0_clk (net)
                  0.10    0.00    0.23 ^ clkbuf_2_3__f_clk/A (sky130_fd_sc_hd__clkbuf_16)
     9    0.03    0.08    0.25    0.48 ^ clkbuf_2_3__f_clk/X (sky130_fd_sc_hd__clkbuf_16)
                                         clknet_2_3__leaf_clk (net)
                  0.08    0.00    0.48 ^ _342_/CLK (sky130_fd_sc_hd__dfrtp_4)
     5    0.03    0.18    1.10    1.58 v _342_/Q (sky130_fd_sc_hd__dfrtp_4)
                                         one_second_counter[12] (net)
                  0.18    0.00    1.58 v _180_/C (sky130_fd_sc_hd__and4_1)
     2    0.02    0.19    0.56    2.14 v _180_/X (sky130_fd_sc_hd__and4_1)
                                         _078_ (net)
                  0.19    0.00    2.14 v _181_/D (sky130_fd_sc_hd__or4_1)
     1    0.01    0.22    1.06    3.20 v _181_/X (sky130_fd_sc_hd__or4_1)
                                         _079_ (net)
                  0.22    0.00    3.20 v _184_/A3 (sky130_fd_sc_hd__o31a_1)
     1    0.01    0.18    0.62    3.82 v _184_/X (sky130_fd_sc_hd__o31a_1)
                                         _082_ (net)
                  0.18    0.00    3.82 v _186_/A2 (sky130_fd_sc_hd__o211ai_4)
     2    0.02    0.35    0.40    4.22 ^ _186_/Y (sky130_fd_sc_hd__o211ai_4)
                                         _084_ (net)
                  0.35    0.00    4.22 ^ _187_/A2 (sky130_fd_sc_hd__a21bo_2)
     9    0.05    0.43    0.64    4.85 ^ _187_/X (sky130_fd_sc_hd__a21bo_2)
                                         _085_ (net)
                  0.43    0.00    4.86 ^ _202_/A (sky130_fd_sc_hd__buf_2)
    10    0.05    0.36    0.56    5.41 ^ _202_/X (sky130_fd_sc_hd__buf_2)
                                         _095_ (net)
                  0.36    0.00    5.42 ^ _236_/A (sky130_fd_sc_hd__and3_1)
     1    0.01    0.19    0.48    5.90 ^ _236_/X (sky130_fd_sc_hd__and3_1)
                                         _120_ (net)
                  0.19    0.00    5.90 ^ _237_/A (sky130_fd_sc_hd__clkbuf_1)
     1    0.00    0.07    0.19    6.09 ^ _237_/X (sky130_fd_sc_hd__clkbuf_1)
                                         _004_ (net)
                  0.07    0.00    6.09 ^ _343_/D (sky130_fd_sc_hd__dfrtp_2)
                                  6.09   data arrival time

                         10.00   10.00   clock core_clock (rise edge)
                          0.00   10.00   clock source latency
     1    0.02    0.00    0.00   10.00 ^ clk (in)
                                         clk (net)
                  0.00    0.00   10.00 ^ clkbuf_0_clk/A (sky130_fd_sc_hd__clkbuf_16)
     4    0.05    0.10    0.23   10.23 ^ clkbuf_0_clk/X (sky130_fd_sc_hd__clkbuf_16)
                                         clknet_0_clk (net)
                  0.10    0.00   10.23 ^ clkbuf_2_2__f_clk/A (sky130_fd_sc_hd__clkbuf_16)
     7    0.03    0.08    0.25   10.48 ^ clkbuf_2_2__f_clk/X (sky130_fd_sc_hd__clkbuf_16)
                                         clknet_2_2__leaf_clk (net)
                  0.08    0.00   10.48 ^ _343_/CLK (sky130_fd_sc_hd__dfrtp_2)
                          0.00   10.48   clock reconvergence pessimism
                         -0.14   10.34   library setup time
                                 10.34   data required time
-----------------------------------------------------------------------------
                                 10.34   data required time
                                 -6.09   data arrival time
-----------------------------------------------------------------------------
                                  4.25   slack (MET)


Startpoint: _342_ (rising edge-triggered flip-flop clocked by core_clock)
Endpoint: _339_ (rising edge-triggered flip-flop clocked by core_clock)
Path Group: core_clock
Path Type: max
Corner: Slowest

Fanout     Cap    Slew   Delay    Time   Description
-----------------------------------------------------------------------------
                          0.00    0.00   clock core_clock (rise edge)
                          0.00    0.00   clock source latency
     1    0.02    0.00    0.00    0.00 ^ clk (in)
                                         clk (net)
                  0.00    0.00    0.00 ^ clkbuf_0_clk/A (sky130_fd_sc_hd__clkbuf_16)
     4    0.05    0.10    0.23    0.23 ^ clkbuf_0_clk/X (sky130_fd_sc_hd__clkbuf_16)
                                         clknet_0_clk (net)
                  0.10    0.00    0.23 ^ clkbuf_2_3__f_clk/A (sky130_fd_sc_hd__clkbuf_16)
     9    0.03    0.08    0.25    0.48 ^ clkbuf_2_3__f_clk/X (sky130_fd_sc_hd__clkbuf_16)
                                         clknet_2_3__leaf_clk (net)
                  0.08    0.00    0.48 ^ _342_/CLK (sky130_fd_sc_hd__dfrtp_4)
     5    0.03    0.18    1.10    1.58 v _342_/Q (sky130_fd_sc_hd__dfrtp_4)
                                         one_second_counter[12] (net)
                  0.18    0.00    1.58 v _180_/C (sky130_fd_sc_hd__and4_1)
     2    0.02    0.19    0.56    2.14 v _180_/X (sky130_fd_sc_hd__and4_1)
                                         _078_ (net)
                  0.19    0.00    2.14 v _181_/D (sky130_fd_sc_hd__or4_1)
     1    0.01    0.22    1.06    3.20 v _181_/X (sky130_fd_sc_hd__or4_1)
                                         _079_ (net)
                  0.22    0.00    3.20 v _184_/A3 (sky130_fd_sc_hd__o31a_1)
     1    0.01    0.18    0.62    3.82 v _184_/X (sky130_fd_sc_hd__o31a_1)
                                         _082_ (net)
                  0.18    0.00    3.82 v _186_/A2 (sky130_fd_sc_hd__o211ai_4)
     2    0.02    0.35    0.40    4.22 ^ _186_/Y (sky130_fd_sc_hd__o211ai_4)
                                         _084_ (net)
                  0.35    0.00    4.22 ^ _187_/A2 (sky130_fd_sc_hd__a21bo_2)
     9    0.05    0.43    0.64    4.85 ^ _187_/X (sky130_fd_sc_hd__a21bo_2)
                                         _085_ (net)
                  0.43    0.00    4.86 ^ _188_/A (sky130_fd_sc_hd__inv_2)
     2    0.02    0.15    0.26    5.12 v _188_/Y (sky130_fd_sc_hd__inv_2)
                                         _086_ (net)
                  0.15    0.00    5.12 v _189_/A (sky130_fd_sc_hd__clkbuf_4)
    10    0.07    0.25    0.45    5.56 v _189_/X (sky130_fd_sc_hd__clkbuf_4)
                                         _027_ (net)
                  0.25    0.00    5.56 v _222_/A (sky130_fd_sc_hd__nor3_1)
     1    0.01    0.36    0.46    6.03 ^ _222_/Y (sky130_fd_sc_hd__nor3_1)
                                         _026_ (net)
                  0.36    0.00    6.03 ^ _339_/D (sky130_fd_sc_hd__dfrtp_1)
                                  6.03   data arrival time

                         10.00   10.00   clock core_clock (rise edge)
                          0.00   10.00   clock source latency
     1    0.02    0.00    0.00   10.00 ^ clk (in)
                                         clk (net)
                  0.00    0.00   10.00 ^ clkbuf_0_clk/A (sky130_fd_sc_hd__clkbuf_16)
     4    0.05    0.10    0.23   10.23 ^ clkbuf_0_clk/X (sky130_fd_sc_hd__clkbuf_16)
                                         clknet_0_clk (net)
                  0.10    0.00   10.23 ^ clkbuf_2_0__f_clk/A (sky130_fd_sc_hd__clkbuf_16)
     9    0.03    0.09    0.26   10.48 ^ clkbuf_2_0__f_clk/X (sky130_fd_sc_hd__clkbuf_16)
                                         clknet_2_0__leaf_clk (net)
                  0.09    0.00   10.48 ^ _339_/CLK (sky130_fd_sc_hd__dfrtp_1)
                          0.00   10.48   clock reconvergence pessimism
                         -0.20   10.28   library setup time
                                 10.28   data required time
-----------------------------------------------------------------------------
                                 10.28   data required time
                                 -6.03   data arrival time
-----------------------------------------------------------------------------
                                  4.26   slack (MET)


Startpoint: _330_ (rising edge-triggered flip-flop clocked by core_clock)
Endpoint: _356_ (rising edge-triggered flip-flop clocked by core_clock)
Path Group: core_clock
Path Type: max
Corner: Slowest

Fanout     Cap    Slew   Delay    Time   Description
-----------------------------------------------------------------------------
                          0.00    0.00   clock core_clock (rise edge)
                          0.00    0.00   clock source latency
     1    0.02    0.00    0.00    0.00 ^ clk (in)
                                         clk (net)
                  0.00    0.00    0.00 ^ clkbuf_0_clk/A (sky130_fd_sc_hd__clkbuf_16)
     4    0.05    0.10    0.23    0.23 ^ clkbuf_0_clk/X (sky130_fd_sc_hd__clkbuf_16)
                                         clknet_0_clk (net)
                  0.10    0.00    0.23 ^ clkbuf_2_3__f_clk/A (sky130_fd_sc_hd__clkbuf_16)
     9    0.03    0.08    0.25    0.48 ^ clkbuf_2_3__f_clk/X (sky130_fd_sc_hd__clkbuf_16)
                                         clknet_2_3__leaf_clk (net)
                  0.08    0.00    0.48 ^ _330_/CLK (sky130_fd_sc_hd__dfrtp_4)
     7    0.05    0.27    0.98    1.46 ^ _330_/Q (sky130_fd_sc_hd__dfrtp_4)
                                         one_second_counter[0] (net)
                  0.27    0.00    1.46 ^ _177_/D (sky130_fd_sc_hd__and4_4)
     8    0.06    0.32    0.79    2.26 ^ _177_/X (sky130_fd_sc_hd__and4_4)
                                         _075_ (net)
                  0.32    0.00    2.26 ^ _221_/C (sky130_fd_sc_hd__and4_2)
     6    0.04    0.37    0.80    3.07 ^ _221_/X (sky130_fd_sc_hd__and4_2)
                                         _109_ (net)
                  0.37    0.00    3.07 ^ _244_/D (sky130_fd_sc_hd__and4_1)
     2    0.03    0.50    0.82    3.89 ^ _244_/X (sky130_fd_sc_hd__and4_1)
                                         _126_ (net)
                  0.50    0.00    3.89 ^ _245_/A (sky130_fd_sc_hd__clkbuf_4)
    10    0.06    0.30    0.61    4.50 ^ _245_/X (sky130_fd_sc_hd__clkbuf_4)
                                         _127_ (net)
                  0.30    0.00    4.50 ^ _277_/B (sky130_fd_sc_hd__and3_2)
     4    0.04    0.34    0.66    5.17 ^ _277_/X (sky130_fd_sc_hd__and3_2)
                                         _150_ (net)
                  0.34    0.00    5.17 ^ _283_/B1 (sky130_fd_sc_hd__a21o_1)
     1    0.02    0.26    0.38    5.55 ^ _283_/X (sky130_fd_sc_hd__a21o_1)
                                         _154_ (net)
                  0.26    0.00    5.55 ^ _284_/C1 (sky130_fd_sc_hd__o211a_1)
     1    0.01    0.14    0.41    5.96 ^ _284_/X (sky130_fd_sc_hd__o211a_1)
                                         _018_ (net)
                  0.14    0.00    5.96 ^ _356_/D (sky130_fd_sc_hd__dfrtp_1)
                                  5.96   data arrival time

                         10.00   10.00   clock core_clock (rise edge)
                          0.00   10.00   clock source latency
     1    0.02    0.00    0.00   10.00 ^ clk (in)
                                         clk (net)
                  0.00    0.00   10.00 ^ clkbuf_0_clk/A (sky130_fd_sc_hd__clkbuf_16)
     4    0.05    0.10    0.23   10.23 ^ clkbuf_0_clk/X (sky130_fd_sc_hd__clkbuf_16)
                                         clknet_0_clk (net)
                  0.10    0.00   10.23 ^ clkbuf_2_0__f_clk/A (sky130_fd_sc_hd__clkbuf_16)
     9    0.03    0.09    0.26   10.48 ^ clkbuf_2_0__f_clk/X (sky130_fd_sc_hd__clkbuf_16)
                                         clknet_2_0__leaf_clk (net)
                  0.09    0.00   10.48 ^ _356_/CLK (sky130_fd_sc_hd__dfrtp_1)
                          0.00   10.48   clock reconvergence pessimism
                         -0.15   10.34   library setup time
                                 10.34   data required time
-----------------------------------------------------------------------------
                                 10.34   data required time
                                 -5.96   data arrival time
-----------------------------------------------------------------------------
                                  4.38   slack (MET)


Startpoint: _342_ (rising edge-triggered flip-flop clocked by core_clock)
Endpoint: _348_ (rising edge-triggered flip-flop clocked by core_clock)
Path Group: core_clock
Path Type: max
Corner: Slowest

Fanout     Cap    Slew   Delay    Time   Description
-----------------------------------------------------------------------------
                          0.00    0.00   clock core_clock (rise edge)
                          0.00    0.00   clock source latency
     1    0.02    0.00    0.00    0.00 ^ clk (in)
                                         clk (net)
                  0.00    0.00    0.00 ^ clkbuf_0_clk/A (sky130_fd_sc_hd__clkbuf_16)
     4    0.05    0.10    0.23    0.23 ^ clkbuf_0_clk/X (sky130_fd_sc_hd__clkbuf_16)
                                         clknet_0_clk (net)
                  0.10    0.00    0.23 ^ clkbuf_2_3__f_clk/A (sky130_fd_sc_hd__clkbuf_16)
     9    0.03    0.08    0.25    0.48 ^ clkbuf_2_3__f_clk/X (sky130_fd_sc_hd__clkbuf_16)
                                         clknet_2_3__leaf_clk (net)
                  0.08    0.00    0.48 ^ _342_/CLK (sky130_fd_sc_hd__dfrtp_4)
     5    0.03    0.18    1.10    1.58 v _342_/Q (sky130_fd_sc_hd__dfrtp_4)
                                         one_second_counter[12] (net)
                  0.18    0.00    1.58 v _180_/C (sky130_fd_sc_hd__and4_1)
     2    0.02    0.19    0.56    2.14 v _180_/X (sky130_fd_sc_hd__and4_1)
                                         _078_ (net)
                  0.19    0.00    2.14 v _181_/D (sky130_fd_sc_hd__or4_1)
     1    0.01    0.22    1.06    3.20 v _181_/X (sky130_fd_sc_hd__or4_1)
                                         _079_ (net)
                  0.22    0.00    3.20 v _184_/A3 (sky130_fd_sc_hd__o31a_1)
     1    0.01    0.18    0.62    3.82 v _184_/X (sky130_fd_sc_hd__o31a_1)
                                         _082_ (net)
                  0.18    0.00    3.82 v _186_/A2 (sky130_fd_sc_hd__o211ai_4)
     2    0.02    0.35    0.40    4.22 ^ _186_/Y (sky130_fd_sc_hd__o211ai_4)
                                         _084_ (net)
                  0.35    0.00    4.22 ^ _187_/A2 (sky130_fd_sc_hd__a21bo_2)
     9    0.05    0.43    0.64    4.85 ^ _187_/X (sky130_fd_sc_hd__a21bo_2)
                                         _085_ (net)
                  0.43    0.00    4.86 ^ _202_/A (sky130_fd_sc_hd__buf_2)
    10    0.05    0.36    0.56    5.41 ^ _202_/X (sky130_fd_sc_hd__buf_2)
                                         _095_ (net)
                  0.36    0.00    5.42 ^ _255_/C1 (sky130_fd_sc_hd__o211a_1)
     1    0.01    0.18    0.48    5.90 ^ _255_/X (sky130_fd_sc_hd__o211a_1)
                                         _009_ (net)
                  0.18    0.00    5.90 ^ _348_/D (sky130_fd_sc_hd__dfrtp_4)
                                  5.90   data arrival time

                         10.00   10.00   clock core_clock (rise edge)
                          0.00   10.00   clock source latency
     1    0.02    0.00    0.00   10.00 ^ clk (in)
                                         clk (net)
                  0.00    0.00   10.00 ^ clkbuf_0_clk/A (sky130_fd_sc_hd__clkbuf_16)
     4    0.05    0.10    0.23   10.23 ^ clkbuf_0_clk/X (sky130_fd_sc_hd__clkbuf_16)
                                         clknet_0_clk (net)
                  0.10    0.00   10.23 ^ clkbuf_2_1__f_clk/A (sky130_fd_sc_hd__clkbuf_16)
    10    0.03    0.08    0.25   10.48 ^ clkbuf_2_1__f_clk/X (sky130_fd_sc_hd__clkbuf_16)
                                         clknet_2_1__leaf_clk (net)
                  0.08    0.00   10.48 ^ _348_/CLK (sky130_fd_sc_hd__dfrtp_4)
                          0.00   10.48   clock reconvergence pessimism
                         -0.16   10.32   library setup time
                                 10.32   data required time
-----------------------------------------------------------------------------
                                 10.32   data required time
                                 -5.90   data arrival time
-----------------------------------------------------------------------------
                                  4.42   slack (MET)


Startpoint: _342_ (rising edge-triggered flip-flop clocked by core_clock)
Endpoint: _331_ (rising edge-triggered flip-flop clocked by core_clock)
Path Group: core_clock
Path Type: max
Corner: Slowest

Fanout     Cap    Slew   Delay    Time   Description
-----------------------------------------------------------------------------
                          0.00    0.00   clock core_clock (rise edge)
                          0.00    0.00   clock source latency
     1    0.02    0.00    0.00    0.00 ^ clk (in)
                                         clk (net)
                  0.00    0.00    0.00 ^ clkbuf_0_clk/A (sky130_fd_sc_hd__clkbuf_16)
     4    0.05    0.10    0.23    0.23 ^ clkbuf_0_clk/X (sky130_fd_sc_hd__clkbuf_16)
                                         clknet_0_clk (net)
                  0.10    0.00    0.23 ^ clkbuf_2_3__f_clk/A (sky130_fd_sc_hd__clkbuf_16)
     9    0.03    0.08    0.25    0.48 ^ clkbuf_2_3__f_clk/X (sky130_fd_sc_hd__clkbuf_16)
                                         clknet_2_3__leaf_clk (net)
                  0.08    0.00    0.48 ^ _342_/CLK (sky130_fd_sc_hd__dfrtp_4)
     5    0.03    0.18    1.10    1.58 v _342_/Q (sky130_fd_sc_hd__dfrtp_4)
                                         one_second_counter[12] (net)
                  0.18    0.00    1.58 v _180_/C (sky130_fd_sc_hd__and4_1)
     2    0.02    0.19    0.56    2.14 v _180_/X (sky130_fd_sc_hd__and4_1)
                                         _078_ (net)
                  0.19    0.00    2.14 v _181_/D (sky130_fd_sc_hd__or4_1)
     1    0.01    0.22    1.06    3.20 v _181_/X (sky130_fd_sc_hd__or4_1)
                                         _079_ (net)
                  0.22    0.00    3.20 v _184_/A3 (sky130_fd_sc_hd__o31a_1)
     1    0.01    0.18    0.62    3.82 v _184_/X (sky130_fd_sc_hd__o31a_1)
                                         _082_ (net)
                  0.18    0.00    3.82 v _186_/A2 (sky130_fd_sc_hd__o211ai_4)
     2    0.02    0.35    0.40    4.22 ^ _186_/Y (sky130_fd_sc_hd__o211ai_4)
                                         _084_ (net)
                  0.35    0.00    4.22 ^ _187_/A2 (sky130_fd_sc_hd__a21bo_2)
     9    0.05    0.43    0.64    4.85 ^ _187_/X (sky130_fd_sc_hd__a21bo_2)
                                         _085_ (net)
                  0.43    0.00    4.86 ^ _193_/B (sky130_fd_sc_hd__and3_1)
     1    0.02    0.38    0.65    5.51 ^ _193_/X (sky130_fd_sc_hd__and3_1)
                                         _089_ (net)
                  0.38    0.00    5.51 ^ _194_/A (sky130_fd_sc_hd__buf_1)
     1    0.01    0.23    0.37    5.89 ^ _194_/X (sky130_fd_sc_hd__buf_1)
                                         _011_ (net)
                  0.23    0.00    5.89 ^ _331_/D (sky130_fd_sc_hd__dfrtp_4)
                                  5.89   data arrival time

                         10.00   10.00   clock core_clock (rise edge)
                          0.00   10.00   clock source latency
     1    0.02    0.00    0.00   10.00 ^ clk (in)
                                         clk (net)
                  0.00    0.00   10.00 ^ clkbuf_0_clk/A (sky130_fd_sc_hd__clkbuf_16)
     4    0.05    0.10    0.23   10.23 ^ clkbuf_0_clk/X (sky130_fd_sc_hd__clkbuf_16)
                                         clknet_0_clk (net)
                  0.10    0.00   10.23 ^ clkbuf_2_0__f_clk/A (sky130_fd_sc_hd__clkbuf_16)
     9    0.03    0.09    0.26   10.48 ^ clkbuf_2_0__f_clk/X (sky130_fd_sc_hd__clkbuf_16)
                                         clknet_2_0__leaf_clk (net)
                  0.09    0.00   10.48 ^ _331_/CLK (sky130_fd_sc_hd__dfrtp_4)
                          0.00   10.48   clock reconvergence pessimism
                         -0.17   10.31   library setup time
                                 10.31   data required time
-----------------------------------------------------------------------------
                                 10.31   data required time
                                 -5.89   data arrival time
-----------------------------------------------------------------------------
                                  4.42   slack (MET)


Startpoint: _342_ (rising edge-triggered flip-flop clocked by core_clock)
Endpoint: _332_ (rising edge-triggered flip-flop clocked by core_clock)
Path Group: core_clock
Path Type: max
Corner: Slowest

Fanout     Cap    Slew   Delay    Time   Description
-----------------------------------------------------------------------------
                          0.00    0.00   clock core_clock (rise edge)
                          0.00    0.00   clock source latency
     1    0.02    0.00    0.00    0.00 ^ clk (in)
                                         clk (net)
                  0.00    0.00    0.00 ^ clkbuf_0_clk/A (sky130_fd_sc_hd__clkbuf_16)
     4    0.05    0.10    0.23    0.23 ^ clkbuf_0_clk/X (sky130_fd_sc_hd__clkbuf_16)
                                         clknet_0_clk (net)
                  0.10    0.00    0.23 ^ clkbuf_2_3__f_clk/A (sky130_fd_sc_hd__clkbuf_16)
     9    0.03    0.08    0.25    0.48 ^ clkbuf_2_3__f_clk/X (sky130_fd_sc_hd__clkbuf_16)
                                         clknet_2_3__leaf_clk (net)
                  0.08    0.00    0.48 ^ _342_/CLK (sky130_fd_sc_hd__dfrtp_4)
     5    0.03    0.18    1.10    1.58 v _342_/Q (sky130_fd_sc_hd__dfrtp_4)
                                         one_second_counter[12] (net)
                  0.18    0.00    1.58 v _180_/C (sky130_fd_sc_hd__and4_1)
     2    0.02    0.19    0.56    2.14 v _180_/X (sky130_fd_sc_hd__and4_1)
                                         _078_ (net)
                  0.19    0.00    2.14 v _181_/D (sky130_fd_sc_hd__or4_1)
     1    0.01    0.22    1.06    3.20 v _181_/X (sky130_fd_sc_hd__or4_1)
                                         _079_ (net)
                  0.22    0.00    3.20 v _184_/A3 (sky130_fd_sc_hd__o31a_1)
     1    0.01    0.18    0.62    3.82 v _184_/X (sky130_fd_sc_hd__o31a_1)
                                         _082_ (net)
                  0.18    0.00    3.82 v _186_/A2 (sky130_fd_sc_hd__o211ai_4)
     2    0.02    0.35    0.40    4.22 ^ _186_/Y (sky130_fd_sc_hd__o211ai_4)
                                         _084_ (net)
                  0.35    0.00    4.22 ^ _187_/A2 (sky130_fd_sc_hd__a21bo_2)
     9    0.05    0.43    0.64    4.85 ^ _187_/X (sky130_fd_sc_hd__a21bo_2)
                                         _085_ (net)
                  0.43    0.00    4.85 ^ _197_/B (sky130_fd_sc_hd__and3_1)
     1    0.01    0.15    0.47    5.33 ^ _197_/X (sky130_fd_sc_hd__and3_1)
                                         _092_ (net)
                  0.15    0.00    5.33 ^ _198_/A (sky130_fd_sc_hd__buf_1)
     2    0.02    0.44    0.45    5.78 ^ _198_/X (sky130_fd_sc_hd__buf_1)
                                         _019_ (net)
                  0.44    0.00    5.78 ^ _332_/D (sky130_fd_sc_hd__dfrtp_4)
                                  5.78   data arrival time

                         10.00   10.00   clock core_clock (rise edge)
                          0.00   10.00   clock source latency
     1    0.02    0.00    0.00   10.00 ^ clk (in)
                                         clk (net)
                  0.00    0.00   10.00 ^ clkbuf_0_clk/A (sky130_fd_sc_hd__clkbuf_16)
     4    0.05    0.10    0.23   10.23 ^ clkbuf_0_clk/X (sky130_fd_sc_hd__clkbuf_16)
                                         clknet_0_clk (net)
                  0.10    0.00   10.23 ^ clkbuf_2_1__f_clk/A (sky130_fd_sc_hd__clkbuf_16)
    10    0.03    0.08    0.25   10.48 ^ clkbuf_2_1__f_clk/X (sky130_fd_sc_hd__clkbuf_16)
                                         clknet_2_1__leaf_clk (net)
                  0.08    0.00   10.48 ^ _332_/CLK (sky130_fd_sc_hd__dfrtp_4)
                          0.00   10.48   clock reconvergence pessimism
                         -0.23   10.25   library setup time
                                 10.25   data required time
-----------------------------------------------------------------------------
                                 10.25   data required time
                                 -5.78   data arrival time
-----------------------------------------------------------------------------
                                  4.47   slack (MET)


Startpoint: _342_ (rising edge-triggered flip-flop clocked by core_clock)
Endpoint: _338_ (rising edge-triggered flip-flop clocked by core_clock)
Path Group: core_clock
Path Type: max
Corner: Slowest

Fanout     Cap    Slew   Delay    Time   Description
-----------------------------------------------------------------------------
                          0.00    0.00   clock core_clock (rise edge)
                          0.00    0.00   clock source latency
     1    0.02    0.00    0.00    0.00 ^ clk (in)
                                         clk (net)
                  0.00    0.00    0.00 ^ clkbuf_0_clk/A (sky130_fd_sc_hd__clkbuf_16)
     4    0.05    0.10    0.23    0.23 ^ clkbuf_0_clk/X (sky130_fd_sc_hd__clkbuf_16)
                                         clknet_0_clk (net)
                  0.10    0.00    0.23 ^ clkbuf_2_3__f_clk/A (sky130_fd_sc_hd__clkbuf_16)
     9    0.03    0.08    0.25    0.48 ^ clkbuf_2_3__f_clk/X (sky130_fd_sc_hd__clkbuf_16)
                                         clknet_2_3__leaf_clk (net)
                  0.08    0.00    0.48 ^ _342_/CLK (sky130_fd_sc_hd__dfrtp_4)
     5    0.03    0.18    1.10    1.58 v _342_/Q (sky130_fd_sc_hd__dfrtp_4)
                                         one_second_counter[12] (net)
                  0.18    0.00    1.58 v _180_/C (sky130_fd_sc_hd__and4_1)
     2    0.02    0.19    0.56    2.14 v _180_/X (sky130_fd_sc_hd__and4_1)
                                         _078_ (net)
                  0.19    0.00    2.14 v _181_/D (sky130_fd_sc_hd__or4_1)
     1    0.01    0.22    1.06    3.20 v _181_/X (sky130_fd_sc_hd__or4_1)
                                         _079_ (net)
                  0.22    0.00    3.20 v _184_/A3 (sky130_fd_sc_hd__o31a_1)
     1    0.01    0.18    0.62    3.82 v _184_/X (sky130_fd_sc_hd__o31a_1)
                                         _082_ (net)
                  0.18    0.00    3.82 v _186_/A2 (sky130_fd_sc_hd__o211ai_4)
     2    0.02    0.35    0.40    4.22 ^ _186_/Y (sky130_fd_sc_hd__o211ai_4)
                                         _084_ (net)
                  0.35    0.00    4.22 ^ _187_/A2 (sky130_fd_sc_hd__a21bo_2)
     9    0.05    0.43    0.64    4.85 ^ _187_/X (sky130_fd_sc_hd__a21bo_2)
                                         _085_ (net)
                  0.43    0.00    4.86 ^ _218_/B (sky130_fd_sc_hd__and3_1)
     1    0.01    0.18    0.50    5.35 ^ _218_/X (sky130_fd_sc_hd__and3_1)
                                         _107_ (net)
                  0.18    0.00    5.35 ^ _219_/A (sky130_fd_sc_hd__buf_1)
     1    0.02    0.35    0.39    5.74 ^ _219_/X (sky130_fd_sc_hd__buf_1)
                                         _025_ (net)
                  0.35    0.00    5.75 ^ _338_/D (sky130_fd_sc_hd__dfrtp_4)
                                  5.75   data arrival time

                         10.00   10.00   clock core_clock (rise edge)
                          0.00   10.00   clock source latency
     1    0.02    0.00    0.00   10.00 ^ clk (in)
                                         clk (net)
                  0.00    0.00   10.00 ^ clkbuf_0_clk/A (sky130_fd_sc_hd__clkbuf_16)
     4    0.05    0.10    0.23   10.23 ^ clkbuf_0_clk/X (sky130_fd_sc_hd__clkbuf_16)
                                         clknet_0_clk (net)
                  0.10    0.00   10.23 ^ clkbuf_2_3__f_clk/A (sky130_fd_sc_hd__clkbuf_16)
     9    0.03    0.08    0.25   10.48 ^ clkbuf_2_3__f_clk/X (sky130_fd_sc_hd__clkbuf_16)
                                         clknet_2_3__leaf_clk (net)
                  0.08    0.00   10.48 ^ _338_/CLK (sky130_fd_sc_hd__dfrtp_4)
                          0.00   10.48   clock reconvergence pessimism
                         -0.21   10.27   library setup time
                                 10.27   data required time
-----------------------------------------------------------------------------
                                 10.27   data required time
                                 -5.75   data arrival time
-----------------------------------------------------------------------------
                                  4.53   slack (MET)


Startpoint: _342_ (rising edge-triggered flip-flop clocked by core_clock)
Endpoint: _337_ (rising edge-triggered flip-flop clocked by core_clock)
Path Group: core_clock
Path Type: max
Corner: Slowest

Fanout     Cap    Slew   Delay    Time   Description
-----------------------------------------------------------------------------
                          0.00    0.00   clock core_clock (rise edge)
                          0.00    0.00   clock source latency
     1    0.02    0.00    0.00    0.00 ^ clk (in)
                                         clk (net)
                  0.00    0.00    0.00 ^ clkbuf_0_clk/A (sky130_fd_sc_hd__clkbuf_16)
     4    0.05    0.10    0.23    0.23 ^ clkbuf_0_clk/X (sky130_fd_sc_hd__clkbuf_16)
                                         clknet_0_clk (net)
                  0.10    0.00    0.23 ^ clkbuf_2_3__f_clk/A (sky130_fd_sc_hd__clkbuf_16)
     9    0.03    0.08    0.25    0.48 ^ clkbuf_2_3__f_clk/X (sky130_fd_sc_hd__clkbuf_16)
                                         clknet_2_3__leaf_clk (net)
                  0.08    0.00    0.48 ^ _342_/CLK (sky130_fd_sc_hd__dfrtp_4)
     5    0.03    0.18    1.10    1.58 v _342_/Q (sky130_fd_sc_hd__dfrtp_4)
                                         one_second_counter[12] (net)
                  0.18    0.00    1.58 v _180_/C (sky130_fd_sc_hd__and4_1)
     2    0.02    0.19    0.56    2.14 v _180_/X (sky130_fd_sc_hd__and4_1)
                                         _078_ (net)
                  0.19    0.00    2.14 v _181_/D (sky130_fd_sc_hd__or4_1)
     1    0.01    0.22    1.06    3.20 v _181_/X (sky130_fd_sc_hd__or4_1)
                                         _079_ (net)
                  0.22    0.00    3.20 v _184_/A3 (sky130_fd_sc_hd__o31a_1)
     1    0.01    0.18    0.62    3.82 v _184_/X (sky130_fd_sc_hd__o31a_1)
                                         _082_ (net)
                  0.18    0.00    3.82 v _186_/A2 (sky130_fd_sc_hd__o211ai_4)
     2    0.02    0.35    0.40    4.22 ^ _186_/Y (sky130_fd_sc_hd__o211ai_4)
                                         _084_ (net)
                  0.35    0.00    4.22 ^ _187_/A2 (sky130_fd_sc_hd__a21bo_2)
     9    0.05    0.43    0.64    4.85 ^ _187_/X (sky130_fd_sc_hd__a21bo_2)
                                         _085_ (net)
                  0.43    0.00    4.86 ^ _188_/A (sky130_fd_sc_hd__inv_2)
     2    0.02    0.15    0.26    5.12 v _188_/Y (sky130_fd_sc_hd__inv_2)
                                         _086_ (net)
                  0.15    0.00    5.12 v _215_/B1 (sky130_fd_sc_hd__a211oi_2)
     1    0.01    0.51    0.56    5.68 ^ _215_/Y (sky130_fd_sc_hd__a211oi_2)
                                         _024_ (net)
                  0.51    0.00    5.68 ^ _337_/D (sky130_fd_sc_hd__dfrtp_1)
                                  5.68   data arrival time

                         10.00   10.00   clock core_clock (rise edge)
                          0.00   10.00   clock source latency
     1    0.02    0.00    0.00   10.00 ^ clk (in)
                                         clk (net)
                  0.00    0.00   10.00 ^ clkbuf_0_clk/A (sky130_fd_sc_hd__clkbuf_16)
     4    0.05    0.10    0.23   10.23 ^ clkbuf_0_clk/X (sky130_fd_sc_hd__clkbuf_16)
                                         clknet_0_clk (net)
                  0.10    0.00   10.23 ^ clkbuf_2_0__f_clk/A (sky130_fd_sc_hd__clkbuf_16)
     9    0.03    0.09    0.26   10.48 ^ clkbuf_2_0__f_clk/X (sky130_fd_sc_hd__clkbuf_16)
                                         clknet_2_0__leaf_clk (net)
                  0.09    0.00   10.48 ^ _337_/CLK (sky130_fd_sc_hd__dfrtp_1)
                          0.00   10.48   clock reconvergence pessimism
                         -0.24   10.24   library setup time
                                 10.24   data required time
-----------------------------------------------------------------------------
                                 10.24   data required time
                                 -5.68   data arrival time
-----------------------------------------------------------------------------
                                  4.56   slack (MET)


Startpoint: _342_ (rising edge-triggered flip-flop clocked by core_clock)
Endpoint: _357_ (rising edge-triggered flip-flop clocked by core_clock)
Path Group: core_clock
Path Type: max
Corner: Slowest

Fanout     Cap    Slew   Delay    Time   Description
-----------------------------------------------------------------------------
                          0.00    0.00   clock core_clock (rise edge)
                          0.00    0.00   clock source latency
     1    0.02    0.00    0.00    0.00 ^ clk (in)
                                         clk (net)
                  0.00    0.00    0.00 ^ clkbuf_0_clk/A (sky130_fd_sc_hd__clkbuf_16)
     4    0.05    0.10    0.23    0.23 ^ clkbuf_0_clk/X (sky130_fd_sc_hd__clkbuf_16)
                                         clknet_0_clk (net)
                  0.10    0.00    0.23 ^ clkbuf_2_3__f_clk/A (sky130_fd_sc_hd__clkbuf_16)
     9    0.03    0.08    0.25    0.48 ^ clkbuf_2_3__f_clk/X (sky130_fd_sc_hd__clkbuf_16)
                                         clknet_2_3__leaf_clk (net)
                  0.08    0.00    0.48 ^ _342_/CLK (sky130_fd_sc_hd__dfrtp_4)
     5    0.03    0.18    1.10    1.58 v _342_/Q (sky130_fd_sc_hd__dfrtp_4)
                                         one_second_counter[12] (net)
                  0.18    0.00    1.58 v _180_/C (sky130_fd_sc_hd__and4_1)
     2    0.02    0.19    0.56    2.14 v _180_/X (sky130_fd_sc_hd__and4_1)
                                         _078_ (net)
                  0.19    0.00    2.14 v _181_/D (sky130_fd_sc_hd__or4_1)
     1    0.01    0.22    1.06    3.20 v _181_/X (sky130_fd_sc_hd__or4_1)
                                         _079_ (net)
                  0.22    0.00    3.20 v _184_/A3 (sky130_fd_sc_hd__o31a_1)
     1    0.01    0.18    0.62    3.82 v _184_/X (sky130_fd_sc_hd__o31a_1)
                                         _082_ (net)
                  0.18    0.00    3.82 v _186_/A2 (sky130_fd_sc_hd__o211ai_4)
     2    0.02    0.35    0.40    4.22 ^ _186_/Y (sky130_fd_sc_hd__o211ai_4)
                                         _084_ (net)
                  0.35    0.00    4.22 ^ _187_/A2 (sky130_fd_sc_hd__a21bo_2)
     9    0.05    0.43    0.64    4.85 ^ _187_/X (sky130_fd_sc_hd__a21bo_2)
                                         _085_ (net)
                  0.43    0.00    4.86 ^ _188_/A (sky130_fd_sc_hd__inv_2)
     2    0.02    0.15    0.26    5.12 v _188_/Y (sky130_fd_sc_hd__inv_2)
                                         _086_ (net)
                  0.15    0.00    5.12 v _189_/A (sky130_fd_sc_hd__clkbuf_4)
    10    0.07    0.25    0.45    5.56 v _189_/X (sky130_fd_sc_hd__clkbuf_4)
                                         _027_ (net)
                  0.25    0.00    5.56 v _357_/D (sky130_fd_sc_hd__dfrtp_4)
                                  5.56   data arrival time

                         10.00   10.00   clock core_clock (rise edge)
                          0.00   10.00   clock source latency
     1    0.02    0.00    0.00   10.00 ^ clk (in)
                                         clk (net)
                  0.00    0.00   10.00 ^ clkbuf_0_clk/A (sky130_fd_sc_hd__clkbuf_16)
     4    0.05    0.10    0.23   10.23 ^ clkbuf_0_clk/X (sky130_fd_sc_hd__clkbuf_16)
                                         clknet_0_clk (net)
                  0.10    0.00   10.23 ^ clkbuf_2_0__f_clk/A (sky130_fd_sc_hd__clkbuf_16)
     9    0.03    0.09    0.26   10.48 ^ clkbuf_2_0__f_clk/X (sky130_fd_sc_hd__clkbuf_16)
                                         clknet_2_0__leaf_clk (net)
                  0.09    0.00   10.48 ^ _357_/CLK (sky130_fd_sc_hd__dfrtp_4)
                          0.00   10.48   clock reconvergence pessimism
                         -0.34   10.14   library setup time
                                 10.14   data required time
-----------------------------------------------------------------------------
                                 10.14   data required time
                                 -5.56   data arrival time
-----------------------------------------------------------------------------
                                  4.58   slack (MET)


Startpoint: _342_ (rising edge-triggered flip-flop clocked by core_clock)
Endpoint: _333_ (rising edge-triggered flip-flop clocked by core_clock)
Path Group: core_clock
Path Type: max
Corner: Slowest

Fanout     Cap    Slew   Delay    Time   Description
-----------------------------------------------------------------------------
                          0.00    0.00   clock core_clock (rise edge)
                          0.00    0.00   clock source latency
     1    0.02    0.00    0.00    0.00 ^ clk (in)
                                         clk (net)
                  0.00    0.00    0.00 ^ clkbuf_0_clk/A (sky130_fd_sc_hd__clkbuf_16)
     4    0.05    0.10    0.23    0.23 ^ clkbuf_0_clk/X (sky130_fd_sc_hd__clkbuf_16)
                                         clknet_0_clk (net)
                  0.10    0.00    0.23 ^ clkbuf_2_3__f_clk/A (sky130_fd_sc_hd__clkbuf_16)
     9    0.03    0.08    0.25    0.48 ^ clkbuf_2_3__f_clk/X (sky130_fd_sc_hd__clkbuf_16)
                                         clknet_2_3__leaf_clk (net)
                  0.08    0.00    0.48 ^ _342_/CLK (sky130_fd_sc_hd__dfrtp_4)
     5    0.03    0.18    1.10    1.58 v _342_/Q (sky130_fd_sc_hd__dfrtp_4)
                                         one_second_counter[12] (net)
                  0.18    0.00    1.58 v _180_/C (sky130_fd_sc_hd__and4_1)
     2    0.02    0.19    0.56    2.14 v _180_/X (sky130_fd_sc_hd__and4_1)
                                         _078_ (net)
                  0.19    0.00    2.14 v _181_/D (sky130_fd_sc_hd__or4_1)
     1    0.01    0.22    1.06    3.20 v _181_/X (sky130_fd_sc_hd__or4_1)
                                         _079_ (net)
                  0.22    0.00    3.20 v _184_/A3 (sky130_fd_sc_hd__o31a_1)
     1    0.01    0.18    0.62    3.82 v _184_/X (sky130_fd_sc_hd__o31a_1)
                                         _082_ (net)
                  0.18    0.00    3.82 v _186_/A2 (sky130_fd_sc_hd__o211ai_4)
     2    0.02    0.35    0.40    4.22 ^ _186_/Y (sky130_fd_sc_hd__o211ai_4)
                                         _084_ (net)
                  0.35    0.00    4.22 ^ _187_/A2 (sky130_fd_sc_hd__a21bo_2)
     9    0.05    0.43    0.64    4.85 ^ _187_/X (sky130_fd_sc_hd__a21bo_2)
                                         _085_ (net)
                  0.43    0.00    4.86 ^ _200_/B (sky130_fd_sc_hd__and3b_1)
     1    0.01    0.14    0.46    5.32 ^ _200_/X (sky130_fd_sc_hd__and3b_1)
                                         _094_ (net)
                  0.14    0.00    5.32 ^ _201_/A (sky130_fd_sc_hd__buf_1)
     1    0.02    0.29    0.34    5.66 ^ _201_/X (sky130_fd_sc_hd__buf_1)
                                         _020_ (net)
                  0.29    0.00    5.66 ^ _333_/D (sky130_fd_sc_hd__dfrtp_2)
                                  5.66   data arrival time

                         10.00   10.00   clock core_clock (rise edge)
                          0.00   10.00   clock source latency
     1    0.02    0.00    0.00   10.00 ^ clk (in)
                                         clk (net)
                  0.00    0.00   10.00 ^ clkbuf_0_clk/A (sky130_fd_sc_hd__clkbuf_16)
     4    0.05    0.10    0.23   10.23 ^ clkbuf_0_clk/X (sky130_fd_sc_hd__clkbuf_16)
                                         clknet_0_clk (net)
                  0.10    0.00   10.23 ^ clkbuf_2_3__f_clk/A (sky130_fd_sc_hd__clkbuf_16)
     9    0.03    0.08    0.25   10.48 ^ clkbuf_2_3__f_clk/X (sky130_fd_sc_hd__clkbuf_16)
                                         clknet_2_3__leaf_clk (net)
                  0.08    0.00   10.48 ^ _333_/CLK (sky130_fd_sc_hd__dfrtp_2)
                          0.00   10.48   clock reconvergence pessimism
                         -0.19   10.29   library setup time
                                 10.29   data required time
-----------------------------------------------------------------------------
                                 10.29   data required time
                                 -5.66   data arrival time
-----------------------------------------------------------------------------
                                  4.63   slack (MET)


Startpoint: _361_ (rising edge-triggered flip-flop clocked by core_clock)
Endpoint: _360_ (rising edge-triggered flip-flop clocked by core_clock)
Path Group: core_clock
Path Type: max
Corner: Slowest

Fanout     Cap    Slew   Delay    Time   Description
-----------------------------------------------------------------------------
                          0.00    0.00   clock core_clock (rise edge)
                          0.00    0.00   clock source latency
     1    0.02    0.00    0.00    0.00 ^ clk (in)
                                         clk (net)
                  0.00    0.00    0.00 ^ clkbuf_0_clk/A (sky130_fd_sc_hd__clkbuf_16)
     4    0.05    0.10    0.23    0.23 ^ clkbuf_0_clk/X (sky130_fd_sc_hd__clkbuf_16)
                                         clknet_0_clk (net)
                  0.10    0.00    0.23 ^ clkbuf_2_1__f_clk/A (sky130_fd_sc_hd__clkbuf_16)
    10    0.03    0.08    0.25    0.48 ^ clkbuf_2_1__f_clk/X (sky130_fd_sc_hd__clkbuf_16)
                                         clknet_2_1__leaf_clk (net)
                  0.08    0.00    0.48 ^ _361_/CLK (sky130_fd_sc_hd__dfrtp_4)
     6    0.05    0.22    1.14    1.62 v _361_/Q (sky130_fd_sc_hd__dfrtp_4)
                                         decoder.digit[3] (net)
                  0.22    0.00    1.63 v _165_/A (sky130_fd_sc_hd__nor2_2)
     2    0.03    0.57    0.57    2.20 ^ _165_/Y (sky130_fd_sc_hd__nor2_2)
                                         _066_ (net)
                  0.57    0.00    2.20 ^ _166_/B (sky130_fd_sc_hd__nand2_2)
     3    0.03    0.26    0.41    2.61 v _166_/Y (sky130_fd_sc_hd__nand2_2)
                                         _067_ (net)
                  0.26    0.00    2.61 v _167_/B (sky130_fd_sc_hd__nor2_1)
     3    0.02    0.71    0.65    3.26 ^ _167_/Y (sky130_fd_sc_hd__nor2_1)
                                         _068_ (net)
                  0.71    0.00    3.26 ^ _168_/A2_N (sky130_fd_sc_hd__o2bb2a_1)
     1    0.01    0.18    0.73    3.99 v _168_/X (sky130_fd_sc_hd__o2bb2a_1)
                                         _069_ (net)
                  0.18    0.00    3.99 v _169_/B (sky130_fd_sc_hd__and2_1)
     1    0.01    0.10    0.41    4.40 v _169_/X (sky130_fd_sc_hd__and2_1)
                                         _070_ (net)
                  0.10    0.00    4.40 v _170_/A (sky130_fd_sc_hd__clkbuf_1)
     1    0.01    0.09    0.21    4.61 v _170_/X (sky130_fd_sc_hd__clkbuf_1)
                                         _062_ (net)
                  0.09    0.00    4.61 v _360_/D (sky130_fd_sc_hd__dfrtp_4)
                                  4.61   data arrival time

                         10.00   10.00   clock core_clock (rise edge)
                          0.00   10.00   clock source latency
     1    0.02    0.00    0.00   10.00 ^ clk (in)
                                         clk (net)
                  0.00    0.00   10.00 ^ clkbuf_0_clk/A (sky130_fd_sc_hd__clkbuf_16)
     4    0.05    0.10    0.23   10.23 ^ clkbuf_0_clk/X (sky130_fd_sc_hd__clkbuf_16)
                                         clknet_0_clk (net)
                  0.10    0.00   10.23 ^ clkbuf_2_2__f_clk/A (sky130_fd_sc_hd__clkbuf_16)
     7    0.03    0.08    0.25   10.48 ^ clkbuf_2_2__f_clk/X (sky130_fd_sc_hd__clkbuf_16)
                                         clknet_2_2__leaf_clk (net)
                  0.08    0.00   10.48 ^ _360_/CLK (sky130_fd_sc_hd__dfrtp_4)
                          0.00   10.48   clock reconvergence pessimism
                         -0.28   10.20   library setup time
                                 10.20   data required time
-----------------------------------------------------------------------------
                                 10.20   data required time
                                 -4.61   data arrival time
-----------------------------------------------------------------------------
                                  5.59   slack (MET)


Startpoint: _361_ (rising edge-triggered flip-flop clocked by core_clock)
Endpoint: _358_ (rising edge-triggered flip-flop clocked by core_clock)
Path Group: core_clock
Path Type: max
Corner: Slowest

Fanout     Cap    Slew   Delay    Time   Description
-----------------------------------------------------------------------------
                          0.00    0.00   clock core_clock (rise edge)
                          0.00    0.00   clock source latency
     1    0.02    0.00    0.00    0.00 ^ clk (in)
                                         clk (net)
                  0.00    0.00    0.00 ^ clkbuf_0_clk/A (sky130_fd_sc_hd__clkbuf_16)
     4    0.05    0.10    0.23    0.23 ^ clkbuf_0_clk/X (sky130_fd_sc_hd__clkbuf_16)
                                         clknet_0_clk (net)
                  0.10    0.00    0.23 ^ clkbuf_2_1__f_clk/A (sky130_fd_sc_hd__clkbuf_16)
    10    0.03    0.08    0.25    0.48 ^ clkbuf_2_1__f_clk/X (sky130_fd_sc_hd__clkbuf_16)
                                         clknet_2_1__leaf_clk (net)
                  0.08    0.00    0.48 ^ _361_/CLK (sky130_fd_sc_hd__dfrtp_4)
     6    0.05    0.22    1.14    1.62 v _361_/Q (sky130_fd_sc_hd__dfrtp_4)
                                         decoder.digit[3] (net)
                  0.22    0.00    1.63 v _165_/A (sky130_fd_sc_hd__nor2_2)
     2    0.03    0.57    0.57    2.20 ^ _165_/Y (sky130_fd_sc_hd__nor2_2)
                                         _066_ (net)
                  0.57    0.00    2.20 ^ _166_/B (sky130_fd_sc_hd__nand2_2)
     3    0.03    0.26    0.41    2.61 v _166_/Y (sky130_fd_sc_hd__nand2_2)
                                         _067_ (net)
                  0.26    0.00    2.61 v _173_/A2 (sky130_fd_sc_hd__a21oi_1)
     1    0.00    0.23    0.36    2.96 ^ _173_/Y (sky130_fd_sc_hd__a21oi_1)
                                         _072_ (net)
                  0.23    0.00    2.96 ^ _174_/B1 (sky130_fd_sc_hd__a21oi_1)
     1    0.01    0.22    0.20    3.16 v _174_/Y (sky130_fd_sc_hd__a21oi_1)
                                         _060_ (net)
                  0.22    0.00    3.16 v _358_/D (sky130_fd_sc_hd__dfrtp_4)
                                  3.16   data arrival time

                         10.00   10.00   clock core_clock (rise edge)
                          0.00   10.00   clock source latency
     1    0.02    0.00    0.00   10.00 ^ clk (in)
                                         clk (net)
                  0.00    0.00   10.00 ^ clkbuf_0_clk/A (sky130_fd_sc_hd__clkbuf_16)
     4    0.05    0.10    0.23   10.23 ^ clkbuf_0_clk/X (sky130_fd_sc_hd__clkbuf_16)
                                         clknet_0_clk (net)
                  0.10    0.00   10.23 ^ clkbuf_2_1__f_clk/A (sky130_fd_sc_hd__clkbuf_16)
    10    0.03    0.08    0.25   10.48 ^ clkbuf_2_1__f_clk/X (sky130_fd_sc_hd__clkbuf_16)
                                         clknet_2_1__leaf_clk (net)
                  0.08    0.00   10.48 ^ _358_/CLK (sky130_fd_sc_hd__dfrtp_4)
                          0.00   10.48   clock reconvergence pessimism
                         -0.33   10.15   library setup time
                                 10.15   data required time
-----------------------------------------------------------------------------
                                 10.15   data required time
                                 -3.16   data arrival time
-----------------------------------------------------------------------------
                                  6.98   slack (MET)


Startpoint: _359_ (rising edge-triggered flip-flop clocked by core_clock)
Endpoint: _361_ (rising edge-triggered flip-flop clocked by core_clock)
Path Group: core_clock
Path Type: max
Corner: Slowest

Fanout     Cap    Slew   Delay    Time   Description
-----------------------------------------------------------------------------
                          0.00    0.00   clock core_clock (rise edge)
                          0.00    0.00   clock source latency
     1    0.02    0.00    0.00    0.00 ^ clk (in)
                                         clk (net)
                  0.00    0.00    0.00 ^ clkbuf_0_clk/A (sky130_fd_sc_hd__clkbuf_16)
     4    0.05    0.10    0.23    0.23 ^ clkbuf_0_clk/X (sky130_fd_sc_hd__clkbuf_16)
                                         clknet_0_clk (net)
                  0.10    0.00    0.23 ^ clkbuf_2_2__f_clk/A (sky130_fd_sc_hd__clkbuf_16)
     7    0.03    0.08    0.25    0.48 ^ clkbuf_2_2__f_clk/X (sky130_fd_sc_hd__clkbuf_16)
                                         clknet_2_2__leaf_clk (net)
                  0.08    0.00    0.48 ^ _359_/CLK (sky130_fd_sc_hd__dfrtp_4)
     7    0.06    0.31    1.02    1.49 ^ _359_/Q (sky130_fd_sc_hd__dfrtp_4)
                                         decoder.digit[1] (net)
                  0.31    0.00    1.49 ^ _162_/B (sky130_fd_sc_hd__and3_2)
     3    0.03    0.29    0.63    2.12 ^ _162_/X (sky130_fd_sc_hd__and3_2)
                                         _064_ (net)
                  0.29    0.00    2.12 ^ _163_/B (sky130_fd_sc_hd__nand2_1)
     2    0.02    0.35    0.40    2.52 v _163_/Y (sky130_fd_sc_hd__nand2_1)
                                         _065_ (net)
                  0.35    0.00    2.52 v _164_/B (sky130_fd_sc_hd__xnor2_1)
     1    0.01    0.17    0.38    2.90 v _164_/Y (sky130_fd_sc_hd__xnor2_1)
                                         _063_ (net)
                  0.17    0.00    2.90 v _361_/D (sky130_fd_sc_hd__dfrtp_4)
                                  2.90   data arrival time

                         10.00   10.00   clock core_clock (rise edge)
                          0.00   10.00   clock source latency
     1    0.02    0.00    0.00   10.00 ^ clk (in)
                                         clk (net)
                  0.00    0.00   10.00 ^ clkbuf_0_clk/A (sky130_fd_sc_hd__clkbuf_16)
     4    0.05    0.10    0.23   10.23 ^ clkbuf_0_clk/X (sky130_fd_sc_hd__clkbuf_16)
                                         clknet_0_clk (net)
                  0.10    0.00   10.23 ^ clkbuf_2_1__f_clk/A (sky130_fd_sc_hd__clkbuf_16)
    10    0.03    0.08    0.25   10.48 ^ clkbuf_2_1__f_clk/X (sky130_fd_sc_hd__clkbuf_16)
                                         clknet_2_1__leaf_clk (net)
                  0.08    0.00   10.48 ^ _361_/CLK (sky130_fd_sc_hd__dfrtp_4)
                          0.00   10.48   clock reconvergence pessimism
                         -0.31   10.17   library setup time
                                 10.17   data required time
-----------------------------------------------------------------------------
                                 10.17   data required time
                                 -2.90   data arrival time
-----------------------------------------------------------------------------
                                  7.26   slack (MET)


Startpoint: _358_ (rising edge-triggered flip-flop clocked by core_clock)
Endpoint: _359_ (rising edge-triggered flip-flop clocked by core_clock)
Path Group: core_clock
Path Type: max
Corner: Slowest

Fanout     Cap    Slew   Delay    Time   Description
-----------------------------------------------------------------------------
                          0.00    0.00   clock core_clock (rise edge)
                          0.00    0.00   clock source latency
     1    0.02    0.00    0.00    0.00 ^ clk (in)
                                         clk (net)
                  0.00    0.00    0.00 ^ clkbuf_0_clk/A (sky130_fd_sc_hd__clkbuf_16)
     4    0.05    0.10    0.23    0.23 ^ clkbuf_0_clk/X (sky130_fd_sc_hd__clkbuf_16)
                                         clknet_0_clk (net)
                  0.10    0.00    0.23 ^ clkbuf_2_1__f_clk/A (sky130_fd_sc_hd__clkbuf_16)
    10    0.03    0.08    0.25    0.48 ^ clkbuf_2_1__f_clk/X (sky130_fd_sc_hd__clkbuf_16)
                                         clknet_2_1__leaf_clk (net)
                  0.08    0.00    0.48 ^ _358_/CLK (sky130_fd_sc_hd__dfrtp_4)
     8    0.05    0.22    1.14    1.62 v _358_/Q (sky130_fd_sc_hd__dfrtp_4)
                                         decoder.digit[0] (net)
                  0.22    0.00    1.62 v _162_/C (sky130_fd_sc_hd__and3_2)
     3    0.03    0.19    0.65    2.27 v _162_/X (sky130_fd_sc_hd__and3_2)
                                         _064_ (net)
                  0.19    0.00    2.27 v _172_/A (sky130_fd_sc_hd__nor2_1)
     1    0.01    0.24    0.30    2.57 ^ _172_/Y (sky130_fd_sc_hd__nor2_1)
                                         _061_ (net)
                  0.24    0.00    2.57 ^ _359_/D (sky130_fd_sc_hd__dfrtp_4)
                                  2.57   data arrival time

                         10.00   10.00   clock core_clock (rise edge)
                          0.00   10.00   clock source latency
     1    0.02    0.00    0.00   10.00 ^ clk (in)
                                         clk (net)
                  0.00    0.00   10.00 ^ clkbuf_0_clk/A (sky130_fd_sc_hd__clkbuf_16)
     4    0.05    0.10    0.23   10.23 ^ clkbuf_0_clk/X (sky130_fd_sc_hd__clkbuf_16)
                                         clknet_0_clk (net)
                  0.10    0.00   10.23 ^ clkbuf_2_2__f_clk/A (sky130_fd_sc_hd__clkbuf_16)
     7    0.03    0.08    0.25   10.48 ^ clkbuf_2_2__f_clk/X (sky130_fd_sc_hd__clkbuf_16)
                                         clknet_2_2__leaf_clk (net)
                  0.08    0.00   10.48 ^ _359_/CLK (sky130_fd_sc_hd__dfrtp_4)
                          0.00   10.48   clock reconvergence pessimism
                         -0.18   10.30   library setup time
                                 10.30   data required time
-----------------------------------------------------------------------------
                                 10.30   data required time
                                 -2.57   data arrival time
-----------------------------------------------------------------------------
                                  7.73   slack (MET)



worst slack corner Slowest: 3.7358
======================= Typical Corner ===================================

Startpoint: _342_ (rising edge-triggered flip-flop clocked by core_clock)
Endpoint: _341_ (rising edge-triggered flip-flop clocked by core_clock)
Path Group: core_clock
Path Type: max
Corner: Typical

Fanout     Cap    Slew   Delay    Time   Description
-----------------------------------------------------------------------------
                          0.00    0.00   clock core_clock (rise edge)
                          0.00    0.00   clock source latency
     1    0.02    0.00    0.00    0.00 ^ clk (in)
                                         clk (net)
                  0.00    0.00    0.00 ^ clkbuf_0_clk/A (sky130_fd_sc_hd__clkbuf_16)
     4    0.05    0.07    0.13    0.13 ^ clkbuf_0_clk/X (sky130_fd_sc_hd__clkbuf_16)
                                         clknet_0_clk (net)
                  0.07    0.00    0.13 ^ clkbuf_2_3__f_clk/A (sky130_fd_sc_hd__clkbuf_16)
     9    0.03    0.05    0.14    0.27 ^ clkbuf_2_3__f_clk/X (sky130_fd_sc_hd__clkbuf_16)
                                         clknet_2_3__leaf_clk (net)
                  0.05    0.00    0.27 ^ _342_/CLK (sky130_fd_sc_hd__dfrtp_4)
     5    0.03    0.10    0.53    0.80 v _342_/Q (sky130_fd_sc_hd__dfrtp_4)
                                         one_second_counter[12] (net)
                  0.10    0.00    0.80 v _180_/C (sky130_fd_sc_hd__and4_1)
     2    0.02    0.10    0.27    1.07 v _180_/X (sky130_fd_sc_hd__and4_1)
                                         _078_ (net)
                  0.10    0.00    1.07 v _181_/D (sky130_fd_sc_hd__or4_1)
     1    0.01    0.10    0.44    1.51 v _181_/X (sky130_fd_sc_hd__or4_1)
                                         _079_ (net)
                  0.10    0.00    1.51 v _184_/A3 (sky130_fd_sc_hd__o31a_1)
     1    0.01    0.10    0.31    1.82 v _184_/X (sky130_fd_sc_hd__o31a_1)
                                         _082_ (net)
                  0.10    0.00    1.83 v _186_/A2 (sky130_fd_sc_hd__o211ai_4)
     2    0.02    0.22    0.24    2.06 ^ _186_/Y (sky130_fd_sc_hd__o211ai_4)
                                         _084_ (net)
                  0.22    0.00    2.06 ^ _187_/A2 (sky130_fd_sc_hd__a21bo_2)
     9    0.05    0.28    0.35    2.41 ^ _187_/X (sky130_fd_sc_hd__a21bo_2)
                                         _085_ (net)
                  0.28    0.00    2.41 ^ _188_/A (sky130_fd_sc_hd__inv_2)
     2    0.02    0.09    0.12    2.53 v _188_/Y (sky130_fd_sc_hd__inv_2)
                                         _086_ (net)
                  0.09    0.00    2.53 v _189_/A (sky130_fd_sc_hd__clkbuf_4)
    10    0.07    0.14    0.25    2.78 v _189_/X (sky130_fd_sc_hd__clkbuf_4)
                                         _027_ (net)
                  0.14    0.00    2.78 v _229_/A (sky130_fd_sc_hd__nor3_1)
     1    0.02    0.51    0.48    3.27 ^ _229_/Y (sky130_fd_sc_hd__nor3_1)
                                         _002_ (net)
                  0.51    0.00    3.27 ^ _341_/D (sky130_fd_sc_hd__dfrtp_2)
                                  3.27   data arrival time

                         10.00   10.00   clock core_clock (rise edge)
                          0.00   10.00   clock source latency
     1    0.02    0.00    0.00   10.00 ^ clk (in)
                                         clk (net)
                  0.00    0.00   10.00 ^ clkbuf_0_clk/A (sky130_fd_sc_hd__clkbuf_16)
     4    0.05    0.07    0.13   10.13 ^ clkbuf_0_clk/X (sky130_fd_sc_hd__clkbuf_16)
                                         clknet_0_clk (net)
                  0.07    0.00   10.13 ^ clkbuf_2_1__f_clk/A (sky130_fd_sc_hd__clkbuf_16)
    10    0.03    0.05    0.14   10.28 ^ clkbuf_2_1__f_clk/X (sky130_fd_sc_hd__clkbuf_16)
                                         clknet_2_1__leaf_clk (net)
                  0.05    0.00   10.28 ^ _341_/CLK (sky130_fd_sc_hd__dfrtp_2)
                          0.00   10.28   clock reconvergence pessimism
                         -0.17   10.11   library setup time
                                 10.11   data required time
-----------------------------------------------------------------------------
                                 10.11   data required time
                                 -3.27   data arrival time
-----------------------------------------------------------------------------
                                  6.84   slack (MET)


Startpoint: _342_ (rising edge-triggered flip-flop clocked by core_clock)
Endpoint: _354_ (rising edge-triggered flip-flop clocked by core_clock)
Path Group: core_clock
Path Type: max
Corner: Typical

Fanout     Cap    Slew   Delay    Time   Description
-----------------------------------------------------------------------------
                          0.00    0.00   clock core_clock (rise edge)
                          0.00    0.00   clock source latency
     1    0.02    0.00    0.00    0.00 ^ clk (in)
                                         clk (net)
                  0.00    0.00    0.00 ^ clkbuf_0_clk/A (sky130_fd_sc_hd__clkbuf_16)
     4    0.05    0.07    0.13    0.13 ^ clkbuf_0_clk/X (sky130_fd_sc_hd__clkbuf_16)
                                         clknet_0_clk (net)
                  0.07    0.00    0.13 ^ clkbuf_2_3__f_clk/A (sky130_fd_sc_hd__clkbuf_16)
     9    0.03    0.05    0.14    0.27 ^ clkbuf_2_3__f_clk/X (sky130_fd_sc_hd__clkbuf_16)
                                         clknet_2_3__leaf_clk (net)
                  0.05    0.00    0.27 ^ _342_/CLK (sky130_fd_sc_hd__dfrtp_4)
     5    0.03    0.10    0.53    0.80 v _342_/Q (sky130_fd_sc_hd__dfrtp_4)
                                         one_second_counter[12] (net)
                  0.10    0.00    0.80 v _180_/C (sky130_fd_sc_hd__and4_1)
     2    0.02    0.10    0.27    1.07 v _180_/X (sky130_fd_sc_hd__and4_1)
                                         _078_ (net)
                  0.10    0.00    1.07 v _181_/D (sky130_fd_sc_hd__or4_1)
     1    0.01    0.10    0.44    1.51 v _181_/X (sky130_fd_sc_hd__or4_1)
                                         _079_ (net)
                  0.10    0.00    1.51 v _184_/A3 (sky130_fd_sc_hd__o31a_1)
     1    0.01    0.10    0.31    1.82 v _184_/X (sky130_fd_sc_hd__o31a_1)
                                         _082_ (net)
                  0.10    0.00    1.83 v _186_/A2 (sky130_fd_sc_hd__o211ai_4)
     2    0.02    0.22    0.24    2.06 ^ _186_/Y (sky130_fd_sc_hd__o211ai_4)
                                         _084_ (net)
                  0.22    0.00    2.06 ^ _187_/A2 (sky130_fd_sc_hd__a21bo_2)
     9    0.05    0.28    0.35    2.41 ^ _187_/X (sky130_fd_sc_hd__a21bo_2)
                                         _085_ (net)
                  0.28    0.00    2.41 ^ _188_/A (sky130_fd_sc_hd__inv_2)
     2    0.02    0.09    0.12    2.53 v _188_/Y (sky130_fd_sc_hd__inv_2)
                                         _086_ (net)
                  0.09    0.00    2.53 v _189_/A (sky130_fd_sc_hd__clkbuf_4)
    10    0.07    0.14    0.25    2.78 v _189_/X (sky130_fd_sc_hd__clkbuf_4)
                                         _027_ (net)
                  0.14    0.00    2.78 v _278_/A (sky130_fd_sc_hd__nor3_1)
     1    0.02    0.50    0.48    3.26 ^ _278_/Y (sky130_fd_sc_hd__nor3_1)
                                         _016_ (net)
                  0.50    0.00    3.26 ^ _354_/D (sky130_fd_sc_hd__dfrtp_4)
                                  3.26   data arrival time

                         10.00   10.00   clock core_clock (rise edge)
                          0.00   10.00   clock source latency
     1    0.02    0.00    0.00   10.00 ^ clk (in)
                                         clk (net)
                  0.00    0.00   10.00 ^ clkbuf_0_clk/A (sky130_fd_sc_hd__clkbuf_16)
     4    0.05    0.07    0.13   10.13 ^ clkbuf_0_clk/X (sky130_fd_sc_hd__clkbuf_16)
                                         clknet_0_clk (net)
                  0.07    0.00   10.13 ^ clkbuf_2_0__f_clk/A (sky130_fd_sc_hd__clkbuf_16)
     9    0.03    0.06    0.15   10.28 ^ clkbuf_2_0__f_clk/X (sky130_fd_sc_hd__clkbuf_16)
                                         clknet_2_0__leaf_clk (net)
                  0.06    0.00   10.28 ^ _354_/CLK (sky130_fd_sc_hd__dfrtp_4)
                          0.00   10.28   clock reconvergence pessimism
                         -0.17   10.11   library setup time
                                 10.11   data required time
-----------------------------------------------------------------------------
                                 10.11   data required time
                                 -3.26   data arrival time
-----------------------------------------------------------------------------
                                  6.85   slack (MET)


Startpoint: _342_ (rising edge-triggered flip-flop clocked by core_clock)
Endpoint: _334_ (rising edge-triggered flip-flop clocked by core_clock)
Path Group: core_clock
Path Type: max
Corner: Typical

Fanout     Cap    Slew   Delay    Time   Description
-----------------------------------------------------------------------------
                          0.00    0.00   clock core_clock (rise edge)
                          0.00    0.00   clock source latency
     1    0.02    0.00    0.00    0.00 ^ clk (in)
                                         clk (net)
                  0.00    0.00    0.00 ^ clkbuf_0_clk/A (sky130_fd_sc_hd__clkbuf_16)
     4    0.05    0.07    0.13    0.13 ^ clkbuf_0_clk/X (sky130_fd_sc_hd__clkbuf_16)
                                         clknet_0_clk (net)
                  0.07    0.00    0.13 ^ clkbuf_2_3__f_clk/A (sky130_fd_sc_hd__clkbuf_16)
     9    0.03    0.05    0.14    0.27 ^ clkbuf_2_3__f_clk/X (sky130_fd_sc_hd__clkbuf_16)
                                         clknet_2_3__leaf_clk (net)
                  0.05    0.00    0.27 ^ _342_/CLK (sky130_fd_sc_hd__dfrtp_4)
     5    0.03    0.10    0.53    0.80 v _342_/Q (sky130_fd_sc_hd__dfrtp_4)
                                         one_second_counter[12] (net)
                  0.10    0.00    0.80 v _180_/C (sky130_fd_sc_hd__and4_1)
     2    0.02    0.10    0.27    1.07 v _180_/X (sky130_fd_sc_hd__and4_1)
                                         _078_ (net)
                  0.10    0.00    1.07 v _181_/D (sky130_fd_sc_hd__or4_1)
     1    0.01    0.10    0.44    1.51 v _181_/X (sky130_fd_sc_hd__or4_1)
                                         _079_ (net)
                  0.10    0.00    1.51 v _184_/A3 (sky130_fd_sc_hd__o31a_1)
     1    0.01    0.10    0.31    1.82 v _184_/X (sky130_fd_sc_hd__o31a_1)
                                         _082_ (net)
                  0.10    0.00    1.83 v _186_/A2 (sky130_fd_sc_hd__o211ai_4)
     2    0.02    0.22    0.24    2.06 ^ _186_/Y (sky130_fd_sc_hd__o211ai_4)
                                         _084_ (net)
                  0.22    0.00    2.06 ^ _187_/A2 (sky130_fd_sc_hd__a21bo_2)
     9    0.05    0.28    0.35    2.41 ^ _187_/X (sky130_fd_sc_hd__a21bo_2)
                                         _085_ (net)
                  0.28    0.00    2.41 ^ _202_/A (sky130_fd_sc_hd__buf_2)
    10    0.05    0.23    0.31    2.72 ^ _202_/X (sky130_fd_sc_hd__buf_2)
                                         _095_ (net)
                  0.23    0.00    2.72 ^ _205_/A (sky130_fd_sc_hd__and3_1)
     1    0.03    0.25    0.34    3.07 ^ _205_/X (sky130_fd_sc_hd__and3_1)
                                         _098_ (net)
                  0.25    0.00    3.07 ^ _206_/A (sky130_fd_sc_hd__buf_1)
     1    0.02    0.23    0.25    3.32 ^ _206_/X (sky130_fd_sc_hd__buf_1)
                                         _021_ (net)
                  0.23    0.00    3.32 ^ _334_/D (sky130_fd_sc_hd__dfrtp_4)
                                  3.32   data arrival time

                         10.00   10.00   clock core_clock (rise edge)
                          0.00   10.00   clock source latency
     1    0.02    0.00    0.00   10.00 ^ clk (in)
                                         clk (net)
                  0.00    0.00   10.00 ^ clkbuf_0_clk/A (sky130_fd_sc_hd__clkbuf_16)
     4    0.05    0.07    0.13   10.13 ^ clkbuf_0_clk/X (sky130_fd_sc_hd__clkbuf_16)
                                         clknet_0_clk (net)
                  0.07    0.00   10.13 ^ clkbuf_2_0__f_clk/A (sky130_fd_sc_hd__clkbuf_16)
     9    0.03    0.06    0.15   10.28 ^ clkbuf_2_0__f_clk/X (sky130_fd_sc_hd__clkbuf_16)
                                         clknet_2_0__leaf_clk (net)
                  0.06    0.00   10.28 ^ _334_/CLK (sky130_fd_sc_hd__dfrtp_4)
                          0.00   10.28   clock reconvergence pessimism
                         -0.10   10.17   library setup time
                                 10.17   data required time
-----------------------------------------------------------------------------
                                 10.17   data required time
                                 -3.32   data arrival time
-----------------------------------------------------------------------------
                                  6.85   slack (MET)


Startpoint: _330_ (rising edge-triggered flip-flop clocked by core_clock)
Endpoint: _353_ (rising edge-triggered flip-flop clocked by core_clock)
Path Group: core_clock
Path Type: max
Corner: Typical

Fanout     Cap    Slew   Delay    Time   Description
-----------------------------------------------------------------------------
                          0.00    0.00   clock core_clock (rise edge)
                          0.00    0.00   clock source latency
     1    0.02    0.00    0.00    0.00 ^ clk (in)
                                         clk (net)
                  0.00    0.00    0.00 ^ clkbuf_0_clk/A (sky130_fd_sc_hd__clkbuf_16)
     4    0.05    0.07    0.13    0.13 ^ clkbuf_0_clk/X (sky130_fd_sc_hd__clkbuf_16)
                                         clknet_0_clk (net)
                  0.07    0.00    0.13 ^ clkbuf_2_3__f_clk/A (sky130_fd_sc_hd__clkbuf_16)
     9    0.03    0.05    0.14    0.27 ^ clkbuf_2_3__f_clk/X (sky130_fd_sc_hd__clkbuf_16)
                                         clknet_2_3__leaf_clk (net)
                  0.05    0.00    0.27 ^ _330_/CLK (sky130_fd_sc_hd__dfrtp_4)
     7    0.05    0.16    0.50    0.77 ^ _330_/Q (sky130_fd_sc_hd__dfrtp_4)
                                         one_second_counter[0] (net)
                  0.16    0.00    0.78 ^ _177_/D (sky130_fd_sc_hd__and4_4)
     8    0.06    0.18    0.37    1.14 ^ _177_/X (sky130_fd_sc_hd__and4_4)
                                         _075_ (net)
                  0.18    0.00    1.15 ^ _221_/C (sky130_fd_sc_hd__and4_2)
     6    0.04    0.22    0.39    1.54 ^ _221_/X (sky130_fd_sc_hd__and4_2)
                                         _109_ (net)
                  0.22    0.00    1.54 ^ _244_/D (sky130_fd_sc_hd__and4_1)
     2    0.03    0.31    0.42    1.96 ^ _244_/X (sky130_fd_sc_hd__and4_1)
                                         _126_ (net)
                  0.31    0.00    1.96 ^ _245_/A (sky130_fd_sc_hd__clkbuf_4)
    10    0.06    0.19    0.33    2.29 ^ _245_/X (sky130_fd_sc_hd__clkbuf_4)
                                         _127_ (net)
                  0.19    0.00    2.29 ^ _267_/C (sky130_fd_sc_hd__and4_1)
     3    0.02    0.23    0.35    2.65 ^ _267_/X (sky130_fd_sc_hd__and4_1)
                                         _143_ (net)
                  0.23    0.00    2.65 ^ _270_/B (sky130_fd_sc_hd__nand2_1)
     3    0.02    0.18    0.21    2.86 v _270_/Y (sky130_fd_sc_hd__nand2_1)
                                         _145_ (net)
                  0.18    0.00    2.86 v _275_/A2 (sky130_fd_sc_hd__a221oi_1)
     1    0.01    0.33    0.41    3.27 ^ _275_/Y (sky130_fd_sc_hd__a221oi_1)
                                         _015_ (net)
                  0.33    0.00    3.27 ^ _353_/D (sky130_fd_sc_hd__dfrtp_2)
                                  3.27   data arrival time

                         10.00   10.00   clock core_clock (rise edge)
                          0.00   10.00   clock source latency
     1    0.02    0.00    0.00   10.00 ^ clk (in)
                                         clk (net)
                  0.00    0.00   10.00 ^ clkbuf_0_clk/A (sky130_fd_sc_hd__clkbuf_16)
     4    0.05    0.07    0.13   10.13 ^ clkbuf_0_clk/X (sky130_fd_sc_hd__clkbuf_16)
                                         clknet_0_clk (net)
                  0.07    0.00   10.13 ^ clkbuf_2_2__f_clk/A (sky130_fd_sc_hd__clkbuf_16)
     7    0.03    0.05    0.14   10.27 ^ clkbuf_2_2__f_clk/X (sky130_fd_sc_hd__clkbuf_16)
                                         clknet_2_2__leaf_clk (net)
                  0.05    0.00   10.27 ^ _353_/CLK (sky130_fd_sc_hd__dfrtp_2)
                          0.00   10.27   clock reconvergence pessimism
                         -0.13   10.14   library setup time
                                 10.14   data required time
-----------------------------------------------------------------------------
                                 10.14   data required time
                                 -3.27   data arrival time
-----------------------------------------------------------------------------
                                  6.87   slack (MET)


Startpoint: _342_ (rising edge-triggered flip-flop clocked by core_clock)
Endpoint: _345_ (rising edge-triggered flip-flop clocked by core_clock)
Path Group: core_clock
Path Type: max
Corner: Typical

Fanout     Cap    Slew   Delay    Time   Description
-----------------------------------------------------------------------------
                          0.00    0.00   clock core_clock (rise edge)
                          0.00    0.00   clock source latency
     1    0.02    0.00    0.00    0.00 ^ clk (in)
                                         clk (net)
                  0.00    0.00    0.00 ^ clkbuf_0_clk/A (sky130_fd_sc_hd__clkbuf_16)
     4    0.05    0.07    0.13    0.13 ^ clkbuf_0_clk/X (sky130_fd_sc_hd__clkbuf_16)
                                         clknet_0_clk (net)
                  0.07    0.00    0.13 ^ clkbuf_2_3__f_clk/A (sky130_fd_sc_hd__clkbuf_16)
     9    0.03    0.05    0.14    0.27 ^ clkbuf_2_3__f_clk/X (sky130_fd_sc_hd__clkbuf_16)
                                         clknet_2_3__leaf_clk (net)
                  0.05    0.00    0.27 ^ _342_/CLK (sky130_fd_sc_hd__dfrtp_4)
     5    0.03    0.10    0.53    0.80 v _342_/Q (sky130_fd_sc_hd__dfrtp_4)
                                         one_second_counter[12] (net)
                  0.10    0.00    0.80 v _180_/C (sky130_fd_sc_hd__and4_1)
     2    0.02    0.10    0.27    1.07 v _180_/X (sky130_fd_sc_hd__and4_1)
                                         _078_ (net)
                  0.10    0.00    1.07 v _181_/D (sky130_fd_sc_hd__or4_1)
     1    0.01    0.10    0.44    1.51 v _181_/X (sky130_fd_sc_hd__or4_1)
                                         _079_ (net)
                  0.10    0.00    1.51 v _184_/A3 (sky130_fd_sc_hd__o31a_1)
     1    0.01    0.10    0.31    1.82 v _184_/X (sky130_fd_sc_hd__o31a_1)
                                         _082_ (net)
                  0.10    0.00    1.83 v _186_/A2 (sky130_fd_sc_hd__o211ai_4)
     2    0.02    0.22    0.24    2.06 ^ _186_/Y (sky130_fd_sc_hd__o211ai_4)
                                         _084_ (net)
                  0.22    0.00    2.06 ^ _187_/A2 (sky130_fd_sc_hd__a21bo_2)
     9    0.05    0.28    0.35    2.41 ^ _187_/X (sky130_fd_sc_hd__a21bo_2)
                                         _085_ (net)
                  0.28    0.00    2.41 ^ _188_/A (sky130_fd_sc_hd__inv_2)
     2    0.02    0.09    0.12    2.53 v _188_/Y (sky130_fd_sc_hd__inv_2)
                                         _086_ (net)
                  0.09    0.00    2.53 v _189_/A (sky130_fd_sc_hd__clkbuf_4)
    10    0.07    0.14    0.25    2.78 v _189_/X (sky130_fd_sc_hd__clkbuf_4)
                                         _027_ (net)
                  0.14    0.00    2.78 v _246_/C1 (sky130_fd_sc_hd__a211oi_1)
     1    0.01    0.49    0.44    3.22 ^ _246_/Y (sky130_fd_sc_hd__a211oi_1)
                                         _006_ (net)
                  0.49    0.00    3.22 ^ _345_/D (sky130_fd_sc_hd__dfrtp_2)
                                  3.22   data arrival time

                         10.00   10.00   clock core_clock (rise edge)
                          0.00   10.00   clock source latency
     1    0.02    0.00    0.00   10.00 ^ clk (in)
                                         clk (net)
                  0.00    0.00   10.00 ^ clkbuf_0_clk/A (sky130_fd_sc_hd__clkbuf_16)
     4    0.05    0.07    0.13   10.13 ^ clkbuf_0_clk/X (sky130_fd_sc_hd__clkbuf_16)
                                         clknet_0_clk (net)
                  0.07    0.00   10.13 ^ clkbuf_2_3__f_clk/A (sky130_fd_sc_hd__clkbuf_16)
     9    0.03    0.05    0.14   10.27 ^ clkbuf_2_3__f_clk/X (sky130_fd_sc_hd__clkbuf_16)
                                         clknet_2_3__leaf_clk (net)
                  0.05    0.00   10.27 ^ _345_/CLK (sky130_fd_sc_hd__dfrtp_2)
                          0.00   10.27   clock reconvergence pessimism
                         -0.17   10.11   library setup time
                                 10.11   data required time
-----------------------------------------------------------------------------
                                 10.11   data required time
                                 -3.22   data arrival time
-----------------------------------------------------------------------------
                                  6.89   slack (MET)


Startpoint: _342_ (rising edge-triggered flip-flop clocked by core_clock)
Endpoint: _344_ (rising edge-triggered flip-flop clocked by core_clock)
Path Group: core_clock
Path Type: max
Corner: Typical

Fanout     Cap    Slew   Delay    Time   Description
-----------------------------------------------------------------------------
                          0.00    0.00   clock core_clock (rise edge)
                          0.00    0.00   clock source latency
     1    0.02    0.00    0.00    0.00 ^ clk (in)
                                         clk (net)
                  0.00    0.00    0.00 ^ clkbuf_0_clk/A (sky130_fd_sc_hd__clkbuf_16)
     4    0.05    0.07    0.13    0.13 ^ clkbuf_0_clk/X (sky130_fd_sc_hd__clkbuf_16)
                                         clknet_0_clk (net)
                  0.07    0.00    0.13 ^ clkbuf_2_3__f_clk/A (sky130_fd_sc_hd__clkbuf_16)
     9    0.03    0.05    0.14    0.27 ^ clkbuf_2_3__f_clk/X (sky130_fd_sc_hd__clkbuf_16)
                                         clknet_2_3__leaf_clk (net)
                  0.05    0.00    0.27 ^ _342_/CLK (sky130_fd_sc_hd__dfrtp_4)
     5    0.03    0.10    0.53    0.80 v _342_/Q (sky130_fd_sc_hd__dfrtp_4)
                                         one_second_counter[12] (net)
                  0.10    0.00    0.80 v _180_/C (sky130_fd_sc_hd__and4_1)
     2    0.02    0.10    0.27    1.07 v _180_/X (sky130_fd_sc_hd__and4_1)
                                         _078_ (net)
                  0.10    0.00    1.07 v _181_/D (sky130_fd_sc_hd__or4_1)
     1    0.01    0.10    0.44    1.51 v _181_/X (sky130_fd_sc_hd__or4_1)
                                         _079_ (net)
                  0.10    0.00    1.51 v _184_/A3 (sky130_fd_sc_hd__o31a_1)
     1    0.01    0.10    0.31    1.82 v _184_/X (sky130_fd_sc_hd__o31a_1)
                                         _082_ (net)
                  0.10    0.00    1.83 v _186_/A2 (sky130_fd_sc_hd__o211ai_4)
     2    0.02    0.22    0.24    2.06 ^ _186_/Y (sky130_fd_sc_hd__o211ai_4)
                                         _084_ (net)
                  0.22    0.00    2.06 ^ _187_/A2 (sky130_fd_sc_hd__a21bo_2)
     9    0.05    0.28    0.35    2.41 ^ _187_/X (sky130_fd_sc_hd__a21bo_2)
                                         _085_ (net)
                  0.28    0.00    2.41 ^ _202_/A (sky130_fd_sc_hd__buf_2)
    10    0.05    0.23    0.31    2.72 ^ _202_/X (sky130_fd_sc_hd__buf_2)
                                         _095_ (net)
                  0.23    0.00    2.72 ^ _241_/A (sky130_fd_sc_hd__and3_1)
     1    0.02    0.17    0.28    3.00 ^ _241_/X (sky130_fd_sc_hd__and3_1)
                                         _124_ (net)
                  0.17    0.00    3.00 ^ _242_/A (sky130_fd_sc_hd__buf_1)
     1    0.02    0.26    0.26    3.26 ^ _242_/X (sky130_fd_sc_hd__buf_1)
                                         _005_ (net)
                  0.26    0.00    3.27 ^ _344_/D (sky130_fd_sc_hd__dfrtp_2)
                                  3.27   data arrival time

                         10.00   10.00   clock core_clock (rise edge)
                          0.00   10.00   clock source latency
     1    0.02    0.00    0.00   10.00 ^ clk (in)
                                         clk (net)
                  0.00    0.00   10.00 ^ clkbuf_0_clk/A (sky130_fd_sc_hd__clkbuf_16)
     4    0.05    0.07    0.13   10.13 ^ clkbuf_0_clk/X (sky130_fd_sc_hd__clkbuf_16)
                                         clknet_0_clk (net)
                  0.07    0.00   10.13 ^ clkbuf_2_3__f_clk/A (sky130_fd_sc_hd__clkbuf_16)
     9    0.03    0.05    0.14   10.27 ^ clkbuf_2_3__f_clk/X (sky130_fd_sc_hd__clkbuf_16)
                                         clknet_2_3__leaf_clk (net)
                  0.05    0.00   10.27 ^ _344_/CLK (sky130_fd_sc_hd__dfrtp_2)
                          0.00   10.27   clock reconvergence pessimism
                         -0.11   10.16   library setup time
                                 10.16   data required time
-----------------------------------------------------------------------------
                                 10.16   data required time
                                 -3.27   data arrival time
-----------------------------------------------------------------------------
                                  6.90   slack (MET)


Startpoint: _342_ (rising edge-triggered flip-flop clocked by core_clock)
Endpoint: _335_ (rising edge-triggered flip-flop clocked by core_clock)
Path Group: core_clock
Path Type: max
Corner: Typical

Fanout     Cap    Slew   Delay    Time   Description
-----------------------------------------------------------------------------
                          0.00    0.00   clock core_clock (rise edge)
                          0.00    0.00   clock source latency
     1    0.02    0.00    0.00    0.00 ^ clk (in)
                                         clk (net)
                  0.00    0.00    0.00 ^ clkbuf_0_clk/A (sky130_fd_sc_hd__clkbuf_16)
     4    0.05    0.07    0.13    0.13 ^ clkbuf_0_clk/X (sky130_fd_sc_hd__clkbuf_16)
                                         clknet_0_clk (net)
                  0.07    0.00    0.13 ^ clkbuf_2_3__f_clk/A (sky130_fd_sc_hd__clkbuf_16)
     9    0.03    0.05    0.14    0.27 ^ clkbuf_2_3__f_clk/X (sky130_fd_sc_hd__clkbuf_16)
                                         clknet_2_3__leaf_clk (net)
                  0.05    0.00    0.27 ^ _342_/CLK (sky130_fd_sc_hd__dfrtp_4)
     5    0.03    0.10    0.53    0.80 v _342_/Q (sky130_fd_sc_hd__dfrtp_4)
                                         one_second_counter[12] (net)
                  0.10    0.00    0.80 v _180_/C (sky130_fd_sc_hd__and4_1)
     2    0.02    0.10    0.27    1.07 v _180_/X (sky130_fd_sc_hd__and4_1)
                                         _078_ (net)
                  0.10    0.00    1.07 v _181_/D (sky130_fd_sc_hd__or4_1)
     1    0.01    0.10    0.44    1.51 v _181_/X (sky130_fd_sc_hd__or4_1)
                                         _079_ (net)
                  0.10    0.00    1.51 v _184_/A3 (sky130_fd_sc_hd__o31a_1)
     1    0.01    0.10    0.31    1.82 v _184_/X (sky130_fd_sc_hd__o31a_1)
                                         _082_ (net)
                  0.10    0.00    1.83 v _186_/A2 (sky130_fd_sc_hd__o211ai_4)
     2    0.02    0.22    0.24    2.06 ^ _186_/Y (sky130_fd_sc_hd__o211ai_4)
                                         _084_ (net)
                  0.22    0.00    2.06 ^ _187_/A2 (sky130_fd_sc_hd__a21bo_2)
     9    0.05    0.28    0.35    2.41 ^ _187_/X (sky130_fd_sc_hd__a21bo_2)
                                         _085_ (net)
                  0.28    0.00    2.41 ^ _188_/A (sky130_fd_sc_hd__inv_2)
     2    0.02    0.09    0.12    2.53 v _188_/Y (sky130_fd_sc_hd__inv_2)
                                         _086_ (net)
                  0.09    0.00    2.53 v _189_/A (sky130_fd_sc_hd__clkbuf_4)
    10    0.07    0.14    0.25    2.78 v _189_/X (sky130_fd_sc_hd__clkbuf_4)
                                         _027_ (net)
                  0.14    0.00    2.78 v _209_/A (sky130_fd_sc_hd__nor3_1)
     1    0.01    0.44    0.43    3.22 ^ _209_/Y (sky130_fd_sc_hd__nor3_1)
                                         _022_ (net)
                  0.44    0.00    3.22 ^ _335_/D (sky130_fd_sc_hd__dfrtp_2)
                                  3.22   data arrival time

                         10.00   10.00   clock core_clock (rise edge)
                          0.00   10.00   clock source latency
     1    0.02    0.00    0.00   10.00 ^ clk (in)
                                         clk (net)
                  0.00    0.00   10.00 ^ clkbuf_0_clk/A (sky130_fd_sc_hd__clkbuf_16)
     4    0.05    0.07    0.13   10.13 ^ clkbuf_0_clk/X (sky130_fd_sc_hd__clkbuf_16)
                                         clknet_0_clk (net)
                  0.07    0.00   10.13 ^ clkbuf_2_1__f_clk/A (sky130_fd_sc_hd__clkbuf_16)
    10    0.03    0.05    0.14   10.28 ^ clkbuf_2_1__f_clk/X (sky130_fd_sc_hd__clkbuf_16)
                                         clknet_2_1__leaf_clk (net)
                  0.05    0.00   10.28 ^ _335_/CLK (sky130_fd_sc_hd__dfrtp_2)
                          0.00   10.28   clock reconvergence pessimism
                         -0.16   10.12   library setup time
                                 10.12   data required time
-----------------------------------------------------------------------------
                                 10.12   data required time
                                 -3.22   data arrival time
-----------------------------------------------------------------------------
                                  6.90   slack (MET)


Startpoint: _330_ (rising edge-triggered flip-flop clocked by core_clock)
Endpoint: _352_ (rising edge-triggered flip-flop clocked by core_clock)
Path Group: core_clock
Path Type: max
Corner: Typical

Fanout     Cap    Slew   Delay    Time   Description
-----------------------------------------------------------------------------
                          0.00    0.00   clock core_clock (rise edge)
                          0.00    0.00   clock source latency
     1    0.02    0.00    0.00    0.00 ^ clk (in)
                                         clk (net)
                  0.00    0.00    0.00 ^ clkbuf_0_clk/A (sky130_fd_sc_hd__clkbuf_16)
     4    0.05    0.07    0.13    0.13 ^ clkbuf_0_clk/X (sky130_fd_sc_hd__clkbuf_16)
                                         clknet_0_clk (net)
                  0.07    0.00    0.13 ^ clkbuf_2_3__f_clk/A (sky130_fd_sc_hd__clkbuf_16)
     9    0.03    0.05    0.14    0.27 ^ clkbuf_2_3__f_clk/X (sky130_fd_sc_hd__clkbuf_16)
                                         clknet_2_3__leaf_clk (net)
                  0.05    0.00    0.27 ^ _330_/CLK (sky130_fd_sc_hd__dfrtp_4)
     7    0.05    0.16    0.50    0.77 ^ _330_/Q (sky130_fd_sc_hd__dfrtp_4)
                                         one_second_counter[0] (net)
                  0.16    0.00    0.78 ^ _177_/D (sky130_fd_sc_hd__and4_4)
     8    0.06    0.18    0.37    1.14 ^ _177_/X (sky130_fd_sc_hd__and4_4)
                                         _075_ (net)
                  0.18    0.00    1.15 ^ _221_/C (sky130_fd_sc_hd__and4_2)
     6    0.04    0.22    0.39    1.54 ^ _221_/X (sky130_fd_sc_hd__and4_2)
                                         _109_ (net)
                  0.22    0.00    1.54 ^ _244_/D (sky130_fd_sc_hd__and4_1)
     2    0.03    0.31    0.42    1.96 ^ _244_/X (sky130_fd_sc_hd__and4_1)
                                         _126_ (net)
                  0.31    0.00    1.96 ^ _245_/A (sky130_fd_sc_hd__clkbuf_4)
    10    0.06    0.19    0.33    2.29 ^ _245_/X (sky130_fd_sc_hd__clkbuf_4)
                                         _127_ (net)
                  0.19    0.00    2.29 ^ _267_/C (sky130_fd_sc_hd__and4_1)
     3    0.02    0.23    0.35    2.65 ^ _267_/X (sky130_fd_sc_hd__and4_1)
                                         _143_ (net)
                  0.23    0.00    2.65 ^ _270_/B (sky130_fd_sc_hd__nand2_1)
     3    0.02    0.18    0.21    2.86 v _270_/Y (sky130_fd_sc_hd__nand2_1)
                                         _145_ (net)
                  0.18    0.00    2.86 v _271_/C (sky130_fd_sc_hd__and3_1)
     1    0.01    0.07    0.28    3.14 v _271_/X (sky130_fd_sc_hd__and3_1)
                                         _146_ (net)
                  0.07    0.00    3.14 v _272_/A (sky130_fd_sc_hd__clkbuf_1)
     1    0.00    0.03    0.10    3.24 v _272_/X (sky130_fd_sc_hd__clkbuf_1)
                                         _014_ (net)
                  0.03    0.00    3.24 v _352_/D (sky130_fd_sc_hd__dfrtp_1)
                                  3.24   data arrival time

                         10.00   10.00   clock core_clock (rise edge)
                          0.00   10.00   clock source latency
     1    0.02    0.00    0.00   10.00 ^ clk (in)
                                         clk (net)
                  0.00    0.00   10.00 ^ clkbuf_0_clk/A (sky130_fd_sc_hd__clkbuf_16)
     4    0.05    0.07    0.13   10.13 ^ clkbuf_0_clk/X (sky130_fd_sc_hd__clkbuf_16)
                                         clknet_0_clk (net)
                  0.07    0.00   10.13 ^ clkbuf_2_1__f_clk/A (sky130_fd_sc_hd__clkbuf_16)
    10    0.03    0.05    0.14   10.28 ^ clkbuf_2_1__f_clk/X (sky130_fd_sc_hd__clkbuf_16)
                                         clknet_2_1__leaf_clk (net)
                  0.05    0.00   10.28 ^ _352_/CLK (sky130_fd_sc_hd__dfrtp_1)
                          0.00   10.28   clock reconvergence pessimism
                         -0.10   10.17   library setup time
                                 10.17   data required time
-----------------------------------------------------------------------------
                                 10.17   data required time
                                 -3.24   data arrival time
-----------------------------------------------------------------------------
                                  6.93   slack (MET)


Startpoint: _330_ (rising edge-triggered flip-flop clocked by core_clock)
Endpoint: _355_ (rising edge-triggered flip-flop clocked by core_clock)
Path Group: core_clock
Path Type: max
Corner: Typical

Fanout     Cap    Slew   Delay    Time   Description
-----------------------------------------------------------------------------
                          0.00    0.00   clock core_clock (rise edge)
                          0.00    0.00   clock source latency
     1    0.02    0.00    0.00    0.00 ^ clk (in)
                                         clk (net)
                  0.00    0.00    0.00 ^ clkbuf_0_clk/A (sky130_fd_sc_hd__clkbuf_16)
     4    0.05    0.07    0.13    0.13 ^ clkbuf_0_clk/X (sky130_fd_sc_hd__clkbuf_16)
                                         clknet_0_clk (net)
                  0.07    0.00    0.13 ^ clkbuf_2_3__f_clk/A (sky130_fd_sc_hd__clkbuf_16)
     9    0.03    0.05    0.14    0.27 ^ clkbuf_2_3__f_clk/X (sky130_fd_sc_hd__clkbuf_16)
                                         clknet_2_3__leaf_clk (net)
                  0.05    0.00    0.27 ^ _330_/CLK (sky130_fd_sc_hd__dfrtp_4)
     7    0.05    0.16    0.50    0.77 ^ _330_/Q (sky130_fd_sc_hd__dfrtp_4)
                                         one_second_counter[0] (net)
                  0.16    0.00    0.78 ^ _177_/D (sky130_fd_sc_hd__and4_4)
     8    0.06    0.18    0.37    1.14 ^ _177_/X (sky130_fd_sc_hd__and4_4)
                                         _075_ (net)
                  0.18    0.00    1.15 ^ _221_/C (sky130_fd_sc_hd__and4_2)
     6    0.04    0.22    0.39    1.54 ^ _221_/X (sky130_fd_sc_hd__and4_2)
                                         _109_ (net)
                  0.22    0.00    1.54 ^ _244_/D (sky130_fd_sc_hd__and4_1)
     2    0.03    0.31    0.42    1.96 ^ _244_/X (sky130_fd_sc_hd__and4_1)
                                         _126_ (net)
                  0.31    0.00    1.96 ^ _245_/A (sky130_fd_sc_hd__clkbuf_4)
    10    0.06    0.19    0.33    2.29 ^ _245_/X (sky130_fd_sc_hd__clkbuf_4)
                                         _127_ (net)
                  0.19    0.00    2.30 ^ _277_/B (sky130_fd_sc_hd__and3_2)
     4    0.04    0.20    0.34    2.64 ^ _277_/X (sky130_fd_sc_hd__and3_2)
                                         _150_ (net)
                  0.20    0.00    2.64 ^ _280_/B (sky130_fd_sc_hd__nand2_1)
     1    0.02    0.13    0.16    2.80 v _280_/Y (sky130_fd_sc_hd__nand2_1)
                                         _152_ (net)
                  0.13    0.00    2.80 v _281_/C (sky130_fd_sc_hd__and3_1)
     1    0.01    0.06    0.24    3.04 v _281_/X (sky130_fd_sc_hd__and3_1)
                                         _153_ (net)
                  0.06    0.00    3.04 v _282_/A (sky130_fd_sc_hd__clkbuf_1)
     1    0.01    0.06    0.13    3.17 v _282_/X (sky130_fd_sc_hd__clkbuf_1)
                                         _017_ (net)
                  0.06    0.00    3.17 v _355_/D (sky130_fd_sc_hd__dfrtp_4)
                                  3.17   data arrival time

                         10.00   10.00   clock core_clock (rise edge)
                          0.00   10.00   clock source latency
     1    0.02    0.00    0.00   10.00 ^ clk (in)
                                         clk (net)
                  0.00    0.00   10.00 ^ clkbuf_0_clk/A (sky130_fd_sc_hd__clkbuf_16)
     4    0.05    0.07    0.13   10.13 ^ clkbuf_0_clk/X (sky130_fd_sc_hd__clkbuf_16)
                                         clknet_0_clk (net)
                  0.07    0.00   10.13 ^ clkbuf_2_2__f_clk/A (sky130_fd_sc_hd__clkbuf_16)
     7    0.03    0.05    0.14   10.27 ^ clkbuf_2_2__f_clk/X (sky130_fd_sc_hd__clkbuf_16)
                                         clknet_2_2__leaf_clk (net)
                  0.05    0.00   10.27 ^ _355_/CLK (sky130_fd_sc_hd__dfrtp_4)
                          0.00   10.27   clock reconvergence pessimism
                         -0.12   10.15   library setup time
                                 10.15   data required time
-----------------------------------------------------------------------------
                                 10.15   data required time
                                 -3.17   data arrival time
-----------------------------------------------------------------------------
                                  6.98   slack (MET)


Startpoint: _330_ (rising edge-triggered flip-flop clocked by core_clock)
Endpoint: _350_ (rising edge-triggered flip-flop clocked by core_clock)
Path Group: core_clock
Path Type: max
Corner: Typical

Fanout     Cap    Slew   Delay    Time   Description
-----------------------------------------------------------------------------
                          0.00    0.00   clock core_clock (rise edge)
                          0.00    0.00   clock source latency
     1    0.02    0.00    0.00    0.00 ^ clk (in)
                                         clk (net)
                  0.00    0.00    0.00 ^ clkbuf_0_clk/A (sky130_fd_sc_hd__clkbuf_16)
     4    0.05    0.07    0.13    0.13 ^ clkbuf_0_clk/X (sky130_fd_sc_hd__clkbuf_16)
                                         clknet_0_clk (net)
                  0.07    0.00    0.13 ^ clkbuf_2_3__f_clk/A (sky130_fd_sc_hd__clkbuf_16)
     9    0.03    0.05    0.14    0.27 ^ clkbuf_2_3__f_clk/X (sky130_fd_sc_hd__clkbuf_16)
                                         clknet_2_3__leaf_clk (net)
                  0.05    0.00    0.27 ^ _330_/CLK (sky130_fd_sc_hd__dfrtp_4)
     7    0.05    0.16    0.50    0.77 ^ _330_/Q (sky130_fd_sc_hd__dfrtp_4)
                                         one_second_counter[0] (net)
                  0.16    0.00    0.78 ^ _177_/D (sky130_fd_sc_hd__and4_4)
     8    0.06    0.18    0.37    1.14 ^ _177_/X (sky130_fd_sc_hd__and4_4)
                                         _075_ (net)
                  0.18    0.00    1.15 ^ _221_/C (sky130_fd_sc_hd__and4_2)
     6    0.04    0.22    0.39    1.54 ^ _221_/X (sky130_fd_sc_hd__and4_2)
                                         _109_ (net)
                  0.22    0.00    1.54 ^ _244_/D (sky130_fd_sc_hd__and4_1)
     2    0.03    0.31    0.42    1.96 ^ _244_/X (sky130_fd_sc_hd__and4_1)
                                         _126_ (net)
                  0.31    0.00    1.96 ^ _245_/A (sky130_fd_sc_hd__clkbuf_4)
    10    0.06    0.19    0.33    2.29 ^ _245_/X (sky130_fd_sc_hd__clkbuf_4)
                                         _127_ (net)
                  0.19    0.00    2.30 ^ _258_/A (sky130_fd_sc_hd__and2_1)
     3    0.03    0.25    0.30    2.60 ^ _258_/X (sky130_fd_sc_hd__and2_1)
                                         _136_ (net)
                  0.25    0.00    2.60 ^ _263_/B (sky130_fd_sc_hd__nand2_1)
     2    0.02    0.14    0.18    2.78 v _263_/Y (sky130_fd_sc_hd__nand2_1)
                                         _140_ (net)
                  0.14    0.00    2.78 v _264_/C (sky130_fd_sc_hd__and3_1)
     1    0.00    0.05    0.23    3.01 v _264_/X (sky130_fd_sc_hd__and3_1)
                                         _141_ (net)
                  0.05    0.00    3.01 v _265_/A (sky130_fd_sc_hd__clkbuf_1)
     1    0.02    0.09    0.14    3.15 v _265_/X (sky130_fd_sc_hd__clkbuf_1)
                                         _012_ (net)
                  0.09    0.00    3.15 v _350_/D (sky130_fd_sc_hd__dfrtp_1)
                                  3.15   data arrival time

                         10.00   10.00   clock core_clock (rise edge)
                          0.00   10.00   clock source latency
     1    0.02    0.00    0.00   10.00 ^ clk (in)
                                         clk (net)
                  0.00    0.00   10.00 ^ clkbuf_0_clk/A (sky130_fd_sc_hd__clkbuf_16)
     4    0.05    0.07    0.13   10.13 ^ clkbuf_0_clk/X (sky130_fd_sc_hd__clkbuf_16)
                                         clknet_0_clk (net)
                  0.07    0.00   10.13 ^ clkbuf_2_1__f_clk/A (sky130_fd_sc_hd__clkbuf_16)
    10    0.03    0.05    0.14   10.28 ^ clkbuf_2_1__f_clk/X (sky130_fd_sc_hd__clkbuf_16)
                                         clknet_2_1__leaf_clk (net)
                  0.05    0.00   10.28 ^ _350_/CLK (sky130_fd_sc_hd__dfrtp_1)
                          0.00   10.28   clock reconvergence pessimism
                         -0.13   10.14   library setup time
                                 10.14   data required time
-----------------------------------------------------------------------------
                                 10.14   data required time
                                 -3.15   data arrival time
-----------------------------------------------------------------------------
                                  6.99   slack (MET)


Startpoint: _342_ (rising edge-triggered flip-flop clocked by core_clock)
Endpoint: _346_ (rising edge-triggered flip-flop clocked by core_clock)
Path Group: core_clock
Path Type: max
Corner: Typical

Fanout     Cap    Slew   Delay    Time   Description
-----------------------------------------------------------------------------
                          0.00    0.00   clock core_clock (rise edge)
                          0.00    0.00   clock source latency
     1    0.02    0.00    0.00    0.00 ^ clk (in)
                                         clk (net)
                  0.00    0.00    0.00 ^ clkbuf_0_clk/A (sky130_fd_sc_hd__clkbuf_16)
     4    0.05    0.07    0.13    0.13 ^ clkbuf_0_clk/X (sky130_fd_sc_hd__clkbuf_16)
                                         clknet_0_clk (net)
                  0.07    0.00    0.13 ^ clkbuf_2_3__f_clk/A (sky130_fd_sc_hd__clkbuf_16)
     9    0.03    0.05    0.14    0.27 ^ clkbuf_2_3__f_clk/X (sky130_fd_sc_hd__clkbuf_16)
                                         clknet_2_3__leaf_clk (net)
                  0.05    0.00    0.27 ^ _342_/CLK (sky130_fd_sc_hd__dfrtp_4)
     5    0.03    0.10    0.53    0.80 v _342_/Q (sky130_fd_sc_hd__dfrtp_4)
                                         one_second_counter[12] (net)
                  0.10    0.00    0.80 v _180_/C (sky130_fd_sc_hd__and4_1)
     2    0.02    0.10    0.27    1.07 v _180_/X (sky130_fd_sc_hd__and4_1)
                                         _078_ (net)
                  0.10    0.00    1.07 v _181_/D (sky130_fd_sc_hd__or4_1)
     1    0.01    0.10    0.44    1.51 v _181_/X (sky130_fd_sc_hd__or4_1)
                                         _079_ (net)
                  0.10    0.00    1.51 v _184_/A3 (sky130_fd_sc_hd__o31a_1)
     1    0.01    0.10    0.31    1.82 v _184_/X (sky130_fd_sc_hd__o31a_1)
                                         _082_ (net)
                  0.10    0.00    1.83 v _186_/A2 (sky130_fd_sc_hd__o211ai_4)
     2    0.02    0.22    0.24    2.06 ^ _186_/Y (sky130_fd_sc_hd__o211ai_4)
                                         _084_ (net)
                  0.22    0.00    2.06 ^ _187_/A2 (sky130_fd_sc_hd__a21bo_2)
     9    0.05    0.28    0.35    2.41 ^ _187_/X (sky130_fd_sc_hd__a21bo_2)
                                         _085_ (net)
                  0.28    0.00    2.41 ^ _202_/A (sky130_fd_sc_hd__buf_2)
    10    0.05    0.23    0.31    2.72 ^ _202_/X (sky130_fd_sc_hd__buf_2)
                                         _095_ (net)
                  0.23    0.00    2.72 ^ _249_/A (sky130_fd_sc_hd__and3_1)
     1    0.02    0.22    0.32    3.04 ^ _249_/X (sky130_fd_sc_hd__and3_1)
                                         _130_ (net)
                  0.22    0.00    3.04 ^ _250_/A (sky130_fd_sc_hd__clkbuf_1)
     1    0.01    0.09    0.15    3.19 ^ _250_/X (sky130_fd_sc_hd__clkbuf_1)
                                         _007_ (net)
                  0.09    0.00    3.19 ^ _346_/D (sky130_fd_sc_hd__dfrtp_4)
                                  3.19   data arrival time

                         10.00   10.00   clock core_clock (rise edge)
                          0.00   10.00   clock source latency
     1    0.02    0.00    0.00   10.00 ^ clk (in)
                                         clk (net)
                  0.00    0.00   10.00 ^ clkbuf_0_clk/A (sky130_fd_sc_hd__clkbuf_16)
     4    0.05    0.07    0.13   10.13 ^ clkbuf_0_clk/X (sky130_fd_sc_hd__clkbuf_16)
                                         clknet_0_clk (net)
                  0.07    0.00   10.13 ^ clkbuf_2_3__f_clk/A (sky130_fd_sc_hd__clkbuf_16)
     9    0.03    0.05    0.14   10.27 ^ clkbuf_2_3__f_clk/X (sky130_fd_sc_hd__clkbuf_16)
                                         clknet_2_3__leaf_clk (net)
                  0.05    0.00   10.27 ^ _346_/CLK (sky130_fd_sc_hd__dfrtp_4)
                          0.00   10.27   clock reconvergence pessimism
                         -0.07   10.20   library setup time
                                 10.20   data required time
-----------------------------------------------------------------------------
                                 10.20   data required time
                                 -3.19   data arrival time
-----------------------------------------------------------------------------
                                  7.01   slack (MET)


Startpoint: _330_ (rising edge-triggered flip-flop clocked by core_clock)
Endpoint: _351_ (rising edge-triggered flip-flop clocked by core_clock)
Path Group: core_clock
Path Type: max
Corner: Typical

Fanout     Cap    Slew   Delay    Time   Description
-----------------------------------------------------------------------------
                          0.00    0.00   clock core_clock (rise edge)
                          0.00    0.00   clock source latency
     1    0.02    0.00    0.00    0.00 ^ clk (in)
                                         clk (net)
                  0.00    0.00    0.00 ^ clkbuf_0_clk/A (sky130_fd_sc_hd__clkbuf_16)
     4    0.05    0.07    0.13    0.13 ^ clkbuf_0_clk/X (sky130_fd_sc_hd__clkbuf_16)
                                         clknet_0_clk (net)
                  0.07    0.00    0.13 ^ clkbuf_2_3__f_clk/A (sky130_fd_sc_hd__clkbuf_16)
     9    0.03    0.05    0.14    0.27 ^ clkbuf_2_3__f_clk/X (sky130_fd_sc_hd__clkbuf_16)
                                         clknet_2_3__leaf_clk (net)
                  0.05    0.00    0.27 ^ _330_/CLK (sky130_fd_sc_hd__dfrtp_4)
     7    0.05    0.16    0.50    0.77 ^ _330_/Q (sky130_fd_sc_hd__dfrtp_4)
                                         one_second_counter[0] (net)
                  0.16    0.00    0.78 ^ _177_/D (sky130_fd_sc_hd__and4_4)
     8    0.06    0.18    0.37    1.14 ^ _177_/X (sky130_fd_sc_hd__and4_4)
                                         _075_ (net)
                  0.18    0.00    1.15 ^ _221_/C (sky130_fd_sc_hd__and4_2)
     6    0.04    0.22    0.39    1.54 ^ _221_/X (sky130_fd_sc_hd__and4_2)
                                         _109_ (net)
                  0.22    0.00    1.54 ^ _244_/D (sky130_fd_sc_hd__and4_1)
     2    0.03    0.31    0.42    1.96 ^ _244_/X (sky130_fd_sc_hd__and4_1)
                                         _126_ (net)
                  0.31    0.00    1.96 ^ _245_/A (sky130_fd_sc_hd__clkbuf_4)
    10    0.06    0.19    0.33    2.29 ^ _245_/X (sky130_fd_sc_hd__clkbuf_4)
                                         _127_ (net)
                  0.19    0.00    2.30 ^ _258_/A (sky130_fd_sc_hd__and2_1)
     3    0.03    0.25    0.30    2.60 ^ _258_/X (sky130_fd_sc_hd__and2_1)
                                         _136_ (net)
                  0.25    0.00    2.60 ^ _263_/B (sky130_fd_sc_hd__nand2_1)
     2    0.02    0.14    0.18    2.78 v _263_/Y (sky130_fd_sc_hd__nand2_1)
                                         _140_ (net)
                  0.14    0.00    2.78 v _268_/A2 (sky130_fd_sc_hd__a211oi_1)
     1    0.01    0.31    0.36    3.14 ^ _268_/Y (sky130_fd_sc_hd__a211oi_1)
                                         _013_ (net)
                  0.31    0.00    3.14 ^ _351_/D (sky130_fd_sc_hd__dfrtp_2)
                                  3.14   data arrival time

                         10.00   10.00   clock core_clock (rise edge)
                          0.00   10.00   clock source latency
     1    0.02    0.00    0.00   10.00 ^ clk (in)
                                         clk (net)
                  0.00    0.00   10.00 ^ clkbuf_0_clk/A (sky130_fd_sc_hd__clkbuf_16)
     4    0.05    0.07    0.13   10.13 ^ clkbuf_0_clk/X (sky130_fd_sc_hd__clkbuf_16)
                                         clknet_0_clk (net)
                  0.07    0.00   10.13 ^ clkbuf_2_1__f_clk/A (sky130_fd_sc_hd__clkbuf_16)
    10    0.03    0.05    0.14   10.28 ^ clkbuf_2_1__f_clk/X (sky130_fd_sc_hd__clkbuf_16)
                                         clknet_2_1__leaf_clk (net)
                  0.05    0.00   10.28 ^ _351_/CLK (sky130_fd_sc_hd__dfrtp_2)
                          0.00   10.28   clock reconvergence pessimism
                         -0.12   10.15   library setup time
                                 10.15   data required time
-----------------------------------------------------------------------------
                                 10.15   data required time
                                 -3.14   data arrival time
-----------------------------------------------------------------------------
                                  7.02   slack (MET)


Startpoint: _342_ (rising edge-triggered flip-flop clocked by core_clock)
Endpoint: _342_ (rising edge-triggered flip-flop clocked by core_clock)
Path Group: core_clock
Path Type: max
Corner: Typical

Fanout     Cap    Slew   Delay    Time   Description
-----------------------------------------------------------------------------
                          0.00    0.00   clock core_clock (rise edge)
                          0.00    0.00   clock source latency
     1    0.02    0.00    0.00    0.00 ^ clk (in)
                                         clk (net)
                  0.00    0.00    0.00 ^ clkbuf_0_clk/A (sky130_fd_sc_hd__clkbuf_16)
     4    0.05    0.07    0.13    0.13 ^ clkbuf_0_clk/X (sky130_fd_sc_hd__clkbuf_16)
                                         clknet_0_clk (net)
                  0.07    0.00    0.13 ^ clkbuf_2_3__f_clk/A (sky130_fd_sc_hd__clkbuf_16)
     9    0.03    0.05    0.14    0.27 ^ clkbuf_2_3__f_clk/X (sky130_fd_sc_hd__clkbuf_16)
                                         clknet_2_3__leaf_clk (net)
                  0.05    0.00    0.27 ^ _342_/CLK (sky130_fd_sc_hd__dfrtp_4)
     5    0.03    0.10    0.53    0.80 v _342_/Q (sky130_fd_sc_hd__dfrtp_4)
                                         one_second_counter[12] (net)
                  0.10    0.00    0.80 v _180_/C (sky130_fd_sc_hd__and4_1)
     2    0.02    0.10    0.27    1.07 v _180_/X (sky130_fd_sc_hd__and4_1)
                                         _078_ (net)
                  0.10    0.00    1.07 v _181_/D (sky130_fd_sc_hd__or4_1)
     1    0.01    0.10    0.44    1.51 v _181_/X (sky130_fd_sc_hd__or4_1)
                                         _079_ (net)
                  0.10    0.00    1.51 v _184_/A3 (sky130_fd_sc_hd__o31a_1)
     1    0.01    0.10    0.31    1.82 v _184_/X (sky130_fd_sc_hd__o31a_1)
                                         _082_ (net)
                  0.10    0.00    1.83 v _186_/A2 (sky130_fd_sc_hd__o211ai_4)
     2    0.02    0.22    0.24    2.06 ^ _186_/Y (sky130_fd_sc_hd__o211ai_4)
                                         _084_ (net)
                  0.22    0.00    2.06 ^ _187_/A2 (sky130_fd_sc_hd__a21bo_2)
     9    0.05    0.28    0.35    2.41 ^ _187_/X (sky130_fd_sc_hd__a21bo_2)
                                         _085_ (net)
                  0.28    0.00    2.41 ^ _202_/A (sky130_fd_sc_hd__buf_2)
    10    0.05    0.23    0.31    2.72 ^ _202_/X (sky130_fd_sc_hd__buf_2)
                                         _095_ (net)
                  0.23    0.00    2.72 ^ _232_/A (sky130_fd_sc_hd__and3_1)
     1    0.01    0.14    0.26    2.98 ^ _232_/X (sky130_fd_sc_hd__and3_1)
                                         _117_ (net)
                  0.14    0.00    2.98 ^ _233_/A (sky130_fd_sc_hd__buf_1)
     1    0.01    0.15    0.18    3.16 ^ _233_/X (sky130_fd_sc_hd__buf_1)
                                         _003_ (net)
                  0.15    0.00    3.16 ^ _342_/D (sky130_fd_sc_hd__dfrtp_4)
                                  3.16   data arrival time

                         10.00   10.00   clock core_clock (rise edge)
                          0.00   10.00   clock source latency
     1    0.02    0.00    0.00   10.00 ^ clk (in)
                                         clk (net)
                  0.00    0.00   10.00 ^ clkbuf_0_clk/A (sky130_fd_sc_hd__clkbuf_16)
     4    0.05    0.07    0.13   10.13 ^ clkbuf_0_clk/X (sky130_fd_sc_hd__clkbuf_16)
                                         clknet_0_clk (net)
                  0.07    0.00   10.13 ^ clkbuf_2_3__f_clk/A (sky130_fd_sc_hd__clkbuf_16)
     9    0.03    0.05    0.14   10.27 ^ clkbuf_2_3__f_clk/X (sky130_fd_sc_hd__clkbuf_16)
                                         clknet_2_3__leaf_clk (net)
                  0.05    0.00   10.27 ^ _342_/CLK (sky130_fd_sc_hd__dfrtp_4)
                          0.00   10.27   clock reconvergence pessimism
                         -0.09   10.19   library setup time
                                 10.19   data required time
-----------------------------------------------------------------------------
                                 10.19   data required time
                                 -3.16   data arrival time
-----------------------------------------------------------------------------
                                  7.03   slack (MET)


Startpoint: _342_ (rising edge-triggered flip-flop clocked by core_clock)
Endpoint: _336_ (rising edge-triggered flip-flop clocked by core_clock)
Path Group: core_clock
Path Type: max
Corner: Typical

Fanout     Cap    Slew   Delay    Time   Description
-----------------------------------------------------------------------------
                          0.00    0.00   clock core_clock (rise edge)
                          0.00    0.00   clock source latency
     1    0.02    0.00    0.00    0.00 ^ clk (in)
                                         clk (net)
                  0.00    0.00    0.00 ^ clkbuf_0_clk/A (sky130_fd_sc_hd__clkbuf_16)
     4    0.05    0.07    0.13    0.13 ^ clkbuf_0_clk/X (sky130_fd_sc_hd__clkbuf_16)
                                         clknet_0_clk (net)
                  0.07    0.00    0.13 ^ clkbuf_2_3__f_clk/A (sky130_fd_sc_hd__clkbuf_16)
     9    0.03    0.05    0.14    0.27 ^ clkbuf_2_3__f_clk/X (sky130_fd_sc_hd__clkbuf_16)
                                         clknet_2_3__leaf_clk (net)
                  0.05    0.00    0.27 ^ _342_/CLK (sky130_fd_sc_hd__dfrtp_4)
     5    0.03    0.10    0.53    0.80 v _342_/Q (sky130_fd_sc_hd__dfrtp_4)
                                         one_second_counter[12] (net)
                  0.10    0.00    0.80 v _180_/C (sky130_fd_sc_hd__and4_1)
     2    0.02    0.10    0.27    1.07 v _180_/X (sky130_fd_sc_hd__and4_1)
                                         _078_ (net)
                  0.10    0.00    1.07 v _181_/D (sky130_fd_sc_hd__or4_1)
     1    0.01    0.10    0.44    1.51 v _181_/X (sky130_fd_sc_hd__or4_1)
                                         _079_ (net)
                  0.10    0.00    1.51 v _184_/A3 (sky130_fd_sc_hd__o31a_1)
     1    0.01    0.10    0.31    1.82 v _184_/X (sky130_fd_sc_hd__o31a_1)
                                         _082_ (net)
                  0.10    0.00    1.83 v _186_/A2 (sky130_fd_sc_hd__o211ai_4)
     2    0.02    0.22    0.24    2.06 ^ _186_/Y (sky130_fd_sc_hd__o211ai_4)
                                         _084_ (net)
                  0.22    0.00    2.06 ^ _187_/A2 (sky130_fd_sc_hd__a21bo_2)
     9    0.05    0.28    0.35    2.41 ^ _187_/X (sky130_fd_sc_hd__a21bo_2)
                                         _085_ (net)
                  0.28    0.00    2.41 ^ _202_/A (sky130_fd_sc_hd__buf_2)
    10    0.05    0.23    0.31    2.72 ^ _202_/X (sky130_fd_sc_hd__buf_2)
                                         _095_ (net)
                  0.23    0.00    2.72 ^ _212_/A (sky130_fd_sc_hd__and3_1)
     1    0.01    0.09    0.23    2.95 ^ _212_/X (sky130_fd_sc_hd__and3_1)
                                         _103_ (net)
                  0.09    0.00    2.95 ^ _213_/A (sky130_fd_sc_hd__buf_1)
     2    0.02    0.19    0.20    3.14 ^ _213_/X (sky130_fd_sc_hd__buf_1)
                                         _023_ (net)
                  0.19    0.00    3.14 ^ _336_/D (sky130_fd_sc_hd__dfrtp_1)
                                  3.14   data arrival time

                         10.00   10.00   clock core_clock (rise edge)
                          0.00   10.00   clock source latency
     1    0.02    0.00    0.00   10.00 ^ clk (in)
                                         clk (net)
                  0.00    0.00   10.00 ^ clkbuf_0_clk/A (sky130_fd_sc_hd__clkbuf_16)
     4    0.05    0.07    0.13   10.13 ^ clkbuf_0_clk/X (sky130_fd_sc_hd__clkbuf_16)
                                         clknet_0_clk (net)
                  0.07    0.00   10.13 ^ clkbuf_2_0__f_clk/A (sky130_fd_sc_hd__clkbuf_16)
     9    0.03    0.06    0.15   10.28 ^ clkbuf_2_0__f_clk/X (sky130_fd_sc_hd__clkbuf_16)
                                         clknet_2_0__leaf_clk (net)
                  0.06    0.00   10.28 ^ _336_/CLK (sky130_fd_sc_hd__dfrtp_1)
                          0.00   10.28   clock reconvergence pessimism
                         -0.09   10.19   library setup time
                                 10.19   data required time
-----------------------------------------------------------------------------
                                 10.19   data required time
                                 -3.14   data arrival time
-----------------------------------------------------------------------------
                                  7.04   slack (MET)


Startpoint: _342_ (rising edge-triggered flip-flop clocked by core_clock)
Endpoint: _349_ (rising edge-triggered flip-flop clocked by core_clock)
Path Group: core_clock
Path Type: max
Corner: Typical

Fanout     Cap    Slew   Delay    Time   Description
-----------------------------------------------------------------------------
                          0.00    0.00   clock core_clock (rise edge)
                          0.00    0.00   clock source latency
     1    0.02    0.00    0.00    0.00 ^ clk (in)
                                         clk (net)
                  0.00    0.00    0.00 ^ clkbuf_0_clk/A (sky130_fd_sc_hd__clkbuf_16)
     4    0.05    0.07    0.13    0.13 ^ clkbuf_0_clk/X (sky130_fd_sc_hd__clkbuf_16)
                                         clknet_0_clk (net)
                  0.07    0.00    0.13 ^ clkbuf_2_3__f_clk/A (sky130_fd_sc_hd__clkbuf_16)
     9    0.03    0.05    0.14    0.27 ^ clkbuf_2_3__f_clk/X (sky130_fd_sc_hd__clkbuf_16)
                                         clknet_2_3__leaf_clk (net)
                  0.05    0.00    0.27 ^ _342_/CLK (sky130_fd_sc_hd__dfrtp_4)
     5    0.03    0.10    0.53    0.80 v _342_/Q (sky130_fd_sc_hd__dfrtp_4)
                                         one_second_counter[12] (net)
                  0.10    0.00    0.80 v _180_/C (sky130_fd_sc_hd__and4_1)
     2    0.02    0.10    0.27    1.07 v _180_/X (sky130_fd_sc_hd__and4_1)
                                         _078_ (net)
                  0.10    0.00    1.07 v _181_/D (sky130_fd_sc_hd__or4_1)
     1    0.01    0.10    0.44    1.51 v _181_/X (sky130_fd_sc_hd__or4_1)
                                         _079_ (net)
                  0.10    0.00    1.51 v _184_/A3 (sky130_fd_sc_hd__o31a_1)
     1    0.01    0.10    0.31    1.82 v _184_/X (sky130_fd_sc_hd__o31a_1)
                                         _082_ (net)
                  0.10    0.00    1.83 v _186_/A2 (sky130_fd_sc_hd__o211ai_4)
     2    0.02    0.22    0.24    2.06 ^ _186_/Y (sky130_fd_sc_hd__o211ai_4)
                                         _084_ (net)
                  0.22    0.00    2.06 ^ _187_/A2 (sky130_fd_sc_hd__a21bo_2)
     9    0.05    0.28    0.35    2.41 ^ _187_/X (sky130_fd_sc_hd__a21bo_2)
                                         _085_ (net)
                  0.28    0.00    2.41 ^ _202_/A (sky130_fd_sc_hd__buf_2)
    10    0.05    0.23    0.31    2.72 ^ _202_/X (sky130_fd_sc_hd__buf_2)
                                         _095_ (net)
                  0.23    0.00    2.72 ^ _260_/A (sky130_fd_sc_hd__and3_1)
     1    0.01    0.13    0.26    2.98 ^ _260_/X (sky130_fd_sc_hd__and3_1)
                                         _138_ (net)
                  0.13    0.00    2.98 ^ _261_/A (sky130_fd_sc_hd__buf_1)
     1    0.01    0.13    0.17    3.15 ^ _261_/X (sky130_fd_sc_hd__buf_1)
                                         _010_ (net)
                  0.13    0.00    3.15 ^ _349_/D (sky130_fd_sc_hd__dfrtp_4)
                                  3.15   data arrival time

                         10.00   10.00   clock core_clock (rise edge)
                          0.00   10.00   clock source latency
     1    0.02    0.00    0.00   10.00 ^ clk (in)
                                         clk (net)
                  0.00    0.00   10.00 ^ clkbuf_0_clk/A (sky130_fd_sc_hd__clkbuf_16)
     4    0.05    0.07    0.13   10.13 ^ clkbuf_0_clk/X (sky130_fd_sc_hd__clkbuf_16)
                                         clknet_0_clk (net)
                  0.07    0.00   10.13 ^ clkbuf_2_0__f_clk/A (sky130_fd_sc_hd__clkbuf_16)
     9    0.03    0.06    0.15   10.28 ^ clkbuf_2_0__f_clk/X (sky130_fd_sc_hd__clkbuf_16)
                                         clknet_2_0__leaf_clk (net)
                  0.06    0.00   10.28 ^ _349_/CLK (sky130_fd_sc_hd__dfrtp_4)
                          0.00   10.28   clock reconvergence pessimism
                         -0.08   10.20   library setup time
                                 10.20   data required time
-----------------------------------------------------------------------------
                                 10.20   data required time
                                 -3.15   data arrival time
-----------------------------------------------------------------------------
                                  7.05   slack (MET)


Startpoint: _342_ (rising edge-triggered flip-flop clocked by core_clock)
Endpoint: _330_ (rising edge-triggered flip-flop clocked by core_clock)
Path Group: core_clock
Path Type: max
Corner: Typical

Fanout     Cap    Slew   Delay    Time   Description
-----------------------------------------------------------------------------
                          0.00    0.00   clock core_clock (rise edge)
                          0.00    0.00   clock source latency
     1    0.02    0.00    0.00    0.00 ^ clk (in)
                                         clk (net)
                  0.00    0.00    0.00 ^ clkbuf_0_clk/A (sky130_fd_sc_hd__clkbuf_16)
     4    0.05    0.07    0.13    0.13 ^ clkbuf_0_clk/X (sky130_fd_sc_hd__clkbuf_16)
                                         clknet_0_clk (net)
                  0.07    0.00    0.13 ^ clkbuf_2_3__f_clk/A (sky130_fd_sc_hd__clkbuf_16)
     9    0.03    0.05    0.14    0.27 ^ clkbuf_2_3__f_clk/X (sky130_fd_sc_hd__clkbuf_16)
                                         clknet_2_3__leaf_clk (net)
                  0.05    0.00    0.27 ^ _342_/CLK (sky130_fd_sc_hd__dfrtp_4)
     5    0.03    0.10    0.53    0.80 v _342_/Q (sky130_fd_sc_hd__dfrtp_4)
                                         one_second_counter[12] (net)
                  0.10    0.00    0.80 v _180_/C (sky130_fd_sc_hd__and4_1)
     2    0.02    0.10    0.27    1.07 v _180_/X (sky130_fd_sc_hd__and4_1)
                                         _078_ (net)
                  0.10    0.00    1.07 v _181_/D (sky130_fd_sc_hd__or4_1)
     1    0.01    0.10    0.44    1.51 v _181_/X (sky130_fd_sc_hd__or4_1)
                                         _079_ (net)
                  0.10    0.00    1.51 v _184_/A3 (sky130_fd_sc_hd__o31a_1)
     1    0.01    0.10    0.31    1.82 v _184_/X (sky130_fd_sc_hd__o31a_1)
                                         _082_ (net)
                  0.10    0.00    1.83 v _186_/A2 (sky130_fd_sc_hd__o211ai_4)
     2    0.02    0.22    0.24    2.06 ^ _186_/Y (sky130_fd_sc_hd__o211ai_4)
                                         _084_ (net)
                  0.22    0.00    2.06 ^ _187_/A2 (sky130_fd_sc_hd__a21bo_2)
     9    0.05    0.28    0.35    2.41 ^ _187_/X (sky130_fd_sc_hd__a21bo_2)
                                         _085_ (net)
                  0.28    0.00    2.41 ^ _188_/A (sky130_fd_sc_hd__inv_2)
     2    0.02    0.09    0.12    2.53 v _188_/Y (sky130_fd_sc_hd__inv_2)
                                         _086_ (net)
                  0.09    0.00    2.53 v _189_/A (sky130_fd_sc_hd__clkbuf_4)
    10    0.07    0.14    0.25    2.78 v _189_/X (sky130_fd_sc_hd__clkbuf_4)
                                         _027_ (net)
                  0.14    0.00    2.78 v _190_/B (sky130_fd_sc_hd__nor2_1)
     1    0.02    0.33    0.30    3.09 ^ _190_/Y (sky130_fd_sc_hd__nor2_1)
                                         _000_ (net)
                  0.33    0.00    3.09 ^ _330_/D (sky130_fd_sc_hd__dfrtp_4)
                                  3.09   data arrival time

                         10.00   10.00   clock core_clock (rise edge)
                          0.00   10.00   clock source latency
     1    0.02    0.00    0.00   10.00 ^ clk (in)
                                         clk (net)
                  0.00    0.00   10.00 ^ clkbuf_0_clk/A (sky130_fd_sc_hd__clkbuf_16)
     4    0.05    0.07    0.13   10.13 ^ clkbuf_0_clk/X (sky130_fd_sc_hd__clkbuf_16)
                                         clknet_0_clk (net)
                  0.07    0.00   10.13 ^ clkbuf_2_3__f_clk/A (sky130_fd_sc_hd__clkbuf_16)
     9    0.03    0.05    0.14   10.27 ^ clkbuf_2_3__f_clk/X (sky130_fd_sc_hd__clkbuf_16)
                                         clknet_2_3__leaf_clk (net)
                  0.05    0.00   10.27 ^ _330_/CLK (sky130_fd_sc_hd__dfrtp_4)
                          0.00   10.27   clock reconvergence pessimism
                         -0.13   10.15   library setup time
                                 10.15   data required time
-----------------------------------------------------------------------------
                                 10.15   data required time
                                 -3.09   data arrival time
-----------------------------------------------------------------------------
                                  7.06   slack (MET)


Startpoint: _342_ (rising edge-triggered flip-flop clocked by core_clock)
Endpoint: _347_ (rising edge-triggered flip-flop clocked by core_clock)
Path Group: core_clock
Path Type: max
Corner: Typical

Fanout     Cap    Slew   Delay    Time   Description
-----------------------------------------------------------------------------
                          0.00    0.00   clock core_clock (rise edge)
                          0.00    0.00   clock source latency
     1    0.02    0.00    0.00    0.00 ^ clk (in)
                                         clk (net)
                  0.00    0.00    0.00 ^ clkbuf_0_clk/A (sky130_fd_sc_hd__clkbuf_16)
     4    0.05    0.07    0.13    0.13 ^ clkbuf_0_clk/X (sky130_fd_sc_hd__clkbuf_16)
                                         clknet_0_clk (net)
                  0.07    0.00    0.13 ^ clkbuf_2_3__f_clk/A (sky130_fd_sc_hd__clkbuf_16)
     9    0.03    0.05    0.14    0.27 ^ clkbuf_2_3__f_clk/X (sky130_fd_sc_hd__clkbuf_16)
                                         clknet_2_3__leaf_clk (net)
                  0.05    0.00    0.27 ^ _342_/CLK (sky130_fd_sc_hd__dfrtp_4)
     5    0.03    0.10    0.53    0.80 v _342_/Q (sky130_fd_sc_hd__dfrtp_4)
                                         one_second_counter[12] (net)
                  0.10    0.00    0.80 v _180_/C (sky130_fd_sc_hd__and4_1)
     2    0.02    0.10    0.27    1.07 v _180_/X (sky130_fd_sc_hd__and4_1)
                                         _078_ (net)
                  0.10    0.00    1.07 v _181_/D (sky130_fd_sc_hd__or4_1)
     1    0.01    0.10    0.44    1.51 v _181_/X (sky130_fd_sc_hd__or4_1)
                                         _079_ (net)
                  0.10    0.00    1.51 v _184_/A3 (sky130_fd_sc_hd__o31a_1)
     1    0.01    0.10    0.31    1.82 v _184_/X (sky130_fd_sc_hd__o31a_1)
                                         _082_ (net)
                  0.10    0.00    1.83 v _186_/A2 (sky130_fd_sc_hd__o211ai_4)
     2    0.02    0.22    0.24    2.06 ^ _186_/Y (sky130_fd_sc_hd__o211ai_4)
                                         _084_ (net)
                  0.22    0.00    2.06 ^ _187_/A2 (sky130_fd_sc_hd__a21bo_2)
     9    0.05    0.28    0.35    2.41 ^ _187_/X (sky130_fd_sc_hd__a21bo_2)
                                         _085_ (net)
                  0.28    0.00    2.41 ^ _188_/A (sky130_fd_sc_hd__inv_2)
     2    0.02    0.09    0.12    2.53 v _188_/Y (sky130_fd_sc_hd__inv_2)
                                         _086_ (net)
                  0.09    0.00    2.53 v _189_/A (sky130_fd_sc_hd__clkbuf_4)
    10    0.07    0.14    0.25    2.78 v _189_/X (sky130_fd_sc_hd__clkbuf_4)
                                         _027_ (net)
                  0.14    0.00    2.78 v _252_/A (sky130_fd_sc_hd__nor2_1)
     1    0.01    0.26    0.27    3.05 ^ _252_/Y (sky130_fd_sc_hd__nor2_1)
                                         _008_ (net)
                  0.26    0.00    3.05 ^ _347_/D (sky130_fd_sc_hd__dfrtp_4)
                                  3.05   data arrival time

                         10.00   10.00   clock core_clock (rise edge)
                          0.00   10.00   clock source latency
     1    0.02    0.00    0.00   10.00 ^ clk (in)
                                         clk (net)
                  0.00    0.00   10.00 ^ clkbuf_0_clk/A (sky130_fd_sc_hd__clkbuf_16)
     4    0.05    0.07    0.13   10.13 ^ clkbuf_0_clk/X (sky130_fd_sc_hd__clkbuf_16)
                                         clknet_0_clk (net)
                  0.07    0.00   10.13 ^ clkbuf_2_3__f_clk/A (sky130_fd_sc_hd__clkbuf_16)
     9    0.03    0.05    0.14   10.27 ^ clkbuf_2_3__f_clk/X (sky130_fd_sc_hd__clkbuf_16)
                                         clknet_2_3__leaf_clk (net)
                  0.05    0.00   10.27 ^ _347_/CLK (sky130_fd_sc_hd__dfrtp_4)
                          0.00   10.27   clock reconvergence pessimism
                         -0.11   10.16   library setup time
                                 10.16   data required time
-----------------------------------------------------------------------------
                                 10.16   data required time
                                 -3.05   data arrival time
-----------------------------------------------------------------------------
                                  7.11   slack (MET)


Startpoint: _342_ (rising edge-triggered flip-flop clocked by core_clock)
Endpoint: _340_ (rising edge-triggered flip-flop clocked by core_clock)
Path Group: core_clock
Path Type: max
Corner: Typical

Fanout     Cap    Slew   Delay    Time   Description
-----------------------------------------------------------------------------
                          0.00    0.00   clock core_clock (rise edge)
                          0.00    0.00   clock source latency
     1    0.02    0.00    0.00    0.00 ^ clk (in)
                                         clk (net)
                  0.00    0.00    0.00 ^ clkbuf_0_clk/A (sky130_fd_sc_hd__clkbuf_16)
     4    0.05    0.07    0.13    0.13 ^ clkbuf_0_clk/X (sky130_fd_sc_hd__clkbuf_16)
                                         clknet_0_clk (net)
                  0.07    0.00    0.13 ^ clkbuf_2_3__f_clk/A (sky130_fd_sc_hd__clkbuf_16)
     9    0.03    0.05    0.14    0.27 ^ clkbuf_2_3__f_clk/X (sky130_fd_sc_hd__clkbuf_16)
                                         clknet_2_3__leaf_clk (net)
                  0.05    0.00    0.27 ^ _342_/CLK (sky130_fd_sc_hd__dfrtp_4)
     5    0.03    0.10    0.53    0.80 v _342_/Q (sky130_fd_sc_hd__dfrtp_4)
                                         one_second_counter[12] (net)
                  0.10    0.00    0.80 v _180_/C (sky130_fd_sc_hd__and4_1)
     2    0.02    0.10    0.27    1.07 v _180_/X (sky130_fd_sc_hd__and4_1)
                                         _078_ (net)
                  0.10    0.00    1.07 v _181_/D (sky130_fd_sc_hd__or4_1)
     1    0.01    0.10    0.44    1.51 v _181_/X (sky130_fd_sc_hd__or4_1)
                                         _079_ (net)
                  0.10    0.00    1.51 v _184_/A3 (sky130_fd_sc_hd__o31a_1)
     1    0.01    0.10    0.31    1.82 v _184_/X (sky130_fd_sc_hd__o31a_1)
                                         _082_ (net)
                  0.10    0.00    1.83 v _186_/A2 (sky130_fd_sc_hd__o211ai_4)
     2    0.02    0.22    0.24    2.06 ^ _186_/Y (sky130_fd_sc_hd__o211ai_4)
                                         _084_ (net)
                  0.22    0.00    2.06 ^ _187_/A2 (sky130_fd_sc_hd__a21bo_2)
     9    0.05    0.28    0.35    2.41 ^ _187_/X (sky130_fd_sc_hd__a21bo_2)
                                         _085_ (net)
                  0.28    0.00    2.41 ^ _202_/A (sky130_fd_sc_hd__buf_2)
    10    0.05    0.23    0.31    2.72 ^ _202_/X (sky130_fd_sc_hd__buf_2)
                                         _095_ (net)
                  0.23    0.00    2.72 ^ _225_/A (sky130_fd_sc_hd__and3_1)
     1    0.01    0.09    0.22    2.94 ^ _225_/X (sky130_fd_sc_hd__and3_1)
                                         _112_ (net)
                  0.09    0.00    2.94 ^ _226_/A (sky130_fd_sc_hd__clkbuf_1)
     1    0.01    0.11    0.14    3.08 ^ _226_/X (sky130_fd_sc_hd__clkbuf_1)
                                         _001_ (net)
                  0.11    0.00    3.08 ^ _340_/D (sky130_fd_sc_hd__dfrtp_4)
                                  3.08   data arrival time

                         10.00   10.00   clock core_clock (rise edge)
                          0.00   10.00   clock source latency
     1    0.02    0.00    0.00   10.00 ^ clk (in)
                                         clk (net)
                  0.00    0.00   10.00 ^ clkbuf_0_clk/A (sky130_fd_sc_hd__clkbuf_16)
     4    0.05    0.07    0.13   10.13 ^ clkbuf_0_clk/X (sky130_fd_sc_hd__clkbuf_16)
                                         clknet_0_clk (net)
                  0.07    0.00   10.13 ^ clkbuf_2_2__f_clk/A (sky130_fd_sc_hd__clkbuf_16)
     7    0.03    0.05    0.14   10.27 ^ clkbuf_2_2__f_clk/X (sky130_fd_sc_hd__clkbuf_16)
                                         clknet_2_2__leaf_clk (net)
                  0.05    0.00   10.27 ^ _340_/CLK (sky130_fd_sc_hd__dfrtp_4)
                          0.00   10.27   clock reconvergence pessimism
                         -0.08   10.20   library setup time
                                 10.20   data required time
-----------------------------------------------------------------------------
                                 10.20   data required time
                                 -3.08   data arrival time
-----------------------------------------------------------------------------
                                  7.11   slack (MET)


Startpoint: _342_ (rising edge-triggered flip-flop clocked by core_clock)
Endpoint: _339_ (rising edge-triggered flip-flop clocked by core_clock)
Path Group: core_clock
Path Type: max
Corner: Typical

Fanout     Cap    Slew   Delay    Time   Description
-----------------------------------------------------------------------------
                          0.00    0.00   clock core_clock (rise edge)
                          0.00    0.00   clock source latency
     1    0.02    0.00    0.00    0.00 ^ clk (in)
                                         clk (net)
                  0.00    0.00    0.00 ^ clkbuf_0_clk/A (sky130_fd_sc_hd__clkbuf_16)
     4    0.05    0.07    0.13    0.13 ^ clkbuf_0_clk/X (sky130_fd_sc_hd__clkbuf_16)
                                         clknet_0_clk (net)
                  0.07    0.00    0.13 ^ clkbuf_2_3__f_clk/A (sky130_fd_sc_hd__clkbuf_16)
     9    0.03    0.05    0.14    0.27 ^ clkbuf_2_3__f_clk/X (sky130_fd_sc_hd__clkbuf_16)
                                         clknet_2_3__leaf_clk (net)
                  0.05    0.00    0.27 ^ _342_/CLK (sky130_fd_sc_hd__dfrtp_4)
     5    0.03    0.10    0.53    0.80 v _342_/Q (sky130_fd_sc_hd__dfrtp_4)
                                         one_second_counter[12] (net)
                  0.10    0.00    0.80 v _180_/C (sky130_fd_sc_hd__and4_1)
     2    0.02    0.10    0.27    1.07 v _180_/X (sky130_fd_sc_hd__and4_1)
                                         _078_ (net)
                  0.10    0.00    1.07 v _181_/D (sky130_fd_sc_hd__or4_1)
     1    0.01    0.10    0.44    1.51 v _181_/X (sky130_fd_sc_hd__or4_1)
                                         _079_ (net)
                  0.10    0.00    1.51 v _184_/A3 (sky130_fd_sc_hd__o31a_1)
     1    0.01    0.10    0.31    1.82 v _184_/X (sky130_fd_sc_hd__o31a_1)
                                         _082_ (net)
                  0.10    0.00    1.83 v _186_/A2 (sky130_fd_sc_hd__o211ai_4)
     2    0.02    0.22    0.24    2.06 ^ _186_/Y (sky130_fd_sc_hd__o211ai_4)
                                         _084_ (net)
                  0.22    0.00    2.06 ^ _187_/A2 (sky130_fd_sc_hd__a21bo_2)
     9    0.05    0.28    0.35    2.41 ^ _187_/X (sky130_fd_sc_hd__a21bo_2)
                                         _085_ (net)
                  0.28    0.00    2.41 ^ _188_/A (sky130_fd_sc_hd__inv_2)
     2    0.02    0.09    0.12    2.53 v _188_/Y (sky130_fd_sc_hd__inv_2)
                                         _086_ (net)
                  0.09    0.00    2.53 v _189_/A (sky130_fd_sc_hd__clkbuf_4)
    10    0.07    0.14    0.25    2.78 v _189_/X (sky130_fd_sc_hd__clkbuf_4)
                                         _027_ (net)
                  0.14    0.00    2.78 v _222_/A (sky130_fd_sc_hd__nor3_1)
     1    0.01    0.21    0.26    3.05 ^ _222_/Y (sky130_fd_sc_hd__nor3_1)
                                         _026_ (net)
                  0.21    0.00    3.05 ^ _339_/D (sky130_fd_sc_hd__dfrtp_1)
                                  3.05   data arrival time

                         10.00   10.00   clock core_clock (rise edge)
                          0.00   10.00   clock source latency
     1    0.02    0.00    0.00   10.00 ^ clk (in)
                                         clk (net)
                  0.00    0.00   10.00 ^ clkbuf_0_clk/A (sky130_fd_sc_hd__clkbuf_16)
     4    0.05    0.07    0.13   10.13 ^ clkbuf_0_clk/X (sky130_fd_sc_hd__clkbuf_16)
                                         clknet_0_clk (net)
                  0.07    0.00   10.13 ^ clkbuf_2_0__f_clk/A (sky130_fd_sc_hd__clkbuf_16)
     9    0.03    0.06    0.15   10.28 ^ clkbuf_2_0__f_clk/X (sky130_fd_sc_hd__clkbuf_16)
                                         clknet_2_0__leaf_clk (net)
                  0.06    0.00   10.28 ^ _339_/CLK (sky130_fd_sc_hd__dfrtp_1)
                          0.00   10.28   clock reconvergence pessimism
                         -0.10   10.18   library setup time
                                 10.18   data required time
-----------------------------------------------------------------------------
                                 10.18   data required time
                                 -3.05   data arrival time
-----------------------------------------------------------------------------
                                  7.13   slack (MET)


Startpoint: _342_ (rising edge-triggered flip-flop clocked by core_clock)
Endpoint: _343_ (rising edge-triggered flip-flop clocked by core_clock)
Path Group: core_clock
Path Type: max
Corner: Typical

Fanout     Cap    Slew   Delay    Time   Description
-----------------------------------------------------------------------------
                          0.00    0.00   clock core_clock (rise edge)
                          0.00    0.00   clock source latency
     1    0.02    0.00    0.00    0.00 ^ clk (in)
                                         clk (net)
                  0.00    0.00    0.00 ^ clkbuf_0_clk/A (sky130_fd_sc_hd__clkbuf_16)
     4    0.05    0.07    0.13    0.13 ^ clkbuf_0_clk/X (sky130_fd_sc_hd__clkbuf_16)
                                         clknet_0_clk (net)
                  0.07    0.00    0.13 ^ clkbuf_2_3__f_clk/A (sky130_fd_sc_hd__clkbuf_16)
     9    0.03    0.05    0.14    0.27 ^ clkbuf_2_3__f_clk/X (sky130_fd_sc_hd__clkbuf_16)
                                         clknet_2_3__leaf_clk (net)
                  0.05    0.00    0.27 ^ _342_/CLK (sky130_fd_sc_hd__dfrtp_4)
     5    0.03    0.10    0.53    0.80 v _342_/Q (sky130_fd_sc_hd__dfrtp_4)
                                         one_second_counter[12] (net)
                  0.10    0.00    0.80 v _180_/C (sky130_fd_sc_hd__and4_1)
     2    0.02    0.10    0.27    1.07 v _180_/X (sky130_fd_sc_hd__and4_1)
                                         _078_ (net)
                  0.10    0.00    1.07 v _181_/D (sky130_fd_sc_hd__or4_1)
     1    0.01    0.10    0.44    1.51 v _181_/X (sky130_fd_sc_hd__or4_1)
                                         _079_ (net)
                  0.10    0.00    1.51 v _184_/A3 (sky130_fd_sc_hd__o31a_1)
     1    0.01    0.10    0.31    1.82 v _184_/X (sky130_fd_sc_hd__o31a_1)
                                         _082_ (net)
                  0.10    0.00    1.83 v _186_/A2 (sky130_fd_sc_hd__o211ai_4)
     2    0.02    0.22    0.24    2.06 ^ _186_/Y (sky130_fd_sc_hd__o211ai_4)
                                         _084_ (net)
                  0.22    0.00    2.06 ^ _187_/A2 (sky130_fd_sc_hd__a21bo_2)
     9    0.05    0.28    0.35    2.41 ^ _187_/X (sky130_fd_sc_hd__a21bo_2)
                                         _085_ (net)
                  0.28    0.00    2.41 ^ _202_/A (sky130_fd_sc_hd__buf_2)
    10    0.05    0.23    0.31    2.72 ^ _202_/X (sky130_fd_sc_hd__buf_2)
                                         _095_ (net)
                  0.23    0.00    2.72 ^ _236_/A (sky130_fd_sc_hd__and3_1)
     1    0.01    0.12    0.24    2.97 ^ _236_/X (sky130_fd_sc_hd__and3_1)
                                         _120_ (net)
                  0.12    0.00    2.97 ^ _237_/A (sky130_fd_sc_hd__clkbuf_1)
     1    0.00    0.04    0.10    3.06 ^ _237_/X (sky130_fd_sc_hd__clkbuf_1)
                                         _004_ (net)
                  0.04    0.00    3.06 ^ _343_/D (sky130_fd_sc_hd__dfrtp_2)
                                  3.06   data arrival time

                         10.00   10.00   clock core_clock (rise edge)
                          0.00   10.00   clock source latency
     1    0.02    0.00    0.00   10.00 ^ clk (in)
                                         clk (net)
                  0.00    0.00   10.00 ^ clkbuf_0_clk/A (sky130_fd_sc_hd__clkbuf_16)
     4    0.05    0.07    0.13   10.13 ^ clkbuf_0_clk/X (sky130_fd_sc_hd__clkbuf_16)
                                         clknet_0_clk (net)
                  0.07    0.00   10.13 ^ clkbuf_2_2__f_clk/A (sky130_fd_sc_hd__clkbuf_16)
     7    0.03    0.05    0.14   10.27 ^ clkbuf_2_2__f_clk/X (sky130_fd_sc_hd__clkbuf_16)
                                         clknet_2_2__leaf_clk (net)
                  0.05    0.00   10.27 ^ _343_/CLK (sky130_fd_sc_hd__dfrtp_2)
                          0.00   10.27   clock reconvergence pessimism
                         -0.06   10.21   library setup time
                                 10.21   data required time
-----------------------------------------------------------------------------
                                 10.21   data required time
                                 -3.06   data arrival time
-----------------------------------------------------------------------------
                                  7.15   slack (MET)


Startpoint: _330_ (rising edge-triggered flip-flop clocked by core_clock)
Endpoint: _356_ (rising edge-triggered flip-flop clocked by core_clock)
Path Group: core_clock
Path Type: max
Corner: Typical

Fanout     Cap    Slew   Delay    Time   Description
-----------------------------------------------------------------------------
                          0.00    0.00   clock core_clock (rise edge)
                          0.00    0.00   clock source latency
     1    0.02    0.00    0.00    0.00 ^ clk (in)
                                         clk (net)
                  0.00    0.00    0.00 ^ clkbuf_0_clk/A (sky130_fd_sc_hd__clkbuf_16)
     4    0.05    0.07    0.13    0.13 ^ clkbuf_0_clk/X (sky130_fd_sc_hd__clkbuf_16)
                                         clknet_0_clk (net)
                  0.07    0.00    0.13 ^ clkbuf_2_3__f_clk/A (sky130_fd_sc_hd__clkbuf_16)
     9    0.03    0.05    0.14    0.27 ^ clkbuf_2_3__f_clk/X (sky130_fd_sc_hd__clkbuf_16)
                                         clknet_2_3__leaf_clk (net)
                  0.05    0.00    0.27 ^ _330_/CLK (sky130_fd_sc_hd__dfrtp_4)
     7    0.05    0.16    0.50    0.77 ^ _330_/Q (sky130_fd_sc_hd__dfrtp_4)
                                         one_second_counter[0] (net)
                  0.16    0.00    0.78 ^ _177_/D (sky130_fd_sc_hd__and4_4)
     8    0.06    0.18    0.37    1.14 ^ _177_/X (sky130_fd_sc_hd__and4_4)
                                         _075_ (net)
                  0.18    0.00    1.15 ^ _221_/C (sky130_fd_sc_hd__and4_2)
     6    0.04    0.22    0.39    1.54 ^ _221_/X (sky130_fd_sc_hd__and4_2)
                                         _109_ (net)
                  0.22    0.00    1.54 ^ _244_/D (sky130_fd_sc_hd__and4_1)
     2    0.03    0.31    0.42    1.96 ^ _244_/X (sky130_fd_sc_hd__and4_1)
                                         _126_ (net)
                  0.31    0.00    1.96 ^ _245_/A (sky130_fd_sc_hd__clkbuf_4)
    10    0.06    0.19    0.33    2.29 ^ _245_/X (sky130_fd_sc_hd__clkbuf_4)
                                         _127_ (net)
                  0.19    0.00    2.30 ^ _277_/B (sky130_fd_sc_hd__and3_2)
     4    0.04    0.20    0.34    2.64 ^ _277_/X (sky130_fd_sc_hd__and3_2)
                                         _150_ (net)
                  0.20    0.00    2.64 ^ _283_/B1 (sky130_fd_sc_hd__a21o_1)
     1    0.02    0.16    0.20    2.84 ^ _283_/X (sky130_fd_sc_hd__a21o_1)
                                         _154_ (net)
                  0.16    0.00    2.84 ^ _284_/C1 (sky130_fd_sc_hd__o211a_1)
     1    0.01    0.09    0.20    3.04 ^ _284_/X (sky130_fd_sc_hd__o211a_1)
                                         _018_ (net)
                  0.09    0.00    3.04 ^ _356_/D (sky130_fd_sc_hd__dfrtp_1)
                                  3.04   data arrival time

                         10.00   10.00   clock core_clock (rise edge)
                          0.00   10.00   clock source latency
     1    0.02    0.00    0.00   10.00 ^ clk (in)
                                         clk (net)
                  0.00    0.00   10.00 ^ clkbuf_0_clk/A (sky130_fd_sc_hd__clkbuf_16)
     4    0.05    0.07    0.13   10.13 ^ clkbuf_0_clk/X (sky130_fd_sc_hd__clkbuf_16)
                                         clknet_0_clk (net)
                  0.07    0.00   10.13 ^ clkbuf_2_0__f_clk/A (sky130_fd_sc_hd__clkbuf_16)
     9    0.03    0.06    0.15   10.28 ^ clkbuf_2_0__f_clk/X (sky130_fd_sc_hd__clkbuf_16)
                                         clknet_2_0__leaf_clk (net)
                  0.06    0.00   10.28 ^ _356_/CLK (sky130_fd_sc_hd__dfrtp_1)
                          0.00   10.28   clock reconvergence pessimism
                         -0.07   10.21   library setup time
                                 10.21   data required time
-----------------------------------------------------------------------------
                                 10.21   data required time
                                 -3.04   data arrival time
-----------------------------------------------------------------------------
                                  7.17   slack (MET)


Startpoint: _342_ (rising edge-triggered flip-flop clocked by core_clock)
Endpoint: _331_ (rising edge-triggered flip-flop clocked by core_clock)
Path Group: core_clock
Path Type: max
Corner: Typical

Fanout     Cap    Slew   Delay    Time   Description
-----------------------------------------------------------------------------
                          0.00    0.00   clock core_clock (rise edge)
                          0.00    0.00   clock source latency
     1    0.02    0.00    0.00    0.00 ^ clk (in)
                                         clk (net)
                  0.00    0.00    0.00 ^ clkbuf_0_clk/A (sky130_fd_sc_hd__clkbuf_16)
     4    0.05    0.07    0.13    0.13 ^ clkbuf_0_clk/X (sky130_fd_sc_hd__clkbuf_16)
                                         clknet_0_clk (net)
                  0.07    0.00    0.13 ^ clkbuf_2_3__f_clk/A (sky130_fd_sc_hd__clkbuf_16)
     9    0.03    0.05    0.14    0.27 ^ clkbuf_2_3__f_clk/X (sky130_fd_sc_hd__clkbuf_16)
                                         clknet_2_3__leaf_clk (net)
                  0.05    0.00    0.27 ^ _342_/CLK (sky130_fd_sc_hd__dfrtp_4)
     5    0.03    0.10    0.53    0.80 v _342_/Q (sky130_fd_sc_hd__dfrtp_4)
                                         one_second_counter[12] (net)
                  0.10    0.00    0.80 v _180_/C (sky130_fd_sc_hd__and4_1)
     2    0.02    0.10    0.27    1.07 v _180_/X (sky130_fd_sc_hd__and4_1)
                                         _078_ (net)
                  0.10    0.00    1.07 v _181_/D (sky130_fd_sc_hd__or4_1)
     1    0.01    0.10    0.44    1.51 v _181_/X (sky130_fd_sc_hd__or4_1)
                                         _079_ (net)
                  0.10    0.00    1.51 v _184_/A3 (sky130_fd_sc_hd__o31a_1)
     1    0.01    0.10    0.31    1.82 v _184_/X (sky130_fd_sc_hd__o31a_1)
                                         _082_ (net)
                  0.10    0.00    1.83 v _186_/A2 (sky130_fd_sc_hd__o211ai_4)
     2    0.02    0.22    0.24    2.06 ^ _186_/Y (sky130_fd_sc_hd__o211ai_4)
                                         _084_ (net)
                  0.22    0.00    2.06 ^ _187_/A2 (sky130_fd_sc_hd__a21bo_2)
     9    0.05    0.28    0.35    2.41 ^ _187_/X (sky130_fd_sc_hd__a21bo_2)
                                         _085_ (net)
                  0.28    0.00    2.41 ^ _193_/B (sky130_fd_sc_hd__and3_1)
     1    0.02    0.24    0.35    2.76 ^ _193_/X (sky130_fd_sc_hd__and3_1)
                                         _089_ (net)
                  0.24    0.00    2.76 ^ _194_/A (sky130_fd_sc_hd__buf_1)
     1    0.01    0.14    0.19    2.95 ^ _194_/X (sky130_fd_sc_hd__buf_1)
                                         _011_ (net)
                  0.14    0.00    2.95 ^ _331_/D (sky130_fd_sc_hd__dfrtp_4)
                                  2.95   data arrival time

                         10.00   10.00   clock core_clock (rise edge)
                          0.00   10.00   clock source latency
     1    0.02    0.00    0.00   10.00 ^ clk (in)
                                         clk (net)
                  0.00    0.00   10.00 ^ clkbuf_0_clk/A (sky130_fd_sc_hd__clkbuf_16)
     4    0.05    0.07    0.13   10.13 ^ clkbuf_0_clk/X (sky130_fd_sc_hd__clkbuf_16)
                                         clknet_0_clk (net)
                  0.07    0.00   10.13 ^ clkbuf_2_0__f_clk/A (sky130_fd_sc_hd__clkbuf_16)
     9    0.03    0.06    0.15   10.28 ^ clkbuf_2_0__f_clk/X (sky130_fd_sc_hd__clkbuf_16)
                                         clknet_2_0__leaf_clk (net)
                  0.06    0.00   10.28 ^ _331_/CLK (sky130_fd_sc_hd__dfrtp_4)
                          0.00   10.28   clock reconvergence pessimism
                         -0.09   10.19   library setup time
                                 10.19   data required time
-----------------------------------------------------------------------------
                                 10.19   data required time
                                 -2.95   data arrival time
-----------------------------------------------------------------------------
                                  7.24   slack (MET)


Startpoint: _342_ (rising edge-triggered flip-flop clocked by core_clock)
Endpoint: _348_ (rising edge-triggered flip-flop clocked by core_clock)
Path Group: core_clock
Path Type: max
Corner: Typical

Fanout     Cap    Slew   Delay    Time   Description
-----------------------------------------------------------------------------
                          0.00    0.00   clock core_clock (rise edge)
                          0.00    0.00   clock source latency
     1    0.02    0.00    0.00    0.00 ^ clk (in)
                                         clk (net)
                  0.00    0.00    0.00 ^ clkbuf_0_clk/A (sky130_fd_sc_hd__clkbuf_16)
     4    0.05    0.07    0.13    0.13 ^ clkbuf_0_clk/X (sky130_fd_sc_hd__clkbuf_16)
                                         clknet_0_clk (net)
                  0.07    0.00    0.13 ^ clkbuf_2_3__f_clk/A (sky130_fd_sc_hd__clkbuf_16)
     9    0.03    0.05    0.14    0.27 ^ clkbuf_2_3__f_clk/X (sky130_fd_sc_hd__clkbuf_16)
                                         clknet_2_3__leaf_clk (net)
                  0.05    0.00    0.27 ^ _342_/CLK (sky130_fd_sc_hd__dfrtp_4)
     5    0.03    0.10    0.53    0.80 v _342_/Q (sky130_fd_sc_hd__dfrtp_4)
                                         one_second_counter[12] (net)
                  0.10    0.00    0.80 v _180_/C (sky130_fd_sc_hd__and4_1)
     2    0.02    0.10    0.27    1.07 v _180_/X (sky130_fd_sc_hd__and4_1)
                                         _078_ (net)
                  0.10    0.00    1.07 v _181_/D (sky130_fd_sc_hd__or4_1)
     1    0.01    0.10    0.44    1.51 v _181_/X (sky130_fd_sc_hd__or4_1)
                                         _079_ (net)
                  0.10    0.00    1.51 v _184_/A3 (sky130_fd_sc_hd__o31a_1)
     1    0.01    0.10    0.31    1.82 v _184_/X (sky130_fd_sc_hd__o31a_1)
                                         _082_ (net)
                  0.10    0.00    1.83 v _186_/A2 (sky130_fd_sc_hd__o211ai_4)
     2    0.02    0.22    0.24    2.06 ^ _186_/Y (sky130_fd_sc_hd__o211ai_4)
                                         _084_ (net)
                  0.22    0.00    2.06 ^ _187_/A2 (sky130_fd_sc_hd__a21bo_2)
     9    0.05    0.28    0.35    2.41 ^ _187_/X (sky130_fd_sc_hd__a21bo_2)
                                         _085_ (net)
                  0.28    0.00    2.41 ^ _202_/A (sky130_fd_sc_hd__buf_2)
    10    0.05    0.23    0.31    2.72 ^ _202_/X (sky130_fd_sc_hd__buf_2)
                                         _095_ (net)
                  0.23    0.00    2.72 ^ _255_/C1 (sky130_fd_sc_hd__o211a_1)
     1    0.01    0.11    0.23    2.96 ^ _255_/X (sky130_fd_sc_hd__o211a_1)
                                         _009_ (net)
                  0.11    0.00    2.96 ^ _348_/D (sky130_fd_sc_hd__dfrtp_4)
                                  2.96   data arrival time

                         10.00   10.00   clock core_clock (rise edge)
                          0.00   10.00   clock source latency
     1    0.02    0.00    0.00   10.00 ^ clk (in)
                                         clk (net)
                  0.00    0.00   10.00 ^ clkbuf_0_clk/A (sky130_fd_sc_hd__clkbuf_16)
     4    0.05    0.07    0.13   10.13 ^ clkbuf_0_clk/X (sky130_fd_sc_hd__clkbuf_16)
                                         clknet_0_clk (net)
                  0.07    0.00   10.13 ^ clkbuf_2_1__f_clk/A (sky130_fd_sc_hd__clkbuf_16)
    10    0.03    0.05    0.14   10.28 ^ clkbuf_2_1__f_clk/X (sky130_fd_sc_hd__clkbuf_16)
                                         clknet_2_1__leaf_clk (net)
                  0.05    0.00   10.28 ^ _348_/CLK (sky130_fd_sc_hd__dfrtp_4)
                          0.00   10.28   clock reconvergence pessimism
                         -0.08   10.20   library setup time
                                 10.20   data required time
-----------------------------------------------------------------------------
                                 10.20   data required time
                                 -2.96   data arrival time
-----------------------------------------------------------------------------
                                  7.24   slack (MET)


Startpoint: _342_ (rising edge-triggered flip-flop clocked by core_clock)
Endpoint: _332_ (rising edge-triggered flip-flop clocked by core_clock)
Path Group: core_clock
Path Type: max
Corner: Typical

Fanout     Cap    Slew   Delay    Time   Description
-----------------------------------------------------------------------------
                          0.00    0.00   clock core_clock (rise edge)
                          0.00    0.00   clock source latency
     1    0.02    0.00    0.00    0.00 ^ clk (in)
                                         clk (net)
                  0.00    0.00    0.00 ^ clkbuf_0_clk/A (sky130_fd_sc_hd__clkbuf_16)
     4    0.05    0.07    0.13    0.13 ^ clkbuf_0_clk/X (sky130_fd_sc_hd__clkbuf_16)
                                         clknet_0_clk (net)
                  0.07    0.00    0.13 ^ clkbuf_2_3__f_clk/A (sky130_fd_sc_hd__clkbuf_16)
     9    0.03    0.05    0.14    0.27 ^ clkbuf_2_3__f_clk/X (sky130_fd_sc_hd__clkbuf_16)
                                         clknet_2_3__leaf_clk (net)
                  0.05    0.00    0.27 ^ _342_/CLK (sky130_fd_sc_hd__dfrtp_4)
     5    0.03    0.10    0.53    0.80 v _342_/Q (sky130_fd_sc_hd__dfrtp_4)
                                         one_second_counter[12] (net)
                  0.10    0.00    0.80 v _180_/C (sky130_fd_sc_hd__and4_1)
     2    0.02    0.10    0.27    1.07 v _180_/X (sky130_fd_sc_hd__and4_1)
                                         _078_ (net)
                  0.10    0.00    1.07 v _181_/D (sky130_fd_sc_hd__or4_1)
     1    0.01    0.10    0.44    1.51 v _181_/X (sky130_fd_sc_hd__or4_1)
                                         _079_ (net)
                  0.10    0.00    1.51 v _184_/A3 (sky130_fd_sc_hd__o31a_1)
     1    0.01    0.10    0.31    1.82 v _184_/X (sky130_fd_sc_hd__o31a_1)
                                         _082_ (net)
                  0.10    0.00    1.83 v _186_/A2 (sky130_fd_sc_hd__o211ai_4)
     2    0.02    0.22    0.24    2.06 ^ _186_/Y (sky130_fd_sc_hd__o211ai_4)
                                         _084_ (net)
                  0.22    0.00    2.06 ^ _187_/A2 (sky130_fd_sc_hd__a21bo_2)
     9    0.05    0.28    0.35    2.41 ^ _187_/X (sky130_fd_sc_hd__a21bo_2)
                                         _085_ (net)
                  0.28    0.00    2.41 ^ _197_/B (sky130_fd_sc_hd__and3_1)
     1    0.01    0.09    0.24    2.65 ^ _197_/X (sky130_fd_sc_hd__and3_1)
                                         _092_ (net)
                  0.09    0.00    2.65 ^ _198_/A (sky130_fd_sc_hd__buf_1)
     2    0.02    0.28    0.26    2.90 ^ _198_/X (sky130_fd_sc_hd__buf_1)
                                         _019_ (net)
                  0.28    0.00    2.90 ^ _332_/D (sky130_fd_sc_hd__dfrtp_4)
                                  2.90   data arrival time

                         10.00   10.00   clock core_clock (rise edge)
                          0.00   10.00   clock source latency
     1    0.02    0.00    0.00   10.00 ^ clk (in)
                                         clk (net)
                  0.00    0.00   10.00 ^ clkbuf_0_clk/A (sky130_fd_sc_hd__clkbuf_16)
     4    0.05    0.07    0.13   10.13 ^ clkbuf_0_clk/X (sky130_fd_sc_hd__clkbuf_16)
                                         clknet_0_clk (net)
                  0.07    0.00   10.13 ^ clkbuf_2_1__f_clk/A (sky130_fd_sc_hd__clkbuf_16)
    10    0.03    0.05    0.14   10.28 ^ clkbuf_2_1__f_clk/X (sky130_fd_sc_hd__clkbuf_16)
                                         clknet_2_1__leaf_clk (net)
                  0.05    0.00   10.28 ^ _332_/CLK (sky130_fd_sc_hd__dfrtp_4)
                          0.00   10.28   clock reconvergence pessimism
                         -0.12   10.16   library setup time
                                 10.16   data required time
-----------------------------------------------------------------------------
                                 10.16   data required time
                                 -2.90   data arrival time
-----------------------------------------------------------------------------
                                  7.26   slack (MET)


Startpoint: _342_ (rising edge-triggered flip-flop clocked by core_clock)
Endpoint: _338_ (rising edge-triggered flip-flop clocked by core_clock)
Path Group: core_clock
Path Type: max
Corner: Typical

Fanout     Cap    Slew   Delay    Time   Description
-----------------------------------------------------------------------------
                          0.00    0.00   clock core_clock (rise edge)
                          0.00    0.00   clock source latency
     1    0.02    0.00    0.00    0.00 ^ clk (in)
                                         clk (net)
                  0.00    0.00    0.00 ^ clkbuf_0_clk/A (sky130_fd_sc_hd__clkbuf_16)
     4    0.05    0.07    0.13    0.13 ^ clkbuf_0_clk/X (sky130_fd_sc_hd__clkbuf_16)
                                         clknet_0_clk (net)
                  0.07    0.00    0.13 ^ clkbuf_2_3__f_clk/A (sky130_fd_sc_hd__clkbuf_16)
     9    0.03    0.05    0.14    0.27 ^ clkbuf_2_3__f_clk/X (sky130_fd_sc_hd__clkbuf_16)
                                         clknet_2_3__leaf_clk (net)
                  0.05    0.00    0.27 ^ _342_/CLK (sky130_fd_sc_hd__dfrtp_4)
     5    0.03    0.10    0.53    0.80 v _342_/Q (sky130_fd_sc_hd__dfrtp_4)
                                         one_second_counter[12] (net)
                  0.10    0.00    0.80 v _180_/C (sky130_fd_sc_hd__and4_1)
     2    0.02    0.10    0.27    1.07 v _180_/X (sky130_fd_sc_hd__and4_1)
                                         _078_ (net)
                  0.10    0.00    1.07 v _181_/D (sky130_fd_sc_hd__or4_1)
     1    0.01    0.10    0.44    1.51 v _181_/X (sky130_fd_sc_hd__or4_1)
                                         _079_ (net)
                  0.10    0.00    1.51 v _184_/A3 (sky130_fd_sc_hd__o31a_1)
     1    0.01    0.10    0.31    1.82 v _184_/X (sky130_fd_sc_hd__o31a_1)
                                         _082_ (net)
                  0.10    0.00    1.83 v _186_/A2 (sky130_fd_sc_hd__o211ai_4)
     2    0.02    0.22    0.24    2.06 ^ _186_/Y (sky130_fd_sc_hd__o211ai_4)
                                         _084_ (net)
                  0.22    0.00    2.06 ^ _187_/A2 (sky130_fd_sc_hd__a21bo_2)
     9    0.05    0.28    0.35    2.41 ^ _187_/X (sky130_fd_sc_hd__a21bo_2)
                                         _085_ (net)
                  0.28    0.00    2.41 ^ _218_/B (sky130_fd_sc_hd__and3_1)
     1    0.01    0.11    0.25    2.66 ^ _218_/X (sky130_fd_sc_hd__and3_1)
                                         _107_ (net)
                  0.11    0.00    2.66 ^ _219_/A (sky130_fd_sc_hd__buf_1)
     1    0.02    0.22    0.22    2.88 ^ _219_/X (sky130_fd_sc_hd__buf_1)
                                         _025_ (net)
                  0.22    0.00    2.88 ^ _338_/D (sky130_fd_sc_hd__dfrtp_4)
                                  2.88   data arrival time

                         10.00   10.00   clock core_clock (rise edge)
                          0.00   10.00   clock source latency
     1    0.02    0.00    0.00   10.00 ^ clk (in)
                                         clk (net)
                  0.00    0.00   10.00 ^ clkbuf_0_clk/A (sky130_fd_sc_hd__clkbuf_16)
     4    0.05    0.07    0.13   10.13 ^ clkbuf_0_clk/X (sky130_fd_sc_hd__clkbuf_16)
                                         clknet_0_clk (net)
                  0.07    0.00   10.13 ^ clkbuf_2_3__f_clk/A (sky130_fd_sc_hd__clkbuf_16)
     9    0.03    0.05    0.14   10.27 ^ clkbuf_2_3__f_clk/X (sky130_fd_sc_hd__clkbuf_16)
                                         clknet_2_3__leaf_clk (net)
                  0.05    0.00   10.27 ^ _338_/CLK (sky130_fd_sc_hd__dfrtp_4)
                          0.00   10.27   clock reconvergence pessimism
                         -0.10   10.17   library setup time
                                 10.17   data required time
-----------------------------------------------------------------------------
                                 10.17   data required time
                                 -2.88   data arrival time
-----------------------------------------------------------------------------
                                  7.29   slack (MET)


Startpoint: _342_ (rising edge-triggered flip-flop clocked by core_clock)
Endpoint: _337_ (rising edge-triggered flip-flop clocked by core_clock)
Path Group: core_clock
Path Type: max
Corner: Typical

Fanout     Cap    Slew   Delay    Time   Description
-----------------------------------------------------------------------------
                          0.00    0.00   clock core_clock (rise edge)
                          0.00    0.00   clock source latency
     1    0.02    0.00    0.00    0.00 ^ clk (in)
                                         clk (net)
                  0.00    0.00    0.00 ^ clkbuf_0_clk/A (sky130_fd_sc_hd__clkbuf_16)
     4    0.05    0.07    0.13    0.13 ^ clkbuf_0_clk/X (sky130_fd_sc_hd__clkbuf_16)
                                         clknet_0_clk (net)
                  0.07    0.00    0.13 ^ clkbuf_2_3__f_clk/A (sky130_fd_sc_hd__clkbuf_16)
     9    0.03    0.05    0.14    0.27 ^ clkbuf_2_3__f_clk/X (sky130_fd_sc_hd__clkbuf_16)
                                         clknet_2_3__leaf_clk (net)
                  0.05    0.00    0.27 ^ _342_/CLK (sky130_fd_sc_hd__dfrtp_4)
     5    0.03    0.10    0.53    0.80 v _342_/Q (sky130_fd_sc_hd__dfrtp_4)
                                         one_second_counter[12] (net)
                  0.10    0.00    0.80 v _180_/C (sky130_fd_sc_hd__and4_1)
     2    0.02    0.10    0.27    1.07 v _180_/X (sky130_fd_sc_hd__and4_1)
                                         _078_ (net)
                  0.10    0.00    1.07 v _181_/D (sky130_fd_sc_hd__or4_1)
     1    0.01    0.10    0.44    1.51 v _181_/X (sky130_fd_sc_hd__or4_1)
                                         _079_ (net)
                  0.10    0.00    1.51 v _184_/A3 (sky130_fd_sc_hd__o31a_1)
     1    0.01    0.10    0.31    1.82 v _184_/X (sky130_fd_sc_hd__o31a_1)
                                         _082_ (net)
                  0.10    0.00    1.83 v _186_/A2 (sky130_fd_sc_hd__o211ai_4)
     2    0.02    0.22    0.24    2.06 ^ _186_/Y (sky130_fd_sc_hd__o211ai_4)
                                         _084_ (net)
                  0.22    0.00    2.06 ^ _187_/A2 (sky130_fd_sc_hd__a21bo_2)
     9    0.05    0.28    0.35    2.41 ^ _187_/X (sky130_fd_sc_hd__a21bo_2)
                                         _085_ (net)
                  0.28    0.00    2.41 ^ _188_/A (sky130_fd_sc_hd__inv_2)
     2    0.02    0.09    0.12    2.53 v _188_/Y (sky130_fd_sc_hd__inv_2)
                                         _086_ (net)
                  0.09    0.00    2.53 v _215_/B1 (sky130_fd_sc_hd__a211oi_2)
     1    0.01    0.31    0.33    2.87 ^ _215_/Y (sky130_fd_sc_hd__a211oi_2)
                                         _024_ (net)
                  0.31    0.00    2.87 ^ _337_/D (sky130_fd_sc_hd__dfrtp_1)
                                  2.87   data arrival time

                         10.00   10.00   clock core_clock (rise edge)
                          0.00   10.00   clock source latency
     1    0.02    0.00    0.00   10.00 ^ clk (in)
                                         clk (net)
                  0.00    0.00   10.00 ^ clkbuf_0_clk/A (sky130_fd_sc_hd__clkbuf_16)
     4    0.05    0.07    0.13   10.13 ^ clkbuf_0_clk/X (sky130_fd_sc_hd__clkbuf_16)
                                         clknet_0_clk (net)
                  0.07    0.00   10.13 ^ clkbuf_2_0__f_clk/A (sky130_fd_sc_hd__clkbuf_16)
     9    0.03    0.06    0.15   10.28 ^ clkbuf_2_0__f_clk/X (sky130_fd_sc_hd__clkbuf_16)
                                         clknet_2_0__leaf_clk (net)
                  0.06    0.00   10.28 ^ _337_/CLK (sky130_fd_sc_hd__dfrtp_1)
                          0.00   10.28   clock reconvergence pessimism
                         -0.12   10.16   library setup time
                                 10.16   data required time
-----------------------------------------------------------------------------
                                 10.16   data required time
                                 -2.87   data arrival time
-----------------------------------------------------------------------------
                                  7.29   slack (MET)


Startpoint: _342_ (rising edge-triggered flip-flop clocked by core_clock)
Endpoint: _357_ (rising edge-triggered flip-flop clocked by core_clock)
Path Group: core_clock
Path Type: max
Corner: Typical

Fanout     Cap    Slew   Delay    Time   Description
-----------------------------------------------------------------------------
                          0.00    0.00   clock core_clock (rise edge)
                          0.00    0.00   clock source latency
     1    0.02    0.00    0.00    0.00 ^ clk (in)
                                         clk (net)
                  0.00    0.00    0.00 ^ clkbuf_0_clk/A (sky130_fd_sc_hd__clkbuf_16)
     4    0.05    0.07    0.13    0.13 ^ clkbuf_0_clk/X (sky130_fd_sc_hd__clkbuf_16)
                                         clknet_0_clk (net)
                  0.07    0.00    0.13 ^ clkbuf_2_3__f_clk/A (sky130_fd_sc_hd__clkbuf_16)
     9    0.03    0.05    0.14    0.27 ^ clkbuf_2_3__f_clk/X (sky130_fd_sc_hd__clkbuf_16)
                                         clknet_2_3__leaf_clk (net)
                  0.05    0.00    0.27 ^ _342_/CLK (sky130_fd_sc_hd__dfrtp_4)
     5    0.03    0.10    0.53    0.80 v _342_/Q (sky130_fd_sc_hd__dfrtp_4)
                                         one_second_counter[12] (net)
                  0.10    0.00    0.80 v _180_/C (sky130_fd_sc_hd__and4_1)
     2    0.02    0.10    0.27    1.07 v _180_/X (sky130_fd_sc_hd__and4_1)
                                         _078_ (net)
                  0.10    0.00    1.07 v _181_/D (sky130_fd_sc_hd__or4_1)
     1    0.01    0.10    0.44    1.51 v _181_/X (sky130_fd_sc_hd__or4_1)
                                         _079_ (net)
                  0.10    0.00    1.51 v _184_/A3 (sky130_fd_sc_hd__o31a_1)
     1    0.01    0.10    0.31    1.82 v _184_/X (sky130_fd_sc_hd__o31a_1)
                                         _082_ (net)
                  0.10    0.00    1.83 v _186_/A2 (sky130_fd_sc_hd__o211ai_4)
     2    0.02    0.22    0.24    2.06 ^ _186_/Y (sky130_fd_sc_hd__o211ai_4)
                                         _084_ (net)
                  0.22    0.00    2.06 ^ _187_/A2 (sky130_fd_sc_hd__a21bo_2)
     9    0.05    0.28    0.35    2.41 ^ _187_/X (sky130_fd_sc_hd__a21bo_2)
                                         _085_ (net)
                  0.28    0.00    2.41 ^ _188_/A (sky130_fd_sc_hd__inv_2)
     2    0.02    0.09    0.12    2.53 v _188_/Y (sky130_fd_sc_hd__inv_2)
                                         _086_ (net)
                  0.09    0.00    2.53 v _189_/A (sky130_fd_sc_hd__clkbuf_4)
    10    0.07    0.14    0.25    2.78 v _189_/X (sky130_fd_sc_hd__clkbuf_4)
                                         _027_ (net)
                  0.14    0.00    2.78 v _357_/D (sky130_fd_sc_hd__dfrtp_4)
                                  2.78   data arrival time

                         10.00   10.00   clock core_clock (rise edge)
                          0.00   10.00   clock source latency
     1    0.02    0.00    0.00   10.00 ^ clk (in)
                                         clk (net)
                  0.00    0.00   10.00 ^ clkbuf_0_clk/A (sky130_fd_sc_hd__clkbuf_16)
     4    0.05    0.07    0.13   10.13 ^ clkbuf_0_clk/X (sky130_fd_sc_hd__clkbuf_16)
                                         clknet_0_clk (net)
                  0.07    0.00   10.13 ^ clkbuf_2_0__f_clk/A (sky130_fd_sc_hd__clkbuf_16)
     9    0.03    0.06    0.15   10.28 ^ clkbuf_2_0__f_clk/X (sky130_fd_sc_hd__clkbuf_16)
                                         clknet_2_0__leaf_clk (net)
                  0.06    0.00   10.28 ^ _357_/CLK (sky130_fd_sc_hd__dfrtp_4)
                          0.00   10.28   clock reconvergence pessimism
                         -0.15   10.13   library setup time
                                 10.13   data required time
-----------------------------------------------------------------------------
                                 10.13   data required time
                                 -2.78   data arrival time
-----------------------------------------------------------------------------
                                  7.34   slack (MET)


Startpoint: _342_ (rising edge-triggered flip-flop clocked by core_clock)
Endpoint: _333_ (rising edge-triggered flip-flop clocked by core_clock)
Path Group: core_clock
Path Type: max
Corner: Typical

Fanout     Cap    Slew   Delay    Time   Description
-----------------------------------------------------------------------------
                          0.00    0.00   clock core_clock (rise edge)
                          0.00    0.00   clock source latency
     1    0.02    0.00    0.00    0.00 ^ clk (in)
                                         clk (net)
                  0.00    0.00    0.00 ^ clkbuf_0_clk/A (sky130_fd_sc_hd__clkbuf_16)
     4    0.05    0.07    0.13    0.13 ^ clkbuf_0_clk/X (sky130_fd_sc_hd__clkbuf_16)
                                         clknet_0_clk (net)
                  0.07    0.00    0.13 ^ clkbuf_2_3__f_clk/A (sky130_fd_sc_hd__clkbuf_16)
     9    0.03    0.05    0.14    0.27 ^ clkbuf_2_3__f_clk/X (sky130_fd_sc_hd__clkbuf_16)
                                         clknet_2_3__leaf_clk (net)
                  0.05    0.00    0.27 ^ _342_/CLK (sky130_fd_sc_hd__dfrtp_4)
     5    0.03    0.10    0.53    0.80 v _342_/Q (sky130_fd_sc_hd__dfrtp_4)
                                         one_second_counter[12] (net)
                  0.10    0.00    0.80 v _180_/C (sky130_fd_sc_hd__and4_1)
     2    0.02    0.10    0.27    1.07 v _180_/X (sky130_fd_sc_hd__and4_1)
                                         _078_ (net)
                  0.10    0.00    1.07 v _181_/D (sky130_fd_sc_hd__or4_1)
     1    0.01    0.10    0.44    1.51 v _181_/X (sky130_fd_sc_hd__or4_1)
                                         _079_ (net)
                  0.10    0.00    1.51 v _184_/A3 (sky130_fd_sc_hd__o31a_1)
     1    0.01    0.10    0.31    1.82 v _184_/X (sky130_fd_sc_hd__o31a_1)
                                         _082_ (net)
                  0.10    0.00    1.83 v _186_/A2 (sky130_fd_sc_hd__o211ai_4)
     2    0.02    0.22    0.24    2.06 ^ _186_/Y (sky130_fd_sc_hd__o211ai_4)
                                         _084_ (net)
                  0.22    0.00    2.06 ^ _187_/A2 (sky130_fd_sc_hd__a21bo_2)
     9    0.05    0.28    0.35    2.41 ^ _187_/X (sky130_fd_sc_hd__a21bo_2)
                                         _085_ (net)
                  0.28    0.00    2.41 ^ _200_/B (sky130_fd_sc_hd__and3b_1)
     1    0.01    0.08    0.23    2.64 ^ _200_/X (sky130_fd_sc_hd__and3b_1)
                                         _094_ (net)
                  0.08    0.00    2.64 ^ _201_/A (sky130_fd_sc_hd__buf_1)
     1    0.02    0.19    0.19    2.83 ^ _201_/X (sky130_fd_sc_hd__buf_1)
                                         _020_ (net)
                  0.19    0.00    2.83 ^ _333_/D (sky130_fd_sc_hd__dfrtp_2)
                                  2.83   data arrival time

                         10.00   10.00   clock core_clock (rise edge)
                          0.00   10.00   clock source latency
     1    0.02    0.00    0.00   10.00 ^ clk (in)
                                         clk (net)
                  0.00    0.00   10.00 ^ clkbuf_0_clk/A (sky130_fd_sc_hd__clkbuf_16)
     4    0.05    0.07    0.13   10.13 ^ clkbuf_0_clk/X (sky130_fd_sc_hd__clkbuf_16)
                                         clknet_0_clk (net)
                  0.07    0.00   10.13 ^ clkbuf_2_3__f_clk/A (sky130_fd_sc_hd__clkbuf_16)
     9    0.03    0.05    0.14   10.27 ^ clkbuf_2_3__f_clk/X (sky130_fd_sc_hd__clkbuf_16)
                                         clknet_2_3__leaf_clk (net)
                  0.05    0.00   10.27 ^ _333_/CLK (sky130_fd_sc_hd__dfrtp_2)
                          0.00   10.27   clock reconvergence pessimism
                         -0.10   10.18   library setup time
                                 10.18   data required time
-----------------------------------------------------------------------------
                                 10.18   data required time
                                 -2.83   data arrival time
-----------------------------------------------------------------------------
                                  7.35   slack (MET)


Startpoint: _361_ (rising edge-triggered flip-flop clocked by core_clock)
Endpoint: _360_ (rising edge-triggered flip-flop clocked by core_clock)
Path Group: core_clock
Path Type: max
Corner: Typical

Fanout     Cap    Slew   Delay    Time   Description
-----------------------------------------------------------------------------
                          0.00    0.00   clock core_clock (rise edge)
                          0.00    0.00   clock source latency
     1    0.02    0.00    0.00    0.00 ^ clk (in)
                                         clk (net)
                  0.00    0.00    0.00 ^ clkbuf_0_clk/A (sky130_fd_sc_hd__clkbuf_16)
     4    0.05    0.07    0.13    0.13 ^ clkbuf_0_clk/X (sky130_fd_sc_hd__clkbuf_16)
                                         clknet_0_clk (net)
                  0.07    0.00    0.13 ^ clkbuf_2_1__f_clk/A (sky130_fd_sc_hd__clkbuf_16)
    10    0.03    0.05    0.14    0.28 ^ clkbuf_2_1__f_clk/X (sky130_fd_sc_hd__clkbuf_16)
                                         clknet_2_1__leaf_clk (net)
                  0.05    0.00    0.28 ^ _361_/CLK (sky130_fd_sc_hd__dfrtp_4)
     6    0.05    0.12    0.56    0.83 v _361_/Q (sky130_fd_sc_hd__dfrtp_4)
                                         decoder.digit[3] (net)
                  0.12    0.00    0.83 v _165_/A (sky130_fd_sc_hd__nor2_2)
     2    0.03    0.35    0.34    1.17 ^ _165_/Y (sky130_fd_sc_hd__nor2_2)
                                         _066_ (net)
                  0.35    0.00    1.17 ^ _166_/B (sky130_fd_sc_hd__nand2_2)
     3    0.03    0.14    0.18    1.35 v _166_/Y (sky130_fd_sc_hd__nand2_2)
                                         _067_ (net)
                  0.14    0.00    1.35 v _167_/B (sky130_fd_sc_hd__nor2_1)
     3    0.02    0.42    0.37    1.73 ^ _167_/Y (sky130_fd_sc_hd__nor2_1)
                                         _068_ (net)
                  0.42    0.00    1.73 ^ _168_/A2_N (sky130_fd_sc_hd__o2bb2a_1)
     1    0.01    0.09    0.32    2.04 v _168_/X (sky130_fd_sc_hd__o2bb2a_1)
                                         _069_ (net)
                  0.09    0.00    2.04 v _169_/B (sky130_fd_sc_hd__and2_1)
     1    0.01    0.05    0.19    2.24 v _169_/X (sky130_fd_sc_hd__and2_1)
                                         _070_ (net)
                  0.05    0.00    2.24 v _170_/A (sky130_fd_sc_hd__clkbuf_1)
     1    0.01    0.05    0.11    2.35 v _170_/X (sky130_fd_sc_hd__clkbuf_1)
                                         _062_ (net)
                  0.05    0.00    2.35 v _360_/D (sky130_fd_sc_hd__dfrtp_4)
                                  2.35   data arrival time

                         10.00   10.00   clock core_clock (rise edge)
                          0.00   10.00   clock source latency
     1    0.02    0.00    0.00   10.00 ^ clk (in)
                                         clk (net)
                  0.00    0.00   10.00 ^ clkbuf_0_clk/A (sky130_fd_sc_hd__clkbuf_16)
     4    0.05    0.07    0.13   10.13 ^ clkbuf_0_clk/X (sky130_fd_sc_hd__clkbuf_16)
                                         clknet_0_clk (net)
                  0.07    0.00   10.13 ^ clkbuf_2_2__f_clk/A (sky130_fd_sc_hd__clkbuf_16)
     7    0.03    0.05    0.14   10.27 ^ clkbuf_2_2__f_clk/X (sky130_fd_sc_hd__clkbuf_16)
                                         clknet_2_2__leaf_clk (net)
                  0.05    0.00   10.27 ^ _360_/CLK (sky130_fd_sc_hd__dfrtp_4)
                          0.00   10.27   clock reconvergence pessimism
                         -0.11   10.16   library setup time
                                 10.16   data required time
-----------------------------------------------------------------------------
                                 10.16   data required time
                                 -2.35   data arrival time
-----------------------------------------------------------------------------
                                  7.81   slack (MET)


Startpoint: _361_ (rising edge-triggered flip-flop clocked by core_clock)
Endpoint: _358_ (rising edge-triggered flip-flop clocked by core_clock)
Path Group: core_clock
Path Type: max
Corner: Typical

Fanout     Cap    Slew   Delay    Time   Description
-----------------------------------------------------------------------------
                          0.00    0.00   clock core_clock (rise edge)
                          0.00    0.00   clock source latency
     1    0.02    0.00    0.00    0.00 ^ clk (in)
                                         clk (net)
                  0.00    0.00    0.00 ^ clkbuf_0_clk/A (sky130_fd_sc_hd__clkbuf_16)
     4    0.05    0.07    0.13    0.13 ^ clkbuf_0_clk/X (sky130_fd_sc_hd__clkbuf_16)
                                         clknet_0_clk (net)
                  0.07    0.00    0.13 ^ clkbuf_2_1__f_clk/A (sky130_fd_sc_hd__clkbuf_16)
    10    0.03    0.05    0.14    0.28 ^ clkbuf_2_1__f_clk/X (sky130_fd_sc_hd__clkbuf_16)
                                         clknet_2_1__leaf_clk (net)
                  0.05    0.00    0.28 ^ _361_/CLK (sky130_fd_sc_hd__dfrtp_4)
     6    0.05    0.12    0.56    0.83 v _361_/Q (sky130_fd_sc_hd__dfrtp_4)
                                         decoder.digit[3] (net)
                  0.12    0.00    0.83 v _165_/A (sky130_fd_sc_hd__nor2_2)
     2    0.03    0.35    0.34    1.17 ^ _165_/Y (sky130_fd_sc_hd__nor2_2)
                                         _066_ (net)
                  0.35    0.00    1.17 ^ _166_/B (sky130_fd_sc_hd__nand2_2)
     3    0.03    0.14    0.18    1.35 v _166_/Y (sky130_fd_sc_hd__nand2_2)
                                         _067_ (net)
                  0.14    0.00    1.35 v _173_/A2 (sky130_fd_sc_hd__a21oi_1)
     1    0.01    0.15    0.20    1.56 ^ _173_/Y (sky130_fd_sc_hd__a21oi_1)
                                         _072_ (net)
                  0.15    0.00    1.56 ^ _174_/B1 (sky130_fd_sc_hd__a21oi_1)
     1    0.01    0.10    0.10    1.66 v _174_/Y (sky130_fd_sc_hd__a21oi_1)
                                         _060_ (net)
                  0.10    0.00    1.66 v _358_/D (sky130_fd_sc_hd__dfrtp_4)
                                  1.66   data arrival time

                         10.00   10.00   clock core_clock (rise edge)
                          0.00   10.00   clock source latency
     1    0.02    0.00    0.00   10.00 ^ clk (in)
                                         clk (net)
                  0.00    0.00   10.00 ^ clkbuf_0_clk/A (sky130_fd_sc_hd__clkbuf_16)
     4    0.05    0.07    0.13   10.13 ^ clkbuf_0_clk/X (sky130_fd_sc_hd__clkbuf_16)
                                         clknet_0_clk (net)
                  0.07    0.00   10.13 ^ clkbuf_2_1__f_clk/A (sky130_fd_sc_hd__clkbuf_16)
    10    0.03    0.05    0.14   10.28 ^ clkbuf_2_1__f_clk/X (sky130_fd_sc_hd__clkbuf_16)
                                         clknet_2_1__leaf_clk (net)
                  0.05    0.00   10.28 ^ _358_/CLK (sky130_fd_sc_hd__dfrtp_4)
                          0.00   10.28   clock reconvergence pessimism
                         -0.14   10.14   library setup time
                                 10.14   data required time
-----------------------------------------------------------------------------
                                 10.14   data required time
                                 -1.66   data arrival time
-----------------------------------------------------------------------------
                                  8.48   slack (MET)


Startpoint: _359_ (rising edge-triggered flip-flop clocked by core_clock)
Endpoint: _361_ (rising edge-triggered flip-flop clocked by core_clock)
Path Group: core_clock
Path Type: max
Corner: Typical

Fanout     Cap    Slew   Delay    Time   Description
-----------------------------------------------------------------------------
                          0.00    0.00   clock core_clock (rise edge)
                          0.00    0.00   clock source latency
     1    0.02    0.00    0.00    0.00 ^ clk (in)
                                         clk (net)
                  0.00    0.00    0.00 ^ clkbuf_0_clk/A (sky130_fd_sc_hd__clkbuf_16)
     4    0.05    0.07    0.13    0.13 ^ clkbuf_0_clk/X (sky130_fd_sc_hd__clkbuf_16)
                                         clknet_0_clk (net)
                  0.07    0.00    0.13 ^ clkbuf_2_2__f_clk/A (sky130_fd_sc_hd__clkbuf_16)
     7    0.03    0.05    0.14    0.27 ^ clkbuf_2_2__f_clk/X (sky130_fd_sc_hd__clkbuf_16)
                                         clknet_2_2__leaf_clk (net)
                  0.05    0.00    0.27 ^ _359_/CLK (sky130_fd_sc_hd__dfrtp_4)
     7    0.06    0.18    0.52    0.79 ^ _359_/Q (sky130_fd_sc_hd__dfrtp_4)
                                         decoder.digit[1] (net)
                  0.18    0.00    0.80 ^ _162_/B (sky130_fd_sc_hd__and3_2)
     3    0.03    0.18    0.32    1.11 ^ _162_/X (sky130_fd_sc_hd__and3_2)
                                         _064_ (net)
                  0.18    0.00    1.11 ^ _163_/B (sky130_fd_sc_hd__nand2_1)
     2    0.02    0.16    0.18    1.29 v _163_/Y (sky130_fd_sc_hd__nand2_1)
                                         _065_ (net)
                  0.16    0.00    1.29 v _164_/B (sky130_fd_sc_hd__xnor2_1)
     1    0.01    0.22    0.25    1.55 ^ _164_/Y (sky130_fd_sc_hd__xnor2_1)
                                         _063_ (net)
                  0.22    0.00    1.55 ^ _361_/D (sky130_fd_sc_hd__dfrtp_4)
                                  1.55   data arrival time

                         10.00   10.00   clock core_clock (rise edge)
                          0.00   10.00   clock source latency
     1    0.02    0.00    0.00   10.00 ^ clk (in)
                                         clk (net)
                  0.00    0.00   10.00 ^ clkbuf_0_clk/A (sky130_fd_sc_hd__clkbuf_16)
     4    0.05    0.07    0.13   10.13 ^ clkbuf_0_clk/X (sky130_fd_sc_hd__clkbuf_16)
                                         clknet_0_clk (net)
                  0.07    0.00   10.13 ^ clkbuf_2_1__f_clk/A (sky130_fd_sc_hd__clkbuf_16)
    10    0.03    0.05    0.14   10.28 ^ clkbuf_2_1__f_clk/X (sky130_fd_sc_hd__clkbuf_16)
                                         clknet_2_1__leaf_clk (net)
                  0.05    0.00   10.28 ^ _361_/CLK (sky130_fd_sc_hd__dfrtp_4)
                          0.00   10.28   clock reconvergence pessimism
                         -0.10   10.17   library setup time
                                 10.17   data required time
-----------------------------------------------------------------------------
                                 10.17   data required time
                                 -1.55   data arrival time
-----------------------------------------------------------------------------
                                  8.63   slack (MET)


Startpoint: _358_ (rising edge-triggered flip-flop clocked by core_clock)
Endpoint: _359_ (rising edge-triggered flip-flop clocked by core_clock)
Path Group: core_clock
Path Type: max
Corner: Typical

Fanout     Cap    Slew   Delay    Time   Description
-----------------------------------------------------------------------------
                          0.00    0.00   clock core_clock (rise edge)
                          0.00    0.00   clock source latency
     1    0.02    0.00    0.00    0.00 ^ clk (in)
                                         clk (net)
                  0.00    0.00    0.00 ^ clkbuf_0_clk/A (sky130_fd_sc_hd__clkbuf_16)
     4    0.05    0.07    0.13    0.13 ^ clkbuf_0_clk/X (sky130_fd_sc_hd__clkbuf_16)
                                         clknet_0_clk (net)
                  0.07    0.00    0.13 ^ clkbuf_2_1__f_clk/A (sky130_fd_sc_hd__clkbuf_16)
    10    0.03    0.05    0.14    0.28 ^ clkbuf_2_1__f_clk/X (sky130_fd_sc_hd__clkbuf_16)
                                         clknet_2_1__leaf_clk (net)
                  0.05    0.00    0.28 ^ _358_/CLK (sky130_fd_sc_hd__dfrtp_4)
     8    0.05    0.12    0.55    0.83 v _358_/Q (sky130_fd_sc_hd__dfrtp_4)
                                         decoder.digit[0] (net)
                  0.12    0.00    0.83 v _162_/C (sky130_fd_sc_hd__and3_2)
     3    0.03    0.10    0.32    1.15 v _162_/X (sky130_fd_sc_hd__and3_2)
                                         _064_ (net)
                  0.10    0.00    1.15 v _172_/A (sky130_fd_sc_hd__nor2_1)
     1    0.01    0.15    0.17    1.32 ^ _172_/Y (sky130_fd_sc_hd__nor2_1)
                                         _061_ (net)
                  0.15    0.00    1.32 ^ _359_/D (sky130_fd_sc_hd__dfrtp_4)
                                  1.32   data arrival time

                         10.00   10.00   clock core_clock (rise edge)
                          0.00   10.00   clock source latency
     1    0.02    0.00    0.00   10.00 ^ clk (in)
                                         clk (net)
                  0.00    0.00   10.00 ^ clkbuf_0_clk/A (sky130_fd_sc_hd__clkbuf_16)
     4    0.05    0.07    0.13   10.13 ^ clkbuf_0_clk/X (sky130_fd_sc_hd__clkbuf_16)
                                         clknet_0_clk (net)
                  0.07    0.00   10.13 ^ clkbuf_2_2__f_clk/A (sky130_fd_sc_hd__clkbuf_16)
     7    0.03    0.05    0.14   10.27 ^ clkbuf_2_2__f_clk/X (sky130_fd_sc_hd__clkbuf_16)
                                         clknet_2_2__leaf_clk (net)
                  0.05    0.00   10.27 ^ _359_/CLK (sky130_fd_sc_hd__dfrtp_4)
                          0.00   10.27   clock reconvergence pessimism
                         -0.09   10.19   library setup time
                                 10.19   data required time
-----------------------------------------------------------------------------
                                 10.19   data required time
                                 -1.32   data arrival time
-----------------------------------------------------------------------------
                                  8.87   slack (MET)



worst slack corner Typical: 6.8398
